Bookmark,Frame#,Data Rate (Mb/s),Duration,Freq,Channel,Antenna,Version,Bad FCS,Frame Size,Delta,Timestamp,
="",7,1.0,2160 탎,2462 MHz,11,-60 dBm,Wi-Fi 1 (802.11b),True,331,="",="2/4/2026 6:48:06.806273860 AM",
="",12,1.0,2160 탎,2462 MHz,11,-64 dBm,Wi-Fi 1 (802.11b),True,331,="",="2/4/2026 6:48:06.908602740 AM",
="",13,6.0,529 탎,2462 MHz,11,-80 dBm,Wi-Fi 3 (802.11g),False,459,="",="2/4/2026 6:48:06.933972440 AM",
="",14,1.0,2016 탎,2462 MHz,11,-82 dBm,Wi-Fi 1 (802.11b),True,313,="",="2/4/2026 6:48:06.951971530 AM",
="",17,1.0,2096 탎,2462 MHz,11,-77 dBm,Wi-Fi 1 (802.11b),False,323,="",="2/4/2026 6:48:06.962119030 AM",
="",22,1.0,2096 탎,2462 MHz,11,-75 dBm,Wi-Fi 1 (802.11b),False,323,="",="2/4/2026 6:48:07.050982685 AM",
="",26,1.0,2160 탎,2462 MHz,11,-64 dBm,Wi-Fi 1 (802.11b),False,331,="",="2/4/2026 6:48:07.113303720 AM",
="",30,24.0,35 탎,2462 MHz,11,-75 dBm,Wi-Fi 3 (802.11g),False,99,="",="2/4/2026 6:48:07.169358455 AM",
="",31,24.0,35 탎,2462 MHz,11,-76 dBm,Wi-Fi 3 (802.11g),False,99,="",="2/4/2026 6:48:07.169393620 AM",
="",32,24.0,35 탎,2462 MHz,11,-75 dBm,Wi-Fi 3 (802.11g),False,99,="",="2/4/2026 6:48:07.169620455 AM",
="",33,1.0,416 탎,2462 MHz,11,-86 dBm,Wi-Fi 1 (802.11b),True,113,="",="2/4/2026 6:48:07.169494950 AM",
="",34,12.0,51 탎,2462 MHz,11,-74 dBm,Wi-Fi 3 (802.11g),False,117,="",="2/4/2026 6:48:07.170373320 AM",
="",35,9.0,152 탎,2462 MHz,11,-74 dBm,Wi-Fi 3 (802.11g),False,222,="",="2/4/2026 6:48:07.184180150 AM",
="",36,6.0,57 탎,2462 MHz,11,-74 dBm,Wi-Fi 3 (802.11g),False,105,="",="2/4/2026 6:48:07.184332425 AM",
="",37,1.0,3264 탎,2462 MHz,11,-76 dBm,Wi-Fi 1 (802.11b),False,469,="",="2/4/2026 6:48:07.237278885 AM",
="",41,1.0,304 탎,2462 MHz,11,-88 dBm,Wi-Fi 1 (802.11b),False,99,="",="2/4/2026 6:48:07.249518700 AM",
="",45,11.0,415 탎,2462 MHz,11,-89 dBm,Wi-Fi 1 (802.11b),True,392,="",="2/4/2026 6:48:07.302194445 AM",
="",46,1.0,2160 탎,2462 MHz,11,-68 dBm,Wi-Fi 1 (802.11b),True,331,="",="2/4/2026 6:48:07.317966740 AM",
="",56,1.0,2208 탎,2462 MHz,11,-89 dBm,Wi-Fi 1 (802.11b),False,337,="",="2/4/2026 6:48:07.414677440 AM",
="",57,1.0,2160 탎,2462 MHz,11,-65 dBm,Wi-Fi 1 (802.11b),False,331,="",="2/4/2026 6:48:07.420294625 AM",
="",59,6.0,434 탎,2462 MHz,11,-81 dBm,Wi-Fi 3 (802.11g),False,388,="",="2/4/2026 6:48:07.447771530 AM",
="",70,1.0,2160 탎,2462 MHz,11,-63 dBm,Wi-Fi 1 (802.11b),True,331,="",="2/4/2026 6:48:07.624938885 AM",
="",71,2.0,304 탎,2462 MHz,11,-82 dBm,Wi-Fi 1 (802.11b),False,113,="",="2/4/2026 6:48:07.667418325 AM",
="",72,2.0,248 탎,2462 MHz,11,-75 dBm,Wi-Fi 1 (802.11b),False,99,="",="2/4/2026 6:48:07.667722825 AM",
="",76,11.0,252 탎,2462 MHz,11,-81 dBm,Wi-Fi 1 (802.11b),False,167,="",="2/4/2026 6:48:07.675724890 AM",
="",77,11.0,202 탎,2462 MHz,11,-75 dBm,Wi-Fi 1 (802.11b),False,99,="",="2/4/2026 6:48:07.675997570 AM",
="",81,1.0,352 탎,2462 MHz,11,-75 dBm,Wi-Fi 1 (802.11b),True,105,="",="2/4/2026 6:48:07.775823860 AM",
="",82,6.0,673 탎,2462 MHz,11,-81 dBm,Wi-Fi 3 (802.11g),False,567,="",="2/4/2026 6:48:07.779420550 AM",
="",83,6.0,673 탎,2462 MHz,11,-79 dBm,Wi-Fi 3 (802.11g),False,567,="",="2/4/2026 6:48:07.784704735 AM",
="",87,1.0,2160 탎,2462 MHz,11,-67 dBm,Wi-Fi 1 (802.11b),False,331,="",="2/4/2026 6:48:07.829625680 AM",
="",88,24.0,35 탎,2462 MHz,11,-81 dBm,Wi-Fi 3 (802.11g),False,99,="",="2/4/2026 6:48:07.863188985 AM",
="",89,6.0,73 탎,2462 MHz,11,-81 dBm,Wi-Fi 3 (802.11g),False,117,="",="2/4/2026 6:48:07.863425665 AM",
="",90,24.0,35 탎,2462 MHz,11,-81 dBm,Wi-Fi 3 (802.11g),True,99,="",="2/4/2026 6:48:07.872723225 AM",
="",91,6.0,73 탎,2462 MHz,11,-80 dBm,Wi-Fi 3 (802.11g),False,117,="",="2/4/2026 6:48:07.872864715 AM",
="",92,6.0,73 탎,2462 MHz,11,-78 dBm,Wi-Fi 3 (802.11g),False,117,="",="2/4/2026 6:48:07.873020735 AM",
="",93,1.0,2016 탎,2462 MHz,11,-82 dBm,Wi-Fi 1 (802.11b),False,313,="",="2/4/2026 6:48:07.873602325 AM",
="",100,1.0,2160 탎,2462 MHz,11,-61 dBm,Wi-Fi 1 (802.11b),True,331,="",="2/4/2026 6:48:07.931934655 AM",
="",105,6.0,201 탎,2462 MHz,11,-81 dBm,Wi-Fi 3 (802.11g),False,213,="",="2/4/2026 6:48:07.960638005 AM",
="",106,1.0,416 탎,2462 MHz,11,-76 dBm,Wi-Fi 1 (802.11b),True,113,="",="2/4/2026 6:48:07.977984805 AM",
="",107,1.0,2160 탎,2462 MHz,11,-66 dBm,Wi-Fi 1 (802.11b),True,331,="",="2/4/2026 6:48:08.034268140 AM",
="",108,1.0,2160 탎,2462 MHz,11,-78 dBm,Wi-Fi 1 (802.11b),False,331,="",="2/4/2026 6:48:08.041379265 AM",
="",109,1.0,416 탎,2462 MHz,11,-76 dBm,Wi-Fi 1 (802.11b),True,113,="",="2/4/2026 6:48:08.071328620 AM",
="",116,1.0,304 탎,2462 MHz,11,-70 dBm,Wi-Fi 1 (802.11b),False,99,="",="2/4/2026 6:48:08.104998725 AM",
="",121,1.0,416 탎,2462 MHz,11,-88 dBm,Wi-Fi 1 (802.11b),True,113,="",="2/4/2026 6:48:08.155593925 AM",
="",122,6.0,434 탎,2462 MHz,11,-81 dBm,Wi-Fi 3 (802.11g),False,388,="",="2/4/2026 6:48:08.163349655 AM",
="",123,6.0,246 탎,2462 MHz,11,-81 dBm,Wi-Fi 3 (802.11g),False,229,="",="2/4/2026 6:48:08.164026945 AM",
="",124,1.0,2424 탎,2462 MHz,11,-72 dBm,Wi-Fi 1 (802.11b),True,364,="",="2/4/2026 6:48:08.173892425 AM",
="",129,1.0,352 탎,2462 MHz,11,-71 dBm,Wi-Fi 1 (802.11b),True,105,="",="2/4/2026 6:48:08.187150770 AM",
="",130,24.0,35 탎,2462 MHz,11,-81 dBm,Wi-Fi 3 (802.11g),False,99,="",="2/4/2026 6:48:08.192280610 AM",
="",131,6.0,73 탎,2462 MHz,11,-80 dBm,Wi-Fi 3 (802.11g),False,117,="",="2/4/2026 6:48:08.192433085 AM",
="",143,6.0,219 탎,2462 MHz,11,-80 dBm,Wi-Fi 3 (802.11g),False,227,="",="2/4/2026 6:48:08.268257665 AM",
="",144,6.0,246 탎,2462 MHz,11,-81 dBm,Wi-Fi 3 (802.11g),False,229,="",="2/4/2026 6:48:08.268504320 AM",
="",151,6.0,73 탎,2462 MHz,11,-82 dBm,Wi-Fi 3 (802.11g),False,117,="",="2/4/2026 6:48:08.363899050 AM",
="",152,6.0,529 탎,2462 MHz,11,-81 dBm,Wi-Fi 3 (802.11g),False,459,="",="2/4/2026 6:48:08.367733280 AM",
="",153,6.0,434 탎,2462 MHz,11,-81 dBm,Wi-Fi 3 (802.11g),False,388,="",="2/4/2026 6:48:08.368276705 AM",
="",154,1.0,2016 탎,2462 MHz,11,-84 dBm,Wi-Fi 1 (802.11b),False,313,="",="2/4/2026 6:48:08.385619220 AM",
="",158,1.0,304 탎,2462 MHz,11,-75 dBm,Wi-Fi 1 (802.11b),False,99,="",="2/4/2026 6:48:08.422634780 AM",
="",160,1.0,2160 탎,2462 MHz,11,-62 dBm,Wi-Fi 1 (802.11b),False,331,="",="2/4/2026 6:48:08.443624735 AM",
="",161,6.0,627 탎,2462 MHz,11,-82 dBm,Wi-Fi 3 (802.11g),False,229,="",="2/4/2026 6:48:08.470965895 AM",
="",162,6.0,654 탎,2462 MHz,11,-82 dBm,Wi-Fi 3 (802.11g),False,229,="",="2/4/2026 6:48:08.471623115 AM",
="",163,6.0,661 탎,2462 MHz,11,-82 dBm,Wi-Fi 3 (802.11g),False,229,="",="2/4/2026 6:48:08.472301705 AM",
="",164,6.0,687 탎,2462 MHz,11,-81 dBm,Wi-Fi 3 (802.11g),False,229,="",="2/4/2026 6:48:08.472990940 AM",
="",173,1.0,2160 탎,2462 MHz,11,-64 dBm,Wi-Fi 1 (802.11b),True,331,="",="2/4/2026 6:48:08.545956660 AM",
="",174,6.0,370 탎,2462 MHz,11,-86 dBm,Wi-Fi 3 (802.11g),False,340,="",="2/4/2026 6:48:08.556739140 AM",
="",175,1.0,2424 탎,2462 MHz,11,-77 dBm,Wi-Fi 1 (802.11b),False,364,="",="2/4/2026 6:48:08.583529420 AM",
="",176,6.0,73 탎,2462 MHz,11,-80 dBm,Wi-Fi 3 (802.11g),False,117,="",="2/4/2026 6:48:08.588808890 AM",
="",177,6.0,121 탎,2462 MHz,11,-83 dBm,Wi-Fi 3 (802.11g),False,153,="",="2/4/2026 6:48:08.623074590 AM",
="",181,1.0,2160 탎,2462 MHz,11,-66 dBm,Wi-Fi 1 (802.11b),True,331,="",="2/4/2026 6:48:08.651889235 AM",
="",182,1.0,416 탎,2462 MHz,11,-71 dBm,Wi-Fi 1 (802.11b),True,113,="",="2/4/2026 6:48:08.655604115 AM",
="",183,1.0,416 탎,2462 MHz,11,-90 dBm,Wi-Fi 1 (802.11b),True,113,="",="2/4/2026 6:48:08.685074090 AM",
="",185,6.0,330 탎,2462 MHz,11,-81 dBm,Wi-Fi 3 (802.11g),False,229,="",="2/4/2026 6:48:08.728542755 AM",
="",189,6.0,49 탎,2462 MHz,11,-82 dBm,Wi-Fi 3 (802.11g),False,99,="",="2/4/2026 6:48:08.763653035 AM",
="",190,6.0,49 탎,2462 MHz,11,-82 dBm,Wi-Fi 3 (802.11g),False,99,="",="2/4/2026 6:48:08.764265545 AM",
="",194,11.0,269 탎,2462 MHz,11,-78 dBm,Wi-Fi 1 (802.11b),True,191,="",="2/4/2026 6:48:08.771210515 AM",
="",195,6.0,57 탎,2462 MHz,11,-73 dBm,Wi-Fi 3 (802.11g),False,105,="",="2/4/2026 6:48:08.771711020 AM",
="",196,9.0,124 탎,2462 MHz,11,-73 dBm,Wi-Fi 3 (802.11g),False,191,="",="2/4/2026 6:48:08.772022510 AM",
="",197,6.0,57 탎,2462 MHz,11,-73 dBm,Wi-Fi 3 (802.11g),False,105,="",="2/4/2026 6:48:08.772238005 AM",
="",198,1.0,2424 탎,2462 MHz,11,-75 dBm,Wi-Fi 1 (802.11b),False,364,="",="2/4/2026 6:48:08.788329740 AM",
="",199,1.0,2160 탎,2462 MHz,11,-61 dBm,Wi-Fi 1 (802.11b),True,331,="",="2/4/2026 6:48:08.852932590 AM",
="",200,24.0,35 탎,2462 MHz,11,-81 dBm,Wi-Fi 3 (802.11g),False,99,="",="2/4/2026 6:48:08.863168240 AM",
="",201,6.0,73 탎,2462 MHz,11,-80 dBm,Wi-Fi 3 (802.11g),False,117,="",="2/4/2026 6:48:08.863404400 AM",
="",202,6.0,73 탎,2462 MHz,11,-81 dBm,Wi-Fi 3 (802.11g),False,117,="",="2/4/2026 6:48:08.863655345 AM",
="",203,6.0,49 탎,2462 MHz,11,-82 dBm,Wi-Fi 3 (802.11g),False,99,="",="2/4/2026 6:48:08.883587280 AM",
="",204,1.0,2096 탎,2462 MHz,11,-84 dBm,Wi-Fi 1 (802.11b),True,323,="",="2/4/2026 6:48:08.899786005 AM",
="",205,1.0,352 탎,2462 MHz,11,-75 dBm,Wi-Fi 1 (802.11b),True,105,="",="2/4/2026 6:48:08.901882505 AM",
="",212,1.0,304 탎,2462 MHz,11,-79 dBm,Wi-Fi 1 (802.11b),False,99,="",="2/4/2026 6:48:08.931639490 AM",
="",213,6.0,49 탎,2462 MHz,11,-81 dBm,Wi-Fi 3 (802.11g),False,99,="",="2/4/2026 6:48:08.932571225 AM",
="",214,6.0,49 탎,2462 MHz,11,-81 dBm,Wi-Fi 3 (802.11g),False,99,="",="2/4/2026 6:48:08.938119650 AM",
="",215,1.0,2160 탎,2462 MHz,11,-61 dBm,Wi-Fi 1 (802.11b),False,331,="",="2/4/2026 6:48:08.955305425 AM",
="",216,1.0,464 탎,2462 MHz,11,-88 dBm,Wi-Fi 1 (802.11b),True,119,="",="2/4/2026 6:48:08.961437410 AM",
="",220,1.0,2160 탎,2462 MHz,11,-74 dBm,Wi-Fi 1 (802.11b),False,331,="",="2/4/2026 6:48:08.962992005 AM",
="",221,1.0,2096 탎,2462 MHz,11,-75 dBm,Wi-Fi 1 (802.11b),False,323,="",="2/4/2026 6:48:09.007718145 AM",
="",229,6.0,529 탎,2462 MHz,11,-81 dBm,Wi-Fi 3 (802.11g),False,459,="",="2/4/2026 6:48:09.084407625 AM",
="",230,1.0,2424 탎,2462 MHz,11,-76 dBm,Wi-Fi 1 (802.11b),False,364,="",="2/4/2026 6:48:09.095531795 AM",
="",231,6.0,49 탎,2462 MHz,11,-79 dBm,Wi-Fi 3 (802.11g),False,99,="",="2/4/2026 6:48:09.098428390 AM",
="",235,1.0,2160 탎,2462 MHz,11,-66 dBm,Wi-Fi 1 (802.11b),False,331,="",="2/4/2026 6:48:09.262305455 AM",
="",236,1.0,416 탎,2462 MHz,11,-75 dBm,Wi-Fi 1 (802.11b),True,113,="",="2/4/2026 6:48:09.309450215 AM",
="",245,1.0,352 탎,2462 MHz,11,-76 dBm,Wi-Fi 1 (802.11b),True,105,="",="2/4/2026 6:48:09.413822940 AM",
="",249,6.0,529 탎,2462 MHz,11,-82 dBm,Wi-Fi 3 (802.11g),False,459,="",="2/4/2026 6:48:09.494039910 AM",
="",250,6.0,434 탎,2462 MHz,11,-83 dBm,Wi-Fi 3 (802.11g),False,388,="",="2/4/2026 6:48:09.494575040 AM",
="",251,6.0,370 탎,2462 MHz,11,-86 dBm,Wi-Fi 3 (802.11g),True,340,="",="2/4/2026 6:48:09.495009540 AM",
="",254,1.0,2160 탎,2462 MHz,11,-68 dBm,Wi-Fi 1 (802.11b),True,331,="",="2/4/2026 6:48:09.569270250 AM",
="",255,6.0,427 탎,2462 MHz,11,-86 dBm,Wi-Fi 3 (802.11g),False,383,="",="2/4/2026 6:48:09.572568150 AM",
="",256,1.0,2008 탎,2462 MHz,11,-87 dBm,Wi-Fi 1 (802.11b),True,312,="",="2/4/2026 6:48:09.576049380 AM",
="",258,6.0,370 탎,2462 MHz,11,-86 dBm,Wi-Fi 3 (802.11g),False,340,="",="2/4/2026 6:48:09.580761445 AM",
="",259,6.0,402 탎,2462 MHz,11,-86 dBm,Wi-Fi 3 (802.11g),False,364,="",="2/4/2026 6:48:09.581157840 AM",
="",265,1.0,2096 탎,2462 MHz,11,-75 dBm,Wi-Fi 1 (802.11b),False,323,="",="2/4/2026 6:48:09.618941745 AM",
="",266,1.0,2096 탎,2462 MHz,11,-73 dBm,Wi-Fi 1 (802.11b),False,323,="",="2/4/2026 6:48:09.621093115 AM",
="",275,1.0,2096 탎,2462 MHz,11,-76 dBm,Wi-Fi 1 (802.11b),False,323,="",="2/4/2026 6:48:09.719868965 AM",
="",276,1.0,416 탎,2462 MHz,11,-76 dBm,Wi-Fi 1 (802.11b),True,113,="",="2/4/2026 6:48:09.721965465 AM",
="",287,1.0,2096 탎,2462 MHz,11,-73 dBm,Wi-Fi 1 (802.11b),False,323,="",="2/4/2026 6:48:09.925944660 AM",
="",289,6.0,370 탎,2462 MHz,11,-85 dBm,Wi-Fi 3 (802.11g),False,340,="",="2/4/2026 6:48:09.990362420 AM",
="",293,6.0,529 탎,2462 MHz,11,-81 dBm,Wi-Fi 3 (802.11g),False,459,="",="2/4/2026 6:48:10.006405575 AM",
="",294,1.0,2016 탎,2462 MHz,11,-84 dBm,Wi-Fi 1 (802.11b),False,313,="",="2/4/2026 6:48:10.126412540 AM",
="",302,24.0,37 탎,2462 MHz,11,-80 dBm,Wi-Fi 3 (802.11g),True,105,="",="2/4/2026 6:48:10.225464785 AM",
="",303,6.0,49 탎,2462 MHz,11,-81 dBm,Wi-Fi 3 (802.11g),True,99,="",="2/4/2026 6:48:10.225668795 AM",
="",304,6.0,49 탎,2462 MHz,11,-81 dBm,Wi-Fi 3 (802.11g),False,99,="",="2/4/2026 6:48:10.227747695 AM",
="",305,1.0,2096 탎,2462 MHz,11,-76 dBm,Wi-Fi 1 (802.11b),True,323,="",="2/4/2026 6:48:10.233088210 AM",
="",310,1.0,2160 탎,2462 MHz,11,-67 dBm,Wi-Fi 1 (802.11b),False,331,="",="2/4/2026 6:48:10.285618900 AM",
="",311,1.0,416 탎,2462 MHz,11,-81 dBm,Wi-Fi 1 (802.11b),True,113,="",="2/4/2026 6:48:10.294054965 AM",
="",312,1.0,2424 탎,2462 MHz,11,-72 dBm,Wi-Fi 1 (802.11b),True,364,="",="2/4/2026 6:48:10.324320235 AM",
="",322,6.0,434 탎,2462 MHz,11,-82 dBm,Wi-Fi 3 (802.11g),False,388,="",="2/4/2026 6:48:10.416144005 AM",
="",330,6.0,402 탎,2462 MHz,11,-87 dBm,Wi-Fi 3 (802.11g),False,364,="",="2/4/2026 6:48:10.502775420 AM",
="",335,6.0,529 탎,2462 MHz,11,-81 dBm,Wi-Fi 3 (802.11g),False,459,="",="2/4/2026 6:48:10.620402345 AM",
="",341,6.0,427 탎,2462 MHz,11,-87 dBm,Wi-Fi 3 (802.11g),False,383,="",="2/4/2026 6:48:10.698989125 AM",
="",342,6.0,361 탎,2462 MHz,11,-86 dBm,Wi-Fi 3 (802.11g),False,333,="",="2/4/2026 6:48:10.715368460 AM",
="",349,6.0,370 탎,2462 MHz,11,-86 dBm,Wi-Fi 3 (802.11g),True,340,="",="2/4/2026 6:48:10.809549375 AM",
="",353,1.0,416 탎,2462 MHz,11,-89 dBm,Wi-Fi 1 (802.11b),True,113,="",="2/4/2026 6:48:10.908460770 AM",
="",355,6.0,361 탎,2462 MHz,11,-87 dBm,Wi-Fi 3 (802.11g),False,333,="",="2/4/2026 6:48:10.921464210 AM",
="",358,1.0,2096 탎,2462 MHz,11,-75 dBm,Wi-Fi 1 (802.11b),True,323,="",="2/4/2026 6:48:10.949926225 AM",
="",360,6.0,49 탎,2462 MHz,11,-82 dBm,Wi-Fi 3 (802.11g),False,99,="",="2/4/2026 6:48:10.953324780 AM",
="",361,6.0,49 탎,2462 MHz,11,-81 dBm,Wi-Fi 3 (802.11g),False,99,="",="2/4/2026 6:48:10.953496655 AM",
="",362,1.0,304 탎,2462 MHz,11,-82 dBm,Wi-Fi 1 (802.11b),False,99,="",="2/4/2026 6:48:10.962640905 AM",
="",366,24.0,35 탎,2462 MHz,11,-82 dBm,Wi-Fi 3 (802.11g),False,99,="",="2/4/2026 6:48:10.967944795 AM",
="",367,24.0,41 탎,2462 MHz,11,-81 dBm,Wi-Fi 3 (802.11g),True,117,="",="2/4/2026 6:48:10.968073335 AM",
="",368,11.0,202 탎,2462 MHz,11,-82 dBm,Wi-Fi 1 (802.11b),True,99,="",="2/4/2026 6:48:10.979199665 AM",
="",369,1.0,352 탎,2462 MHz,11,-87 dBm,Wi-Fi 1 (802.11b),True,105,="",="2/4/2026 6:48:10.993163095 AM",
="",370,11.0,202 탎,2462 MHz,11,-83 dBm,Wi-Fi 1 (802.11b),False,99,="",="2/4/2026 6:48:10.998170555 AM",
="",371,11.0,202 탎,2462 MHz,11,-82 dBm,Wi-Fi 1 (802.11b),True,99,="",="2/4/2026 6:48:10.999611130 AM",
="",372,6.0,434 탎,2462 MHz,11,-82 dBm,Wi-Fi 3 (802.11g),False,388,="",="2/4/2026 6:48:11.030577135 AM",
="",373,6.0,153 탎,2462 MHz,11,-82 dBm,Wi-Fi 3 (802.11g),False,177,="",="2/4/2026 6:48:11.031011635 AM",
="",374,1.0,2424 탎,2462 MHz,11,-74 dBm,Wi-Fi 1 (802.11b),False,364,="",="2/4/2026 6:48:11.041165680 AM",
="",375,24.0,35 탎,2462 MHz,11,-81 dBm,Wi-Fi 3 (802.11g),False,99,="",="2/4/2026 6:48:11.045046775 AM",
="",376,6.0,73 탎,2462 MHz,11,-80 dBm,Wi-Fi 3 (802.11g),False,117,="",="2/4/2026 6:48:11.045183650 AM",
="",384,24.0,37 탎,2462 MHz,11,-80 dBm,Wi-Fi 3 (802.11g),False,105,="",="2/4/2026 6:48:11.148479640 AM",
="",385,6.0,119 탎,2462 MHz,11,-80 dBm,Wi-Fi 3 (802.11g),True,152,="",="2/4/2026 6:48:11.148544555 AM",
="",386,6.0,49 탎,2462 MHz,11,-80 dBm,Wi-Fi 3 (802.11g),False,99,="",="2/4/2026 6:48:11.148730185 AM",
="",387,24.0,37 탎,2462 MHz,11,-80 dBm,Wi-Fi 3 (802.11g),False,105,="",="2/4/2026 6:48:11.148863350 AM",
="",388,6.0,49 탎,2462 MHz,11,-81 dBm,Wi-Fi 3 (802.11g),False,99,="",="2/4/2026 6:48:11.149118590 AM",
="",389,24.0,35 탎,2462 MHz,11,-80 dBm,Wi-Fi 3 (802.11g),True,99,="",="2/4/2026 6:48:11.149675710 AM",
="",390,24.0,35 탎,2462 MHz,11,-80 dBm,Wi-Fi 3 (802.11g),False,99,="",="2/4/2026 6:48:11.150021060 AM",
="",391,24.0,35 탎,2462 MHz,11,-80 dBm,Wi-Fi 3 (802.11g),True,99,="",="2/4/2026 6:48:11.150373450 AM",
="",392,24.0,35 탎,2462 MHz,11,-78 dBm,Wi-Fi 3 (802.11g),True,99,="",="2/4/2026 6:48:11.150724480 AM",
="",393,24.0,35 탎,2462 MHz,11,-82 dBm,Wi-Fi 3 (802.11g),True,99,="",="2/4/2026 6:48:11.157140265 AM",
="",394,6.0,73 탎,2462 MHz,11,-82 dBm,Wi-Fi 3 (802.11g),False,117,="",="2/4/2026 6:48:11.157296500 AM",
="",398,6.0,427 탎,2462 MHz,11,-86 dBm,Wi-Fi 3 (802.11g),False,383,="",="2/4/2026 6:48:11.210992770 AM",
="",403,6.0,361 탎,2462 MHz,11,-86 dBm,Wi-Fi 3 (802.11g),False,333,="",="2/4/2026 6:48:11.227374985 AM",
="",404,6.0,219 탎,2462 MHz,11,-81 dBm,Wi-Fi 3 (802.11g),False,227,="",="2/4/2026 6:48:11.235813475 AM",
="",405,6.0,246 탎,2462 MHz,11,-82 dBm,Wi-Fi 3 (802.11g),False,229,="",="2/4/2026 6:48:11.236060370 AM",
="",406,6.0,219 탎,2462 MHz,11,-81 dBm,Wi-Fi 3 (802.11g),False,227,="",="2/4/2026 6:48:11.236336820 AM",
="",407,6.0,246 탎,2462 MHz,11,-81 dBm,Wi-Fi 3 (802.11g),False,229,="",="2/4/2026 6:48:11.236580540 AM",
="",408,1.0,2424 탎,2462 MHz,11,-75 dBm,Wi-Fi 1 (802.11b),False,364,="",="2/4/2026 6:48:11.245967465 AM",
="",409,1.0,2096 탎,2462 MHz,11,-75 dBm,Wi-Fi 1 (802.11b),False,323,="",="2/4/2026 6:48:11.257131620 AM",
="",410,1.0,2208 탎,2462 MHz,11,-86 dBm,Wi-Fi 1 (802.11b),False,337,="",="2/4/2026 6:48:11.265679620 AM",
="",411,24.0,38 탎,2462 MHz,11,-81 dBm,Wi-Fi 3 (802.11g),False,110,="",="2/4/2026 6:48:11.286187105 AM",
="",412,6.0,75 탎,2462 MHz,11,-81 dBm,Wi-Fi 3 (802.11g),True,119,="",="2/4/2026 6:48:11.286225935 AM",
="",413,24.0,37 탎,2462 MHz,11,-82 dBm,Wi-Fi 3 (802.11g),False,105,="",="2/4/2026 6:48:11.286619870 AM",
="",414,6.0,75 탎,2462 MHz,11,-83 dBm,Wi-Fi 3 (802.11g),True,119,="",="2/4/2026 6:48:11.286699290 AM",
="",415,6.0,49 탎,2462 MHz,11,-81 dBm,Wi-Fi 3 (802.11g),False,99,="",="2/4/2026 6:48:11.286842175 AM",
="",416,24.0,37 탎,2462 MHz,11,-80 dBm,Wi-Fi 3 (802.11g),False,105,="",="2/4/2026 6:48:11.295437170 AM",
="",417,6.0,79 탎,2462 MHz,11,-82 dBm,Wi-Fi 3 (802.11g),True,122,="",="2/4/2026 6:48:11.295514230 AM",
="",418,6.0,49 탎,2462 MHz,11,-80 dBm,Wi-Fi 3 (802.11g),False,99,="",="2/4/2026 6:48:11.295660635 AM",
="",419,24.0,35 탎,2462 MHz,11,-81 dBm,Wi-Fi 3 (802.11g),False,99,="",="2/4/2026 6:48:11.301386760 AM",
="",420,24.0,41 탎,2462 MHz,11,-81 dBm,Wi-Fi 3 (802.11g),False,117,="",="2/4/2026 6:48:11.301558235 AM",
="",421,6.0,49 탎,2462 MHz,11,-81 dBm,Wi-Fi 3 (802.11g),False,99,="",="2/4/2026 6:48:11.301667240 AM",
="",422,24.0,35 탎,2462 MHz,11,-79 dBm,Wi-Fi 3 (802.11g),True,99,="",="2/4/2026 6:48:11.331093815 AM",
="",427,24.0,35 탎,2462 MHz,11,-78 dBm,Wi-Fi 3 (802.11g),True,99,="",="2/4/2026 6:48:11.353913395 AM",
="",432,24.0,35 탎,2462 MHz,11,-81 dBm,Wi-Fi 3 (802.11g),False,99,="",="2/4/2026 6:48:11.388687450 AM",
="",433,24.0,41 탎,2462 MHz,11,-80 dBm,Wi-Fi 3 (802.11g),False,117,="",="2/4/2026 6:48:11.388844965 AM",
="",434,24.0,35 탎,2462 MHz,11,-81 dBm,Wi-Fi 3 (802.11g),True,99,="",="2/4/2026 6:48:11.406009675 AM",
="",435,24.0,41 탎,2462 MHz,11,-81 dBm,Wi-Fi 3 (802.11g),True,117,="",="2/4/2026 6:48:11.406152735 AM",
="",436,24.0,37 탎,2462 MHz,11,-81 dBm,Wi-Fi 3 (802.11g),False,105,="",="2/4/2026 6:48:11.408084600 AM",
="",437,6.0,71 탎,2462 MHz,11,-82 dBm,Wi-Fi 3 (802.11g),True,116,="",="2/4/2026 6:48:11.408164395 AM",
="",438,6.0,49 탎,2462 MHz,11,-81 dBm,Wi-Fi 3 (802.11g),False,99,="",="2/4/2026 6:48:11.408304305 AM",
="",439,24.0,35 탎,2462 MHz,11,-80 dBm,Wi-Fi 3 (802.11g),False,99,="",="2/4/2026 6:48:11.408703670 AM",
="",440,24.0,41 탎,2462 MHz,11,-81 dBm,Wi-Fi 3 (802.11g),False,117,="",="2/4/2026 6:48:11.408844090 AM",
="",441,24.0,35 탎,2462 MHz,11,-80 dBm,Wi-Fi 3 (802.11g),False,99,="",="2/4/2026 6:48:11.410816410 AM",
="",442,24.0,41 탎,2462 MHz,11,-80 dBm,Wi-Fi 3 (802.11g),True,117,="",="2/4/2026 6:48:11.410961845 AM",
="",443,24.0,37 탎,2462 MHz,11,-82 dBm,Wi-Fi 3 (802.11g),False,105,="",="2/4/2026 6:48:11.427756750 AM",
="",444,6.0,71 탎,2462 MHz,11,-83 dBm,Wi-Fi 3 (802.11g),True,116,="",="2/4/2026 6:48:11.427837705 AM",
="",445,6.0,49 탎,2462 MHz,11,-81 dBm,Wi-Fi 3 (802.11g),False,99,="",="2/4/2026 6:48:11.427976895 AM",
="",446,24.0,37 탎,2462 MHz,11,-81 dBm,Wi-Fi 3 (802.11g),False,105,="",="2/4/2026 6:48:11.428848695 AM",
="",447,6.0,115 탎,2462 MHz,11,-84 dBm,Wi-Fi 3 (802.11g),True,149,="",="2/4/2026 6:48:11.428929025 AM",
="",448,6.0,49 탎,2462 MHz,11,-81 dBm,Wi-Fi 3 (802.11g),False,99,="",="2/4/2026 6:48:11.429113215 AM",
="",449,24.0,37 탎,2462 MHz,11,-81 dBm,Wi-Fi 3 (802.11g),False,105,="",="2/4/2026 6:48:11.429247515 AM",
="",453,11.0,396 탎,2462 MHz,11,-83 dBm,Wi-Fi 1 (802.11b),True,366,="",="2/4/2026 6:48:11.460011795 AM",
="",454,1.0,2096 탎,2462 MHz,11,-75 dBm,Wi-Fi 1 (802.11b),False,323,="",="2/4/2026 6:48:11.469709915 AM",
="",455,1.0,2096 탎,2462 MHz,11,-75 dBm,Wi-Fi 1 (802.11b),False,323,="",="2/4/2026 6:48:11.471869365 AM",
="",459,24.0,38 탎,2462 MHz,11,-80 dBm,Wi-Fi 3 (802.11g),False,110,="",="2/4/2026 6:48:11.556517070 AM",
="",460,6.0,75 탎,2462 MHz,11,-81 dBm,Wi-Fi 3 (802.11g),True,119,="",="2/4/2026 6:48:11.556555900 AM",
="",461,6.0,49 탎,2462 MHz,11,-81 dBm,Wi-Fi 3 (802.11g),False,99,="",="2/4/2026 6:48:11.612330565 AM",
="",468,1.0,2424 탎,2462 MHz,11,-74 dBm,Wi-Fi 1 (802.11b),False,364,="",="2/4/2026 6:48:11.757971085 AM",
="",472,1.0,352 탎,2462 MHz,11,-75 dBm,Wi-Fi 1 (802.11b),True,105,="",="2/4/2026 6:48:11.766883745 AM",
="",476,6.0,49 탎,2462 MHz,11,-81 dBm,Wi-Fi 3 (802.11g),False,99,="",="2/4/2026 6:48:11.830666805 AM",
="",495,1.0,2096 탎,2462 MHz,11,-73 dBm,Wi-Fi 1 (802.11b),False,323,="",="2/4/2026 6:48:12.076342315 AM",
="",496,6.0,370 탎,2462 MHz,11,-87 dBm,Wi-Fi 3 (802.11g),False,340,="",="2/4/2026 6:48:12.140793355 AM",
="",503,6.0,529 탎,2462 MHz,11,-81 dBm,Wi-Fi 3 (802.11g),False,459,="",="2/4/2026 6:48:12.258928120 AM",
="",504,6.0,434 탎,2462 MHz,11,-81 dBm,Wi-Fi 3 (802.11g),False,388,="",="2/4/2026 6:48:12.259473250 AM",
="",505,6.0,201 탎,2462 MHz,11,-81 dBm,Wi-Fi 3 (802.11g),False,213,="",="2/4/2026 6:48:12.259931165 AM",
="",507,1.0,2096 탎,2462 MHz,11,-75 dBm,Wi-Fi 1 (802.11b),False,323,="",="2/4/2026 6:48:12.279022315 AM",
="",511,6.0,73 탎,2462 MHz,11,-79 dBm,Wi-Fi 3 (802.11g),False,117,="",="2/4/2026 6:48:12.341531285 AM",
="",512,24.0,35 탎,2462 MHz,11,-81 dBm,Wi-Fi 3 (802.11g),False,99,="",="2/4/2026 6:48:12.370618215 AM",
="",513,1.0,2016 탎,2462 MHz,11,-80 dBm,Wi-Fi 1 (802.11b),True,313,="",="2/4/2026 6:48:12.379196215 AM",
="",517,6.0,427 탎,2462 MHz,11,-87 dBm,Wi-Fi 3 (802.11g),False,383,="",="2/4/2026 6:48:12.440040155 AM",
="",538,1.0,416 탎,2462 MHz,11,-76 dBm,Wi-Fi 1 (802.11b),True,113,="",="2/4/2026 6:48:12.577016110 AM",
="",542,6.0,49 탎,2462 MHz,11,-79 dBm,Wi-Fi 3 (802.11g),False,99,="",="2/4/2026 6:48:12.661612520 AM",
="",543,6.0,434 탎,2462 MHz,11,-79 dBm,Wi-Fi 3 (802.11g),False,388,="",="2/4/2026 6:48:12.669324110 AM",
="",544,6.0,626 탎,2462 MHz,11,-80 dBm,Wi-Fi 3 (802.11g),False,229,="",="2/4/2026 6:48:12.669758610 AM",
="",546,1.0,2016 탎,2462 MHz,11,-81 dBm,Wi-Fi 1 (802.11b),False,313,="",="2/4/2026 6:48:12.686424040 AM",
="",554,1.0,2424 탎,2462 MHz,11,-71 dBm,Wi-Fi 1 (802.11b),True,364,="",="2/4/2026 6:48:12.781958690 AM",
="",555,11.0,396 탎,2462 MHz,11,-83 dBm,Wi-Fi 1 (802.11b),True,366,="",="2/4/2026 6:48:12.791218390 AM",
="",556,1.0,352 탎,2462 MHz,11,-76 dBm,Wi-Fi 1 (802.11b),True,105,="",="2/4/2026 6:48:12.801216255 AM",
="",561,24.0,41 탎,2462 MHz,11,-79 dBm,Wi-Fi 3 (802.11g),False,117,="",="2/4/2026 6:48:12.841020800 AM",
="",562,6.0,427 탎,2462 MHz,11,-84 dBm,Wi-Fi 3 (802.11g),True,383,="",="2/4/2026 6:48:12.849388885 AM",
="",563,6.0,361 탎,2462 MHz,11,-86 dBm,Wi-Fi 3 (802.11g),False,333,="",="2/4/2026 6:48:12.865795435 AM",
="",564,24.0,38 탎,2462 MHz,11,-79 dBm,Wi-Fi 3 (802.11g),True,110,="",="2/4/2026 6:48:12.931738895 AM",
="",565,6.0,75 탎,2462 MHz,11,-80 dBm,Wi-Fi 3 (802.11g),True,119,="",="2/4/2026 6:48:12.931788060 AM",
="",572,1.0,2096 탎,2462 MHz,11,-77 dBm,Wi-Fi 1 (802.11b),True,323,="",="2/4/2026 6:48:12.998561045 AM",
="",579,1.0,416 탎,2462 MHz,11,-76 dBm,Wi-Fi 1 (802.11b),True,113,="",="2/4/2026 6:48:13.098027570 AM",
="",590,6.0,67 탎,2462 MHz,11,-73 dBm,Wi-Fi 3 (802.11g),False,113,="",="2/4/2026 6:48:13.284955710 AM",
="",603,24.0,35 탎,2462 MHz,11,-81 dBm,Wi-Fi 3 (802.11g),False,99,="",="2/4/2026 6:48:13.420019735 AM",
="",614,24.0,35 탎,2462 MHz,11,-80 dBm,Wi-Fi 3 (802.11g),False,99,="",="2/4/2026 6:48:13.661072280 AM",
="",615,24.0,35 탎,2462 MHz,11,-79 dBm,Wi-Fi 3 (802.11g),True,99,="",="2/4/2026 6:48:13.661739445 AM",
="",616,24.0,35 탎,2462 MHz,11,-80 dBm,Wi-Fi 3 (802.11g),False,99,="",="2/4/2026 6:48:13.662075675 AM",
="",617,24.0,41 탎,2462 MHz,11,-79 dBm,Wi-Fi 3 (802.11g),False,117,="",="2/4/2026 6:48:13.662227775 AM",
="",618,24.0,35 탎,2462 MHz,11,-79 dBm,Wi-Fi 3 (802.11g),False,99,="",="2/4/2026 6:48:13.662307365 AM",
="",619,24.0,41 탎,2462 MHz,11,-80 dBm,Wi-Fi 3 (802.11g),True,117,="",="2/4/2026 6:48:13.662435065 AM",
="",623,24.0,35 탎,2462 MHz,11,-80 dBm,Wi-Fi 3 (802.11g),False,99,="",="2/4/2026 6:48:13.676032340 AM",
="",624,24.0,41 탎,2462 MHz,11,-81 dBm,Wi-Fi 3 (802.11g),False,117,="",="2/4/2026 6:48:13.676176480 AM",
="",625,24.0,35 탎,2462 MHz,11,-80 dBm,Wi-Fi 3 (802.11g),False,99,="",="2/4/2026 6:48:13.754736140 AM",
="",626,24.0,41 탎,2462 MHz,11,-79 dBm,Wi-Fi 3 (802.11g),False,117,="",="2/4/2026 6:48:13.754879000 AM",
="",631,1.0,2424 탎,2462 MHz,11,-76 dBm,Wi-Fi 1 (802.11b),False,364,="",="2/4/2026 6:48:13.816596950 AM",
="",632,1.0,2096 탎,2462 MHz,11,-76 dBm,Wi-Fi 1 (802.11b),False,323,="",="2/4/2026 6:48:13.819047105 AM",
="",633,1.0,2096 탎,2462 MHz,11,-78 dBm,Wi-Fi 1 (802.11b),False,323,="",="2/4/2026 6:48:13.821171500 AM",
="",634,24.0,37 탎,2462 MHz,11,-75 dBm,Wi-Fi 3 (802.11g),True,105,="",="2/4/2026 6:48:13.894097205 AM",
="",635,24.0,37 탎,2462 MHz,11,-79 dBm,Wi-Fi 3 (802.11g),False,105,="",="2/4/2026 6:48:13.897273970 AM",
="",636,6.0,529 탎,2462 MHz,11,-78 dBm,Wi-Fi 3 (802.11g),False,459,="",="2/4/2026 6:48:13.897417760 AM",
="",637,6.0,434 탎,2462 MHz,11,-78 dBm,Wi-Fi 3 (802.11g),False,388,="",="2/4/2026 6:48:13.897961625 AM",
="",638,6.0,73 탎,2462 MHz,11,-78 dBm,Wi-Fi 3 (802.11g),False,117,="",="2/4/2026 6:48:13.903393930 AM",
="",639,24.0,35 탎,2462 MHz,11,-78 dBm,Wi-Fi 3 (802.11g),False,99,="",="2/4/2026 6:48:13.917226560 AM",
="",640,6.0,73 탎,2462 MHz,11,-77 dBm,Wi-Fi 3 (802.11g),False,117,="",="2/4/2026 6:48:13.917342195 AM",
="",641,6.0,73 탎,2462 MHz,11,-78 dBm,Wi-Fi 3 (802.11g),False,117,="",="2/4/2026 6:48:13.917633075 AM",
="",652,6.0,201 탎,2462 MHz,11,-78 dBm,Wi-Fi 3 (802.11g),False,213,="",="2/4/2026 6:48:14.004299665 AM",
="",653,6.0,153 탎,2462 MHz,11,-78 dBm,Wi-Fi 3 (802.11g),False,177,="",="2/4/2026 6:48:14.004527860 AM",
="",662,6.0,529 탎,2462 MHz,11,-76 dBm,Wi-Fi 3 (802.11g),False,459,="",="2/4/2026 6:48:14.102042710 AM",
="",663,6.0,434 탎,2462 MHz,11,-76 dBm,Wi-Fi 3 (802.11g),False,388,="",="2/4/2026 6:48:14.102583895 AM",
="",664,6.0,246 탎,2462 MHz,11,-77 dBm,Wi-Fi 3 (802.11g),False,229,="",="2/4/2026 6:48:14.103784490 AM",
="",665,24.0,35 탎,2462 MHz,11,-79 dBm,Wi-Fi 3 (802.11g),False,99,="",="2/4/2026 6:48:14.115999805 AM",
="",666,24.0,35 탎,2462 MHz,11,-78 dBm,Wi-Fi 3 (802.11g),False,99,="",="2/4/2026 6:48:14.116588100 AM",
="",667,24.0,41 탎,2462 MHz,11,-78 dBm,Wi-Fi 3 (802.11g),False,117,="",="2/4/2026 6:48:14.116753975 AM",
="",669,24.0,35 탎,2462 MHz,11,-75 dBm,Wi-Fi 3 (802.11g),False,99,="",="2/4/2026 6:48:14.194333925 AM",
="",670,24.0,41 탎,2462 MHz,11,-74 dBm,Wi-Fi 3 (802.11g),False,117,="",="2/4/2026 6:48:14.194461130 AM",
="",677,1.0,2096 탎,2462 MHz,11,-73 dBm,Wi-Fi 1 (802.11b),False,323,="",="2/4/2026 6:48:14.226774025 AM",
="",678,9.0,237 탎,2462 MHz,11,-73 dBm,Wi-Fi 3 (802.11g),False,229,="",="2/4/2026 6:48:14.231362000 AM",
="",679,6.0,57 탎,2462 MHz,11,-72 dBm,Wi-Fi 3 (802.11g),False,105,="",="2/4/2026 6:48:14.231713320 AM",
="",680,24.0,35 탎,2462 MHz,11,-74 dBm,Wi-Fi 3 (802.11g),False,99,="",="2/4/2026 6:48:14.231976610 AM",
="",681,24.0,35 탎,2462 MHz,11,-74 dBm,Wi-Fi 3 (802.11g),False,99,="",="2/4/2026 6:48:14.232280065 AM",
="",682,24.0,35 탎,2462 MHz,11,-74 dBm,Wi-Fi 3 (802.11g),False,99,="",="2/4/2026 6:48:14.232565985 AM",
="",683,24.0,35 탎,2462 MHz,11,-74 dBm,Wi-Fi 3 (802.11g),False,99,="",="2/4/2026 6:48:14.232883480 AM",
="",684,24.0,35 탎,2462 MHz,11,-73 dBm,Wi-Fi 3 (802.11g),False,99,="",="2/4/2026 6:48:14.233612195 AM",
="",685,24.0,35 탎,2462 MHz,11,-72 dBm,Wi-Fi 3 (802.11g),False,99,="",="2/4/2026 6:48:14.233962945 AM",
="",686,6.0,73 탎,2462 MHz,11,-71 dBm,Wi-Fi 3 (802.11g),False,117,="",="2/4/2026 6:48:14.234215200 AM",
="",687,1.0,2008 탎,2462 MHz,11,-87 dBm,Wi-Fi 1 (802.11b),False,312,="",="2/4/2026 6:48:14.286490625 AM",
="",688,24.0,35 탎,2462 MHz,11,-78 dBm,Wi-Fi 3 (802.11g),False,99,="",="2/4/2026 6:48:14.290070125 AM",
="",689,24.0,41 탎,2462 MHz,11,-79 dBm,Wi-Fi 3 (802.11g),False,117,="",="2/4/2026 6:48:14.290210265 AM",
="",690,1.0,416 탎,2462 MHz,11,-76 dBm,Wi-Fi 1 (802.11b),True,113,="",="2/4/2026 6:48:14.326859885 AM",
="",694,24.0,35 탎,2462 MHz,11,-79 dBm,Wi-Fi 3 (802.11g),False,99,="",="2/4/2026 6:48:14.376183360 AM",
="",695,24.0,41 탎,2462 MHz,11,-79 dBm,Wi-Fi 3 (802.11g),False,117,="",="2/4/2026 6:48:14.376325915 AM",
="",699,6.0,370 탎,2462 MHz,11,-87 dBm,Wi-Fi 3 (802.11g),False,340,="",="2/4/2026 6:48:14.498145190 AM",
="",700,6.0,402 탎,2462 MHz,11,-87 dBm,Wi-Fi 3 (802.11g),False,364,="",="2/4/2026 6:48:14.498546250 AM",
="",704,1.0,2096 탎,2462 MHz,11,-74 dBm,Wi-Fi 1 (802.11b),False,323,="",="2/4/2026 6:48:14.548027595 AM",
="",709,6.0,402 탎,2462 MHz,11,-86 dBm,Wi-Fi 3 (802.11g),False,364,="",="2/4/2026 6:48:14.598826775 AM",
="",726,1.0,2160 탎,2462 MHz,11,-60 dBm,Wi-Fi 1 (802.11b),False,331,="",="2/4/2026 6:48:14.788274150 AM",
="",730,1.0,2096 탎,2462 MHz,11,-74 dBm,Wi-Fi 1 (802.11b),False,323,="",="2/4/2026 6:48:14.841184080 AM",
="",732,1.0,2160 탎,2462 MHz,11,-66 dBm,Wi-Fi 1 (802.11b),False,331,="",="2/4/2026 6:48:14.890621345 AM",
="",737,6.0,49 탎,2462 MHz,11,-78 dBm,Wi-Fi 3 (802.11g),False,99,="",="2/4/2026 6:48:14.917011045 AM",
="",738,6.0,626 탎,2462 MHz,11,-77 dBm,Wi-Fi 3 (802.11g),False,229,="",="2/4/2026 6:48:14.923653445 AM",
="",739,24.0,41 탎,2462 MHz,11,-79 dBm,Wi-Fi 3 (802.11g),False,117,="",="2/4/2026 6:48:14.970629105 AM",
="",740,24.0,35 탎,2462 MHz,11,-79 dBm,Wi-Fi 3 (802.11g),False,99,="",="2/4/2026 6:48:14.970708695 AM",
="",744,24.0,37 탎,2462 MHz,11,-78 dBm,Wi-Fi 3 (802.11g),True,105,="",="2/4/2026 6:48:14.982922690 AM",
="",745,6.0,71 탎,2462 MHz,11,-79 dBm,Wi-Fi 3 (802.11g),True,116,="",="2/4/2026 6:48:14.983016765 AM",
="",746,6.0,49 탎,2462 MHz,11,-80 dBm,Wi-Fi 3 (802.11g),False,99,="",="2/4/2026 6:48:14.983157435 AM",
="",747,24.0,37 탎,2462 MHz,11,-78 dBm,Wi-Fi 3 (802.11g),False,105,="",="2/4/2026 6:48:14.988078710 AM",
="",748,6.0,71 탎,2462 MHz,11,-79 dBm,Wi-Fi 3 (802.11g),True,116,="",="2/4/2026 6:48:14.988158530 AM",
="",749,6.0,49 탎,2462 MHz,11,-78 dBm,Wi-Fi 3 (802.11g),False,99,="",="2/4/2026 6:48:14.988298840 AM",
="",750,6.0,427 탎,2462 MHz,11,-87 dBm,Wi-Fi 3 (802.11g),False,383,="",="2/4/2026 6:48:14.999847170 AM",
="",751,6.0,246 탎,2462 MHz,11,-76 dBm,Wi-Fi 3 (802.11g),False,229,="",="2/4/2026 6:48:15.025166650 AM",
="",755,11.0,377 탎,2462 MHz,11,-82 dBm,Wi-Fi 1 (802.11b),True,339,="",="2/4/2026 6:48:15.043638140 AM",
="",759,1.0,2160 탎,2462 MHz,11,-65 dBm,Wi-Fi 1 (802.11b),True,331,="",="2/4/2026 6:48:15.095246960 AM",
="",760,6.0,402 탎,2462 MHz,11,-85 dBm,Wi-Fi 3 (802.11g),True,364,="",="2/4/2026 6:48:15.110994720 AM",
="",764,1.0,2160 탎,2462 MHz,11,-67 dBm,Wi-Fi 1 (802.11b),False,331,="",="2/4/2026 6:48:15.197606345 AM",
="",766,24.0,35 탎,2462 MHz,11,-74 dBm,Wi-Fi 3 (802.11g),True,99,="",="2/4/2026 6:48:15.257919515 AM",
="",767,6.0,73 탎,2462 MHz,11,-73 dBm,Wi-Fi 3 (802.11g),False,117,="",="2/4/2026 6:48:15.258086990 AM",
="",768,1.0,2160 탎,2462 MHz,11,-63 dBm,Wi-Fi 1 (802.11b),True,331,="",="2/4/2026 6:48:15.299912965 AM",
="",769,24.0,38 탎,2462 MHz,11,-75 dBm,Wi-Fi 3 (802.11g),True,110,="",="2/4/2026 6:48:15.306568420 AM",
="",770,24.0,37 탎,2462 MHz,11,-75 dBm,Wi-Fi 3 (802.11g),True,105,="",="2/4/2026 6:48:15.306965090 AM",
="",771,6.0,49 탎,2462 MHz,11,-75 dBm,Wi-Fi 3 (802.11g),False,99,="",="2/4/2026 6:48:15.307241985 AM",
="",772,6.0,95 탎,2462 MHz,11,-77 dBm,Wi-Fi 3 (802.11g),True,134,="",="2/4/2026 6:48:15.307804735 AM",
="",774,6.0,49 탎,2462 MHz,11,-75 dBm,Wi-Fi 3 (802.11g),False,99,="",="2/4/2026 6:48:15.307965485 AM",
="",775,6.0,49 탎,2462 MHz,11,-74 dBm,Wi-Fi 3 (802.11g),False,99,="",="2/4/2026 6:48:15.308297155 AM",
="",776,24.0,37 탎,2462 MHz,11,-78 dBm,Wi-Fi 3 (802.11g),False,105,="",="2/4/2026 6:48:15.308443375 AM",
="",779,24.0,35 탎,2462 MHz,11,-78 dBm,Wi-Fi 3 (802.11g),False,99,="",="2/4/2026 6:48:15.309745770 AM",
="",780,24.0,41 탎,2462 MHz,11,-77 dBm,Wi-Fi 3 (802.11g),False,117,="",="2/4/2026 6:48:15.309887750 AM",
="",781,24.0,41 탎,2462 MHz,11,-77 dBm,Wi-Fi 3 (802.11g),False,117,="",="2/4/2026 6:48:15.314272625 AM",
="",782,6.0,269 탎,2462 MHz,11,-78 dBm,Wi-Fi 3 (802.11g),False,229,="",="2/4/2026 6:48:15.335193340 AM",
="",783,24.0,37 탎,2462 MHz,11,-76 dBm,Wi-Fi 3 (802.11g),True,105,="",="2/4/2026 6:48:15.338634960 AM",
="",784,1.0,2096 탎,2462 MHz,11,-74 dBm,Wi-Fi 1 (802.11b),False,323,="",="2/4/2026 6:48:15.352001510 AM",
="",788,24.0,35 탎,2462 MHz,11,-74 dBm,Wi-Fi 3 (802.11g),True,99,="",="2/4/2026 6:48:15.358039390 AM",
="",789,24.0,35 탎,2462 MHz,11,-77 dBm,Wi-Fi 3 (802.11g),True,99,="",="2/4/2026 6:48:15.379579990 AM",
="",790,24.0,41 탎,2462 MHz,11,-77 dBm,Wi-Fi 3 (802.11g),True,117,="",="2/4/2026 6:48:15.379710090 AM",
="",791,24.0,37 탎,2462 MHz,11,-76 dBm,Wi-Fi 3 (802.11g),False,105,="",="2/4/2026 6:48:15.394832050 AM",
="",792,6.0,75 탎,2462 MHz,11,-80 dBm,Wi-Fi 3 (802.11g),True,119,="",="2/4/2026 6:48:15.394908590 AM",
="",794,24.0,41 탎,2462 MHz,11,-76 dBm,Wi-Fi 3 (802.11g),False,117,="",="2/4/2026 6:48:15.405233865 AM",
="",795,6.0,370 탎,2462 MHz,11,-86 dBm,Wi-Fi 3 (802.11g),False,340,="",="2/4/2026 6:48:15.417639475 AM",
="",796,6.0,402 탎,2462 MHz,11,-87 dBm,Wi-Fi 3 (802.11g),False,364,="",="2/4/2026 6:48:15.418038615 AM",
="",797,24.0,38 탎,2462 MHz,11,-76 dBm,Wi-Fi 3 (802.11g),False,110,="",="2/4/2026 6:48:15.418526980 AM",
="",798,6.0,75 탎,2462 MHz,11,-76 dBm,Wi-Fi 3 (802.11g),True,119,="",="2/4/2026 6:48:15.418565810 AM",
="",799,24.0,37 탎,2462 MHz,11,-83 dBm,Wi-Fi 3 (802.11g),False,105,="",="2/4/2026 6:48:15.418977160 AM",
="",800,6.0,119 탎,2462 MHz,11,-77 dBm,Wi-Fi 3 (802.11g),True,152,="",="2/4/2026 6:48:15.419074770 AM",
="",801,6.0,49 탎,2462 MHz,11,-76 dBm,Wi-Fi 3 (802.11g),False,99,="",="2/4/2026 6:48:15.419245960 AM",
="",802,24.0,37 탎,2462 MHz,11,-76 dBm,Wi-Fi 3 (802.11g),False,105,="",="2/4/2026 6:48:15.419344630 AM",
="",803,6.0,103 탎,2462 MHz,11,-78 dBm,Wi-Fi 3 (802.11g),True,140,="",="2/4/2026 6:48:15.419425545 AM",
="",804,6.0,49 탎,2462 MHz,11,-76 dBm,Wi-Fi 3 (802.11g),False,99,="",="2/4/2026 6:48:15.419593670 AM",
="",805,24.0,35 탎,2462 MHz,11,-76 dBm,Wi-Fi 3 (802.11g),False,99,="",="2/4/2026 6:48:15.421617085 AM",
="",806,24.0,41 탎,2462 MHz,11,-76 dBm,Wi-Fi 3 (802.11g),False,117,="",="2/4/2026 6:48:15.421743385 AM",
="",807,6.0,361 탎,2462 MHz,11,-86 dBm,Wi-Fi 3 (802.11g),False,333,="",="2/4/2026 6:48:15.425838595 AM",
="",808,6.0,529 탎,2462 MHz,11,-76 dBm,Wi-Fi 3 (802.11g),False,459,="",="2/4/2026 6:48:15.433271530 AM",
="",809,6.0,434 탎,2462 MHz,11,-76 dBm,Wi-Fi 3 (802.11g),False,388,="",="2/4/2026 6:48:15.433815075 AM",
="",810,1.0,2016 탎,2462 MHz,11,-82 dBm,Wi-Fi 1 (802.11b),False,313,="",="2/4/2026 6:48:15.451236620 AM",
="",813,1.0,2096 탎,2462 MHz,11,-76 dBm,Wi-Fi 1 (802.11b),False,323,="",="2/4/2026 6:48:15.453472250 AM",
="",816,24.0,37 탎,2462 MHz,11,-76 dBm,Wi-Fi 3 (802.11g),False,105,="",="2/4/2026 6:48:15.467630050 AM",
="",817,6.0,79 탎,2462 MHz,11,-78 dBm,Wi-Fi 3 (802.11g),True,122,="",="2/4/2026 6:48:15.467706550 AM",
="",818,6.0,49 탎,2462 MHz,11,-75 dBm,Wi-Fi 3 (802.11g),False,99,="",="2/4/2026 6:48:15.467852875 AM",
="",821,1.0,2160 탎,2462 MHz,11,-88 dBm,Wi-Fi 1 (802.11b),False,331,="",="2/4/2026 6:48:15.479752345 AM",
="",823,1.0,2160 탎,2462 MHz,11,-63 dBm,Wi-Fi 1 (802.11b),False,331,="",="2/4/2026 6:48:15.504603395 AM",
="",824,24.0,35 탎,2462 MHz,11,-76 dBm,Wi-Fi 3 (802.11g),False,99,="",="2/4/2026 6:48:15.519752545 AM",
="",825,24.0,35 탎,2462 MHz,11,-76 dBm,Wi-Fi 3 (802.11g),False,99,="",="2/4/2026 6:48:15.520096335 AM",
="",826,24.0,35 탎,2462 MHz,11,-76 dBm,Wi-Fi 3 (802.11g),False,99,="",="2/4/2026 6:48:15.520408110 AM",
="",827,24.0,41 탎,2462 MHz,11,-75 dBm,Wi-Fi 3 (802.11g),False,117,="",="2/4/2026 6:48:15.520555610 AM",
="",828,6.0,434 탎,2462 MHz,11,-71 dBm,Wi-Fi 3 (802.11g),False,388,="",="2/4/2026 6:48:15.536210605 AM",
="",830,24.0,35 탎,2462 MHz,11,-75 dBm,Wi-Fi 3 (802.11g),False,99,="",="2/4/2026 6:48:15.569968390 AM",
="",831,24.0,41 탎,2462 MHz,11,-75 dBm,Wi-Fi 3 (802.11g),False,117,="",="2/4/2026 6:48:15.570094890 AM",
="",838,1.0,2160 탎,2462 MHz,11,-64 dBm,Wi-Fi 1 (802.11b),True,331,="",="2/4/2026 6:48:15.606911575 AM",
="",839,6.0,529 탎,2462 MHz,11,-75 dBm,Wi-Fi 3 (802.11g),False,459,="",="2/4/2026 6:48:15.638079900 AM",
="",840,6.0,434 탎,2462 MHz,11,-75 dBm,Wi-Fi 3 (802.11g),False,388,="",="2/4/2026 6:48:15.638625965 AM",
="",844,1.0,2096 탎,2462 MHz,11,-74 dBm,Wi-Fi 1 (802.11b),False,323,="",="2/4/2026 6:48:15.660396255 AM",
="",845,1.0,2160 탎,2462 MHz,11,-62 dBm,Wi-Fi 1 (802.11b),False,331,="",="2/4/2026 6:48:15.709271480 AM",
="",851,6.0,529 탎,2462 MHz,11,-75 dBm,Wi-Fi 3 (802.11g),False,459,="",="2/4/2026 6:48:15.742182620 AM",
="",852,6.0,434 탎,2462 MHz,11,-75 dBm,Wi-Fi 3 (802.11g),False,388,="",="2/4/2026 6:48:15.742735020 AM",
="",853,1.0,2424 탎,2462 MHz,11,-73 dBm,Wi-Fi 1 (802.11b),False,364,="",="2/4/2026 6:48:15.751635125 AM",
="",854,1.0,2096 탎,2462 MHz,11,-72 dBm,Wi-Fi 1 (802.11b),True,323,="",="2/4/2026 6:48:15.760645765 AM",
="",855,1.0,2096 탎,2462 MHz,11,-72 dBm,Wi-Fi 1 (802.11b),False,323,="",="2/4/2026 6:48:15.762829430 AM",
="",856,1.0,2160 탎,2462 MHz,11,-63 dBm,Wi-Fi 1 (802.11b),True,331,="",="2/4/2026 6:48:15.814511670 AM",
="",857,2.0,248 탎,2462 MHz,11,-82 dBm,Wi-Fi 1 (802.11b),False,99,="",="2/4/2026 6:48:15.821884050 AM",
="",858,1.0,2160 탎,2462 MHz,11,-80 dBm,Wi-Fi 1 (802.11b),False,331,="",="2/4/2026 6:48:15.823885570 AM",
="",859,6.0,67 탎,2462 MHz,11,-83 dBm,Wi-Fi 3 (802.11g),False,113,="",="2/4/2026 6:48:15.829198975 AM",
="",860,6.0,49 탎,2462 MHz,11,-73 dBm,Wi-Fi 3 (802.11g),False,99,="",="2/4/2026 6:48:15.836956690 AM",
="",861,6.0,49 탎,2462 MHz,11,-75 dBm,Wi-Fi 3 (802.11g),False,99,="",="2/4/2026 6:48:15.838035260 AM",
="",862,6.0,49 탎,2462 MHz,11,-71 dBm,Wi-Fi 3 (802.11g),False,99,="",="2/4/2026 6:48:15.838175760 AM",
="",866,1.0,2096 탎,2462 MHz,11,-73 dBm,Wi-Fi 1 (802.11b),True,323,="",="2/4/2026 6:48:15.863609875 AM",
="",867,1.0,2096 탎,2462 MHz,11,-74 dBm,Wi-Fi 1 (802.11b),False,323,="",="2/4/2026 6:48:15.865761070 AM",
="",871,6.0,427 탎,2462 MHz,11,-87 dBm,Wi-Fi 3 (802.11g),True,383,="",="2/4/2026 6:48:15.921431430 AM",
="",875,1.0,416 탎,2462 MHz,11,-73 dBm,Wi-Fi 1 (802.11b),True,113,="",="2/4/2026 6:48:15.965287495 AM",
="",876,24.0,37 탎,2462 MHz,11,-75 dBm,Wi-Fi 3 (802.11g),False,105,="",="2/4/2026 6:48:15.979613650 AM",
="",877,6.0,75 탎,2462 MHz,11,-77 dBm,Wi-Fi 3 (802.11g),True,119,="",="2/4/2026 6:48:15.979671590 AM",
="",878,6.0,49 탎,2462 MHz,11,-75 dBm,Wi-Fi 3 (802.11g),False,99,="",="2/4/2026 6:48:15.979814340 AM",
="",881,24.0,37 탎,2462 MHz,11,-75 dBm,Wi-Fi 3 (802.11g),True,105,="",="2/4/2026 6:48:15.983888760 AM",
="",882,6.0,75 탎,2462 MHz,11,-75 dBm,Wi-Fi 3 (802.11g),True,119,="",="2/4/2026 6:48:15.983982675 AM",
="",883,6.0,49 탎,2462 MHz,11,-74 dBm,Wi-Fi 3 (802.11g),False,99,="",="2/4/2026 6:48:15.984125865 AM",
="",886,1.0,2160 탎,2462 MHz,11,-66 dBm,Wi-Fi 1 (802.11b),True,331,="",="2/4/2026 6:48:16.016242660 AM",
="",888,1.0,2160 탎,2462 MHz,11,-59 dBm,Wi-Fi 1 (802.11b),False,331,="",="2/4/2026 6:48:16.118601285 AM",
="",893,6.0,370 탎,2462 MHz,11,-85 dBm,Wi-Fi 3 (802.11g),False,340,="",="2/4/2026 6:48:16.134456850 AM",
="",894,6.0,402 탎,2462 MHz,11,-85 dBm,Wi-Fi 3 (802.11g),False,364,="",="2/4/2026 6:48:16.134852710 AM",
="",896,6.0,73 탎,2462 MHz,11,-76 dBm,Wi-Fi 3 (802.11g),False,117,="",="2/4/2026 6:48:16.158472870 AM",
="",897,1.0,2184 탎,2462 MHz,11,-87 dBm,Wi-Fi 1 (802.11b),True,334,="",="2/4/2026 6:48:16.194213010 AM",
="",898,1.0,416 탎,2462 MHz,11,-88 dBm,Wi-Fi 1 (802.11b),True,113,="",="2/4/2026 6:48:16.196397510 AM",
="",905,6.0,402 탎,2462 MHz,11,-85 dBm,Wi-Fi 3 (802.11g),False,364,="",="2/4/2026 6:48:16.239968025 AM",
="",906,6.0,70 탎,2462 MHz,11,-76 dBm,Wi-Fi 3 (802.11g),False,115,="",="2/4/2026 6:48:16.240523835 AM",
="",907,6.0,49 탎,2462 MHz,11,-76 dBm,Wi-Fi 3 (802.11g),False,99,="",="2/4/2026 6:48:16.240652010 AM",
="",908,6.0,49 탎,2462 MHz,11,-76 dBm,Wi-Fi 3 (802.11g),False,99,="",="2/4/2026 6:48:16.245114450 AM",
="",909,6.0,529 탎,2462 MHz,11,-73 dBm,Wi-Fi 3 (802.11g),False,459,="",="2/4/2026 6:48:16.252653685 AM",
="",910,6.0,434 탎,2462 MHz,11,-73 dBm,Wi-Fi 3 (802.11g),False,388,="",="2/4/2026 6:48:16.253215150 AM",
="",917,1.0,2160 탎,2462 MHz,11,-60 dBm,Wi-Fi 1 (802.11b),True,331,="",="2/4/2026 6:48:16.323244395 AM",
="",918,6.0,370 탎,2462 MHz,11,-87 dBm,Wi-Fi 3 (802.11g),False,340,="",="2/4/2026 6:48:16.355913600 AM",
="",919,6.0,529 탎,2462 MHz,11,-77 dBm,Wi-Fi 3 (802.11g),False,459,="",="2/4/2026 6:48:16.356321330 AM",
="",920,6.0,434 탎,2462 MHz,11,-76 dBm,Wi-Fi 3 (802.11g),False,388,="",="2/4/2026 6:48:16.356890970 AM",
="",921,1.0,2016 탎,2462 MHz,11,-82 dBm,Wi-Fi 1 (802.11b),True,313,="",="2/4/2026 6:48:16.372817350 AM",
="",922,1.0,2096 탎,2462 MHz,11,-73 dBm,Wi-Fi 1 (802.11b),False,323,="",="2/4/2026 6:48:16.377213150 AM",
="",927,1.0,2160 탎,2462 MHz,11,-67 dBm,Wi-Fi 1 (802.11b),True,331,="",="2/4/2026 6:48:16.425574845 AM",
="",932,6.0,49 탎,2462 MHz,11,-77 dBm,Wi-Fi 3 (802.11g),False,99,="",="2/4/2026 6:48:16.506124140 AM",
="",934,6.0,573 탎,2462 MHz,11,-85 dBm,Wi-Fi 3 (802.11g),False,492,="",="2/4/2026 6:48:16.513782090 AM",
="",940,6.0,494 탎,2462 MHz,11,-73 dBm,Wi-Fi 3 (802.11g),False,229,="",="2/4/2026 6:48:16.560694445 AM",
="",944,24.0,37 탎,2462 MHz,11,-85 dBm,Wi-Fi 3 (802.11g),False,105,="",="2/4/2026 6:48:16.653072915 AM",
="",945,24.0,35 탎,2462 MHz,11,-75 dBm,Wi-Fi 3 (802.11g),False,99,="",="2/4/2026 6:48:16.653110650 AM",
="",946,6.0,73 탎,2462 MHz,11,-74 dBm,Wi-Fi 3 (802.11g),False,117,="",="2/4/2026 6:48:16.653234885 AM",
="",947,6.0,529 탎,2462 MHz,11,-74 dBm,Wi-Fi 3 (802.11g),False,459,="",="2/4/2026 6:48:16.662092155 AM",
="",948,6.0,434 탎,2462 MHz,11,-75 dBm,Wi-Fi 3 (802.11g),False,388,="",="2/4/2026 6:48:16.662644620 AM",
="",961,1.0,2160 탎,2462 MHz,11,-58 dBm,Wi-Fi 1 (802.11b),True,331,="",="2/4/2026 6:48:16.834926030 AM",
="",962,6.0,427 탎,2462 MHz,11,-85 dBm,Wi-Fi 3 (802.11g),True,383,="",="2/4/2026 6:48:16.843044225 AM",
="",963,24.0,35 탎,2462 MHz,11,-72 dBm,Wi-Fi 3 (802.11g),True,99,="",="2/4/2026 6:48:16.871889260 AM",
="",964,6.0,73 탎,2462 MHz,11,-73 dBm,Wi-Fi 3 (802.11g),False,117,="",="2/4/2026 6:48:16.872130220 AM",
="",966,24.0,35 탎,2462 MHz,11,-73 dBm,Wi-Fi 3 (802.11g),True,99,="",="2/4/2026 6:48:16.887952425 AM",
="",967,6.0,73 탎,2462 MHz,11,-73 dBm,Wi-Fi 3 (802.11g),False,117,="",="2/4/2026 6:48:16.888112875 AM",
="",974,1.0,2160 탎,2462 MHz,11,-57 dBm,Wi-Fi 1 (802.11b),True,331,="",="2/4/2026 6:48:16.937242425 AM",
="",978,6.0,653 탎,2462 MHz,11,-70 dBm,Wi-Fi 3 (802.11g),True,552,="",="2/4/2026 6:48:16.973788025 AM",
="",979,24.0,37 탎,2462 MHz,11,-76 dBm,Wi-Fi 3 (802.11g),False,105,="",="2/4/2026 6:48:16.979788335 AM",
="",980,6.0,75 탎,2462 MHz,11,-78 dBm,Wi-Fi 3 (802.11g),True,119,="",="2/4/2026 6:48:16.979867690 AM",
="",981,6.0,49 탎,2462 MHz,11,-75 dBm,Wi-Fi 3 (802.11g),False,99,="",="2/4/2026 6:48:16.980011880 AM",
="",988,1.0,2160 탎,2462 MHz,11,-57 dBm,Wi-Fi 1 (802.11b),False,331,="",="2/4/2026 6:48:17.039603210 AM",
="",1000,1.0,2096 탎,2462 MHz,11,-75 dBm,Wi-Fi 1 (802.11b),False,323,="",="2/4/2026 6:48:17.096070925 AM",
="",1001,1.0,2160 탎,2462 MHz,11,-57 dBm,Wi-Fi 1 (802.11b),False,331,="",="2/4/2026 6:48:17.141932180 AM",
="",1002,6.0,427 탎,2462 MHz,11,-85 dBm,Wi-Fi 3 (802.11g),False,383,="",="2/4/2026 6:48:17.150277600 AM",
="",1007,1.0,2160 탎,2462 MHz,11,-61 dBm,Wi-Fi 1 (802.11b),True,331,="",="2/4/2026 6:48:17.244239480 AM",
="",1008,6.0,529 탎,2462 MHz,11,-76 dBm,Wi-Fi 3 (802.11g),False,459,="",="2/4/2026 6:48:17.276490270 AM",
="",1009,1.0,2016 탎,2462 MHz,11,-82 dBm,Wi-Fi 1 (802.11b),False,313,="",="2/4/2026 6:48:17.294444785 AM",
="",1017,6.0,654 탎,2462 MHz,11,-74 dBm,Wi-Fi 3 (802.11g),False,229,="",="2/4/2026 6:48:17.380936200 AM",
="",1018,1.0,2096 탎,2462 MHz,11,-67 dBm,Wi-Fi 1 (802.11b),False,323,="",="2/4/2026 6:48:17.401227155 AM",
="",1019,1.0,2160 탎,2462 MHz,11,-65 dBm,Wi-Fi 1 (802.11b),True,331,="",="2/4/2026 6:48:17.448904950 AM",
="",1023,6.0,529 탎,2462 MHz,11,-76 dBm,Wi-Fi 3 (802.11g),False,459,="",="2/4/2026 6:48:17.481320840 AM",
="",1024,6.0,661 탎,2462 MHz,11,-72 dBm,Wi-Fi 3 (802.11g),False,229,="",="2/4/2026 6:48:17.484994395 AM",
="",1025,1.0,2096 탎,2462 MHz,11,-67 dBm,Wi-Fi 1 (802.11b),False,323,="",="2/4/2026 6:48:17.503946650 AM",
="",1026,1.0,416 탎,2462 MHz,11,-67 dBm,Wi-Fi 1 (802.11b),True,113,="",="2/4/2026 6:48:17.506043150 AM",
="",1027,6.0,427 탎,2462 MHz,11,-86 dBm,Wi-Fi 3 (802.11g),False,383,="",="2/4/2026 6:48:17.559890315 AM",
="",1029,1.0,2016 탎,2462 MHz,11,-82 dBm,Wi-Fi 1 (802.11b),False,313,="",="2/4/2026 6:48:17.601646395 AM",
="",1030,11.0,377 탎,2462 MHz,11,-82 dBm,Wi-Fi 1 (802.11b),True,229,="",="2/4/2026 6:48:17.603662895 AM",
="",1031,1.0,2096 탎,2462 MHz,11,-73 dBm,Wi-Fi 1 (802.11b),True,323,="",="2/4/2026 6:48:17.606002380 AM",
="",1035,1.0,2160 탎,2462 MHz,11,-60 dBm,Wi-Fi 1 (802.11b),True,331,="",="2/4/2026 6:48:17.653573930 AM",
="",1041,6.0,627 탎,2462 MHz,11,-77 dBm,Wi-Fi 3 (802.11g),False,229,="",="2/4/2026 6:48:17.687067850 AM",
="",1043,1.0,2096 탎,2462 MHz,11,-76 dBm,Wi-Fi 1 (802.11b),True,323,="",="2/4/2026 6:48:17.706289850 AM",
="",1047,1.0,2160 탎,2462 MHz,11,-58 dBm,Wi-Fi 1 (802.11b),True,331,="",="2/4/2026 6:48:17.755905590 AM",
="",1048,6.0,529 탎,2462 MHz,11,-74 dBm,Wi-Fi 3 (802.11g),False,459,="",="2/4/2026 6:48:17.788493540 AM",
="",1049,1.0,2096 탎,2462 MHz,11,-80 dBm,Wi-Fi 1 (802.11b),False,323,="",="2/4/2026 6:48:17.810837870 AM",
="",1050,1.0,2160 탎,2462 MHz,11,-61 dBm,Wi-Fi 1 (802.11b),True,331,="",="2/4/2026 6:48:17.858237770 AM",
="",1051,1.0,2008 탎,2462 MHz,11,-85 dBm,Wi-Fi 1 (802.11b),True,312,="",="2/4/2026 6:48:17.870464425 AM",
="",1052,6.0,402 탎,2462 MHz,11,-84 dBm,Wi-Fi 3 (802.11g),False,364,="",="2/4/2026 6:48:17.875902715 AM",
="",1058,6.0,361 탎,2462 MHz,11,-84 dBm,Wi-Fi 3 (802.11g),True,333,="",="2/4/2026 6:48:17.883449775 AM",
="",1060,6.0,529 탎,2462 MHz,11,-77 dBm,Wi-Fi 3 (802.11g),False,459,="",="2/4/2026 6:48:17.890905965 AM",
="",1061,6.0,434 탎,2462 MHz,11,-77 dBm,Wi-Fi 3 (802.11g),False,388,="",="2/4/2026 6:48:17.891477125 AM",
="",1062,6.0,153 탎,2462 MHz,11,-77 dBm,Wi-Fi 3 (802.11g),False,177,="",="2/4/2026 6:48:17.891911625 AM",
="",1063,6.0,627 탎,2462 MHz,11,-76 dBm,Wi-Fi 3 (802.11g),False,229,="",="2/4/2026 6:48:17.892091295 AM",
="",1064,6.0,654 탎,2462 MHz,11,-77 dBm,Wi-Fi 3 (802.11g),False,229,="",="2/4/2026 6:48:17.892745515 AM",
="",1065,6.0,709 탎,2462 MHz,11,-76 dBm,Wi-Fi 3 (802.11g),False,229,="",="2/4/2026 6:48:17.893426760 AM",
="",1066,6.0,735 탎,2462 MHz,11,-76 dBm,Wi-Fi 3 (802.11g),False,229,="",="2/4/2026 6:48:17.894164185 AM",
="",1067,1.0,2424 탎,2462 MHz,11,-80 dBm,Wi-Fi 1 (802.11b),False,364,="",="2/4/2026 6:48:17.902073470 AM",
="",1068,1.0,2016 탎,2462 MHz,11,-82 dBm,Wi-Fi 1 (802.11b),False,313,="",="2/4/2026 6:48:17.908850800 AM",
="",1069,1.0,2096 탎,2462 MHz,11,-83 dBm,Wi-Fi 1 (802.11b),False,323,="",="2/4/2026 6:48:17.913234600 AM",
="",1073,1.0,2016 탎,2462 MHz,11,-88 dBm,Wi-Fi 1 (802.11b),False,313,="",="2/4/2026 6:48:17.954140945 AM",
="",1074,11.0,415 탎,2462 MHz,11,-87 dBm,Wi-Fi 1 (802.11b),True,392,="",="2/4/2026 6:48:17.956159250 AM",
="",1075,6.0,427 탎,2462 MHz,11,-84 dBm,Wi-Fi 3 (802.11g),False,383,="",="2/4/2026 6:48:17.969498785 AM",
="",1076,24.0,35 탎,2462 MHz,11,-78 dBm,Wi-Fi 3 (802.11g),False,99,="",="2/4/2026 6:48:17.972832990 AM",
="",1077,6.0,370 탎,2462 MHz,11,-85 dBm,Wi-Fi 3 (802.11g),False,340,="",="2/4/2026 6:48:17.977681920 AM",
="",1078,6.0,402 탎,2462 MHz,11,-84 dBm,Wi-Fi 3 (802.11g),False,364,="",="2/4/2026 6:48:17.978083435 AM",
="",1079,6.0,361 탎,2462 MHz,11,-84 dBm,Wi-Fi 3 (802.11g),False,333,="",="2/4/2026 6:48:17.985872680 AM",
="",1080,1.0,2008 탎,2462 MHz,11,-88 dBm,Wi-Fi 1 (802.11b),False,312,="",="2/4/2026 6:48:17.986265355 AM",
="",1084,6.0,529 탎,2462 MHz,11,-79 dBm,Wi-Fi 3 (802.11g),False,459,="",="2/4/2026 6:48:17.993288295 AM",
="",1085,6.0,434 탎,2462 MHz,11,-78 dBm,Wi-Fi 3 (802.11g),False,388,="",="2/4/2026 6:48:17.993849320 AM",
="",1086,6.0,661 탎,2462 MHz,11,-79 dBm,Wi-Fi 3 (802.11g),False,229,="",="2/4/2026 6:48:17.994285055 AM",
="",1087,6.0,687 탎,2462 MHz,11,-79 dBm,Wi-Fi 3 (802.11g),False,229,="",="2/4/2026 6:48:17.994971585 AM",
="",1088,6.0,626 탎,2462 MHz,11,-79 dBm,Wi-Fi 3 (802.11g),False,229,="",="2/4/2026 6:48:17.995688725 AM",
="",1089,6.0,653 탎,2462 MHz,11,-79 dBm,Wi-Fi 3 (802.11g),False,229,="",="2/4/2026 6:48:17.996339700 AM",
="",1090,6.0,219 탎,2462 MHz,11,-78 dBm,Wi-Fi 3 (802.11g),False,227,="",="2/4/2026 6:48:17.997021020 AM",
="",1091,6.0,246 탎,2462 MHz,11,-79 dBm,Wi-Fi 3 (802.11g),False,229,="",="2/4/2026 6:48:17.997267275 AM",
="",1092,1.0,2016 탎,2462 MHz,11,-81 dBm,Wi-Fi 1 (802.11b),False,313,="",="2/4/2026 6:48:18.011264480 AM",
="",1093,1.0,2096 탎,2462 MHz,11,-74 dBm,Wi-Fi 1 (802.11b),False,323,="",="2/4/2026 6:48:18.017139950 AM",
="",1094,1.0,2096 탎,2462 MHz,11,-75 dBm,Wi-Fi 1 (802.11b),False,323,="",="2/4/2026 6:48:18.019265065 AM",
="",1099,1.0,2728 탎,2462 MHz,11,-87 dBm,Wi-Fi 1 (802.11b),False,402,="",="2/4/2026 6:48:18.027854250 AM",
="",1100,1.0,3296 탎,2462 MHz,11,-88 dBm,Wi-Fi 1 (802.11b),False,473,="",="2/4/2026 6:48:18.030625050 AM",
="",1101,1.0,2160 탎,2462 MHz,11,-86 dBm,Wi-Fi 1 (802.11b),False,331,="",="2/4/2026 6:48:18.045120740 AM",
="",1102,1.0,2160 탎,2462 MHz,11,-66 dBm,Wi-Fi 1 (802.11b),True,331,="",="2/4/2026 6:48:18.062903040 AM",
="",1103,6.0,427 탎,2462 MHz,11,-84 dBm,Wi-Fi 3 (802.11g),False,383,="",="2/4/2026 6:48:18.071894025 AM",
="",1104,6.0,402 탎,2462 MHz,11,-84 dBm,Wi-Fi 3 (802.11g),False,364,="",="2/4/2026 6:48:18.080482955 AM",
="",1105,6.0,361 탎,2462 MHz,11,-84 dBm,Wi-Fi 3 (802.11g),False,333,="",="2/4/2026 6:48:18.088270880 AM",
="",1107,6.0,529 탎,2462 MHz,11,-73 dBm,Wi-Fi 3 (802.11g),False,459,="",="2/4/2026 6:48:18.095684175 AM",
="",1109,1.0,2096 탎,2462 MHz,11,-71 dBm,Wi-Fi 1 (802.11b),False,323,="",="2/4/2026 6:48:18.118038185 AM",
="",1110,24.0,35 탎,2462 MHz,11,-71 dBm,Wi-Fi 3 (802.11g),True,99,="",="2/4/2026 6:48:18.122017660 AM",
="",1111,6.0,73 탎,2462 MHz,11,-71 dBm,Wi-Fi 3 (802.11g),False,117,="",="2/4/2026 6:48:18.122394760 AM",
="",1115,1.0,2160 탎,2462 MHz,11,-64 dBm,Wi-Fi 1 (802.11b),True,331,="",="2/4/2026 6:48:18.168334265 AM",
="",1118,6.0,370 탎,2462 MHz,11,-87 dBm,Wi-Fi 3 (802.11g),True,340,="",="2/4/2026 6:48:18.182460625 AM",
="",1119,6.0,402 탎,2462 MHz,11,-86 dBm,Wi-Fi 3 (802.11g),False,364,="",="2/4/2026 6:48:18.182884580 AM",
="",1120,6.0,361 탎,2462 MHz,11,-86 dBm,Wi-Fi 3 (802.11g),False,333,="",="2/4/2026 6:48:18.190677960 AM",
="",1125,6.0,529 탎,2462 MHz,11,-73 dBm,Wi-Fi 3 (802.11g),False,459,="",="2/4/2026 6:48:18.198088255 AM",
="",1126,6.0,434 탎,2462 MHz,11,-73 dBm,Wi-Fi 3 (802.11g),False,388,="",="2/4/2026 6:48:18.198668255 AM",
="",1127,6.0,1551 탎,2462 MHz,11,-73 dBm,Wi-Fi 3 (802.11g),False,229,="",="2/4/2026 6:48:18.202024425 AM",
="",1128,6.0,1578 탎,2462 MHz,11,-72 dBm,Wi-Fi 3 (802.11g),False,229,="",="2/4/2026 6:48:18.203603210 AM",
="",1129,6.0,1765 탎,2462 MHz,11,-73 dBm,Wi-Fi 3 (802.11g),False,229,="",="2/4/2026 6:48:18.205208320 AM",
="",1130,11.0,396 탎,2462 MHz,11,-81 dBm,Wi-Fi 1 (802.11b),True,366,="",="2/4/2026 6:48:18.218442350 AM",
="",1131,1.0,2096 탎,2462 MHz,11,-74 dBm,Wi-Fi 1 (802.11b),False,323,="",="2/4/2026 6:48:18.222371250 AM",
="",1144,6.0,49 탎,2462 MHz,11,-71 dBm,Wi-Fi 3 (802.11g),False,99,="",="2/4/2026 6:48:18.429763270 AM",
="",1145,24.0,37 탎,2462 MHz,11,-72 dBm,Wi-Fi 3 (802.11g),False,105,="",="2/4/2026 6:48:18.443630210 AM",
="",1146,24.0,37 탎,2462 MHz,11,-69 dBm,Wi-Fi 3 (802.11g),True,105,="",="2/4/2026 6:48:18.443919865 AM",
="",1147,6.0,49 탎,2462 MHz,11,-72 dBm,Wi-Fi 3 (802.11g),False,99,="",="2/4/2026 6:48:18.444141555 AM",
="",1149,1.0,2160 탎,2462 MHz,11,-68 dBm,Wi-Fi 1 (802.11b),True,331,="",="2/4/2026 6:48:18.472238185 AM",
="",1153,6.0,49 탎,2462 MHz,11,-72 dBm,Wi-Fi 3 (802.11g),False,99,="",="2/4/2026 6:48:18.547763735 AM",
="",1167,6.0,49 탎,2462 MHz,11,-68 dBm,Wi-Fi 3 (802.11g),False,99,="",="2/4/2026 6:48:18.761954715 AM",
="",1168,6.0,49 탎,2462 MHz,11,-72 dBm,Wi-Fi 3 (802.11g),False,99,="",="2/4/2026 6:48:18.770776095 AM",
="",1169,1.0,304 탎,2462 MHz,11,-70 dBm,Wi-Fi 1 (802.11b),False,99,="",="2/4/2026 6:48:18.778416035 AM",
="",1179,6.0,49 탎,2462 MHz,11,-72 dBm,Wi-Fi 3 (802.11g),False,99,="",="2/4/2026 6:48:18.925353755 AM",
="",1180,1.0,2096 탎,2462 MHz,11,-80 dBm,Wi-Fi 1 (802.11b),True,323,="",="2/4/2026 6:48:18.939211210 AM",
="",1184,1.0,2160 탎,2462 MHz,11,-60 dBm,Wi-Fi 1 (802.11b),True,331,="",="2/4/2026 6:48:18.983907290 AM",
="",1191,1.0,2008 탎,2462 MHz,11,-87 dBm,Wi-Fi 1 (802.11b),False,312,="",="2/4/2026 6:48:19.010728215 AM",
="",1192,6.0,361 탎,2462 MHz,11,-86 dBm,Wi-Fi 3 (802.11g),False,333,="",="2/4/2026 6:48:19.012771070 AM",
="",1193,6.0,370 탎,2462 MHz,11,-85 dBm,Wi-Fi 3 (802.11g),False,340,="",="2/4/2026 6:48:19.013158545 AM",
="",1194,6.0,402 탎,2462 MHz,11,-86 dBm,Wi-Fi 3 (802.11g),False,364,="",="2/4/2026 6:48:19.013557900 AM",
="",1195,6.0,427 탎,2462 MHz,11,-85 dBm,Wi-Fi 3 (802.11g),False,383,="",="2/4/2026 6:48:19.013988680 AM",
="",1196,6.0,529 탎,2462 MHz,11,-74 dBm,Wi-Fi 3 (802.11g),True,459,="",="2/4/2026 6:48:19.017719980 AM",
="",1200,1.0,2160 탎,2462 MHz,11,-63 dBm,Wi-Fi 1 (802.11b),False,331,="",="2/4/2026 6:48:19.086260195 AM",
="",1203,6.0,529 탎,2462 MHz,11,-75 dBm,Wi-Fi 3 (802.11g),True,459,="",="2/4/2026 6:48:19.119675655 AM",
="",1205,24.0,35 탎,2462 MHz,11,-75 dBm,Wi-Fi 3 (802.11g),False,99,="",="2/4/2026 6:48:19.123021070 AM",
="",1206,6.0,73 탎,2462 MHz,11,-75 dBm,Wi-Fi 3 (802.11g),False,117,="",="2/4/2026 6:48:19.123419585 AM",
="",1213,1.0,416 탎,2462 MHz,11,-86 dBm,Wi-Fi 1 (802.11b),True,113,="",="2/4/2026 6:48:19.171838300 AM",
="",1214,1.0,2160 탎,2462 MHz,11,-63 dBm,Wi-Fi 1 (802.11b),True,331,="",="2/4/2026 6:48:19.191784255 AM",
="",1216,1.0,416 탎,2462 MHz,11,-74 dBm,Wi-Fi 1 (802.11b),True,113,="",="2/4/2026 6:48:19.242136080 AM",
="",1221,1.0,416 탎,2462 MHz,11,-88 dBm,Wi-Fi 1 (802.11b),True,113,="",="2/4/2026 6:48:19.285165585 AM",
="",1222,6.0,427 탎,2462 MHz,11,-86 dBm,Wi-Fi 3 (802.11g),False,383,="",="2/4/2026 6:48:19.300708780 AM",
="",1223,6.0,370 탎,2462 MHz,11,-85 dBm,Wi-Fi 3 (802.11g),False,340,="",="2/4/2026 6:48:19.308902715 AM",
="",1224,6.0,361 탎,2462 MHz,11,-87 dBm,Wi-Fi 3 (802.11g),True,333,="",="2/4/2026 6:48:19.317068795 AM",
="",1235,6.0,370 탎,2462 MHz,11,-85 dBm,Wi-Fi 3 (802.11g),True,340,="",="2/4/2026 6:48:19.411280425 AM",
="",1236,6.0,529 탎,2462 MHz,11,-74 dBm,Wi-Fi 3 (802.11g),False,459,="",="2/4/2026 6:48:19.529312790 AM",
="",1237,6.0,434 탎,2462 MHz,11,-75 dBm,Wi-Fi 3 (802.11g),False,388,="",="2/4/2026 6:48:19.529855895 AM",
="",1241,72.2,39 탎,2462 MHz,11,-76 dBm,Wi-Fi 4 (802.11n),True,117,="",="2/4/2026 6:48:19.571364270 AM",
="",1242,24.0,37 탎,2462 MHz,11,-77 dBm,Wi-Fi 3 (802.11g),False,105,="",="2/4/2026 6:48:19.571620810 AM",
="",1243,24.0,37 탎,2462 MHz,11,-77 dBm,Wi-Fi 3 (802.11g),False,105,="",="2/4/2026 6:48:19.571920745 AM",
="",1244,6.0,57 탎,2462 MHz,11,-77 dBm,Wi-Fi 3 (802.11g),False,105,="",="2/4/2026 6:48:19.572230480 AM",
="",1245,6.0,49 탎,2462 MHz,11,-77 dBm,Wi-Fi 3 (802.11g),False,99,="",="2/4/2026 6:48:19.572471905 AM",
="",1246,6.0,49 탎,2462 MHz,11,-77 dBm,Wi-Fi 3 (802.11g),False,99,="",="2/4/2026 6:48:19.573137310 AM",
="",1249,1.0,2160 탎,2462 MHz,11,-60 dBm,Wi-Fi 1 (802.11b),True,331,="",="2/4/2026 6:48:19.597901395 AM",
="",1250,6.0,529 탎,2462 MHz,11,-76 dBm,Wi-Fi 3 (802.11g),False,459,="",="2/4/2026 6:48:19.631711245 AM",
="",1251,6.0,434 탎,2462 MHz,11,-75 dBm,Wi-Fi 3 (802.11g),False,388,="",="2/4/2026 6:48:19.632270230 AM",
="",1259,11.0,415 탎,2462 MHz,11,-90 dBm,Wi-Fi 1 (802.11b),True,392,="",="2/4/2026 6:48:19.696963425 AM",
="",1260,1.0,2160 탎,2462 MHz,11,-63 dBm,Wi-Fi 1 (802.11b),True,331,="",="2/4/2026 6:48:19.702703150 AM",
="",1268,24.0,35 탎,2462 MHz,11,-76 dBm,Wi-Fi 3 (802.11g),False,99,="",="2/4/2026 6:48:19.841399605 AM",
="",1269,6.0,73 탎,2462 MHz,11,-76 dBm,Wi-Fi 3 (802.11g),False,117,="",="2/4/2026 6:48:19.841636005 AM",
="",1270,1.0,2096 탎,2462 MHz,11,-77 dBm,Wi-Fi 1 (802.11b),True,323,="",="2/4/2026 6:48:19.856754265 AM",
="",1271,1.0,2160 탎,2462 MHz,11,-59 dBm,Wi-Fi 1 (802.11b),True,331,="",="2/4/2026 6:48:19.904918390 AM",
="",1272,6.0,361 탎,2462 MHz,11,-87 dBm,Wi-Fi 3 (802.11g),False,333,="",="2/4/2026 6:48:19.931529610 AM",
="",1276,6.0,529 탎,2462 MHz,11,-76 dBm,Wi-Fi 3 (802.11g),False,459,="",="2/4/2026 6:48:19.938928290 AM",
="",1277,6.0,201 탎,2462 MHz,11,-77 dBm,Wi-Fi 3 (802.11g),False,213,="",="2/4/2026 6:48:19.941405580 AM",
="",1278,6.0,153 탎,2462 MHz,11,-76 dBm,Wi-Fi 3 (802.11g),False,177,="",="2/4/2026 6:48:19.941770875 AM",
="",1279,6.0,201 탎,2462 MHz,11,-76 dBm,Wi-Fi 3 (802.11g),False,213,="",="2/4/2026 6:48:19.943312870 AM",
="",1280,6.0,153 탎,2462 MHz,11,-76 dBm,Wi-Fi 3 (802.11g),False,177,="",="2/4/2026 6:48:19.943538145 AM",
="",1284,6.0,67 탎,2462 MHz,11,-82 dBm,Wi-Fi 3 (802.11g),True,113,="",="2/4/2026 6:48:20.041478320 AM",
="",1289,6.0,529 탎,2462 MHz,11,-79 dBm,Wi-Fi 3 (802.11g),False,459,="",="2/4/2026 6:48:20.144362085 AM",
="",1290,6.0,434 탎,2462 MHz,11,-78 dBm,Wi-Fi 3 (802.11g),False,388,="",="2/4/2026 6:48:20.145213430 AM",
="",1291,6.0,219 탎,2462 MHz,11,-78 dBm,Wi-Fi 3 (802.11g),False,227,="",="2/4/2026 6:48:20.145647930 AM",
="",1293,6.0,246 탎,2462 MHz,11,-79 dBm,Wi-Fi 3 (802.11g),False,229,="",="2/4/2026 6:48:20.147715995 AM",
="",1294,24.0,35 탎,2462 MHz,11,-78 dBm,Wi-Fi 3 (802.11g),False,99,="",="2/4/2026 6:48:20.154168075 AM",
="",1295,6.0,73 탎,2462 MHz,11,-78 dBm,Wi-Fi 3 (802.11g),True,117,="",="2/4/2026 6:48:20.154308110 AM",
="",1296,1.0,2096 탎,2462 MHz,11,-74 dBm,Wi-Fi 1 (802.11b),False,323,="",="2/4/2026 6:48:20.168207300 AM",
="",1297,1.0,2160 탎,2462 MHz,11,-58 dBm,Wi-Fi 1 (802.11b),True,331,="",="2/4/2026 6:48:20.211900520 AM",
="",1305,24.0,35 탎,2462 MHz,11,-79 dBm,Wi-Fi 3 (802.11g),False,99,="",="2/4/2026 6:48:20.300824935 AM",
="",1306,6.0,73 탎,2462 MHz,11,-79 dBm,Wi-Fi 3 (802.11g),False,117,="",="2/4/2026 6:48:20.300965290 AM",
="",1308,1.0,2160 탎,2462 MHz,11,-59 dBm,Wi-Fi 1 (802.11b),False,331,="",="2/4/2026 6:48:20.318526350 AM",
="",1309,24.0,35 탎,2462 MHz,11,-79 dBm,Wi-Fi 3 (802.11g),True,99,="",="2/4/2026 6:48:20.341046225 AM",
="",1310,6.0,201 탎,2462 MHz,11,-80 dBm,Wi-Fi 3 (802.11g),False,213,="",="2/4/2026 6:48:20.349806705 AM",
="",1314,6.0,214 탎,2462 MHz,11,-74 dBm,Wi-Fi 3 (802.11g),False,223,="",="2/4/2026 6:48:20.453672340 AM",
="",1321,6.0,49 탎,2462 MHz,11,-79 dBm,Wi-Fi 3 (802.11g),False,99,="",="2/4/2026 6:48:20.508658575 AM",
="",1322,6.0,49 탎,2462 MHz,11,-78 dBm,Wi-Fi 3 (802.11g),False,99,="",="2/4/2026 6:48:20.509257085 AM",
="",1325,1.0,2160 탎,2462 MHz,11,-61 dBm,Wi-Fi 1 (802.11b),False,331,="",="2/4/2026 6:48:20.519013680 AM",
="",1327,1.0,2096 탎,2462 MHz,11,-74 dBm,Wi-Fi 1 (802.11b),False,323,="",="2/4/2026 6:48:20.574572525 AM",
="",1328,6.0,73 탎,2462 MHz,11,-77 dBm,Wi-Fi 3 (802.11g),False,117,="",="2/4/2026 6:48:20.589519485 AM",
="",1329,24.0,35 탎,2462 MHz,11,-78 dBm,Wi-Fi 3 (802.11g),False,99,="",="2/4/2026 6:48:20.590844905 AM",
="",1335,1.0,416 탎,2462 MHz,11,-69 dBm,Wi-Fi 1 (802.11b),True,113,="",="2/4/2026 6:48:20.677878765 AM",
="",1336,1.0,2160 탎,2462 MHz,11,-55 dBm,Wi-Fi 1 (802.11b),False,331,="",="2/4/2026 6:48:20.723587205 AM",
="",1348,6.0,73 탎,2462 MHz,11,-77 dBm,Wi-Fi 3 (802.11g),False,117,="",="2/4/2026 6:48:20.841243860 AM",
="",1349,6.0,735 탎,2462 MHz,11,-78 dBm,Wi-Fi 3 (802.11g),False,229,="",="2/4/2026 6:48:20.863813970 AM",
="",1356,6.0,687 탎,2462 MHz,11,-78 dBm,Wi-Fi 3 (802.11g),False,229,="",="2/4/2026 6:48:20.964609135 AM",
="",1360,6.0,427 탎,2462 MHz,11,-87 dBm,Wi-Fi 3 (802.11g),False,383,="",="2/4/2026 6:48:21.041540990 AM",
="",1368,6.0,1578 탎,2462 MHz,11,-79 dBm,Wi-Fi 3 (802.11g),False,229,="",="2/4/2026 6:48:21.170846175 AM",
="",1369,6.0,219 탎,2462 MHz,11,-78 dBm,Wi-Fi 3 (802.11g),False,227,="",="2/4/2026 6:48:21.172449745 AM",
="",1370,6.0,246 탎,2462 MHz,11,-78 dBm,Wi-Fi 3 (802.11g),False,229,="",="2/4/2026 6:48:21.172695545 AM",
="",1371,6.0,214 탎,2462 MHz,11,-78 dBm,Wi-Fi 3 (802.11g),False,223,="",="2/4/2026 6:48:21.187563680 AM",
="",1372,1.0,2096 탎,2462 MHz,11,-78 dBm,Wi-Fi 1 (802.11b),False,323,="",="2/4/2026 6:48:21.188387395 AM",
="",1373,1.0,2096 탎,2462 MHz,11,-79 dBm,Wi-Fi 1 (802.11b),False,323,="",="2/4/2026 6:48:21.190511270 AM",
="",1377,6.0,214 탎,2462 MHz,11,-59 dBm,Wi-Fi 3 (802.11g),False,223,="",="2/4/2026 6:48:21.217198160 AM",
="",1378,1.0,3264 탎,2462 MHz,11,-78 dBm,Wi-Fi 1 (802.11b),False,469,="",="2/4/2026 6:48:21.217983490 AM",
="",1379,1.0,304 탎,2462 MHz,11,-52 dBm,Wi-Fi 1 (802.11b),False,99,="",="2/4/2026 6:48:21.221247990 AM",
="",1384,6.0,214 탎,2462 MHz,11,-58 dBm,Wi-Fi 3 (802.11g),False,223,="",="2/4/2026 6:48:21.242767220 AM",
="",1385,1.0,2160 탎,2462 MHz,11,-87 dBm,Wi-Fi 1 (802.11b),False,331,="",="2/4/2026 6:48:21.252266205 AM",
="",1386,1.0,1960 탎,2462 MHz,11,-84 dBm,Wi-Fi 1 (802.11b),False,306,="",="2/4/2026 6:48:21.261211035 AM",
="",1387,6.0,434 탎,2462 MHz,11,-80 dBm,Wi-Fi 3 (802.11g),False,388,="",="2/4/2026 6:48:21.270710095 AM",
="",1394,1.0,2160 탎,2462 MHz,11,-63 dBm,Wi-Fi 1 (802.11b),True,331,="",="2/4/2026 6:48:21.337560300 AM",
="",1403,6.0,370 탎,2462 MHz,11,-85 dBm,Wi-Fi 3 (802.11g),True,340,="",="2/4/2026 6:48:21.356901350 AM",
="",1422,6.0,529 탎,2462 MHz,11,-78 dBm,Wi-Fi 3 (802.11g),False,459,="",="2/4/2026 6:48:21.782242600 AM",
="",1433,6.0,529 탎,2462 MHz,11,-78 dBm,Wi-Fi 3 (802.11g),False,459,="",="2/4/2026 6:48:21.986980765 AM",
="",1434,6.0,434 탎,2462 MHz,11,-78 dBm,Wi-Fi 3 (802.11g),False,388,="",="2/4/2026 6:48:21.987583820 AM",
="",1435,1.0,2424 탎,2462 MHz,11,-71 dBm,Wi-Fi 1 (802.11b),False,364,="",="2/4/2026 6:48:21.998574945 AM",
="",1436,24.0,35 탎,2462 MHz,11,-78 dBm,Wi-Fi 3 (802.11g),True,99,="",="2/4/2026 6:48:22.001274810 AM",
="",1437,24.0,41 탎,2462 MHz,11,-79 dBm,Wi-Fi 3 (802.11g),True,117,="",="2/4/2026 6:48:22.001443005 AM",
="",1438,6.0,49 탎,2462 MHz,11,-78 dBm,Wi-Fi 3 (802.11g),False,99,="",="2/4/2026 6:48:22.002094410 AM",
="",1439,6.0,49 탎,2462 MHz,11,-78 dBm,Wi-Fi 3 (802.11g),False,99,="",="2/4/2026 6:48:22.002234750 AM",
="",1440,24.0,38 탎,2462 MHz,11,-78 dBm,Wi-Fi 3 (802.11g),True,110,="",="2/4/2026 6:48:22.004392760 AM",
="",1441,6.0,75 탎,2462 MHz,11,-79 dBm,Wi-Fi 3 (802.11g),True,119,="",="2/4/2026 6:48:22.004443045 AM",
="",1442,24.0,37 탎,2462 MHz,11,-77 dBm,Wi-Fi 3 (802.11g),False,105,="",="2/4/2026 6:48:22.004856355 AM",
="",1443,6.0,71 탎,2462 MHz,11,-79 dBm,Wi-Fi 3 (802.11g),True,116,="",="2/4/2026 6:48:22.004936415 AM",
="",1444,6.0,49 탎,2462 MHz,11,-79 dBm,Wi-Fi 3 (802.11g),False,99,="",="2/4/2026 6:48:22.005079925 AM",
="",1448,1.0,2160 탎,2462 MHz,11,-63 dBm,Wi-Fi 1 (802.11b),True,331,="",="2/4/2026 6:48:22.053910905 AM",
="",1449,6.0,434 탎,2462 MHz,11,-79 dBm,Wi-Fi 3 (802.11g),False,388,="",="2/4/2026 6:48:22.089896500 AM",
="",1450,24.0,35 탎,2462 MHz,11,-81 dBm,Wi-Fi 3 (802.11g),False,99,="",="2/4/2026 6:48:22.093068895 AM",
="",1451,1.0,2096 탎,2462 MHz,11,-73 dBm,Wi-Fi 1 (802.11b),False,323,="",="2/4/2026 6:48:22.111698805 AM",
="",1456,6.0,1578 탎,2462 MHz,11,-80 dBm,Wi-Fi 3 (802.11g),False,229,="",="2/4/2026 6:48:22.194344790 AM",
="",1457,6.0,1765 탎,2462 MHz,11,-80 dBm,Wi-Fi 3 (802.11g),False,229,="",="2/4/2026 6:48:22.195950165 AM",
="",1463,6.0,361 탎,2462 MHz,11,-86 dBm,Wi-Fi 3 (802.11g),False,333,="",="2/4/2026 6:48:22.286740085 AM",
="",1464,6.0,75 탎,2462 MHz,11,-79 dBm,Wi-Fi 3 (802.11g),True,119,="",="2/4/2026 6:48:22.294683785 AM",
="",1465,6.0,49 탎,2462 MHz,11,-78 dBm,Wi-Fi 3 (802.11g),False,99,="",="2/4/2026 6:48:22.404111215 AM",
="",1466,1.0,416 탎,2462 MHz,11,-73 dBm,Wi-Fi 1 (802.11b),True,113,="",="2/4/2026 6:48:22.416578285 AM",
="",1470,1.0,2208 탎,2462 MHz,11,-78 dBm,Wi-Fi 1 (802.11b),False,337,="",="2/4/2026 6:48:22.427300615 AM",
="",1471,1.0,2160 탎,2462 MHz,11,-60 dBm,Wi-Fi 1 (802.11b),True,331,="",="2/4/2026 6:48:22.463235060 AM",
="",1482,1.0,2096 탎,2462 MHz,11,-76 dBm,Wi-Fi 1 (802.11b),False,323,="",="2/4/2026 6:48:22.621577570 AM",
="",1486,6.0,529 탎,2462 MHz,11,-78 dBm,Wi-Fi 3 (802.11g),False,459,="",="2/4/2026 6:48:22.703748930 AM",
="",1487,6.0,434 탎,2462 MHz,11,-78 dBm,Wi-Fi 3 (802.11g),False,388,="",="2/4/2026 6:48:22.704310035 AM",
="",1489,1.0,2160 탎,2462 MHz,11,-65 dBm,Wi-Fi 1 (802.11b),False,331,="",="2/4/2026 6:48:22.770248250 AM",
="",1494,6.0,529 탎,2462 MHz,11,-76 dBm,Wi-Fi 3 (802.11g),False,459,="",="2/4/2026 6:48:22.806134255 AM",
="",1495,6.0,434 탎,2462 MHz,11,-76 dBm,Wi-Fi 3 (802.11g),False,388,="",="2/4/2026 6:48:22.806695280 AM",
="",1507,6.0,735 탎,2462 MHz,11,-77 dBm,Wi-Fi 3 (802.11g),False,229,="",="2/4/2026 6:48:22.911971865 AM",
="",1508,6.0,201 탎,2462 MHz,11,-77 dBm,Wi-Fi 3 (802.11g),False,213,="",="2/4/2026 6:48:22.912735515 AM",
="",1510,24.0,35 탎,2462 MHz,11,-77 dBm,Wi-Fi 3 (802.11g),False,99,="",="2/4/2026 6:48:22.942165445 AM",
="",1511,6.0,73 탎,2462 MHz,11,-77 dBm,Wi-Fi 3 (802.11g),False,117,="",="2/4/2026 6:48:22.942345255 AM",
="",1521,24.0,37 탎,2462 MHz,11,-77 dBm,Wi-Fi 3 (802.11g),False,105,="",="2/4/2026 6:48:23.081413770 AM",
="",1524,1.0,2160 탎,2462 MHz,11,-66 dBm,Wi-Fi 1 (802.11b),False,331,="",="2/4/2026 6:48:23.179580770 AM",
="",1525,6.0,153 탎,2462 MHz,11,-80 dBm,Wi-Fi 3 (802.11g),False,177,="",="2/4/2026 6:48:23.216748085 AM",
="",1526,1.0,2096 탎,2462 MHz,11,-75 dBm,Wi-Fi 1 (802.11b),True,323,="",="2/4/2026 6:48:23.235967285 AM",
="",1530,1.0,2096 탎,2462 MHz,11,-70 dBm,Wi-Fi 1 (802.11b),False,323,="",="2/4/2026 6:48:23.340541515 AM",
="",1537,6.0,73 탎,2462 MHz,11,-80 dBm,Wi-Fi 3 (802.11g),False,117,="",="2/4/2026 6:48:23.412668005 AM",
="",1552,1.0,2096 탎,2462 MHz,11,-67 dBm,Wi-Fi 1 (802.11b),False,323,="",="2/4/2026 6:48:23.646234595 AM",
="",1553,1.0,2096 탎,2462 MHz,11,-68 dBm,Wi-Fi 1 (802.11b),False,323,="",="2/4/2026 6:48:23.648359430 AM",
="",1560,24.0,37 탎,2462 MHz,11,-77 dBm,Wi-Fi 3 (802.11g),True,105,="",="2/4/2026 6:48:23.742052810 AM",
="",1561,12.0,43 탎,2462 MHz,11,-76 dBm,Wi-Fi 3 (802.11g),False,105,="",="2/4/2026 6:48:23.742814075 AM",
="",1562,9.0,48 탎,2462 MHz,11,-77 dBm,Wi-Fi 3 (802.11g),False,105,="",="2/4/2026 6:48:23.743454555 AM",
="",1563,6.0,57 탎,2462 MHz,11,-75 dBm,Wi-Fi 3 (802.11g),False,105,="",="2/4/2026 6:48:23.746532145 AM",
="",1564,1.0,352 탎,2462 MHz,11,-68 dBm,Wi-Fi 1 (802.11b),True,105,="",="2/4/2026 6:48:23.749996355 AM",
="",1565,6.0,49 탎,2462 MHz,11,-69 dBm,Wi-Fi 3 (802.11g),False,99,="",="2/4/2026 6:48:23.758394070 AM",
="",1566,24.0,35 탎,2462 MHz,11,-72 dBm,Wi-Fi 3 (802.11g),False,99,="",="2/4/2026 6:48:23.758647975 AM",
="",1567,24.0,35 탎,2462 MHz,11,-72 dBm,Wi-Fi 3 (802.11g),False,99,="",="2/4/2026 6:48:23.758947350 AM",
="",1568,12.0,39 탎,2462 MHz,11,-69 dBm,Wi-Fi 3 (802.11g),False,99,="",="2/4/2026 6:48:23.759359665 AM",
="",1569,24.0,35 탎,2462 MHz,11,-72 dBm,Wi-Fi 3 (802.11g),False,99,="",="2/4/2026 6:48:23.759625755 AM",
="",1570,12.0,51 탎,2462 MHz,11,-69 dBm,Wi-Fi 3 (802.11g),False,117,="",="2/4/2026 6:48:23.760321285 AM",
="",1574,1.0,464 탎,2462 MHz,11,-74 dBm,Wi-Fi 1 (802.11b),True,119,="",="2/4/2026 6:48:23.850292290 AM",
="",1575,24.0,35 탎,2462 MHz,11,-70 dBm,Wi-Fi 3 (802.11g),False,99,="",="2/4/2026 6:48:23.870405480 AM",
="",1576,24.0,41 탎,2462 MHz,11,-70 dBm,Wi-Fi 3 (802.11g),True,117,="",="2/4/2026 6:48:23.870523485 AM",
="",1577,9.0,153 탎,2462 MHz,11,-69 dBm,Wi-Fi 3 (802.11g),False,223,="",="2/4/2026 6:48:23.871417160 AM",
="",1578,6.0,49 탎,2462 MHz,11,-79 dBm,Wi-Fi 3 (802.11g),False,99,="",="2/4/2026 6:48:23.871586270 AM",
="",1579,6.0,57 탎,2462 MHz,11,-68 dBm,Wi-Fi 3 (802.11g),False,105,="",="2/4/2026 6:48:23.871660540 AM",
="",1580,6.0,673 탎,2462 MHz,11,-81 dBm,Wi-Fi 3 (802.11g),False,567,="",="2/4/2026 6:48:23.902107915 AM",
="",1589,1.0,416 탎,2462 MHz,11,-74 dBm,Wi-Fi 1 (802.11b),True,113,="",="2/4/2026 6:48:23.952595570 AM",
="",1590,24.0,35 탎,2462 MHz,11,-83 dBm,Wi-Fi 3 (802.11g),False,99,="",="2/4/2026 6:48:24.002209115 AM",
="",1591,6.0,73 탎,2462 MHz,11,-80 dBm,Wi-Fi 3 (802.11g),False,117,="",="2/4/2026 6:48:24.016890030 AM",
="",1596,1.0,2096 탎,2462 MHz,11,-74 dBm,Wi-Fi 1 (802.11b),True,323,="",="2/4/2026 6:48:24.159703115 AM",
="",1597,24.0,35 탎,2462 MHz,11,-79 dBm,Wi-Fi 3 (802.11g),False,99,="",="2/4/2026 6:48:24.161954640 AM",
="",1598,24.0,41 탎,2462 MHz,11,-71 dBm,Wi-Fi 3 (802.11g),False,117,="",="2/4/2026 6:48:24.194937775 AM",
="",1605,6.0,529 탎,2462 MHz,11,-78 dBm,Wi-Fi 3 (802.11g),False,459,="",="2/4/2026 6:48:24.241571675 AM",
="",1606,6.0,434 탎,2462 MHz,11,-77 dBm,Wi-Fi 3 (802.11g),False,388,="",="2/4/2026 6:48:24.242131315 AM",
="",1607,1.0,2096 탎,2462 MHz,11,-76 dBm,Wi-Fi 1 (802.11b),False,323,="",="2/4/2026 6:48:24.262065625 AM",
="",1610,1.0,416 탎,2462 MHz,11,-69 dBm,Wi-Fi 1 (802.11b),True,113,="",="2/4/2026 6:48:24.353197065 AM",
="",1613,1.0,2096 탎,2462 MHz,11,-70 dBm,Wi-Fi 1 (802.11b),False,323,="",="2/4/2026 6:48:24.364539900 AM",
="",1614,6.0,529 탎,2462 MHz,11,-79 dBm,Wi-Fi 3 (802.11g),False,459,="",="2/4/2026 6:48:24.444586720 AM",
="",1615,6.0,434 탎,2462 MHz,11,-79 dBm,Wi-Fi 3 (802.11g),False,388,="",="2/4/2026 6:48:24.445156840 AM",
="",1622,1.0,2096 탎,2462 MHz,11,-68 dBm,Wi-Fi 1 (802.11b),False,323,="",="2/4/2026 6:48:24.569332535 AM",
="",1626,1.0,2008 탎,2462 MHz,11,-88 dBm,Wi-Fi 1 (802.11b),False,312,="",="2/4/2026 6:48:24.731315760 AM",
="",1635,1.0,2096 탎,2462 MHz,11,-71 dBm,Wi-Fi 1 (802.11b),True,323,="",="2/4/2026 6:48:24.876510575 AM",
="",1636,6.0,57 탎,2462 MHz,11,-81 dBm,Wi-Fi 3 (802.11g),False,105,="",="2/4/2026 6:48:24.879856340 AM",
="",1637,6.0,49 탎,2462 MHz,11,-68 dBm,Wi-Fi 3 (802.11g),False,99,="",="2/4/2026 6:48:24.881934225 AM",
="",1638,24.0,35 탎,2462 MHz,11,-69 dBm,Wi-Fi 3 (802.11g),False,99,="",="2/4/2026 6:48:24.882156955 AM",
="",1639,24.0,35 탎,2462 MHz,11,-69 dBm,Wi-Fi 3 (802.11g),True,99,="",="2/4/2026 6:48:24.882362125 AM",
="",1641,24.0,35 탎,2462 MHz,11,-69 dBm,Wi-Fi 3 (802.11g),False,99,="",="2/4/2026 6:48:24.882623845 AM",
="",1642,24.0,35 탎,2462 MHz,11,-69 dBm,Wi-Fi 3 (802.11g),False,99,="",="2/4/2026 6:48:24.882880710 AM",
="",1643,24.0,35 탎,2462 MHz,11,-70 dBm,Wi-Fi 3 (802.11g),False,99,="",="2/4/2026 6:48:24.883136055 AM",
="",1644,12.0,51 탎,2462 MHz,11,-69 dBm,Wi-Fi 3 (802.11g),False,117,="",="2/4/2026 6:48:24.883306960 AM",
="",1645,7.2,189 탎,2462 MHz,11,-67 dBm,Wi-Fi 4 (802.11n),False,227,="",="2/4/2026 6:48:24.884869040 AM",
="",1646,6.0,57 탎,2462 MHz,11,-66 dBm,Wi-Fi 3 (802.11g),False,105,="",="2/4/2026 6:48:24.885145205 AM",
="",1653,6.0,434 탎,2462 MHz,11,-82 dBm,Wi-Fi 3 (802.11g),False,388,="",="2/4/2026 6:48:24.957285735 AM",
="",1655,1.0,2096 탎,2462 MHz,11,-69 dBm,Wi-Fi 1 (802.11b),False,323,="",="2/4/2026 6:48:24.978942540 AM",
="",1669,6.0,529 탎,2462 MHz,11,-80 dBm,Wi-Fi 3 (802.11g),False,459,="",="2/4/2026 6:48:25.058995480 AM",
="",1670,6.0,434 탎,2462 MHz,11,-80 dBm,Wi-Fi 3 (802.11g),False,388,="",="2/4/2026 6:48:25.059549985 AM",
="",1671,1.0,2424 탎,2462 MHz,11,-73 dBm,Wi-Fi 1 (802.11b),False,364,="",="2/4/2026 6:48:25.070183000 AM",
="",1681,1.0,2096 탎,2462 MHz,11,-68 dBm,Wi-Fi 1 (802.11b),True,323,="",="2/4/2026 6:48:25.181598055 AM",
="",1682,1.0,2096 탎,2462 MHz,11,-68 dBm,Wi-Fi 1 (802.11b),True,323,="",="2/4/2026 6:48:25.183722210 AM",
="",1683,1.0,2424 탎,2462 MHz,11,-67 dBm,Wi-Fi 1 (802.11b),True,364,="",="2/4/2026 6:48:25.274958910 AM",
="",1684,1.0,2096 탎,2462 MHz,11,-68 dBm,Wi-Fi 1 (802.11b),True,323,="",="2/4/2026 6:48:25.284022700 AM",
="",1685,1.0,2096 탎,2462 MHz,11,-70 dBm,Wi-Fi 1 (802.11b),False,323,="",="2/4/2026 6:48:25.286174095 AM",
="",1692,1.0,2424 탎,2462 MHz,11,-73 dBm,Wi-Fi 1 (802.11b),True,364,="",="2/4/2026 6:48:25.384476455 AM",
="",1693,1.0,2096 탎,2462 MHz,11,-72 dBm,Wi-Fi 1 (802.11b),True,323,="",="2/4/2026 6:48:25.386958490 AM",
="",1694,1.0,416 탎,2462 MHz,11,-71 dBm,Wi-Fi 1 (802.11b),True,113,="",="2/4/2026 6:48:25.389054990 AM",
="",1695,1.0,3264 탎,2462 MHz,11,-73 dBm,Wi-Fi 1 (802.11b),True,469,="",="2/4/2026 6:48:25.392671485 AM",
="",1696,1.0,304 탎,2462 MHz,11,-84 dBm,Wi-Fi 1 (802.11b),False,99,="",="2/4/2026 6:48:25.419057510 AM",
="",1699,6.0,434 탎,2462 MHz,11,-81 dBm,Wi-Fi 3 (802.11g),False,388,="",="2/4/2026 6:48:25.469162760 AM",
="",1700,1.0,2424 탎,2462 MHz,11,-73 dBm,Wi-Fi 1 (802.11b),False,364,="",="2/4/2026 6:48:25.479793430 AM",
="",1701,1.0,2096 탎,2462 MHz,11,-73 dBm,Wi-Fi 1 (802.11b),False,323,="",="2/4/2026 6:48:25.488828685 AM",
="",1702,1.0,2096 탎,2462 MHz,11,-73 dBm,Wi-Fi 1 (802.11b),False,323,="",="2/4/2026 6:48:25.490952440 AM",
="",1709,1.0,2424 탎,2462 MHz,11,-70 dBm,Wi-Fi 1 (802.11b),True,364,="",="2/4/2026 6:48:25.684563090 AM",
="",1710,1.0,2096 탎,2462 MHz,11,-71 dBm,Wi-Fi 1 (802.11b),True,323,="",="2/4/2026 6:48:25.693641800 AM",
="",1711,1.0,2096 탎,2462 MHz,11,-71 dBm,Wi-Fi 1 (802.11b),True,323,="",="2/4/2026 6:48:25.695766155 AM",
="",1716,11.0,418 탎,2462 MHz,11,-89 dBm,Wi-Fi 1 (802.11b),True,396,="",="2/4/2026 6:48:25.760058075 AM",
="",1717,1.0,2424 탎,2462 MHz,11,-72 dBm,Wi-Fi 1 (802.11b),True,364,="",="2/4/2026 6:48:25.786967505 AM",
="",1718,1.0,2096 탎,2462 MHz,11,-72 dBm,Wi-Fi 1 (802.11b),True,323,="",="2/4/2026 6:48:25.790038810 AM",
="",1719,24.0,37 탎,2462 MHz,11,-82 dBm,Wi-Fi 3 (802.11g),False,105,="",="2/4/2026 6:48:25.846690290 AM",
="",1720,6.0,49 탎,2462 MHz,11,-82 dBm,Wi-Fi 3 (802.11g),False,99,="",="2/4/2026 6:48:25.846897115 AM",
="",1724,24.0,37 탎,2462 MHz,11,-80 dBm,Wi-Fi 3 (802.11g),True,105,="",="2/4/2026 6:48:25.873547545 AM",
="",1725,24.0,35 탎,2462 MHz,11,-70 dBm,Wi-Fi 3 (802.11g),False,99,="",="2/4/2026 6:48:25.873596160 AM",
="",1726,7.2,189 탎,2462 MHz,11,-70 dBm,Wi-Fi 4 (802.11n),True,227,="",="2/4/2026 6:48:25.874755425 AM",
="",1727,6.0,49 탎,2462 MHz,11,-81 dBm,Wi-Fi 3 (802.11g),False,99,="",="2/4/2026 6:48:25.874961120 AM",
="",1728,6.0,57 탎,2462 MHz,11,-69 dBm,Wi-Fi 3 (802.11g),False,105,="",="2/4/2026 6:48:25.875032550 AM",
="",1731,6.0,529 탎,2462 MHz,11,-81 dBm,Wi-Fi 3 (802.11g),False,459,="",="2/4/2026 6:48:25.980579845 AM",
="",1732,6.0,434 탎,2462 MHz,11,-82 dBm,Wi-Fi 3 (802.11g),False,388,="",="2/4/2026 6:48:25.981150670 AM",
="",1733,6.0,153 탎,2462 MHz,11,-82 dBm,Wi-Fi 3 (802.11g),False,177,="",="2/4/2026 6:48:25.985557010 AM",
="",1734,6.0,201 탎,2462 MHz,11,-82 dBm,Wi-Fi 3 (802.11g),False,213,="",="2/4/2026 6:48:25.985736915 AM",
="",1735,6.0,626 탎,2462 MHz,11,-81 dBm,Wi-Fi 3 (802.11g),False,229,="",="2/4/2026 6:48:25.985964630 AM",
="",1736,6.0,653 탎,2462 MHz,11,-83 dBm,Wi-Fi 3 (802.11g),False,229,="",="2/4/2026 6:48:25.986617525 AM",
="",1742,1.0,2424 탎,2462 MHz,11,-69 dBm,Wi-Fi 1 (802.11b),False,364,="",="2/4/2026 6:48:26.094194050 AM",
="",1743,6.0,73 탎,2462 MHz,11,-75 dBm,Wi-Fi 3 (802.11g),False,117,="",="2/4/2026 6:48:26.098289810 AM",
="",1744,1.0,2096 탎,2462 MHz,11,-68 dBm,Wi-Fi 1 (802.11b),False,323,="",="2/4/2026 6:48:26.103234945 AM",
="",1745,1.0,2096 탎,2462 MHz,11,-69 dBm,Wi-Fi 1 (802.11b),False,323,="",="2/4/2026 6:48:26.105359140 AM",
="",1750,1.0,2160 탎,2462 MHz,11,-74 dBm,Wi-Fi 1 (802.11b),True,331,="",="2/4/2026 6:48:26.147213605 AM",
="",1752,1.0,2424 탎,2462 MHz,11,-71 dBm,Wi-Fi 1 (802.11b),True,364,="",="2/4/2026 6:48:26.196566505 AM",
="",1753,1.0,2096 탎,2462 MHz,11,-70 dBm,Wi-Fi 1 (802.11b),True,323,="",="2/4/2026 6:48:26.205609360 AM",
="",1754,1.0,2016 탎,2462 MHz,11,-68 dBm,Wi-Fi 1 (802.11b),False,229,="",="2/4/2026 6:48:26.209948510 AM",
="",1758,1.0,2160 탎,2462 MHz,11,-78 dBm,Wi-Fi 1 (802.11b),False,331,="",="2/4/2026 6:48:26.249571180 AM",
="",1763,6.0,434 탎,2462 MHz,11,-84 dBm,Wi-Fi 3 (802.11g),False,388,="",="2/4/2026 6:48:26.288374390 AM",
="",1764,1.0,2096 탎,2462 MHz,11,-68 dBm,Wi-Fi 1 (802.11b),True,323,="",="2/4/2026 6:48:26.310203350 AM",
="",1766,24.0,35 탎,2462 MHz,11,-83 dBm,Wi-Fi 3 (802.11g),False,99,="",="2/4/2026 6:48:26.380890395 AM",
="",1767,1.0,2424 탎,2462 MHz,11,-67 dBm,Wi-Fi 1 (802.11b),True,364,="",="2/4/2026 6:48:26.401371115 AM",
="",1771,1.0,2096 탎,2462 MHz,11,-70 dBm,Wi-Fi 1 (802.11b),True,323,="",="2/4/2026 6:48:26.412535205 AM",
="",1775,6.0,529 탎,2462 MHz,11,-84 dBm,Wi-Fi 3 (802.11g),False,459,="",="2/4/2026 6:48:26.492243825 AM",
="",1776,6.0,434 탎,2462 MHz,11,-83 dBm,Wi-Fi 3 (802.11g),False,388,="",="2/4/2026 6:48:26.492808145 AM",
="",1777,6.0,661 탎,2462 MHz,11,-84 dBm,Wi-Fi 3 (802.11g),False,229,="",="2/4/2026 6:48:26.493242645 AM",
="",1778,6.0,687 탎,2462 MHz,11,-84 dBm,Wi-Fi 3 (802.11g),False,229,="",="2/4/2026 6:48:26.493942650 AM",
="",1779,1.0,2424 탎,2462 MHz,11,-67 dBm,Wi-Fi 1 (802.11b),True,364,="",="2/4/2026 6:48:26.503775470 AM",
="",1783,1.0,2096 탎,2462 MHz,11,-68 dBm,Wi-Fi 1 (802.11b),True,323,="",="2/4/2026 6:48:26.523749915 AM",
="",1791,1.0,2096 탎,2462 MHz,11,-72 dBm,Wi-Fi 1 (802.11b),True,323,="",="2/4/2026 6:48:26.616149510 AM",
="",1792,12.0,39 탎,2462 MHz,11,-62 dBm,Wi-Fi 3 (802.11g),False,99,="",="2/4/2026 6:48:26.637622995 AM",
="",1793,24.0,41 탎,2462 MHz,11,-64 dBm,Wi-Fi 3 (802.11g),False,117,="",="2/4/2026 6:48:26.637748400 AM",
="",1794,6.0,57 탎,2462 MHz,11,-64 dBm,Wi-Fi 3 (802.11g),True,105,="",="2/4/2026 6:48:26.651389225 AM",
="",1798,6.0,529 탎,2462 MHz,11,-83 dBm,Wi-Fi 3 (802.11g),False,459,="",="2/4/2026 6:48:26.697439150 AM",
="",1799,6.0,434 탎,2462 MHz,11,-83 dBm,Wi-Fi 3 (802.11g),False,388,="",="2/4/2026 6:48:26.697983335 AM",
="",1800,1.0,2096 탎,2462 MHz,11,-69 dBm,Wi-Fi 1 (802.11b),False,323,="",="2/4/2026 6:48:26.717651525 AM",
="",1801,1.0,2096 탎,2462 MHz,11,-69 dBm,Wi-Fi 1 (802.11b),True,323,="",="2/4/2026 6:48:26.719748025 AM",
="",1805,1.0,2424 탎,2462 MHz,11,-68 dBm,Wi-Fi 1 (802.11b),True,364,="",="2/4/2026 6:48:26.810976220 AM",
="",1809,1.0,2096 탎,2462 MHz,11,-68 dBm,Wi-Fi 1 (802.11b),True,323,="",="2/4/2026 6:48:26.822142550 AM",
="",1810,24.0,37 탎,2462 MHz,11,-82 dBm,Wi-Fi 3 (802.11g),False,105,="",="2/4/2026 6:48:26.875485645 AM",
="",1811,18.0,39 탎,2462 MHz,11,-81 dBm,Wi-Fi 3 (802.11g),False,105,="",="2/4/2026 6:48:26.875714010 AM",
="",1812,12.0,43 탎,2462 MHz,11,-80 dBm,Wi-Fi 3 (802.11g),False,105,="",="2/4/2026 6:48:26.875872880 AM",
="",1813,9.0,48 탎,2462 MHz,11,-78 dBm,Wi-Fi 3 (802.11g),False,105,="",="2/4/2026 6:48:26.876731475 AM",
="",1814,6.0,57 탎,2462 MHz,11,-81 dBm,Wi-Fi 3 (802.11g),False,105,="",="2/4/2026 6:48:26.878212110 AM",
="",1815,6.0,49 탎,2462 MHz,11,-63 dBm,Wi-Fi 3 (802.11g),False,99,="",="2/4/2026 6:48:26.878271605 AM",
="",1816,24.0,41 탎,2462 MHz,11,-65 dBm,Wi-Fi 3 (802.11g),False,117,="",="2/4/2026 6:48:26.878415625 AM",
="",1817,7.2,189 탎,2462 MHz,11,-64 dBm,Wi-Fi 4 (802.11n),False,227,="",="2/4/2026 6:48:26.880019150 AM",
="",1818,6.0,49 탎,2462 MHz,11,-81 dBm,Wi-Fi 3 (802.11g),False,99,="",="2/4/2026 6:48:26.880225525 AM",
="",1819,6.0,57 탎,2462 MHz,11,-64 dBm,Wi-Fi 3 (802.11g),False,105,="",="2/4/2026 6:48:26.880295155 AM",
="",1820,6.0,627 탎,2462 MHz,11,-85 dBm,Wi-Fi 3 (802.11g),False,229,="",="2/4/2026 6:48:26.902599755 AM",
="",1821,6.0,654 탎,2462 MHz,11,-84 dBm,Wi-Fi 3 (802.11g),True,229,="",="2/4/2026 6:48:26.903253935 AM",
="",1822,1.0,2096 탎,2462 MHz,11,-70 dBm,Wi-Fi 1 (802.11b),True,323,="",="2/4/2026 6:48:26.922419545 AM",
="",1823,1.0,2096 탎,2462 MHz,11,-69 dBm,Wi-Fi 1 (802.11b),True,323,="",="2/4/2026 6:48:26.924543765 AM",
="",1828,6.0,687 탎,2462 MHz,11,-82 dBm,Wi-Fi 3 (802.11g),False,229,="",="2/4/2026 6:48:27.006301635 AM",
="",1829,6.0,626 탎,2462 MHz,11,-82 dBm,Wi-Fi 3 (802.11g),False,229,="",="2/4/2026 6:48:27.007015680 AM",
="",1848,1.0,416 탎,2462 MHz,11,-70 dBm,Wi-Fi 1 (802.11b),True,113,="",="2/4/2026 6:48:27.118010935 AM",
="",1857,1.0,416 탎,2462 MHz,11,-65 dBm,Wi-Fi 1 (802.11b),True,113,="",="2/4/2026 6:48:27.231565655 AM",
="",1861,6.0,529 탎,2462 MHz,11,-84 dBm,Wi-Fi 3 (802.11g),False,459,="",="2/4/2026 6:48:27.311843765 AM",
="",1863,1.0,2096 탎,2462 MHz,11,-64 dBm,Wi-Fi 1 (802.11b),False,323,="",="2/4/2026 6:48:27.332080035 AM",
="",1869,1.0,2008 탎,2462 MHz,11,-84 dBm,Wi-Fi 1 (802.11b),False,312,="",="2/4/2026 6:48:27.393709675 AM",
="",1870,6.0,529 탎,2462 MHz,11,-87 dBm,Wi-Fi 3 (802.11g),False,459,="",="2/4/2026 6:48:27.414225660 AM",
="",1871,6.0,434 탎,2462 MHz,11,-87 dBm,Wi-Fi 3 (802.11g),False,388,="",="2/4/2026 6:48:27.414769390 AM",
="",1872,1.0,2096 탎,2462 MHz,11,-62 dBm,Wi-Fi 1 (802.11b),False,323,="",="2/4/2026 6:48:27.434463195 AM",
="",1876,1.0,2424 탎,2462 MHz,11,-66 dBm,Wi-Fi 1 (802.11b),False,364,="",="2/4/2026 6:48:27.527822665 AM",
="",1880,6.0,425 탎,2462 MHz,11,-74 dBm,Wi-Fi 3 (802.11g),False,381,="",="2/4/2026 6:48:27.591511785 AM",
="",1881,11.0,401 탎,2462 MHz,11,-90 dBm,Wi-Fi 1 (802.11b),True,373,="",="2/4/2026 6:48:27.602910435 AM",
="",1882,1.0,2424 탎,2462 MHz,11,-66 dBm,Wi-Fi 1 (802.11b),True,364,="",="2/4/2026 6:48:27.630192475 AM",
="",1886,1.0,2208 탎,2462 MHz,11,-80 dBm,Wi-Fi 1 (802.11b),False,337,="",="2/4/2026 6:48:27.649715955 AM",
="",1893,1.0,2096 탎,2462 MHz,11,-62 dBm,Wi-Fi 1 (802.11b),True,323,="",="2/4/2026 6:48:27.743760570 AM",
="",1900,1.0,2424 탎,2462 MHz,11,-62 dBm,Wi-Fi 1 (802.11b),True,364,="",="2/4/2026 6:48:27.834997380 AM",
="",1901,24.0,37 탎,2462 MHz,11,-70 dBm,Wi-Fi 3 (802.11g),False,105,="",="2/4/2026 6:48:27.876762990 AM",
="",1902,24.0,35 탎,2462 MHz,11,-61 dBm,Wi-Fi 3 (802.11g),False,99,="",="2/4/2026 6:48:27.876800155 AM",
="",1903,72.2,39 탎,2462 MHz,11,-71 dBm,Wi-Fi 4 (802.11n),True,117,="",="2/4/2026 6:48:27.876840305 AM",
="",1904,24.0,41 탎,2462 MHz,11,-62 dBm,Wi-Fi 3 (802.11g),False,117,="",="2/4/2026 6:48:27.876905170 AM",
="",1905,9.0,153 탎,2462 MHz,11,-61 dBm,Wi-Fi 3 (802.11g),False,223,="",="2/4/2026 6:48:27.878110020 AM",
="",1906,6.0,49 탎,2462 MHz,11,-72 dBm,Wi-Fi 3 (802.11g),False,99,="",="2/4/2026 6:48:27.878278995 AM",
="",1907,6.0,57 탎,2462 MHz,11,-60 dBm,Wi-Fi 3 (802.11g),False,105,="",="2/4/2026 6:48:27.878352920 AM",
="",1908,6.0,425 탎,2462 MHz,11,-79 dBm,Wi-Fi 3 (802.11g),True,381,="",="2/4/2026 6:48:27.896929570 AM",
="",1918,1.0,2424 탎,2462 MHz,11,-59 dBm,Wi-Fi 1 (802.11b),False,364,="",="2/4/2026 6:48:27.937431295 AM",
="",1919,1.0,2096 탎,2462 MHz,11,-61 dBm,Wi-Fi 1 (802.11b),False,323,="",="2/4/2026 6:48:27.948596505 AM",
="",1925,6.0,425 탎,2462 MHz,11,-79 dBm,Wi-Fi 3 (802.11g),False,381,="",="2/4/2026 6:48:27.999978885 AM",
="",1929,1.0,2424 탎,2462 MHz,11,-65 dBm,Wi-Fi 1 (802.11b),True,364,="",="2/4/2026 6:48:28.039796990 AM",
="",1937,1.0,2008 탎,2462 MHz,11,-76 dBm,Wi-Fi 1 (802.11b),True,312,="",="2/4/2026 6:48:28.111121505 AM",
="",1938,1.0,2424 탎,2462 MHz,11,-65 dBm,Wi-Fi 1 (802.11b),False,364,="",="2/4/2026 6:48:28.142228715 AM",
="",1939,1.0,2096 탎,2462 MHz,11,-68 dBm,Wi-Fi 1 (802.11b),True,323,="",="2/4/2026 6:48:28.153366230 AM",
="",1943,1.0,432 탎,2462 MHz,11,-70 dBm,Wi-Fi 1 (802.11b),False,115,="",="2/4/2026 6:48:28.214494720 AM",
="",1944,1.0,304 탎,2462 MHz,11,-64 dBm,Wi-Fi 1 (802.11b),False,99,="",="2/4/2026 6:48:28.214927220 AM",
="",1949,1.0,2424 탎,2462 MHz,11,-65 dBm,Wi-Fi 1 (802.11b),False,364,="",="2/4/2026 6:48:28.244629200 AM",
="",1950,1.0,2096 탎,2462 MHz,11,-65 dBm,Wi-Fi 1 (802.11b),True,323,="",="2/4/2026 6:48:28.247679035 AM",
="",1951,1.0,2096 탎,2462 MHz,11,-66 dBm,Wi-Fi 1 (802.11b),False,323,="",="2/4/2026 6:48:28.250771530 AM",
="",1956,1.0,2096 탎,2462 MHz,11,-70 dBm,Wi-Fi 1 (802.11b),False,323,="",="2/4/2026 6:48:28.358238110 AM",
="",1958,1.0,2424 탎,2462 MHz,11,-60 dBm,Wi-Fi 1 (802.11b),True,364,="",="2/4/2026 6:48:28.449410650 AM",
="",1959,1.0,2096 탎,2462 MHz,11,-60 dBm,Wi-Fi 1 (802.11b),True,323,="",="2/4/2026 6:48:28.458452825 AM",
="",1960,1.0,2096 탎,2462 MHz,11,-60 dBm,Wi-Fi 1 (802.11b),False,323,="",="2/4/2026 6:48:28.460642370 AM",
="",1964,6.0,454 탎,2462 MHz,11,-86 dBm,Wi-Fi 3 (802.11g),False,403,="",="2/4/2026 6:48:28.477355715 AM",
="",1969,1.0,2424 탎,2462 MHz,11,-63 dBm,Wi-Fi 1 (802.11b),True,364,="",="2/4/2026 6:48:28.551810325 AM",
="",1975,1.0,2008 탎,2462 MHz,11,-82 dBm,Wi-Fi 1 (802.11b),False,312,="",="2/4/2026 6:48:28.622511785 AM",
="",1976,1.0,2424 탎,2462 MHz,11,-59 dBm,Wi-Fi 1 (802.11b),False,364,="",="2/4/2026 6:48:28.654242440 AM",
="",1978,1.0,2096 탎,2462 MHz,11,-61 dBm,Wi-Fi 1 (802.11b),True,323,="",="2/4/2026 6:48:28.663257215 AM",
="",1979,1.0,2208 탎,2462 MHz,11,-78 dBm,Wi-Fi 1 (802.11b),False,337,="",="2/4/2026 6:48:28.673715105 AM",
="",1987,1.0,2424 탎,2462 MHz,11,-64 dBm,Wi-Fi 1 (802.11b),False,364,="",="2/4/2026 6:48:28.756642180 AM",
="",1988,1.0,2096 탎,2462 MHz,11,-65 dBm,Wi-Fi 1 (802.11b),True,323,="",="2/4/2026 6:48:28.765654475 AM",
="",1992,6.0,425 탎,2462 MHz,11,-76 dBm,Wi-Fi 3 (802.11g),False,381,="",="2/4/2026 6:48:28.818771060 AM",
="",1996,6.0,345 탎,2462 MHz,11,-85 dBm,Wi-Fi 3 (802.11g),False,229,="",="2/4/2026 6:48:28.848828545 AM",
="",1997,1.0,2424 탎,2462 MHz,11,-65 dBm,Wi-Fi 1 (802.11b),True,364,="",="2/4/2026 6:48:28.859010520 AM",
="",1998,1.0,2096 탎,2462 MHz,11,-68 dBm,Wi-Fi 1 (802.11b),True,323,="",="2/4/2026 6:48:28.870177930 AM",
="",1999,12.0,39 탎,2462 MHz,11,-63 dBm,Wi-Fi 3 (802.11g),False,99,="",="2/4/2026 6:48:28.878068060 AM",
="",2000,24.0,35 탎,2462 MHz,11,-63 dBm,Wi-Fi 3 (802.11g),False,99,="",="2/4/2026 6:48:28.878270455 AM",
="",2001,24.0,35 탎,2462 MHz,11,-63 dBm,Wi-Fi 3 (802.11g),False,99,="",="2/4/2026 6:48:28.878569015 AM",
="",2002,24.0,35 탎,2462 MHz,11,-64 dBm,Wi-Fi 3 (802.11g),False,99,="",="2/4/2026 6:48:28.878836055 AM",
="",2004,24.0,35 탎,2462 MHz,11,-64 dBm,Wi-Fi 3 (802.11g),False,99,="",="2/4/2026 6:48:28.879113895 AM",
="",2005,24.0,35 탎,2462 MHz,11,-64 dBm,Wi-Fi 3 (802.11g),False,99,="",="2/4/2026 6:48:28.879402175 AM",
="",2006,24.0,35 탎,2462 MHz,11,-63 dBm,Wi-Fi 3 (802.11g),False,99,="",="2/4/2026 6:48:28.879725845 AM",
="",2008,12.0,51 탎,2462 MHz,11,-63 dBm,Wi-Fi 3 (802.11g),False,117,="",="2/4/2026 6:48:28.879926310 AM",
="",2010,7.2,189 탎,2462 MHz,11,-62 dBm,Wi-Fi 4 (802.11n),False,227,="",="2/4/2026 6:48:28.881553420 AM",
="",2011,6.0,49 탎,2462 MHz,11,-75 dBm,Wi-Fi 3 (802.11g),False,99,="",="2/4/2026 6:48:28.881755595 AM",
="",2012,6.0,57 탎,2462 MHz,11,-63 dBm,Wi-Fi 3 (802.11g),False,105,="",="2/4/2026 6:48:28.881827145 AM",
="",2013,11.0,415 탎,2462 MHz,11,-89 dBm,Wi-Fi 1 (802.11b),True,392,="",="2/4/2026 6:48:28.913041620 AM",
="",2020,1.0,2424 탎,2462 MHz,11,-68 dBm,Wi-Fi 1 (802.11b),True,364,="",="2/4/2026 6:48:29.063820040 AM",
="",2021,1.0,2096 탎,2462 MHz,11,-70 dBm,Wi-Fi 1 (802.11b),True,323,="",="2/4/2026 6:48:29.074987210 AM",
="",2025,1.0,416 탎,2462 MHz,11,-88 dBm,Wi-Fi 1 (802.11b),True,113,="",="2/4/2026 6:48:29.108408325 AM",
="",2032,1.0,2424 탎,2462 MHz,11,-66 dBm,Wi-Fi 1 (802.11b),True,364,="",="2/4/2026 6:48:29.166235805 AM",
="",2033,1.0,2096 탎,2462 MHz,11,-68 dBm,Wi-Fi 1 (802.11b),False,323,="",="2/4/2026 6:48:29.176616325 AM",
="",2034,1.0,2096 탎,2462 MHz,11,-67 dBm,Wi-Fi 1 (802.11b),True,323,="",="2/4/2026 6:48:29.178713305 AM",
="",2035,1.0,2016 탎,2462 MHz,11,-66 dBm,Wi-Fi 1 (802.11b),False,229,="",="2/4/2026 6:48:29.180931660 AM",
="",2037,1.0,2424 탎,2462 MHz,11,-60 dBm,Wi-Fi 1 (802.11b),False,364,="",="2/4/2026 6:48:29.268653265 AM",
="",2038,1.0,2096 탎,2462 MHz,11,-61 dBm,Wi-Fi 1 (802.11b),False,323,="",="2/4/2026 6:48:29.277693080 AM",
="",2039,1.0,2096 탎,2462 MHz,11,-61 dBm,Wi-Fi 1 (802.11b),True,323,="",="2/4/2026 6:48:29.279818915 AM",
="",2043,6.0,425 탎,2462 MHz,11,-79 dBm,Wi-Fi 3 (802.11g),False,381,="",="2/4/2026 6:48:29.332966660 AM",
="",2045,6.0,529 탎,2462 MHz,11,-84 dBm,Wi-Fi 3 (802.11g),False,459,="",="2/4/2026 6:48:29.359872975 AM",
="",2046,6.0,434 탎,2462 MHz,11,-86 dBm,Wi-Fi 3 (802.11g),False,388,="",="2/4/2026 6:48:29.360416160 AM",
="",2047,6.0,201 탎,2462 MHz,11,-85 dBm,Wi-Fi 3 (802.11g),False,213,="",="2/4/2026 6:48:29.360850660 AM",
="",2048,1.0,2424 탎,2462 MHz,11,-61 dBm,Wi-Fi 1 (802.11b),True,364,="",="2/4/2026 6:48:29.371025815 AM",
="",2049,1.0,2096 탎,2462 MHz,11,-62 dBm,Wi-Fi 1 (802.11b),True,323,="",="2/4/2026 6:48:29.380066030 AM",
="",2050,1.0,2096 탎,2462 MHz,11,-61 dBm,Wi-Fi 1 (802.11b),False,323,="",="2/4/2026 6:48:29.382218560 AM",
="",2057,6.0,661 탎,2462 MHz,11,-85 dBm,Wi-Fi 3 (802.11g),True,229,="",="2/4/2026 6:48:29.463277740 AM",
="",2059,1.0,2424 탎,2462 MHz,11,-63 dBm,Wi-Fi 1 (802.11b),True,364,="",="2/4/2026 6:48:29.473424885 AM",
="",2061,1.0,2208 탎,2462 MHz,11,-75 dBm,Wi-Fi 1 (802.11b),False,337,="",="2/4/2026 6:48:29.492913845 AM",
="",2062,1.0,2008 탎,2462 MHz,11,-80 dBm,Wi-Fi 1 (802.11b),False,312,="",="2/4/2026 6:48:29.544113025 AM",
="",2063,1.0,1184 탎,2462 MHz,11,-85 dBm,Wi-Fi 1 (802.11b),False,209,="",="2/4/2026 6:48:29.546153630 AM",
="",2065,1.0,2208 탎,2462 MHz,11,-86 dBm,Wi-Fi 1 (802.11b),True,337,="",="2/4/2026 6:48:29.561882975 AM",
="",2072,24.0,37 탎,2462 MHz,11,-84 dBm,Wi-Fi 3 (802.11g),True,105,="",="2/4/2026 6:48:29.574507030 AM",
="",2073,24.0,40 탎,2462 MHz,11,-84 dBm,Wi-Fi 3 (802.11g),False,115,="",="2/4/2026 6:48:29.574976990 AM",
="",2074,24.0,37 탎,2462 MHz,11,-84 dBm,Wi-Fi 3 (802.11g),True,105,="",="2/4/2026 6:48:29.575088005 AM",
="",2075,24.0,37 탎,2462 MHz,11,-85 dBm,Wi-Fi 3 (802.11g),False,105,="",="2/4/2026 6:48:29.575377685 AM",
="",2076,24.0,35 탎,2462 MHz,11,-86 dBm,Wi-Fi 3 (802.11g),False,99,="",="2/4/2026 6:48:29.575415460 AM",
="",2077,1.0,2424 탎,2462 MHz,11,-68 dBm,Wi-Fi 1 (802.11b),False,364,="",="2/4/2026 6:48:29.575852265 AM",
="",2078,1.0,2008 탎,2462 MHz,11,-79 dBm,Wi-Fi 1 (802.11b),True,312,="",="2/4/2026 6:48:29.583975660 AM",
="",2079,1.0,2096 탎,2462 MHz,11,-71 dBm,Wi-Fi 1 (802.11b),False,323,="",="2/4/2026 6:48:29.587016930 AM",
="",2080,1.0,2208 탎,2462 MHz,11,-74 dBm,Wi-Fi 1 (802.11b),False,337,="",="2/4/2026 6:48:29.595350225 AM",
="",2081,24.0,37 탎,2462 MHz,11,-83 dBm,Wi-Fi 3 (802.11g),True,105,="",="2/4/2026 6:48:29.607625025 AM",
="",2082,1.0,2008 탎,2462 MHz,11,-85 dBm,Wi-Fi 1 (802.11b),False,312,="",="2/4/2026 6:48:29.613110890 AM",
="",2083,6.0,425 탎,2462 MHz,11,-80 dBm,Wi-Fi 3 (802.11g),False,381,="",="2/4/2026 6:48:29.639422080 AM",
="",2087,1.0,2096 탎,2462 MHz,11,-64 dBm,Wi-Fi 1 (802.11b),False,323,="",="2/4/2026 6:48:29.689451790 AM",
="",2090,1.0,2288 탎,2462 MHz,11,-85 dBm,Wi-Fi 1 (802.11b),False,347,="",="2/4/2026 6:48:29.723047135 AM",
="",2091,24.0,40 탎,2462 MHz,11,-81 dBm,Wi-Fi 3 (802.11g),True,115,="",="2/4/2026 6:48:29.813672990 AM",
="",2092,24.0,35 탎,2462 MHz,11,-83 dBm,Wi-Fi 3 (802.11g),True,99,="",="2/4/2026 6:48:29.813717615 AM",
="",2093,1.0,2008 탎,2462 MHz,11,-86 dBm,Wi-Fi 1 (802.11b),False,312,="",="2/4/2026 6:48:29.817910900 AM",
="",2097,24.0,37 탎,2462 MHz,11,-75 dBm,Wi-Fi 3 (802.11g),False,105,="",="2/4/2026 6:48:29.879248675 AM",
="",2098,24.0,35 탎,2462 MHz,11,-64 dBm,Wi-Fi 3 (802.11g),False,99,="",="2/4/2026 6:48:29.879289170 AM",
="",2099,24.0,41 탎,2462 MHz,11,-64 dBm,Wi-Fi 3 (802.11g),False,117,="",="2/4/2026 6:48:29.879413630 AM",
="",2100,7.2,189 탎,2462 MHz,11,-61 dBm,Wi-Fi 4 (802.11n),False,227,="",="2/4/2026 6:48:29.880440475 AM",
="",2101,6.0,49 탎,2462 MHz,11,-74 dBm,Wi-Fi 3 (802.11g),False,99,="",="2/4/2026 6:48:29.880648250 AM",
="",2102,6.0,57 탎,2462 MHz,11,-63 dBm,Wi-Fi 3 (802.11g),False,105,="",="2/4/2026 6:48:29.880717400 AM",
="",2103,1.0,2424 탎,2462 MHz,11,-64 dBm,Wi-Fi 1 (802.11b),False,364,="",="2/4/2026 6:48:29.883061095 AM",
="",2106,1.0,2096 탎,2462 MHz,11,-63 dBm,Wi-Fi 1 (802.11b),False,323,="",="2/4/2026 6:48:29.892100430 AM",
="",2107,1.0,2096 탎,2462 MHz,11,-64 dBm,Wi-Fi 1 (802.11b),True,323,="",="2/4/2026 6:48:29.894196930 AM",
="",2108,1.0,2288 탎,2462 MHz,11,-83 dBm,Wi-Fi 1 (802.11b),False,347,="",="2/4/2026 6:48:29.927849505 AM",
="",2109,11.0,415 탎,2462 MHz,11,-87 dBm,Wi-Fi 1 (802.11b),True,392,="",="2/4/2026 6:48:29.937050740 AM",
="",2110,11.0,431 탎,2462 MHz,11,-87 dBm,Wi-Fi 1 (802.11b),True,414,="",="2/4/2026 6:48:29.937481760 AM",
="",2111,6.0,425 탎,2462 MHz,11,-81 dBm,Wi-Fi 3 (802.11g),False,381,="",="2/4/2026 6:48:29.944992990 AM",
="",2112,1.0,2008 탎,2462 MHz,11,-84 dBm,Wi-Fi 1 (802.11b),False,312,="",="2/4/2026 6:48:29.953713725 AM",
="",2116,11.0,415 탎,2462 MHz,11,-88 dBm,Wi-Fi 1 (802.11b),True,392,="",="2/4/2026 6:48:29.963996785 AM",
="",2117,1.0,2208 탎,2462 MHz,11,-86 dBm,Wi-Fi 1 (802.11b),False,337,="",="2/4/2026 6:48:29.971511330 AM",
="",2124,1.0,2008 탎,2462 MHz,11,-85 dBm,Wi-Fi 1 (802.11b),False,312,="",="2/4/2026 6:48:30.022711430 AM",
="",2125,11.0,415 탎,2462 MHz,11,-89 dBm,Wi-Fi 1 (802.11b),True,392,="",="2/4/2026 6:48:30.039451130 AM",
="",2126,11.0,431 탎,2462 MHz,11,-87 dBm,Wi-Fi 1 (802.11b),True,414,="",="2/4/2026 6:48:30.039879605 AM",
="",2127,6.0,425 탎,2462 MHz,11,-81 dBm,Wi-Fi 3 (802.11g),False,381,="",="2/4/2026 6:48:30.047295470 AM",
="",2128,1.0,2424 탎,2462 MHz,11,-72 dBm,Wi-Fi 1 (802.11b),False,364,="",="2/4/2026 6:48:30.087865290 AM",
="",2129,1.0,2096 탎,2462 MHz,11,-73 dBm,Wi-Fi 1 (802.11b),False,323,="",="2/4/2026 6:48:30.099064315 AM",
="",2144,11.0,443 탎,2462 MHz,11,-88 dBm,Wi-Fi 1 (802.11b),True,430,="",="2/4/2026 6:48:30.271611970 AM",
="",2145,1.0,2096 탎,2462 MHz,11,-72 dBm,Wi-Fi 1 (802.11b),True,323,="",="2/4/2026 6:48:30.304822610 AM",
="",2156,1.0,1960 탎,2462 MHz,11,-84 dBm,Wi-Fi 1 (802.11b),False,306,="",="2/4/2026 6:48:30.423652020 AM",
="",2157,1.0,2288 탎,2462 MHz,11,-78 dBm,Wi-Fi 1 (802.11b),False,347,="",="2/4/2026 6:48:30.439860035 AM",
="",2158,6.0,425 탎,2462 MHz,11,-78 dBm,Wi-Fi 3 (802.11g),False,381,="",="2/4/2026 6:48:30.457052550 AM",
="",2159,11.0,415 탎,2462 MHz,11,-88 dBm,Wi-Fi 1 (802.11b),True,392,="",="2/4/2026 6:48:30.475987395 AM",
="",2160,6.0,529 탎,2462 MHz,11,-86 dBm,Wi-Fi 3 (802.11g),False,459,="",="2/4/2026 6:48:30.486271430 AM",
="",2164,1.0,2096 탎,2462 MHz,11,-66 dBm,Wi-Fi 1 (802.11b),False,323,="",="2/4/2026 6:48:30.515841545 AM",
="",2165,1.0,2096 탎,2462 MHz,11,-66 dBm,Wi-Fi 1 (802.11b),False,323,="",="2/4/2026 6:48:30.518022050 AM",
="",2174,1.0,2288 탎,2462 MHz,11,-79 dBm,Wi-Fi 1 (802.11b),False,347,="",="2/4/2026 6:48:30.542264255 AM",
="",2175,1.0,1184 탎,2462 MHz,11,-84 dBm,Wi-Fi 1 (802.11b),False,209,="",="2/4/2026 6:48:30.545579360 AM",
="",2176,11.0,415 탎,2462 MHz,11,-87 dBm,Wi-Fi 1 (802.11b),True,392,="",="2/4/2026 6:48:30.551456090 AM",
="",2177,1.0,2208 탎,2462 MHz,11,-79 dBm,Wi-Fi 1 (802.11b),False,337,="",="2/4/2026 6:48:30.556804625 AM",
="",2178,6.0,425 탎,2462 MHz,11,-79 dBm,Wi-Fi 3 (802.11g),False,381,="",="2/4/2026 6:48:30.560546915 AM",
="",2179,1.0,2008 탎,2462 MHz,11,-80 dBm,Wi-Fi 1 (802.11b),False,312,="",="2/4/2026 6:48:30.568117915 AM",
="",2180,11.0,358 탎,2462 MHz,11,-86 dBm,Wi-Fi 1 (802.11b),False,313,="",="2/4/2026 6:48:30.578533180 AM",
="",2181,11.0,415 탎,2462 MHz,11,-86 dBm,Wi-Fi 1 (802.11b),False,392,="",="2/4/2026 6:48:30.578907305 AM",
="",2182,11.0,443 탎,2462 MHz,11,-85 dBm,Wi-Fi 1 (802.11b),True,430,="",="2/4/2026 6:48:30.579306585 AM",
="",2183,6.0,529 탎,2462 MHz,11,-85 dBm,Wi-Fi 3 (802.11g),False,459,="",="2/4/2026 6:48:30.588680715 AM",
="",2184,1.0,2424 탎,2462 MHz,11,-66 dBm,Wi-Fi 1 (802.11b),False,364,="",="2/4/2026 6:48:30.599868250 AM",
="",2185,1.0,2096 탎,2462 MHz,11,-65 dBm,Wi-Fi 1 (802.11b),False,323,="",="2/4/2026 6:48:30.608910345 AM",
="",2186,1.0,2096 탎,2462 MHz,11,-66 dBm,Wi-Fi 1 (802.11b),False,323,="",="2/4/2026 6:48:30.611101610 AM",
="",2188,1.0,416 탎,2462 MHz,11,-76 dBm,Wi-Fi 1 (802.11b),True,113,="",="2/4/2026 6:48:30.617016345 AM",
="",2191,1.0,2208 탎,2462 MHz,11,-79 dBm,Wi-Fi 1 (802.11b),False,337,="",="2/4/2026 6:48:30.619315660 AM",
="",2193,24.0,40 탎,2462 MHz,11,-81 dBm,Wi-Fi 3 (802.11g),False,115,="",="2/4/2026 6:48:30.639493040 AM",
="",2194,24.0,35 탎,2462 MHz,11,-80 dBm,Wi-Fi 3 (802.11g),False,99,="",="2/4/2026 6:48:30.639535985 AM",
="",2195,24.0,37 탎,2462 MHz,11,-79 dBm,Wi-Fi 3 (802.11g),False,105,="",="2/4/2026 6:48:30.639614935 AM",
="",2196,1.0,384 탎,2462 MHz,11,-77 dBm,Wi-Fi 1 (802.11b),False,109,="",="2/4/2026 6:48:30.639780990 AM",
="",2197,1.0,448 탎,2462 MHz,11,-78 dBm,Wi-Fi 1 (802.11b),False,117,="",="2/4/2026 6:48:30.640189745 AM",
="",2198,24.0,37 탎,2462 MHz,11,-80 dBm,Wi-Fi 3 (802.11g),False,105,="",="2/4/2026 6:48:30.640698160 AM",
="",2199,24.0,35 탎,2462 MHz,11,-80 dBm,Wi-Fi 3 (802.11g),False,99,="",="2/4/2026 6:48:30.640738735 AM",
="",2200,24.0,41 탎,2462 MHz,11,-79 dBm,Wi-Fi 3 (802.11g),False,117,="",="2/4/2026 6:48:30.640860235 AM",
="",2201,24.0,37 탎,2462 MHz,11,-80 dBm,Wi-Fi 3 (802.11g),False,105,="",="2/4/2026 6:48:30.641149555 AM",
="",2202,24.0,37 탎,2462 MHz,11,-80 dBm,Wi-Fi 3 (802.11g),False,105,="",="2/4/2026 6:48:30.641391700 AM",
="",2203,24.0,37 탎,2462 MHz,11,-80 dBm,Wi-Fi 3 (802.11g),False,105,="",="2/4/2026 6:48:30.641503025 AM",
="",2204,24.0,35 탎,2462 MHz,11,-81 dBm,Wi-Fi 3 (802.11g),False,99,="",="2/4/2026 6:48:30.641540760 AM",
="",2205,24.0,37 탎,2462 MHz,11,-80 dBm,Wi-Fi 3 (802.11g),False,105,="",="2/4/2026 6:48:30.641609470 AM",
="",2206,24.0,35 탎,2462 MHz,11,-80 dBm,Wi-Fi 3 (802.11g),False,99,="",="2/4/2026 6:48:30.641650085 AM",
="",2207,24.0,37 탎,2462 MHz,11,-80 dBm,Wi-Fi 3 (802.11g),False,105,="",="2/4/2026 6:48:30.641761010 AM",
="",2208,24.0,37 탎,2462 MHz,11,-79 dBm,Wi-Fi 3 (802.11g),False,105,="",="2/4/2026 6:48:30.642041210 AM",
="",2209,24.0,35 탎,2462 MHz,11,-80 dBm,Wi-Fi 3 (802.11g),False,99,="",="2/4/2026 6:48:30.642078375 AM",
="",2210,24.0,37 탎,2462 MHz,11,-79 dBm,Wi-Fi 3 (802.11g),False,105,="",="2/4/2026 6:48:30.642608265 AM",
="",2211,24.0,35 탎,2462 MHz,11,-80 dBm,Wi-Fi 3 (802.11g),False,99,="",="2/4/2026 6:48:30.642646080 AM",
="",2212,24.0,37 탎,2462 MHz,11,-80 dBm,Wi-Fi 3 (802.11g),False,105,="",="2/4/2026 6:48:30.643016710 AM",
="",2213,24.0,35 탎,2462 MHz,11,-80 dBm,Wi-Fi 3 (802.11g),False,99,="",="2/4/2026 6:48:30.643093380 AM",
="",2214,24.0,37 탎,2462 MHz,11,-79 dBm,Wi-Fi 3 (802.11g),False,105,="",="2/4/2026 6:48:30.643534415 AM",
="",2215,24.0,35 탎,2462 MHz,11,-80 dBm,Wi-Fi 3 (802.11g),False,99,="",="2/4/2026 6:48:30.643572150 AM",
="",2216,24.0,37 탎,2462 MHz,11,-80 dBm,Wi-Fi 3 (802.11g),False,105,="",="2/4/2026 6:48:30.644199500 AM",
="",2217,24.0,37 탎,2462 MHz,11,-80 dBm,Wi-Fi 3 (802.11g),False,105,="",="2/4/2026 6:48:30.644382895 AM",
="",2218,24.0,35 탎,2462 MHz,11,-80 dBm,Wi-Fi 3 (802.11g),False,99,="",="2/4/2026 6:48:30.644423085 AM",
="",2219,57.8,40 탎,2462 MHz,11,-79 dBm,Wi-Fi 4 (802.11n),True,117,="",="2/4/2026 6:48:30.644486710 AM",
="",2220,24.0,37 탎,2462 MHz,11,-80 dBm,Wi-Fi 3 (802.11g),False,105,="",="2/4/2026 6:48:30.644587585 AM",
="",2221,24.0,35 탎,2462 MHz,11,-79 dBm,Wi-Fi 3 (802.11g),False,99,="",="2/4/2026 6:48:30.644625280 AM",
="",2222,43.3,64 탎,2462 MHz,11,-80 dBm,Wi-Fi 4 (802.11n),True,229,="",="2/4/2026 6:48:30.644677740 AM",
="",2223,1.0,2288 탎,2462 MHz,11,-78 dBm,Wi-Fi 1 (802.11b),False,347,="",="2/4/2026 6:48:30.644827775 AM",
="",2224,24.0,37 탎,2462 MHz,11,-80 dBm,Wi-Fi 3 (802.11g),False,105,="",="2/4/2026 6:48:30.647251780 AM",
="",2225,24.0,35 탎,2462 MHz,11,-80 dBm,Wi-Fi 3 (802.11g),False,99,="",="2/4/2026 6:48:30.647292315 AM",
="",2226,43.3,64 탎,2462 MHz,11,-80 dBm,Wi-Fi 4 (802.11n),True,229,="",="2/4/2026 6:48:30.647342600 AM",
="",2227,24.0,37 탎,2462 MHz,11,-80 dBm,Wi-Fi 3 (802.11g),False,105,="",="2/4/2026 6:48:30.647466950 AM",
="",2228,24.0,35 탎,2462 MHz,11,-80 dBm,Wi-Fi 3 (802.11g),False,99,="",="2/4/2026 6:48:30.647504645 AM",
="",2229,28.9,79 탎,2462 MHz,11,-78 dBm,Wi-Fi 4 (802.11n),True,229,="",="2/4/2026 6:48:30.647559650 AM",
="",2230,24.0,41 탎,2462 MHz,11,-81 dBm,Wi-Fi 3 (802.11g),False,117,="",="2/4/2026 6:48:30.647662425 AM",
="",2231,24.0,37 탎,2462 MHz,11,-80 dBm,Wi-Fi 3 (802.11g),False,105,="",="2/4/2026 6:48:30.648188570 AM",
="",2232,24.0,35 탎,2462 MHz,11,-80 dBm,Wi-Fi 3 (802.11g),False,99,="",="2/4/2026 6:48:30.648230720 AM",
="",2233,24.0,37 탎,2462 MHz,11,-80 dBm,Wi-Fi 3 (802.11g),False,105,="",="2/4/2026 6:48:30.650512575 AM",
="",2234,24.0,35 탎,2462 MHz,11,-81 dBm,Wi-Fi 3 (802.11g),False,99,="",="2/4/2026 6:48:30.650552710 AM",
="",2235,24.0,41 탎,2462 MHz,11,-80 dBm,Wi-Fi 3 (802.11g),True,117,="",="2/4/2026 6:48:30.650673450 AM",
="",2239,6.0,425 탎,2462 MHz,11,-80 dBm,Wi-Fi 3 (802.11g),True,381,="",="2/4/2026 6:48:30.662056370 AM",
="",2241,24.0,35 탎,2462 MHz,11,-80 dBm,Wi-Fi 3 (802.11g),False,99,="",="2/4/2026 6:48:30.664066795 AM",
="",2242,57.8,40 탎,2462 MHz,11,-82 dBm,Wi-Fi 4 (802.11n),True,117,="",="2/4/2026 6:48:30.664140900 AM",
="",2243,24.0,37 탎,2462 MHz,11,-79 dBm,Wi-Fi 3 (802.11g),True,105,="",="2/4/2026 6:48:30.664227615 AM",
="",2244,24.0,35 탎,2462 MHz,11,-80 dBm,Wi-Fi 3 (802.11g),False,99,="",="2/4/2026 6:48:30.664275725 AM",
="",2245,24.0,41 탎,2462 MHz,11,-77 dBm,Wi-Fi 3 (802.11g),False,117,="",="2/4/2026 6:48:30.664772415 AM",
="",2246,1.0,2008 탎,2462 MHz,11,-82 dBm,Wi-Fi 1 (802.11b),False,312,="",="2/4/2026 6:48:30.670518360 AM",
="",2247,24.0,37 탎,2462 MHz,11,-79 dBm,Wi-Fi 3 (802.11g),False,105,="",="2/4/2026 6:48:30.675229620 AM",
="",2248,24.0,37 탎,2462 MHz,11,-79 dBm,Wi-Fi 3 (802.11g),False,105,="",="2/4/2026 6:48:30.675396295 AM",
="",2249,24.0,37 탎,2462 MHz,11,-79 dBm,Wi-Fi 3 (802.11g),False,105,="",="2/4/2026 6:48:30.675547915 AM",
="",2250,24.0,37 탎,2462 MHz,11,-79 dBm,Wi-Fi 3 (802.11g),False,105,="",="2/4/2026 6:48:30.676258270 AM",
="",2251,24.0,37 탎,2462 MHz,11,-79 dBm,Wi-Fi 3 (802.11g),False,105,="",="2/4/2026 6:48:30.678443520 AM",
="",2252,11.0,358 탎,2462 MHz,11,-84 dBm,Wi-Fi 1 (802.11b),False,313,="",="2/4/2026 6:48:30.680440695 AM",
="",2253,11.0,415 탎,2462 MHz,11,-83 dBm,Wi-Fi 1 (802.11b),False,392,="",="2/4/2026 6:48:30.680814380 AM",
="",2254,11.0,443 탎,2462 MHz,11,-84 dBm,Wi-Fi 1 (802.11b),True,430,="",="2/4/2026 6:48:30.681213445 AM",
="",2255,11.0,273 탎,2462 MHz,11,-84 dBm,Wi-Fi 1 (802.11b),False,197,="",="2/4/2026 6:48:30.682431910 AM",
="",2256,24.0,37 탎,2462 MHz,11,-80 dBm,Wi-Fi 3 (802.11g),False,105,="",="2/4/2026 6:48:30.683319460 AM",
="",2257,24.0,35 탎,2462 MHz,11,-83 dBm,Wi-Fi 3 (802.11g),False,99,="",="2/4/2026 6:48:30.683362475 AM",
="",2258,43.3,61 탎,2462 MHz,11,-80 dBm,Wi-Fi 4 (802.11n),True,227,="",="2/4/2026 6:48:30.683408555 AM",
="",2259,24.0,41 탎,2462 MHz,11,-84 dBm,Wi-Fi 3 (802.11g),False,117,="",="2/4/2026 6:48:30.683495415 AM",
="",2260,6.0,529 탎,2462 MHz,11,-85 dBm,Wi-Fi 3 (802.11g),False,459,="",="2/4/2026 6:48:30.691097120 AM",
="",2261,6.0,434 탎,2462 MHz,11,-87 dBm,Wi-Fi 3 (802.11g),False,388,="",="2/4/2026 6:48:30.691641185 AM",
="",2262,1.0,2424 탎,2462 MHz,11,-71 dBm,Wi-Fi 1 (802.11b),False,364,="",="2/4/2026 6:48:30.702269960 AM",
="",2263,1.0,2096 탎,2462 MHz,11,-71 dBm,Wi-Fi 1 (802.11b),False,323,="",="2/4/2026 6:48:30.711309630 AM",
="",2264,1.0,2096 탎,2462 MHz,11,-69 dBm,Wi-Fi 1 (802.11b),False,323,="",="2/4/2026 6:48:30.713433370 AM",
="",2267,1.0,2008 탎,2462 MHz,11,-86 dBm,Wi-Fi 1 (802.11b),False,312,="",="2/4/2026 6:48:30.739511890 AM",
="",2268,1.0,2288 탎,2462 MHz,11,-80 dBm,Wi-Fi 1 (802.11b),False,347,="",="2/4/2026 6:48:30.747059810 AM",
="",2269,1.0,2016 탎,2462 MHz,11,-87 dBm,Wi-Fi 1 (802.11b),False,313,="",="2/4/2026 6:48:30.749943975 AM",
="",2270,11.0,415 탎,2462 MHz,11,-88 dBm,Wi-Fi 1 (802.11b),True,392,="",="2/4/2026 6:48:30.751960475 AM",
="",2272,6.0,425 탎,2462 MHz,11,-81 dBm,Wi-Fi 3 (802.11g),False,381,="",="2/4/2026 6:48:30.764123265 AM",
="",2274,1.0,2008 탎,2462 MHz,11,-79 dBm,Wi-Fi 1 (802.11b),False,312,="",="2/4/2026 6:48:30.772915270 AM",
="",2275,11.0,401 탎,2462 MHz,11,-90 dBm,Wi-Fi 1 (802.11b),True,373,="",="2/4/2026 6:48:30.777248705 AM",
="",2276,11.0,358 탎,2462 MHz,11,-86 dBm,Wi-Fi 1 (802.11b),True,313,="",="2/4/2026 6:48:30.782814670 AM",
="",2277,11.0,415 탎,2462 MHz,11,-86 dBm,Wi-Fi 1 (802.11b),True,392,="",="2/4/2026 6:48:30.783185755 AM",
="",2278,11.0,443 탎,2462 MHz,11,-86 dBm,Wi-Fi 1 (802.11b),True,430,="",="2/4/2026 6:48:30.783614435 AM",
="",2280,1.0,2208 탎,2462 MHz,11,-83 dBm,Wi-Fi 1 (802.11b),False,337,="",="2/4/2026 6:48:30.790716075 AM",
="",2282,1.0,2424 탎,2462 MHz,11,-72 dBm,Wi-Fi 1 (802.11b),False,364,="",="2/4/2026 6:48:30.804676390 AM",
="",2286,1.0,2096 탎,2462 MHz,11,-72 dBm,Wi-Fi 1 (802.11b),False,323,="",="2/4/2026 6:48:30.813715845 AM",
="",2287,1.0,2096 탎,2462 MHz,11,-72 dBm,Wi-Fi 1 (802.11b),False,323,="",="2/4/2026 6:48:30.815839600 AM",
="",2291,1.0,2208 탎,2462 MHz,11,-75 dBm,Wi-Fi 1 (802.11b),False,337,="",="2/4/2026 6:48:30.824119120 AM",
="",2292,1.0,2288 탎,2462 MHz,11,-75 dBm,Wi-Fi 1 (802.11b),False,347,="",="2/4/2026 6:48:30.849469640 AM",
="",2294,1.0,2016 탎,2462 MHz,11,-84 dBm,Wi-Fi 1 (802.11b),False,313,="",="2/4/2026 6:48:30.856657515 AM",
="",2295,11.0,415 탎,2462 MHz,11,-83 dBm,Wi-Fi 1 (802.11b),True,392,="",="2/4/2026 6:48:30.858674015 AM",
="",2296,11.0,431 탎,2462 MHz,11,-85 dBm,Wi-Fi 1 (802.11b),True,414,="",="2/4/2026 6:48:30.859087095 AM",
="",2297,1.0,2208 탎,2462 MHz,11,-84 dBm,Wi-Fi 1 (802.11b),False,337,="",="2/4/2026 6:48:30.864007035 AM",
="",2298,6.0,425 탎,2462 MHz,11,-83 dBm,Wi-Fi 3 (802.11g),False,381,="",="2/4/2026 6:48:30.866509520 AM",
="",2299,1.0,848 탎,2462 MHz,11,-82 dBm,Wi-Fi 1 (802.11b),False,167,="",="2/4/2026 6:48:30.868576495 AM",
="",2300,1.0,304 탎,2462 MHz,11,-83 dBm,Wi-Fi 1 (802.11b),False,99,="",="2/4/2026 6:48:30.869441910 AM",
="",2301,1.0,304 탎,2462 MHz,11,-84 dBm,Wi-Fi 1 (802.11b),False,99,="",="2/4/2026 6:48:30.873183755 AM",
="",2302,1.0,2008 탎,2462 MHz,11,-80 dBm,Wi-Fi 1 (802.11b),False,312,="",="2/4/2026 6:48:30.875316125 AM",
="",2303,11.0,418 탎,2462 MHz,11,-89 dBm,Wi-Fi 1 (802.11b),True,396,="",="2/4/2026 6:48:30.880066810 AM",
="",2304,24.0,37 탎,2462 MHz,11,-77 dBm,Wi-Fi 3 (802.11g),False,105,="",="2/4/2026 6:48:30.881138865 AM",
="",2305,24.0,35 탎,2462 MHz,11,-68 dBm,Wi-Fi 3 (802.11g),False,99,="",="2/4/2026 6:48:30.881176640 AM",
="",2306,72.2,38 탎,2462 MHz,11,-77 dBm,Wi-Fi 4 (802.11n),True,109,="",="2/4/2026 6:48:30.881239760 AM",
="",2307,24.0,41 탎,2462 MHz,11,-68 dBm,Wi-Fi 3 (802.11g),False,117,="",="2/4/2026 6:48:30.881303060 AM",
="",2308,7.2,189 탎,2462 MHz,11,-67 dBm,Wi-Fi 4 (802.11n),False,227,="",="2/4/2026 6:48:30.882868730 AM",
="",2309,6.0,49 탎,2462 MHz,11,-76 dBm,Wi-Fi 3 (802.11g),False,99,="",="2/4/2026 6:48:30.883073625 AM",
="",2310,6.0,57 탎,2462 MHz,11,-66 dBm,Wi-Fi 3 (802.11g),False,105,="",="2/4/2026 6:48:30.883145215 AM",
="",2311,11.0,358 탎,2462 MHz,11,-85 dBm,Wi-Fi 1 (802.11b),True,313,="",="2/4/2026 6:48:30.885541060 AM",
="",2312,11.0,415 탎,2462 MHz,11,-85 dBm,Wi-Fi 1 (802.11b),True,392,="",="2/4/2026 6:48:30.885912760 AM",
="",2313,11.0,443 탎,2462 MHz,11,-84 dBm,Wi-Fi 1 (802.11b),True,430,="",="2/4/2026 6:48:30.886340680 AM",
="",2314,24.0,40 탎,2462 MHz,11,-82 dBm,Wi-Fi 3 (802.11g),False,115,="",="2/4/2026 6:48:30.888895785 AM",
="",2315,24.0,35 탎,2462 MHz,11,-83 dBm,Wi-Fi 3 (802.11g),False,99,="",="2/4/2026 6:48:30.889103885 AM",
="",2316,1.0,2208 탎,2462 MHz,11,-86 dBm,Wi-Fi 1 (802.11b),False,337,="",="2/4/2026 6:48:30.893112570 AM",
="",2317,1.0,2424 탎,2462 MHz,11,-77 dBm,Wi-Fi 1 (802.11b),False,364,="",="2/4/2026 6:48:30.907073525 AM",
="",2318,1.0,2096 탎,2462 MHz,11,-75 dBm,Wi-Fi 1 (802.11b),False,323,="",="2/4/2026 6:48:30.916134155 AM",
="",2319,1.0,2096 탎,2462 MHz,11,-73 dBm,Wi-Fi 1 (802.11b),False,323,="",="2/4/2026 6:48:30.918281485 AM",
="",2324,1.0,2288 탎,2462 MHz,11,-85 dBm,Wi-Fi 1 (802.11b),False,347,="",="2/4/2026 6:48:30.951870655 AM",
="",2325,1.0,2016 탎,2462 MHz,11,-86 dBm,Wi-Fi 1 (802.11b),False,313,="",="2/4/2026 6:48:30.959063785 AM",
="",2326,11.0,415 탎,2462 MHz,11,-87 dBm,Wi-Fi 1 (802.11b),True,392,="",="2/4/2026 6:48:30.961080285 AM",
="",2327,11.0,431 탎,2462 MHz,11,-85 dBm,Wi-Fi 1 (802.11b),True,414,="",="2/4/2026 6:48:30.961487910 AM",
="",2328,6.0,214 탎,2462 MHz,11,-84 dBm,Wi-Fi 3 (802.11g),False,223,="",="2/4/2026 6:48:30.961954530 AM",
="",2329,1.0,2080 탎,2462 MHz,11,-81 dBm,Wi-Fi 1 (802.11b),False,321,="",="2/4/2026 6:48:30.962259740 AM",
="",2330,1.0,304 탎,2462 MHz,11,-83 dBm,Wi-Fi 1 (802.11b),False,99,="",="2/4/2026 6:48:30.964340240 AM",
="",2331,1.0,304 탎,2462 MHz,11,-87 dBm,Wi-Fi 1 (802.11b),False,99,="",="2/4/2026 6:48:30.972802345 AM",
="",2332,11.0,427 탎,2462 MHz,11,-83 dBm,Wi-Fi 1 (802.11b),True,408,="",="2/4/2026 6:48:30.974548525 AM",
="",2333,11.0,202 탎,2462 MHz,11,-84 dBm,Wi-Fi 1 (802.11b),False,99,="",="2/4/2026 6:48:30.974991500 AM",
="",2334,11.0,202 탎,2462 MHz,11,-82 dBm,Wi-Fi 1 (802.11b),True,99,="",="2/4/2026 6:48:30.975781150 AM",
="",2335,11.0,202 탎,2462 MHz,11,-85 dBm,Wi-Fi 1 (802.11b),False,99,="",="2/4/2026 6:48:30.976651245 AM",
="",2336,1.0,2008 탎,2462 MHz,11,-79 dBm,Wi-Fi 1 (802.11b),False,312,="",="2/4/2026 6:48:30.977716100 AM",
="",2337,1.0,2016 탎,2462 MHz,11,-89 dBm,Wi-Fi 1 (802.11b),False,313,="",="2/4/2026 6:48:30.980046865 AM",
="",2338,6.0,214 탎,2462 MHz,11,-86 dBm,Wi-Fi 3 (802.11g),False,223,="",="2/4/2026 6:48:30.986915040 AM",
="",2339,1.0,2080 탎,2462 MHz,11,-80 dBm,Wi-Fi 1 (802.11b),False,321,="",="2/4/2026 6:48:30.987236785 AM",
="",2340,1.0,2160 탎,2462 MHz,11,-77 dBm,Wi-Fi 1 (802.11b),False,331,="",="2/4/2026 6:48:30.990467210 AM",
="",2341,11.0,202 탎,2462 MHz,11,-84 dBm,Wi-Fi 1 (802.11b),True,99,="",="2/4/2026 6:48:30.992657595 AM",
="",2342,1.0,1960 탎,2462 MHz,11,-80 dBm,Wi-Fi 1 (802.11b),False,306,="",="2/4/2026 6:48:30.995370620 AM",
="",2343,1.0,416 탎,2462 MHz,11,-87 dBm,Wi-Fi 1 (802.11b),True,113,="",="2/4/2026 6:48:30.997331120 AM",
="",2344,1.0,2080 탎,2462 MHz,11,-79 dBm,Wi-Fi 1 (802.11b),False,321,="",="2/4/2026 6:48:30.997747620 AM",
="",2345,1.0,1960 탎,2462 MHz,11,-82 dBm,Wi-Fi 1 (802.11b),False,306,="",="2/4/2026 6:48:31.007366980 AM",
="",2346,1.0,2424 탎,2462 MHz,11,-71 dBm,Wi-Fi 1 (802.11b),False,364,="",="2/4/2026 6:48:31.009477955 AM",
="",2347,1.0,2096 탎,2462 MHz,11,-70 dBm,Wi-Fi 1 (802.11b),False,323,="",="2/4/2026 6:48:31.018533705 AM",
="",2348,1.0,2096 탎,2462 MHz,11,-70 dBm,Wi-Fi 1 (802.11b),False,323,="",="2/4/2026 6:48:31.020657420 AM",
="",2355,11.0,439 탎,2462 MHz,11,-85 dBm,Wi-Fi 1 (802.11b),False,424,="",="2/4/2026 6:48:31.045705990 AM",
="",2356,1.0,1152 탎,2462 MHz,11,-80 dBm,Wi-Fi 1 (802.11b),False,205,="",="2/4/2026 6:48:31.048767075 AM",
="",2357,1.0,2080 탎,2462 MHz,11,-80 dBm,Wi-Fi 1 (802.11b),False,321,="",="2/4/2026 6:48:31.050068955 AM",
="",2358,1.0,3264 탎,2462 MHz,11,-70 dBm,Wi-Fi 1 (802.11b),False,469,="",="2/4/2026 6:48:31.054068055 AM",
="",2359,1.0,1960 탎,2462 MHz,11,-83 dBm,Wi-Fi 1 (802.11b),False,306,="",="2/4/2026 6:48:31.059569415 AM",
="",2360,1.0,304 탎,2462 MHz,11,-80 dBm,Wi-Fi 1 (802.11b),False,99,="",="2/4/2026 6:48:31.061529915 AM",
="",2361,1.0,2160 탎,2462 MHz,11,-79 dBm,Wi-Fi 1 (802.11b),False,331,="",="2/4/2026 6:48:31.061897230 AM",
="",2362,1.0,304 탎,2462 MHz,11,-80 dBm,Wi-Fi 1 (802.11b),False,99,="",="2/4/2026 6:48:31.064057730 AM",
="",2363,1.0,1960 탎,2462 MHz,11,-80 dBm,Wi-Fi 1 (802.11b),False,306,="",="2/4/2026 6:48:31.064454795 AM",
="",2364,1.0,304 탎,2462 MHz,11,-80 dBm,Wi-Fi 1 (802.11b),False,99,="",="2/4/2026 6:48:31.066415295 AM",
="",2365,1.0,2208 탎,2462 MHz,11,-82 dBm,Wi-Fi 1 (802.11b),True,337,="",="2/4/2026 6:48:31.068777320 AM",
="",2370,1.0,304 탎,2462 MHz,11,-77 dBm,Wi-Fi 1 (802.11b),False,99,="",="2/4/2026 6:48:31.073022245 AM",
="",2371,1.0,2008 탎,2462 MHz,11,-79 dBm,Wi-Fi 1 (802.11b),False,312,="",="2/4/2026 6:48:31.080116145 AM",
="",2372,11.0,401 탎,2462 MHz,11,-89 dBm,Wi-Fi 1 (802.11b),True,229,="",="2/4/2026 6:48:31.084451180 AM",
="",2373,11.0,418 탎,2462 MHz,11,-88 dBm,Wi-Fi 1 (802.11b),True,396,="",="2/4/2026 6:48:31.084865030 AM",
="",2374,1.0,1152 탎,2462 MHz,11,-81 dBm,Wi-Fi 1 (802.11b),False,205,="",="2/4/2026 6:48:31.089247085 AM",
="",2375,1.0,2080 탎,2462 MHz,11,-81 dBm,Wi-Fi 1 (802.11b),False,321,="",="2/4/2026 6:48:31.090459255 AM",
="",2376,1.0,304 탎,2462 MHz,11,-82 dBm,Wi-Fi 1 (802.11b),False,99,="",="2/4/2026 6:48:31.092539755 AM",
="",2377,1.0,2080 탎,2462 MHz,11,-82 dBm,Wi-Fi 1 (802.11b),False,321,="",="2/4/2026 6:48:31.093034310 AM",
="",2378,1.0,2080 탎,2462 MHz,11,-82 dBm,Wi-Fi 1 (802.11b),False,321,="",="2/4/2026 6:48:31.095213295 AM",
="",2379,1.0,2160 탎,2462 MHz,11,-90 dBm,Wi-Fi 1 (802.11b),False,331,="",="2/4/2026 6:48:31.100162055 AM",
="",2380,1.0,304 탎,2462 MHz,11,-81 dBm,Wi-Fi 1 (802.11b),False,99,="",="2/4/2026 6:48:31.102322555 AM",
="",2384,1.0,2424 탎,2462 MHz,11,-69 dBm,Wi-Fi 1 (802.11b),False,364,="",="2/4/2026 6:48:31.111873825 AM",
="",2385,1.0,2096 탎,2462 MHz,11,-68 dBm,Wi-Fi 1 (802.11b),False,323,="",="2/4/2026 6:48:31.120912055 AM",
="",2386,1.0,2096 탎,2462 MHz,11,-68 dBm,Wi-Fi 1 (802.11b),False,323,="",="2/4/2026 6:48:31.123036555 AM",
="",2390,1.0,2008 탎,2462 MHz,11,-86 dBm,Wi-Fi 1 (802.11b),False,312,="",="2/4/2026 6:48:31.149112675 AM",
="",2391,1.0,2288 탎,2462 MHz,11,-85 dBm,Wi-Fi 1 (802.11b),False,347,="",="2/4/2026 6:48:31.156668035 AM",
="",2392,1.0,2016 탎,2462 MHz,11,-84 dBm,Wi-Fi 1 (802.11b),False,313,="",="2/4/2026 6:48:31.163857525 AM",
="",2393,11.0,415 탎,2462 MHz,11,-84 dBm,Wi-Fi 1 (802.11b),True,392,="",="2/4/2026 6:48:31.165874025 AM",
="",2394,11.0,431 탎,2462 MHz,11,-84 dBm,Wi-Fi 1 (802.11b),True,414,="",="2/4/2026 6:48:31.166290145 AM",
="",2395,1.0,2208 탎,2462 MHz,11,-84 dBm,Wi-Fi 1 (802.11b),False,337,="",="2/4/2026 6:48:31.171205325 AM",
="",2396,6.0,425 탎,2462 MHz,11,-77 dBm,Wi-Fi 3 (802.11g),False,381,="",="2/4/2026 6:48:31.173677715 AM",
="",2397,1.0,2008 탎,2462 MHz,11,-78 dBm,Wi-Fi 1 (802.11b),False,312,="",="2/4/2026 6:48:31.182518455 AM",
="",2398,11.0,358 탎,2462 MHz,11,-86 dBm,Wi-Fi 1 (802.11b),True,313,="",="2/4/2026 6:48:31.192417015 AM",
="",2399,11.0,415 탎,2462 MHz,11,-86 dBm,Wi-Fi 1 (802.11b),True,392,="",="2/4/2026 6:48:31.192787755 AM",
="",2400,11.0,443 탎,2462 MHz,11,-85 dBm,Wi-Fi 1 (802.11b),True,430,="",="2/4/2026 6:48:31.193216875 AM",
="",2401,1.0,2208 탎,2462 MHz,11,-87 dBm,Wi-Fi 1 (802.11b),False,337,="",="2/4/2026 6:48:31.200313020 AM",
="",2402,6.0,1578 탎,2462 MHz,11,-87 dBm,Wi-Fi 3 (802.11g),True,229,="",="2/4/2026 6:48:31.207243695 AM",
="",2407,1.0,2424 탎,2462 MHz,11,-71 dBm,Wi-Fi 1 (802.11b),False,364,="",="2/4/2026 6:48:31.214288805 AM",
="",2408,1.0,2096 탎,2462 MHz,11,-70 dBm,Wi-Fi 1 (802.11b),False,323,="",="2/4/2026 6:48:31.223323100 AM",
="",2409,1.0,2096 탎,2462 MHz,11,-69 dBm,Wi-Fi 1 (802.11b),False,323,="",="2/4/2026 6:48:31.225447935 AM",
="",2410,1.0,2208 탎,2462 MHz,11,-75 dBm,Wi-Fi 1 (802.11b),False,337,="",="2/4/2026 6:48:31.233717095 AM",
="",2414,1.0,2288 탎,2462 MHz,11,-82 dBm,Wi-Fi 1 (802.11b),False,347,="",="2/4/2026 6:48:31.259078775 AM",
="",2415,1.0,2016 탎,2462 MHz,11,-88 dBm,Wi-Fi 1 (802.11b),False,313,="",="2/4/2026 6:48:31.261950060 AM",
="",2416,11.0,415 탎,2462 MHz,11,-88 dBm,Wi-Fi 1 (802.11b),True,392,="",="2/4/2026 6:48:31.268264555 AM",
="",2417,11.0,431 탎,2462 MHz,11,-87 dBm,Wi-Fi 1 (802.11b),True,414,="",="2/4/2026 6:48:31.268690310 AM",
="",2418,1.0,2208 탎,2462 MHz,11,-83 dBm,Wi-Fi 1 (802.11b),False,337,="",="2/4/2026 6:48:31.273607305 AM",
="",2419,6.0,425 탎,2462 MHz,11,-77 dBm,Wi-Fi 3 (802.11g),False,381,="",="2/4/2026 6:48:31.276075880 AM",
="",2420,1.0,2008 탎,2462 MHz,11,-81 dBm,Wi-Fi 1 (802.11b),False,312,="",="2/4/2026 6:48:31.285576560 AM",
="",2421,11.0,358 탎,2462 MHz,11,-86 dBm,Wi-Fi 1 (802.11b),False,313,="",="2/4/2026 6:48:31.294843450 AM",
="",2422,11.0,443 탎,2462 MHz,11,-85 dBm,Wi-Fi 1 (802.11b),False,430,="",="2/4/2026 6:48:31.295670670 AM",
="",2423,6.0,49 탎,2462 MHz,11,-86 dBm,Wi-Fi 3 (802.11g),False,99,="",="2/4/2026 6:48:31.305106035 AM",
="",2424,24.0,41 탎,2462 MHz,11,-84 dBm,Wi-Fi 3 (802.11g),True,117,="",="2/4/2026 6:48:31.306293305 AM",
="",2425,1.0,2424 탎,2462 MHz,11,-75 dBm,Wi-Fi 1 (802.11b),False,364,="",="2/4/2026 6:48:31.316682610 AM",
="",2426,1.0,2096 탎,2462 MHz,11,-75 dBm,Wi-Fi 1 (802.11b),True,323,="",="2/4/2026 6:48:31.325695425 AM",
="",2427,1.0,2096 탎,2462 MHz,11,-73 dBm,Wi-Fi 1 (802.11b),True,323,="",="2/4/2026 6:48:31.327849795 AM",
="",2435,1.0,2288 탎,2462 MHz,11,-82 dBm,Wi-Fi 1 (802.11b),False,347,="",="2/4/2026 6:48:31.361472995 AM",
="",2436,1.0,2208 탎,2462 MHz,11,-84 dBm,Wi-Fi 1 (802.11b),False,337,="",="2/4/2026 6:48:31.376005045 AM",
="",2437,6.0,425 탎,2462 MHz,11,-76 dBm,Wi-Fi 3 (802.11g),False,381,="",="2/4/2026 6:48:31.378524290 AM",
="",2438,1.0,2008 탎,2462 MHz,11,-81 dBm,Wi-Fi 1 (802.11b),False,312,="",="2/4/2026 6:48:31.387316935 AM",
="",2439,11.0,358 탎,2462 MHz,11,-84 dBm,Wi-Fi 1 (802.11b),False,313,="",="2/4/2026 6:48:31.397346795 AM",
="",2440,11.0,415 탎,2462 MHz,11,-84 dBm,Wi-Fi 1 (802.11b),False,392,="",="2/4/2026 6:48:31.397720280 AM",
="",2442,11.0,443 탎,2462 MHz,11,-83 dBm,Wi-Fi 1 (802.11b),True,430,="",="2/4/2026 6:48:31.398121945 AM",
="",2445,1.0,2208 탎,2462 MHz,11,-86 dBm,Wi-Fi 1 (802.11b),False,337,="",="2/4/2026 6:48:31.405113140 AM",
="",2447,1.0,2424 탎,2462 MHz,11,-74 dBm,Wi-Fi 1 (802.11b),False,364,="",="2/4/2026 6:48:31.419083350 AM",
="",2448,1.0,2096 탎,2462 MHz,11,-72 dBm,Wi-Fi 1 (802.11b),False,323,="",="2/4/2026 6:48:31.428131420 AM",
="",2449,1.0,2096 탎,2462 MHz,11,-72 dBm,Wi-Fi 1 (802.11b),False,323,="",="2/4/2026 6:48:31.430249200 AM",
="",2454,1.0,2208 탎,2462 MHz,11,-83 dBm,Wi-Fi 1 (802.11b),False,337,="",="2/4/2026 6:48:31.478405250 AM",
="",2455,6.0,425 탎,2462 MHz,11,-75 dBm,Wi-Fi 3 (802.11g),False,381,="",="2/4/2026 6:48:31.481667490 AM",
="",2459,1.0,2008 탎,2462 MHz,11,-76 dBm,Wi-Fi 1 (802.11b),False,312,="",="2/4/2026 6:48:31.489717020 AM",
="",2460,11.0,358 탎,2462 MHz,11,-87 dBm,Wi-Fi 1 (802.11b),True,313,="",="2/4/2026 6:48:31.499618060 AM",
="",2461,11.0,415 탎,2462 MHz,11,-85 dBm,Wi-Fi 1 (802.11b),True,392,="",="2/4/2026 6:48:31.499989745 AM",
="",2462,11.0,443 탎,2462 MHz,11,-87 dBm,Wi-Fi 1 (802.11b),True,430,="",="2/4/2026 6:48:31.500417665 AM",
="",2463,1.0,2208 탎,2462 MHz,11,-85 dBm,Wi-Fi 1 (802.11b),False,337,="",="2/4/2026 6:48:31.507794505 AM",
="",2464,1.0,2424 탎,2462 MHz,11,-72 dBm,Wi-Fi 1 (802.11b),False,364,="",="2/4/2026 6:48:31.521482395 AM",
="",2465,1.0,2096 탎,2462 MHz,11,-72 dBm,Wi-Fi 1 (802.11b),False,323,="",="2/4/2026 6:48:31.530522570 AM",
="",2466,1.0,2096 탎,2462 MHz,11,-70 dBm,Wi-Fi 1 (802.11b),False,323,="",="2/4/2026 6:48:31.532646765 AM",
="",2467,1.0,2208 탎,2462 MHz,11,-70 dBm,Wi-Fi 1 (802.11b),False,337,="",="2/4/2026 6:48:31.540917205 AM",
="",2468,1.0,2008 탎,2462 MHz,11,-86 dBm,Wi-Fi 1 (802.11b),False,312,="",="2/4/2026 6:48:31.558713325 AM",
="",2472,11.0,415 탎,2462 MHz,11,-86 dBm,Wi-Fi 1 (802.11b),True,392,="",="2/4/2026 6:48:31.575474480 AM",
="",2473,11.0,431 탎,2462 MHz,11,-86 dBm,Wi-Fi 1 (802.11b),True,414,="",="2/4/2026 6:48:31.575893700 AM",
="",2475,6.0,425 탎,2462 MHz,11,-75 dBm,Wi-Fi 3 (802.11g),False,381,="",="2/4/2026 6:48:31.584122765 AM",
="",2476,1.0,2008 탎,2462 MHz,11,-79 dBm,Wi-Fi 1 (802.11b),False,312,="",="2/4/2026 6:48:31.592116905 AM",
="",2477,11.0,358 탎,2462 MHz,11,-86 dBm,Wi-Fi 1 (802.11b),True,313,="",="2/4/2026 6:48:31.602018905 AM",
="",2478,1.0,2208 탎,2462 MHz,11,-86 dBm,Wi-Fi 1 (802.11b),False,337,="",="2/4/2026 6:48:31.609913750 AM",
="",2482,1.0,2424 탎,2462 MHz,11,-78 dBm,Wi-Fi 1 (802.11b),False,364,="",="2/4/2026 6:48:31.623891040 AM",
="",2483,1.0,2096 탎,2462 MHz,11,-78 dBm,Wi-Fi 1 (802.11b),False,323,="",="2/4/2026 6:48:31.632967845 AM",
="",2484,1.0,2096 탎,2462 MHz,11,-80 dBm,Wi-Fi 1 (802.11b),False,323,="",="2/4/2026 6:48:31.635068745 AM",
="",2485,1.0,2008 탎,2462 MHz,11,-81 dBm,Wi-Fi 1 (802.11b),False,312,="",="2/4/2026 6:48:31.661113330 AM",
="",2492,6.0,425 탎,2462 MHz,11,-83 dBm,Wi-Fi 3 (802.11g),False,381,="",="2/4/2026 6:48:31.685726425 AM",
="",2493,1.0,2008 탎,2462 MHz,11,-75 dBm,Wi-Fi 1 (802.11b),False,312,="",="2/4/2026 6:48:31.694517030 AM",
="",2494,11.0,415 탎,2462 MHz,11,-86 dBm,Wi-Fi 1 (802.11b),True,392,="",="2/4/2026 6:48:31.704790515 AM",
="",2495,1.0,2208 탎,2462 MHz,11,-83 dBm,Wi-Fi 1 (802.11b),False,337,="",="2/4/2026 6:48:31.712313675 AM",
="",2496,1.0,2424 탎,2462 MHz,11,-71 dBm,Wi-Fi 1 (802.11b),False,364,="",="2/4/2026 6:48:31.726290725 AM",
="",2497,24.0,40 탎,2462 MHz,11,-78 dBm,Wi-Fi 3 (802.11g),False,115,="",="2/4/2026 6:48:31.730359965 AM",
="",2498,1.0,448 탎,2462 MHz,11,-75 dBm,Wi-Fi 1 (802.11b),False,117,="",="2/4/2026 6:48:31.730909665 AM",
="",2499,24.0,37 탎,2462 MHz,11,-77 dBm,Wi-Fi 3 (802.11g),False,105,="",="2/4/2026 6:48:31.731424720 AM",
="",2500,24.0,37 탎,2462 MHz,11,-77 dBm,Wi-Fi 3 (802.11g),True,105,="",="2/4/2026 6:48:31.731961945 AM",
="",2501,1.0,2096 탎,2462 MHz,11,-73 dBm,Wi-Fi 1 (802.11b),False,323,="",="2/4/2026 6:48:31.735332500 AM",
="",2502,1.0,2096 탎,2462 MHz,11,-72 dBm,Wi-Fi 1 (802.11b),False,323,="",="2/4/2026 6:48:31.737882595 AM",
="",2503,24.0,35 탎,2462 MHz,11,-79 dBm,Wi-Fi 3 (802.11g),True,99,="",="2/4/2026 6:48:31.748020365 AM",
="",2504,6.0,73 탎,2462 MHz,11,-80 dBm,Wi-Fi 3 (802.11g),False,117,="",="2/4/2026 6:48:31.748332355 AM",
="",2506,24.0,37 탎,2462 MHz,11,-85 dBm,Wi-Fi 3 (802.11g),True,105,="",="2/4/2026 6:48:31.751023375 AM",
="",2507,24.0,35 탎,2462 MHz,11,-81 dBm,Wi-Fi 3 (802.11g),False,99,="",="2/4/2026 6:48:31.751071390 AM",
="",2510,1.0,2008 탎,2462 MHz,11,-85 dBm,Wi-Fi 1 (802.11b),False,312,="",="2/4/2026 6:48:31.763515655 AM",
="",2511,24.0,37 탎,2462 MHz,11,-80 dBm,Wi-Fi 3 (802.11g),False,105,="",="2/4/2026 6:48:31.767463985 AM",
="",2512,24.0,37 탎,2462 MHz,11,-79 dBm,Wi-Fi 3 (802.11g),False,105,="",="2/4/2026 6:48:31.767750800 AM",
="",2513,24.0,37 탎,2462 MHz,11,-80 dBm,Wi-Fi 3 (802.11g),True,105,="",="2/4/2026 6:48:31.768122510 AM",
="",2514,24.0,37 탎,2462 MHz,11,-80 dBm,Wi-Fi 3 (802.11g),True,105,="",="2/4/2026 6:48:31.768645095 AM",
="",2515,24.0,37 탎,2462 MHz,11,-78 dBm,Wi-Fi 3 (802.11g),False,105,="",="2/4/2026 6:48:31.768871680 AM",
="",2516,24.0,37 탎,2462 MHz,11,-80 dBm,Wi-Fi 3 (802.11g),False,105,="",="2/4/2026 6:48:31.770049775 AM",
="",2517,24.0,37 탎,2462 MHz,11,-80 dBm,Wi-Fi 3 (802.11g),False,105,="",="2/4/2026 6:48:31.770525265 AM",
="",2518,24.0,35 탎,2462 MHz,11,-84 dBm,Wi-Fi 3 (802.11g),False,99,="",="2/4/2026 6:48:31.770567720 AM",
="",2519,43.3,61 탎,2462 MHz,11,-80 dBm,Wi-Fi 4 (802.11n),True,227,="",="2/4/2026 6:48:31.770615880 AM",
="",2520,1.0,2288 탎,2462 MHz,11,-84 dBm,Wi-Fi 1 (802.11b),False,347,="",="2/4/2026 6:48:31.771082215 AM",
="",2524,11.0,415 탎,2462 MHz,11,-86 dBm,Wi-Fi 1 (802.11b),True,392,="",="2/4/2026 6:48:31.780266930 AM",
="",2525,11.0,431 탎,2462 MHz,11,-84 dBm,Wi-Fi 1 (802.11b),False,414,="",="2/4/2026 6:48:31.780737620 AM",
="",2526,6.0,425 탎,2462 MHz,11,-81 dBm,Wi-Fi 3 (802.11g),False,381,="",="2/4/2026 6:48:31.788259570 AM",
="",2527,1.0,2008 탎,2462 MHz,11,-78 dBm,Wi-Fi 1 (802.11b),False,312,="",="2/4/2026 6:48:31.796917315 AM",
="",2528,11.0,358 탎,2462 MHz,11,-87 dBm,Wi-Fi 1 (802.11b),True,313,="",="2/4/2026 6:48:31.806819875 AM",
="",2529,11.0,415 탎,2462 MHz,11,-86 dBm,Wi-Fi 1 (802.11b),True,392,="",="2/4/2026 6:48:31.807190920 AM",
="",2530,1.0,2208 탎,2462 MHz,11,-83 dBm,Wi-Fi 1 (802.11b),False,337,="",="2/4/2026 6:48:31.814714120 AM",
="",2531,1.0,2424 탎,2462 MHz,11,-69 dBm,Wi-Fi 1 (802.11b),False,364,="",="2/4/2026 6:48:31.828689410 AM",
="",2532,1.0,2096 탎,2462 MHz,11,-70 dBm,Wi-Fi 1 (802.11b),False,323,="",="2/4/2026 6:48:31.837729880 AM",
="",2533,1.0,2096 탎,2462 MHz,11,-70 dBm,Wi-Fi 1 (802.11b),False,323,="",="2/4/2026 6:48:31.839883075 AM",
="",2534,1.0,2008 탎,2462 MHz,11,-84 dBm,Wi-Fi 1 (802.11b),False,312,="",="2/4/2026 6:48:31.865916140 AM",
="",2538,24.0,35 탎,2462 MHz,11,-72 dBm,Wi-Fi 3 (802.11g),False,99,="",="2/4/2026 6:48:31.882933295 AM",
="",2539,24.0,41 탎,2462 MHz,11,-72 dBm,Wi-Fi 3 (802.11g),False,117,="",="2/4/2026 6:48:31.883061100 AM",
="",2540,9.0,153 탎,2462 MHz,11,-71 dBm,Wi-Fi 3 (802.11g),False,223,="",="2/4/2026 6:48:31.884436305 AM",
="",2541,6.0,49 탎,2462 MHz,11,-78 dBm,Wi-Fi 3 (802.11g),False,99,="",="2/4/2026 6:48:31.884606175 AM",
="",2542,6.0,57 탎,2462 MHz,11,-70 dBm,Wi-Fi 3 (802.11g),False,105,="",="2/4/2026 6:48:31.884677525 AM",
="",2544,1.0,2208 탎,2462 MHz,11,-82 dBm,Wi-Fi 1 (802.11b),False,337,="",="2/4/2026 6:48:31.888009110 AM",
="",2547,6.0,425 탎,2462 MHz,11,-75 dBm,Wi-Fi 3 (802.11g),False,381,="",="2/4/2026 6:48:31.890558970 AM",
="",2548,1.0,2008 탎,2462 MHz,11,-78 dBm,Wi-Fi 1 (802.11b),False,312,="",="2/4/2026 6:48:31.899320560 AM",
="",2549,1.0,2208 탎,2462 MHz,11,-85 dBm,Wi-Fi 1 (802.11b),False,337,="",="2/4/2026 6:48:31.917114085 AM",
="",2550,1.0,2424 탎,2462 MHz,11,-73 dBm,Wi-Fi 1 (802.11b),False,364,="",="2/4/2026 6:48:31.931086375 AM",
="",2551,1.0,2096 탎,2462 MHz,11,-72 dBm,Wi-Fi 1 (802.11b),False,323,="",="2/4/2026 6:48:31.940133165 AM",
="",2552,1.0,2096 탎,2462 MHz,11,-72 dBm,Wi-Fi 1 (802.11b),False,323,="",="2/4/2026 6:48:31.942247545 AM",
="",2553,1.0,2368 탎,2462 MHz,11,-70 dBm,Wi-Fi 1 (802.11b),False,229,="",="2/4/2026 6:48:31.944480025 AM",
="",2554,1.0,2208 탎,2462 MHz,11,-75 dBm,Wi-Fi 1 (802.11b),False,337,="",="2/4/2026 6:48:31.950517985 AM",
="",2558,1.0,2288 탎,2462 MHz,11,-83 dBm,Wi-Fi 1 (802.11b),False,347,="",="2/4/2026 6:48:31.975888120 AM",
="",2559,24.0,40 탎,2462 MHz,11,-83 dBm,Wi-Fi 3 (802.11g),False,115,="",="2/4/2026 6:48:31.978203750 AM",
="",2560,24.0,35 탎,2462 MHz,11,-82 dBm,Wi-Fi 3 (802.11g),False,99,="",="2/4/2026 6:48:31.978246815 AM",
="",2564,6.0,425 탎,2462 MHz,11,-76 dBm,Wi-Fi 3 (802.11g),False,381,="",="2/4/2026 6:48:31.992939655 AM",
="",2565,1.0,2008 탎,2462 MHz,11,-73 dBm,Wi-Fi 1 (802.11b),False,312,="",="2/4/2026 6:48:32.001718005 AM",
="",2566,11.0,415 탎,2462 MHz,11,-86 dBm,Wi-Fi 1 (802.11b),False,392,="",="2/4/2026 6:48:32.012021520 AM",
="",2570,6.0,709 탎,2462 MHz,11,-86 dBm,Wi-Fi 3 (802.11g),False,229,="",="2/4/2026 6:48:32.024613540 AM",
="",2571,1.0,2424 탎,2462 MHz,11,-73 dBm,Wi-Fi 1 (802.11b),False,364,="",="2/4/2026 6:48:32.033488955 AM",
="",2572,1.0,2096 탎,2462 MHz,11,-74 dBm,Wi-Fi 1 (802.11b),False,323,="",="2/4/2026 6:48:32.042529570 AM",
="",2573,1.0,2096 탎,2462 MHz,11,-75 dBm,Wi-Fi 1 (802.11b),False,323,="",="2/4/2026 6:48:32.044652965 AM",
="",2574,1.0,2208 탎,2462 MHz,11,-71 dBm,Wi-Fi 1 (802.11b),False,337,="",="2/4/2026 6:48:32.052932725 AM",
="",2575,1.0,2288 탎,2462 MHz,11,-82 dBm,Wi-Fi 1 (802.11b),False,347,="",="2/4/2026 6:48:32.078282165 AM",
="",2579,6.0,673 탎,2462 MHz,11,-86 dBm,Wi-Fi 3 (802.11g),False,567,="",="2/4/2026 6:48:32.089142790 AM",
="",2580,1.0,2208 탎,2462 MHz,11,-84 dBm,Wi-Fi 1 (802.11b),False,337,="",="2/4/2026 6:48:32.092809015 AM",
="",2581,6.0,425 탎,2462 MHz,11,-77 dBm,Wi-Fi 3 (802.11g),False,381,="",="2/4/2026 6:48:32.095378795 AM",
="",2582,1.0,2008 탎,2462 MHz,11,-73 dBm,Wi-Fi 1 (802.11b),False,312,="",="2/4/2026 6:48:32.104118345 AM",
="",2583,24.0,40 탎,2462 MHz,11,-81 dBm,Wi-Fi 3 (802.11g),False,115,="",="2/4/2026 6:48:32.113200710 AM",
="",2584,24.0,35 탎,2462 MHz,11,-83 dBm,Wi-Fi 3 (802.11g),False,99,="",="2/4/2026 6:48:32.113253350 AM",
="",2585,24.0,37 탎,2462 MHz,11,-82 dBm,Wi-Fi 3 (802.11g),False,105,="",="2/4/2026 6:48:32.113323500 AM",
="",2586,24.0,35 탎,2462 MHz,11,-82 dBm,Wi-Fi 3 (802.11g),False,99,="",="2/4/2026 6:48:32.113361275 AM",
="",2587,24.0,41 탎,2462 MHz,11,-82 dBm,Wi-Fi 3 (802.11g),True,117,="",="2/4/2026 6:48:32.113475000 AM",
="",2588,1.0,384 탎,2462 MHz,11,-81 dBm,Wi-Fi 1 (802.11b),False,109,="",="2/4/2026 6:48:32.113673430 AM",
="",2589,1.0,448 탎,2462 MHz,11,-81 dBm,Wi-Fi 1 (802.11b),False,117,="",="2/4/2026 6:48:32.114081385 AM",
="",2590,24.0,37 탎,2462 MHz,11,-82 dBm,Wi-Fi 3 (802.11g),True,105,="",="2/4/2026 6:48:32.114971285 AM",
="",2591,24.0,35 탎,2462 MHz,11,-82 dBm,Wi-Fi 3 (802.11g),True,99,="",="2/4/2026 6:48:32.115014940 AM",
="",2592,28.9,74 탎,2462 MHz,11,-80 dBm,Wi-Fi 4 (802.11n),True,227,="",="2/4/2026 6:48:32.115717880 AM",
="",2593,11.0,276 탎,2462 MHz,11,-82 dBm,Wi-Fi 1 (802.11b),True,200,="",="2/4/2026 6:48:32.115832500 AM",
="",2594,1.0,2208 탎,2462 MHz,11,-82 dBm,Wi-Fi 1 (802.11b),False,337,="",="2/4/2026 6:48:32.121914030 AM",
="",2595,6.0,673 탎,2462 MHz,11,-86 dBm,Wi-Fi 3 (802.11g),False,567,="",="2/4/2026 6:48:32.135834510 AM",
="",2596,1.0,2424 탎,2462 MHz,11,-69 dBm,Wi-Fi 1 (802.11b),False,364,="",="2/4/2026 6:48:32.142932870 AM",
="",2597,1.0,2096 탎,2462 MHz,11,-69 dBm,Wi-Fi 1 (802.11b),False,323,="",="2/4/2026 6:48:32.145383130 AM",
="",2598,1.0,2096 탎,2462 MHz,11,-68 dBm,Wi-Fi 1 (802.11b),False,323,="",="2/4/2026 6:48:32.147524380 AM",
="",2600,1.0,2208 탎,2462 MHz,11,-73 dBm,Wi-Fi 1 (802.11b),False,337,="",="2/4/2026 6:48:32.155318570 AM",
="",2604,1.0,2008 탎,2462 MHz,11,-84 dBm,Wi-Fi 1 (802.11b),False,312,="",="2/4/2026 6:48:32.173114450 AM",
="",2605,1.0,2288 탎,2462 MHz,11,-82 dBm,Wi-Fi 1 (802.11b),False,347,="",="2/4/2026 6:48:32.180691570 AM",
="",2606,1.0,2016 탎,2462 MHz,11,-87 dBm,Wi-Fi 1 (802.11b),False,313,="",="2/4/2026 6:48:32.183553375 AM",
="",2607,11.0,415 탎,2462 MHz,11,-88 dBm,Wi-Fi 1 (802.11b),True,392,="",="2/4/2026 6:48:32.189870205 AM",
="",2611,1.0,2208 탎,2462 MHz,11,-84 dBm,Wi-Fi 1 (802.11b),False,337,="",="2/4/2026 6:48:32.195208940 AM",
="",2612,6.0,425 탎,2462 MHz,11,-78 dBm,Wi-Fi 3 (802.11g),False,381,="",="2/4/2026 6:48:32.197697650 AM",
="",2613,1.0,2008 탎,2462 MHz,11,-78 dBm,Wi-Fi 1 (802.11b),False,312,="",="2/4/2026 6:48:32.206518470 AM",
="",2614,11.0,401 탎,2462 MHz,11,-88 dBm,Wi-Fi 1 (802.11b),True,373,="",="2/4/2026 6:48:32.210858385 AM",
="",2615,11.0,443 탎,2462 MHz,11,-87 dBm,Wi-Fi 1 (802.11b),True,430,="",="2/4/2026 6:48:32.217221690 AM",
="",2616,1.0,2208 탎,2462 MHz,11,-82 dBm,Wi-Fi 1 (802.11b),False,337,="",="2/4/2026 6:48:32.224314435 AM",
="",2617,1.0,2424 탎,2462 MHz,11,-70 dBm,Wi-Fi 1 (802.11b),False,364,="",="2/4/2026 6:48:32.238299220 AM",
="",2618,1.0,2096 탎,2462 MHz,11,-69 dBm,Wi-Fi 1 (802.11b),False,323,="",="2/4/2026 6:48:32.247342050 AM",
="",2619,1.0,2096 탎,2462 MHz,11,-69 dBm,Wi-Fi 1 (802.11b),False,323,="",="2/4/2026 6:48:32.249476045 AM",
="",2620,1.0,2016 탎,2462 MHz,11,-69 dBm,Wi-Fi 1 (802.11b),False,229,="",="2/4/2026 6:48:32.251601635 AM",
="",2624,1.0,2208 탎,2462 MHz,11,-78 dBm,Wi-Fi 1 (802.11b),False,337,="",="2/4/2026 6:48:32.257718990 AM",
="",2625,1.0,2008 탎,2462 MHz,11,-82 dBm,Wi-Fi 1 (802.11b),False,312,="",="2/4/2026 6:48:32.275516990 AM",
="",2626,11.0,415 탎,2462 MHz,11,-87 dBm,Wi-Fi 1 (802.11b),True,392,="",="2/4/2026 6:48:32.292271345 AM",
="",2632,1.0,2008 탎,2462 MHz,11,-80 dBm,Wi-Fi 1 (802.11b),False,312,="",="2/4/2026 6:48:32.309584990 AM",
="",2635,24.0,40 탎,2462 MHz,11,-83 dBm,Wi-Fi 3 (802.11g),False,115,="",="2/4/2026 6:48:32.317515620 AM",
="",2636,1.0,2208 탎,2462 MHz,11,-86 dBm,Wi-Fi 1 (802.11b),False,337,="",="2/4/2026 6:48:32.326714630 AM",
="",2637,6.0,434 탎,2462 MHz,11,-86 dBm,Wi-Fi 3 (802.11g),True,388,="",="2/4/2026 6:48:32.331002830 AM",
="",2638,1.0,2424 탎,2462 MHz,11,-70 dBm,Wi-Fi 1 (802.11b),False,364,="",="2/4/2026 6:48:32.340698335 AM",
="",2639,1.0,2008 탎,2462 MHz,11,-82 dBm,Wi-Fi 1 (802.11b),False,312,="",="2/4/2026 6:48:32.348806035 AM",
="",2640,1.0,2096 탎,2462 MHz,11,-90 dBm,Wi-Fi 1 (802.11b),False,323,="",="2/4/2026 6:48:32.351861185 AM",
="",2641,1.0,2208 탎,2462 MHz,11,-81 dBm,Wi-Fi 1 (802.11b),False,337,="",="2/4/2026 6:48:32.360119065 AM",
="",2642,1.0,2008 탎,2462 MHz,11,-84 dBm,Wi-Fi 1 (802.11b),False,312,="",="2/4/2026 6:48:32.377917650 AM",
="",2643,1.0,2288 탎,2462 MHz,11,-84 dBm,Wi-Fi 1 (802.11b),False,347,="",="2/4/2026 6:48:32.385496265 AM",
="",2644,1.0,2016 탎,2462 MHz,11,-87 dBm,Wi-Fi 1 (802.11b),False,313,="",="2/4/2026 6:48:32.388354615 AM",
="",2645,1.0,2016 탎,2462 MHz,11,-85 dBm,Wi-Fi 1 (802.11b),False,313,="",="2/4/2026 6:48:32.392671155 AM",
="",2646,11.0,415 탎,2462 MHz,11,-85 dBm,Wi-Fi 1 (802.11b),True,392,="",="2/4/2026 6:48:32.394687655 AM",
="",2647,11.0,431 탎,2462 MHz,11,-85 dBm,Wi-Fi 1 (802.11b),True,414,="",="2/4/2026 6:48:32.395100520 AM",
="",2651,1.0,2008 탎,2462 MHz,11,-78 dBm,Wi-Fi 1 (802.11b),False,312,="",="2/4/2026 6:48:32.411473225 AM",
="",2652,11.0,418 탎,2462 MHz,11,-88 dBm,Wi-Fi 1 (802.11b),True,396,="",="2/4/2026 6:48:32.416114720 AM",
="",2653,11.0,358 탎,2462 MHz,11,-87 dBm,Wi-Fi 1 (802.11b),True,313,="",="2/4/2026 6:48:32.421222965 AM",
="",2654,11.0,415 탎,2462 MHz,11,-86 dBm,Wi-Fi 1 (802.11b),False,392,="",="2/4/2026 6:48:32.421626025 AM",
="",2655,11.0,443 탎,2462 MHz,11,-86 dBm,Wi-Fi 1 (802.11b),True,430,="",="2/4/2026 6:48:32.422025185 AM",
="",2656,1.0,2208 탎,2462 MHz,11,-86 dBm,Wi-Fi 1 (802.11b),False,337,="",="2/4/2026 6:48:32.429117970 AM",
="",2660,6.0,627 탎,2462 MHz,11,-87 dBm,Wi-Fi 3 (802.11g),True,229,="",="2/4/2026 6:48:32.436081305 AM",
="",2661,1.0,2424 탎,2462 MHz,11,-69 dBm,Wi-Fi 1 (802.11b),False,364,="",="2/4/2026 6:48:32.443103355 AM",
="",2662,1.0,2096 탎,2462 MHz,11,-71 dBm,Wi-Fi 1 (802.11b),False,323,="",="2/4/2026 6:48:32.452144610 AM",
="",2663,1.0,2096 탎,2462 MHz,11,-71 dBm,Wi-Fi 1 (802.11b),False,323,="",="2/4/2026 6:48:32.454268805 AM",
="",2664,1.0,2208 탎,2462 MHz,11,-78 dBm,Wi-Fi 1 (802.11b),False,337,="",="2/4/2026 6:48:32.462518765 AM",
="",2665,1.0,2008 탎,2462 MHz,11,-84 dBm,Wi-Fi 1 (802.11b),False,312,="",="2/4/2026 6:48:32.480314350 AM",
="",2666,1.0,2016 탎,2462 MHz,11,-86 dBm,Wi-Fi 1 (802.11b),False,313,="",="2/4/2026 6:48:32.495069575 AM",
="",2667,11.0,415 탎,2462 MHz,11,-85 dBm,Wi-Fi 1 (802.11b),True,392,="",="2/4/2026 6:48:32.497086075 AM",
="",2668,1.0,2208 탎,2462 MHz,11,-84 dBm,Wi-Fi 1 (802.11b),False,337,="",="2/4/2026 6:48:32.502406575 AM",
="",2669,6.0,425 탎,2462 MHz,11,-79 dBm,Wi-Fi 3 (802.11g),False,381,="",="2/4/2026 6:48:32.505379495 AM",
="",2673,1.0,2008 탎,2462 MHz,11,-76 dBm,Wi-Fi 1 (802.11b),False,312,="",="2/4/2026 6:48:32.513721465 AM",
="",2674,11.0,415 탎,2462 MHz,11,-86 dBm,Wi-Fi 1 (802.11b),True,392,="",="2/4/2026 6:48:32.524042660 AM",
="",2675,11.0,443 탎,2462 MHz,11,-86 dBm,Wi-Fi 1 (802.11b),True,430,="",="2/4/2026 6:48:32.524426270 AM",
="",2676,1.0,2208 탎,2462 MHz,11,-82 dBm,Wi-Fi 1 (802.11b),False,337,="",="2/4/2026 6:48:32.531517870 AM",
="",2677,6.0,529 탎,2462 MHz,11,-86 dBm,Wi-Fi 3 (802.11g),False,459,="",="2/4/2026 6:48:32.534350175 AM",
="",2681,1.0,2424 탎,2462 MHz,11,-71 dBm,Wi-Fi 1 (802.11b),False,364,="",="2/4/2026 6:48:32.545505640 AM",
="",2682,1.0,2008 탎,2462 MHz,11,-82 dBm,Wi-Fi 1 (802.11b),False,312,="",="2/4/2026 6:48:32.553616835 AM",
="",2683,1.0,2096 탎,2462 MHz,11,-71 dBm,Wi-Fi 1 (802.11b),False,323,="",="2/4/2026 6:48:32.556793510 AM",
="",2684,1.0,2096 탎,2462 MHz,11,-72 dBm,Wi-Fi 1 (802.11b),False,323,="",="2/4/2026 6:48:32.558917465 AM",
="",2685,11.0,358 탎,2462 MHz,11,-80 dBm,Wi-Fi 1 (802.11b),True,313,="",="2/4/2026 6:48:32.567125820 AM",
="",2689,11.0,418 탎,2462 MHz,11,-89 dBm,Wi-Fi 1 (802.11b),True,396,="",="2/4/2026 6:48:32.580163600 AM",
="",2690,1.0,2008 탎,2462 MHz,11,-85 dBm,Wi-Fi 1 (802.11b),False,312,="",="2/4/2026 6:48:32.582717970 AM",
="",2691,1.0,2288 탎,2462 MHz,11,-84 dBm,Wi-Fi 1 (802.11b),False,347,="",="2/4/2026 6:48:32.590294250 AM",
="",2692,6.0,425 탎,2462 MHz,11,-80 dBm,Wi-Fi 3 (802.11g),False,381,="",="2/4/2026 6:48:32.607302770 AM",
="",2696,1.0,2008 탎,2462 MHz,11,-77 dBm,Wi-Fi 1 (802.11b),False,312,="",="2/4/2026 6:48:32.616121550 AM",
="",2697,24.0,35 탎,2462 MHz,11,-85 dBm,Wi-Fi 3 (802.11g),True,99,="",="2/4/2026 6:48:32.620952295 AM",
="",2698,6.0,529 탎,2462 MHz,11,-86 dBm,Wi-Fi 3 (802.11g),False,459,="",="2/4/2026 6:48:32.636640080 AM",
="",2699,6.0,67 탎,2462 MHz,11,-86 dBm,Wi-Fi 3 (802.11g),True,113,="",="2/4/2026 6:48:32.637169885 AM",
="",2700,6.0,661 탎,2462 MHz,11,-86 dBm,Wi-Fi 3 (802.11g),False,229,="",="2/4/2026 6:48:32.637634895 AM",
="",2701,6.0,687 탎,2462 MHz,11,-86 dBm,Wi-Fi 3 (802.11g),False,229,="",="2/4/2026 6:48:32.638326810 AM",
="",2702,6.0,153 탎,2462 MHz,11,-85 dBm,Wi-Fi 3 (802.11g),False,177,="",="2/4/2026 6:48:32.639039110 AM",
="",2703,1.0,2208 탎,2462 MHz,11,-77 dBm,Wi-Fi 1 (802.11b),False,337,="",="2/4/2026 6:48:32.667319200 AM",
="",2704,24.0,35 탎,2462 MHz,11,-85 dBm,Wi-Fi 3 (802.11g),True,99,="",="2/4/2026 6:48:32.673561245 AM",
="",2705,6.0,73 탎,2462 MHz,11,-85 dBm,Wi-Fi 3 (802.11g),False,117,="",="2/4/2026 6:48:32.673786670 AM",
="",2706,1.0,2008 탎,2462 MHz,11,-85 dBm,Wi-Fi 1 (802.11b),False,312,="",="2/4/2026 6:48:32.685115280 AM",
="",2707,1.0,2288 탎,2462 MHz,11,-87 dBm,Wi-Fi 1 (802.11b),False,347,="",="2/4/2026 6:48:32.692710895 AM",
="",2711,6.0,425 탎,2462 MHz,11,-80 dBm,Wi-Fi 3 (802.11g),False,381,="",="2/4/2026 6:48:32.709907050 AM",
="",2715,1.0,2008 탎,2462 MHz,11,-78 dBm,Wi-Fi 1 (802.11b),False,312,="",="2/4/2026 6:48:32.718519220 AM",
="",2716,11.0,358 탎,2462 MHz,11,-86 dBm,Wi-Fi 1 (802.11b),True,313,="",="2/4/2026 6:48:32.728424580 AM",
="",2717,11.0,415 탎,2462 MHz,11,-86 dBm,Wi-Fi 1 (802.11b),True,392,="",="2/4/2026 6:48:32.728801440 AM",
="",2718,11.0,443 탎,2462 MHz,11,-86 dBm,Wi-Fi 1 (802.11b),True,430,="",="2/4/2026 6:48:32.729224665 AM",
="",2719,1.0,2208 탎,2462 MHz,11,-83 dBm,Wi-Fi 1 (802.11b),False,337,="",="2/4/2026 6:48:32.736318305 AM",
="",2720,1.0,2424 탎,2462 MHz,11,-78 dBm,Wi-Fi 1 (802.11b),False,364,="",="2/4/2026 6:48:32.750302395 AM",
="",2721,1.0,2096 탎,2462 MHz,11,-76 dBm,Wi-Fi 1 (802.11b),False,323,="",="2/4/2026 6:48:32.759343345 AM",
="",2722,1.0,2096 탎,2462 MHz,11,-74 dBm,Wi-Fi 1 (802.11b),False,323,="",="2/4/2026 6:48:32.761467405 AM",
="",2723,1.0,2008 탎,2462 MHz,11,-83 dBm,Wi-Fi 1 (802.11b),False,312,="",="2/4/2026 6:48:32.787514990 AM",
="",2724,1.0,2288 탎,2462 MHz,11,-86 dBm,Wi-Fi 1 (802.11b),False,347,="",="2/4/2026 6:48:32.795094805 AM",
="",2725,24.0,37 탎,2462 MHz,11,-81 dBm,Wi-Fi 3 (802.11g),True,105,="",="2/4/2026 6:48:32.799523400 AM",
="",2726,24.0,37 탎,2462 MHz,11,-82 dBm,Wi-Fi 3 (802.11g),True,105,="",="2/4/2026 6:48:32.799842615 AM",
="",2727,24.0,37 탎,2462 MHz,11,-82 dBm,Wi-Fi 3 (802.11g),True,105,="",="2/4/2026 6:48:32.800116815 AM",
="",2728,1.0,2208 탎,2462 MHz,11,-82 dBm,Wi-Fi 1 (802.11b),False,337,="",="2/4/2026 6:48:32.809607120 AM",
="",2729,6.0,425 탎,2462 MHz,11,-76 dBm,Wi-Fi 3 (802.11g),False,381,="",="2/4/2026 6:48:32.812141820 AM",
="",2730,1.0,2008 탎,2462 MHz,11,-76 dBm,Wi-Fi 1 (802.11b),False,312,="",="2/4/2026 6:48:32.820928065 AM",
="",2737,11.0,358 탎,2462 MHz,11,-87 dBm,Wi-Fi 1 (802.11b),True,313,="",="2/4/2026 6:48:32.830825025 AM",
="",2738,11.0,443 탎,2462 MHz,11,-88 dBm,Wi-Fi 1 (802.11b),True,430,="",="2/4/2026 6:48:32.831624750 AM",
="",2739,1.0,2208 탎,2462 MHz,11,-84 dBm,Wi-Fi 1 (802.11b),True,337,="",="2/4/2026 6:48:32.838688255 AM",
="",2743,1.0,2424 탎,2462 MHz,11,-70 dBm,Wi-Fi 1 (802.11b),False,364,="",="2/4/2026 6:48:32.852706680 AM",
="",2744,1.0,2096 탎,2462 MHz,11,-72 dBm,Wi-Fi 1 (802.11b),False,323,="",="2/4/2026 6:48:32.861746415 AM",
="",2745,1.0,2096 탎,2462 MHz,11,-71 dBm,Wi-Fi 1 (802.11b),False,323,="",="2/4/2026 6:48:32.863872490 AM",
="",2746,1.0,2208 탎,2462 MHz,11,-72 dBm,Wi-Fi 1 (802.11b),False,337,="",="2/4/2026 6:48:32.872120170 AM",
="",2747,24.0,37 탎,2462 MHz,11,-86 dBm,Wi-Fi 3 (802.11g),True,105,="",="2/4/2026 6:48:32.884087620 AM",
="",2748,24.0,35 탎,2462 MHz,11,-74 dBm,Wi-Fi 3 (802.11g),False,99,="",="2/4/2026 6:48:32.884135595 AM",
="",2749,24.0,41 탎,2462 MHz,11,-74 dBm,Wi-Fi 3 (802.11g),False,117,="",="2/4/2026 6:48:32.884266135 AM",
="",2750,7.2,189 탎,2462 MHz,11,-72 dBm,Wi-Fi 4 (802.11n),False,227,="",="2/4/2026 6:48:32.885133865 AM",
="",2751,6.0,49 탎,2462 MHz,11,-86 dBm,Wi-Fi 3 (802.11g),False,99,="",="2/4/2026 6:48:32.885336040 AM",
="",2752,6.0,57 탎,2462 MHz,11,-71 dBm,Wi-Fi 3 (802.11g),False,105,="",="2/4/2026 6:48:32.885411950 AM",
="",2753,1.0,2008 탎,2462 MHz,11,-83 dBm,Wi-Fi 1 (802.11b),False,312,="",="2/4/2026 6:48:32.889915035 AM",
="",2754,1.0,2288 탎,2462 MHz,11,-85 dBm,Wi-Fi 1 (802.11b),False,347,="",="2/4/2026 6:48:32.897504985 AM",
="",2755,24.0,40 탎,2462 MHz,11,-80 dBm,Wi-Fi 3 (802.11g),False,115,="",="2/4/2026 6:48:32.900819755 AM",
="",2756,24.0,35 탎,2462 MHz,11,-86 dBm,Wi-Fi 3 (802.11g),True,99,="",="2/4/2026 6:48:32.900869420 AM",
="",2757,1.0,384 탎,2462 MHz,11,-83 dBm,Wi-Fi 1 (802.11b),False,109,="",="2/4/2026 6:48:32.900974005 AM",
="",2758,1.0,448 탎,2462 MHz,11,-78 dBm,Wi-Fi 1 (802.11b),False,117,="",="2/4/2026 6:48:32.901382015 AM",
="",2759,24.0,37 탎,2462 MHz,11,-84 dBm,Wi-Fi 3 (802.11g),True,105,="",="2/4/2026 6:48:32.902238540 AM",
="",2760,24.0,35 탎,2462 MHz,11,-80 dBm,Wi-Fi 3 (802.11g),False,99,="",="2/4/2026 6:48:32.902286755 AM",
="",2761,24.0,35 탎,2462 MHz,11,-80 dBm,Wi-Fi 3 (802.11g),False,99,="",="2/4/2026 6:48:32.902632865 AM",
="",2762,24.0,35 탎,2462 MHz,11,-80 dBm,Wi-Fi 3 (802.11g),False,99,="",="2/4/2026 6:48:32.902884210 AM",
="",2763,24.0,41 탎,2462 MHz,11,-80 dBm,Wi-Fi 3 (802.11g),False,117,="",="2/4/2026 6:48:32.903097700 AM",
="",2764,24.0,37 탎,2462 MHz,11,-84 dBm,Wi-Fi 3 (802.11g),False,105,="",="2/4/2026 6:48:32.904245115 AM",
="",2765,24.0,35 탎,2462 MHz,11,-74 dBm,Wi-Fi 3 (802.11g),False,99,="",="2/4/2026 6:48:32.904282970 AM",
="",2766,24.0,41 탎,2462 MHz,11,-74 dBm,Wi-Fi 3 (802.11g),False,117,="",="2/4/2026 6:48:32.904421470 AM",
="",2767,1.0,2208 탎,2462 MHz,11,-82 dBm,Wi-Fi 1 (802.11b),False,337,="",="2/4/2026 6:48:32.912007380 AM",
="",2768,24.0,37 탎,2462 MHz,11,-82 dBm,Wi-Fi 3 (802.11g),False,105,="",="2/4/2026 6:48:32.919896515 AM",
="",2769,24.0,35 탎,2462 MHz,11,-85 dBm,Wi-Fi 3 (802.11g),True,99,="",="2/4/2026 6:48:32.919933680 AM",
="",2770,24.0,41 탎,2462 MHz,11,-86 dBm,Wi-Fi 3 (802.11g),True,117,="",="2/4/2026 6:48:32.920048390 AM",
="",2771,9.0,153 탎,2462 MHz,11,-70 dBm,Wi-Fi 3 (802.11g),False,223,="",="2/4/2026 6:48:32.920838500 AM",
="",2772,6.0,49 탎,2462 MHz,11,-83 dBm,Wi-Fi 3 (802.11g),False,99,="",="2/4/2026 6:48:32.921007650 AM",
="",2773,6.0,57 탎,2462 MHz,11,-70 dBm,Wi-Fi 3 (802.11g),False,105,="",="2/4/2026 6:48:32.921079200 AM",
="",2774,1.0,2008 탎,2462 MHz,11,-75 dBm,Wi-Fi 1 (802.11b),False,312,="",="2/4/2026 6:48:32.923322550 AM",
="",2779,11.0,358 탎,2462 MHz,11,-86 dBm,Wi-Fi 1 (802.11b),False,313,="",="2/4/2026 6:48:32.933252045 AM",
="",2780,11.0,415 탎,2462 MHz,11,-87 dBm,Wi-Fi 1 (802.11b),False,392,="",="2/4/2026 6:48:32.933626050 AM",
="",2781,11.0,443 탎,2462 MHz,11,-87 dBm,Wi-Fi 1 (802.11b),False,430,="",="2/4/2026 6:48:32.934057305 AM",
="",2782,1.0,2208 탎,2462 MHz,11,-84 dBm,Wi-Fi 1 (802.11b),False,337,="",="2/4/2026 6:48:32.941118435 AM",
="",2783,6.0,529 탎,2462 MHz,11,-86 dBm,Wi-Fi 3 (802.11g),False,459,="",="2/4/2026 6:48:32.943962235 AM",
="",2784,6.0,434 탎,2462 MHz,11,-85 dBm,Wi-Fi 3 (802.11g),False,388,="",="2/4/2026 6:48:32.944506700 AM",
="",2785,6.0,661 탎,2462 MHz,11,-86 dBm,Wi-Fi 3 (802.11g),False,229,="",="2/4/2026 6:48:32.945368655 AM",
="",2786,6.0,687 탎,2462 MHz,11,-86 dBm,Wi-Fi 3 (802.11g),False,229,="",="2/4/2026 6:48:32.946058450 AM",
="",2787,6.0,654 탎,2462 MHz,11,-87 dBm,Wi-Fi 3 (802.11g),False,229,="",="2/4/2026 6:48:32.948761500 AM",
="",2788,1.0,2424 탎,2462 MHz,11,-70 dBm,Wi-Fi 1 (802.11b),False,364,="",="2/4/2026 6:48:32.955104540 AM",
="",2789,1.0,2096 탎,2462 MHz,11,-71 dBm,Wi-Fi 1 (802.11b),False,323,="",="2/4/2026 6:48:32.964144275 AM",
="",2790,1.0,2096 탎,2462 MHz,11,-72 dBm,Wi-Fi 1 (802.11b),False,323,="",="2/4/2026 6:48:32.966285965 AM",
="",2791,1.0,2208 탎,2462 MHz,11,-76 dBm,Wi-Fi 1 (802.11b),False,337,="",="2/4/2026 6:48:32.974522630 AM",
="",2795,1.0,2008 탎,2462 MHz,11,-84 dBm,Wi-Fi 1 (802.11b),False,312,="",="2/4/2026 6:48:32.992314950 AM",
="",2796,6.0,73 탎,2462 MHz,11,-86 dBm,Wi-Fi 3 (802.11g),False,117,="",="2/4/2026 6:48:32.997424605 AM",
="",2797,1.0,2288 탎,2462 MHz,11,-85 dBm,Wi-Fi 1 (802.11b),False,347,="",="2/4/2026 6:48:32.999904045 AM",
="",2799,6.0,425 탎,2462 MHz,11,-83 dBm,Wi-Fi 3 (802.11g),False,381,="",="2/4/2026 6:48:33.017050985 AM",
="",2803,1.0,2008 탎,2462 MHz,11,-76 dBm,Wi-Fi 1 (802.11b),False,312,="",="2/4/2026 6:48:33.025956595 AM",
="",2807,11.0,415 탎,2462 MHz,11,-87 dBm,Wi-Fi 1 (802.11b),True,392,="",="2/4/2026 6:48:33.035999870 AM",
="",2808,11.0,443 탎,2462 MHz,11,-86 dBm,Wi-Fi 1 (802.11b),True,430,="",="2/4/2026 6:48:33.036425750 AM",
="",2809,1.0,1024 탎,2462 MHz,11,-46 dBm,Wi-Fi 1 (802.11b),False,189,="",="2/4/2026 6:48:33.038204465 AM",
="",2810,1.0,2208 탎,2462 MHz,11,-84 dBm,Wi-Fi 1 (802.11b),False,337,="",="2/4/2026 6:48:33.043518230 AM",
="",2811,6.0,529 탎,2462 MHz,11,-86 dBm,Wi-Fi 3 (802.11g),False,459,="",="2/4/2026 6:48:33.046316080 AM",
="",2812,6.0,434 탎,2462 MHz,11,-86 dBm,Wi-Fi 3 (802.11g),False,388,="",="2/4/2026 6:48:33.046886065 AM",
="",2813,6.0,219 탎,2462 MHz,11,-86 dBm,Wi-Fi 3 (802.11g),False,227,="",="2/4/2026 6:48:33.047323475 AM",
="",2814,6.0,246 탎,2462 MHz,11,-86 dBm,Wi-Fi 3 (802.11g),False,229,="",="2/4/2026 6:48:33.047567195 AM",
="",2815,6.0,709 탎,2462 MHz,11,-86 dBm,Wi-Fi 3 (802.11g),True,229,="",="2/4/2026 6:48:33.047839680 AM",
="",2816,6.0,735 탎,2462 MHz,11,-87 dBm,Wi-Fi 3 (802.11g),False,229,="",="2/4/2026 6:48:33.048577305 AM",
="",2817,1.0,2424 탎,2462 MHz,11,-74 dBm,Wi-Fi 1 (802.11b),False,364,="",="2/4/2026 6:48:33.057506400 AM",
="",2818,1.0,2008 탎,2462 MHz,11,-80 dBm,Wi-Fi 1 (802.11b),False,312,="",="2/4/2026 6:48:33.065607260 AM",
="",2819,1.0,2096 탎,2462 MHz,11,-76 dBm,Wi-Fi 1 (802.11b),False,323,="",="2/4/2026 6:48:33.068730480 AM",
="",2820,1.0,2008 탎,2462 MHz,11,-83 dBm,Wi-Fi 1 (802.11b),False,312,="",="2/4/2026 6:48:33.094717090 AM",
="",2821,6.0,169 탎,2462 MHz,11,-44 dBm,Wi-Fi 3 (802.11g),False,189,="",="2/4/2026 6:48:33.099597245 AM",
="",2822,1.0,2288 탎,2462 MHz,11,-85 dBm,Wi-Fi 1 (802.11b),False,347,="",="2/4/2026 6:48:33.102307025 AM",
="",2829,1.0,2208 탎,2462 MHz,11,-82 dBm,Wi-Fi 1 (802.11b),False,337,="",="2/4/2026 6:48:33.116807740 AM",
="",2830,6.0,425 탎,2462 MHz,11,-78 dBm,Wi-Fi 3 (802.11g),False,381,="",="2/4/2026 6:48:33.119372520 AM",
="",2831,24.0,40 탎,2462 MHz,11,-84 dBm,Wi-Fi 3 (802.11g),True,115,="",="2/4/2026 6:48:33.125506185 AM",
="",2832,24.0,35 탎,2462 MHz,11,-86 dBm,Wi-Fi 3 (802.11g),True,99,="",="2/4/2026 6:48:33.125550610 AM",
="",2833,1.0,2008 탎,2462 MHz,11,-75 dBm,Wi-Fi 1 (802.11b),False,312,="",="2/4/2026 6:48:33.128123430 AM",
="",2837,11.0,358 탎,2462 MHz,11,-85 dBm,Wi-Fi 1 (802.11b),True,313,="",="2/4/2026 6:48:33.138098700 AM",
="",2838,11.0,415 탎,2462 MHz,11,-86 dBm,Wi-Fi 1 (802.11b),False,392,="",="2/4/2026 6:48:33.138484120 AM",
="",2839,11.0,443 탎,2462 MHz,11,-86 dBm,Wi-Fi 1 (802.11b),True,430,="",="2/4/2026 6:48:33.138883425 AM",
="",2840,1.0,2208 탎,2462 MHz,11,-81 dBm,Wi-Fi 1 (802.11b),False,337,="",="2/4/2026 6:48:33.145918675 AM",
="",2841,6.0,434 탎,2462 MHz,11,-86 dBm,Wi-Fi 3 (802.11g),False,388,="",="2/4/2026 6:48:33.148629760 AM",
="",2842,6.0,1765 탎,2462 MHz,11,-85 dBm,Wi-Fi 3 (802.11g),False,229,="",="2/4/2026 6:48:33.149064260 AM",
="",2843,6.0,1791 탎,2462 MHz,11,-86 dBm,Wi-Fi 3 (802.11g),False,229,="",="2/4/2026 6:48:33.150852555 AM",
="",2844,1.0,2424 탎,2462 MHz,11,-78 dBm,Wi-Fi 1 (802.11b),False,364,="",="2/4/2026 6:48:33.159944075 AM",
="",2845,1.0,2008 탎,2462 MHz,11,-80 dBm,Wi-Fi 1 (802.11b),True,312,="",="2/4/2026 6:48:33.167980025 AM",
="",2846,1.0,2096 탎,2462 MHz,11,-75 dBm,Wi-Fi 1 (802.11b),False,323,="",="2/4/2026 6:48:33.171077350 AM",
="",2847,24.0,35 탎,2462 MHz,11,-86 dBm,Wi-Fi 3 (802.11g),False,99,="",="2/4/2026 6:48:33.174339590 AM",
="",2848,6.0,73 탎,2462 MHz,11,-87 dBm,Wi-Fi 3 (802.11g),False,117,="",="2/4/2026 6:48:33.174750865 AM",
="",2849,1.0,2208 탎,2462 MHz,11,-78 dBm,Wi-Fi 1 (802.11b),False,337,="",="2/4/2026 6:48:33.179320295 AM",
="",2850,1.0,2008 탎,2462 MHz,11,-81 dBm,Wi-Fi 1 (802.11b),False,312,="",="2/4/2026 6:48:33.197116615 AM",
="",2851,11.0,415 탎,2462 MHz,11,-87 dBm,Wi-Fi 1 (802.11b),True,392,="",="2/4/2026 6:48:33.213879290 AM",
="",2852,1.0,2208 탎,2462 MHz,11,-81 dBm,Wi-Fi 1 (802.11b),False,337,="",="2/4/2026 6:48:33.219207665 AM",
="",2853,6.0,425 탎,2462 MHz,11,-80 dBm,Wi-Fi 3 (802.11g),False,381,="",="2/4/2026 6:48:33.221911105 AM",
="",2854,1.0,2016 탎,2462 MHz,11,-89 dBm,Wi-Fi 1 (802.11b),False,313,="",="2/4/2026 6:48:33.233101425 AM",
="",2855,11.0,358 탎,2462 MHz,11,-86 dBm,Wi-Fi 1 (802.11b),True,313,="",="2/4/2026 6:48:33.240427410 AM",
="",2856,11.0,443 탎,2462 MHz,11,-86 dBm,Wi-Fi 1 (802.11b),True,430,="",="2/4/2026 6:48:33.241229815 AM",
="",2863,1.0,2208 탎,2462 MHz,11,-83 dBm,Wi-Fi 1 (802.11b),False,337,="",="2/4/2026 6:48:33.248319455 AM",
="",2864,6.0,434 탎,2462 MHz,11,-84 dBm,Wi-Fi 3 (802.11g),False,388,="",="2/4/2026 6:48:33.250999710 AM",
="",2865,6.0,1578 탎,2462 MHz,11,-85 dBm,Wi-Fi 3 (802.11g),False,229,="",="2/4/2026 6:48:33.253012635 AM",
="",2866,1.0,2424 탎,2462 MHz,11,-81 dBm,Wi-Fi 1 (802.11b),False,364,="",="2/4/2026 6:48:33.262309945 AM",
="",2867,1.0,2096 탎,2462 MHz,11,-78 dBm,Wi-Fi 1 (802.11b),False,323,="",="2/4/2026 6:48:33.273474210 AM",
="",2868,1.0,2208 탎,2462 MHz,11,-78 dBm,Wi-Fi 1 (802.11b),False,337,="",="2/4/2026 6:48:33.281720435 AM",
="",2869,1.0,1024 탎,2462 MHz,11,-43 dBm,Wi-Fi 1 (802.11b),True,189,="",="2/4/2026 6:48:33.296151960 AM",
="",2870,1.0,2008 탎,2462 MHz,11,-80 dBm,Wi-Fi 1 (802.11b),False,312,="",="2/4/2026 6:48:33.299517915 AM",
="",2871,1.0,2288 탎,2462 MHz,11,-86 dBm,Wi-Fi 1 (802.11b),False,347,="",="2/4/2026 6:48:33.307110970 AM",
="",2872,1.0,2208 탎,2462 MHz,11,-80 dBm,Wi-Fi 1 (802.11b),False,337,="",="2/4/2026 6:48:33.321607405 AM",
="",2873,6.0,425 탎,2462 MHz,11,-76 dBm,Wi-Fi 3 (802.11g),False,381,="",="2/4/2026 6:48:33.324193720 AM",
="",2874,1.0,2008 탎,2462 MHz,11,-71 dBm,Wi-Fi 1 (802.11b),False,312,="",="2/4/2026 6:48:33.332924070 AM",
="",2875,11.0,358 탎,2462 MHz,11,-87 dBm,Wi-Fi 1 (802.11b),False,313,="",="2/4/2026 6:48:33.342853885 AM",
="",2876,11.0,415 탎,2462 MHz,11,-86 dBm,Wi-Fi 1 (802.11b),True,392,="",="2/4/2026 6:48:33.343198995 AM",
="",2880,6.0,529 탎,2462 MHz,11,-87 dBm,Wi-Fi 3 (802.11g),False,459,="",="2/4/2026 6:48:33.353540300 AM",
="",2881,6.0,434 탎,2462 MHz,11,-87 dBm,Wi-Fi 3 (802.11g),False,388,="",="2/4/2026 6:48:33.356682555 AM",
="",2882,1.0,2424 탎,2462 MHz,11,-83 dBm,Wi-Fi 1 (802.11b),False,364,="",="2/4/2026 6:48:33.364711220 AM",
="",2883,1.0,2008 탎,2462 MHz,11,-80 dBm,Wi-Fi 1 (802.11b),False,312,="",="2/4/2026 6:48:33.372812520 AM",
="",2884,1.0,2096 탎,2462 MHz,11,-83 dBm,Wi-Fi 1 (802.11b),False,323,="",="2/4/2026 6:48:33.375873750 AM",
="",2888,1.0,2208 탎,2462 MHz,11,-79 dBm,Wi-Fi 1 (802.11b),False,337,="",="2/4/2026 6:48:33.384123550 AM",
="",2889,6.0,338 탎,2462 MHz,11,-87 dBm,Wi-Fi 3 (802.11g),False,316,="",="2/4/2026 6:48:33.397768565 AM",
="",2893,1.0,2288 탎,2462 MHz,11,-83 dBm,Wi-Fi 1 (802.11b),False,347,="",="2/4/2026 6:48:33.409513100 AM",
="",2894,1.0,2016 탎,2462 MHz,11,-88 dBm,Wi-Fi 1 (802.11b),False,313,="",="2/4/2026 6:48:33.412361555 AM",
="",2895,1.0,2208 탎,2462 MHz,11,-80 dBm,Wi-Fi 1 (802.11b),False,337,="",="2/4/2026 6:48:33.424007615 AM",
="",2896,6.0,425 탎,2462 MHz,11,-78 dBm,Wi-Fi 3 (802.11g),False,381,="",="2/4/2026 6:48:33.426525460 AM",
="",2897,1.0,2008 탎,2462 MHz,11,-72 dBm,Wi-Fi 1 (802.11b),False,312,="",="2/4/2026 6:48:33.435322265 AM",
="",2898,11.0,401 탎,2462 MHz,11,-87 dBm,Wi-Fi 1 (802.11b),True,373,="",="2/4/2026 6:48:33.439664900 AM",
="",2899,11.0,418 탎,2462 MHz,11,-89 dBm,Wi-Fi 1 (802.11b),True,396,="",="2/4/2026 6:48:33.440082925 AM",
="",2900,11.0,296 탎,2462 MHz,11,-88 dBm,Wi-Fi 1 (802.11b),True,228,="",="2/4/2026 6:48:33.440531245 AM",
="",2901,11.0,281 탎,2462 MHz,11,-88 dBm,Wi-Fi 1 (802.11b),True,208,="",="2/4/2026 6:48:33.440840045 AM",
="",2902,11.0,415 탎,2462 MHz,11,-85 dBm,Wi-Fi 1 (802.11b),False,392,="",="2/4/2026 6:48:33.445655140 AM",
="",2903,11.0,443 탎,2462 MHz,11,-85 dBm,Wi-Fi 1 (802.11b),False,430,="",="2/4/2026 6:48:33.446084140 AM",
="",2907,1.0,2208 탎,2462 MHz,11,-82 dBm,Wi-Fi 1 (802.11b),False,337,="",="2/4/2026 6:48:33.453118790 AM",
="",2908,6.0,529 탎,2462 MHz,11,-87 dBm,Wi-Fi 3 (802.11g),False,459,="",="2/4/2026 6:48:33.455947375 AM",
="",2909,6.0,434 탎,2462 MHz,11,-86 dBm,Wi-Fi 3 (802.11g),False,388,="",="2/4/2026 6:48:33.459177635 AM",
="",2910,1.0,2424 탎,2462 MHz,11,-76 dBm,Wi-Fi 1 (802.11b),False,364,="",="2/4/2026 6:48:33.467110495 AM",
="",2911,1.0,2008 탎,2462 MHz,11,-80 dBm,Wi-Fi 1 (802.11b),False,312,="",="2/4/2026 6:48:33.475207435 AM",
="",2912,1.0,2096 탎,2462 MHz,11,-79 dBm,Wi-Fi 1 (802.11b),False,323,="",="2/4/2026 6:48:33.478304815 AM",
="",2913,1.0,2208 탎,2462 MHz,11,-78 dBm,Wi-Fi 1 (802.11b),False,337,="",="2/4/2026 6:48:33.486524225 AM",
="",2914,6.0,511 탎,2462 MHz,11,-86 dBm,Wi-Fi 3 (802.11g),False,446,="",="2/4/2026 6:48:33.494044155 AM",
="",2915,6.0,434 탎,2462 MHz,11,-87 dBm,Wi-Fi 3 (802.11g),False,388,="",="2/4/2026 6:48:33.494594780 AM",
="",2916,6.0,454 탎,2462 MHz,11,-86 dBm,Wi-Fi 3 (802.11g),False,403,="",="2/4/2026 6:48:33.495174075 AM",
="",2917,1.0,2016 탎,2462 MHz,11,-89 dBm,Wi-Fi 1 (802.11b),True,313,="",="2/4/2026 6:48:33.499318880 AM",
="",2918,11.0,418 탎,2462 MHz,11,-89 dBm,Wi-Fi 1 (802.11b),True,396,="",="2/4/2026 6:48:33.501764055 AM",
="",2919,1.0,2008 탎,2462 MHz,11,-81 dBm,Wi-Fi 1 (802.11b),False,312,="",="2/4/2026 6:48:33.504316025 AM",
="",2920,1.0,2288 탎,2462 MHz,11,-84 dBm,Wi-Fi 1 (802.11b),False,347,="",="2/4/2026 6:48:33.511916855 AM",
="",2921,11.0,431 탎,2462 MHz,11,-87 dBm,Wi-Fi 1 (802.11b),True,414,="",="2/4/2026 6:48:33.517205650 AM",
="",2924,1.0,2016 탎,2462 MHz,11,-86 dBm,Wi-Fi 1 (802.11b),False,313,="",="2/4/2026 6:48:33.519081730 AM",
="",2926,11.0,415 탎,2462 MHz,11,-85 dBm,Wi-Fi 1 (802.11b),True,392,="",="2/4/2026 6:48:33.521098230 AM",
="",2927,11.0,431 탎,2462 MHz,11,-85 dBm,Wi-Fi 1 (802.11b),True,414,="",="2/4/2026 6:48:33.521513215 AM",
="",2928,1.0,304 탎,2462 MHz,11,-84 dBm,Wi-Fi 1 (802.11b),False,99,="",="2/4/2026 6:48:33.525488420 AM",
="",2929,1.0,2208 탎,2462 MHz,11,-81 dBm,Wi-Fi 1 (802.11b),False,337,="",="2/4/2026 6:48:33.526408075 AM",
="",2930,6.0,425 탎,2462 MHz,11,-80 dBm,Wi-Fi 3 (802.11g),False,381,="",="2/4/2026 6:48:33.528996430 AM",
="",2931,1.0,2008 탎,2462 MHz,11,-72 dBm,Wi-Fi 1 (802.11b),False,312,="",="2/4/2026 6:48:33.537720805 AM",
="",2932,11.0,418 탎,2462 MHz,11,-87 dBm,Wi-Fi 1 (802.11b),False,396,="",="2/4/2026 6:48:33.542509600 AM",
="",2933,11.0,358 탎,2462 MHz,11,-84 dBm,Wi-Fi 1 (802.11b),False,313,="",="2/4/2026 6:48:33.548416525 AM",
="",2934,11.0,443 탎,2462 MHz,11,-84 dBm,Wi-Fi 1 (802.11b),False,430,="",="2/4/2026 6:48:33.549227210 AM",
="",2935,11.0,394 탎,2462 MHz,11,-84 dBm,Wi-Fi 1 (802.11b),False,229,="",="2/4/2026 6:48:33.549677035 AM",
="",2936,1.0,2208 탎,2462 MHz,11,-79 dBm,Wi-Fi 1 (802.11b),False,337,="",="2/4/2026 6:48:33.555519265 AM",
="",2937,6.0,529 탎,2462 MHz,11,-87 dBm,Wi-Fi 3 (802.11g),False,459,="",="2/4/2026 6:48:33.558493870 AM",
="",2939,6.0,434 탎,2462 MHz,11,-85 dBm,Wi-Fi 3 (802.11g),True,388,="",="2/4/2026 6:48:33.559023035 AM",
="",2942,1.0,2424 탎,2462 MHz,11,-84 dBm,Wi-Fi 1 (802.11b),False,364,="",="2/4/2026 6:48:33.569515450 AM",
="",2943,1.0,2008 탎,2462 MHz,11,-78 dBm,Wi-Fi 1 (802.11b),False,312,="",="2/4/2026 6:48:33.577607550 AM",
="",2944,1.0,2096 탎,2462 MHz,11,-84 dBm,Wi-Fi 1 (802.11b),False,323,="",="2/4/2026 6:48:33.580678620 AM",
="",2945,1.0,416 탎,2462 MHz,11,-79 dBm,Wi-Fi 1 (802.11b),False,113,="",="2/4/2026 6:48:33.584097850 AM",
="",2946,1.0,416 탎,2462 MHz,11,-79 dBm,Wi-Fi 1 (802.11b),False,113,="",="2/4/2026 6:48:33.584626035 AM",
="",2947,1.0,304 탎,2462 MHz,11,-85 dBm,Wi-Fi 1 (802.11b),False,99,="",="2/4/2026 6:48:33.585044850 AM",
="",2948,1.0,2208 탎,2462 MHz,11,-75 dBm,Wi-Fi 1 (802.11b),False,337,="",="2/4/2026 6:48:33.588924780 AM",
="",2949,6.0,434 탎,2462 MHz,11,-87 dBm,Wi-Fi 3 (802.11g),False,388,="",="2/4/2026 6:48:33.596977360 AM",
="",2950,6.0,338 탎,2462 MHz,11,-86 dBm,Wi-Fi 3 (802.11g),True,316,="",="2/4/2026 6:48:33.602599810 AM",
="",2951,1.0,2008 탎,2462 MHz,11,-81 dBm,Wi-Fi 1 (802.11b),False,312,="",="2/4/2026 6:48:33.606716100 AM",
="",2952,1.0,2288 탎,2462 MHz,11,-86 dBm,Wi-Fi 1 (802.11b),False,347,="",="2/4/2026 6:48:33.614331090 AM",
="",2953,1.0,2016 탎,2462 MHz,11,-88 dBm,Wi-Fi 1 (802.11b),False,313,="",="2/4/2026 6:48:33.617162665 AM",
="",2954,1.0,2016 탎,2462 MHz,11,-87 dBm,Wi-Fi 1 (802.11b),False,313,="",="2/4/2026 6:48:33.621482085 AM",
="",2955,11.0,415 탎,2462 MHz,11,-87 dBm,Wi-Fi 1 (802.11b),True,392,="",="2/4/2026 6:48:33.623498585 AM",
="",2956,11.0,431 탎,2462 MHz,11,-87 dBm,Wi-Fi 1 (802.11b),True,414,="",="2/4/2026 6:48:33.623911090 AM",
="",2957,1.0,2208 탎,2462 MHz,11,-80 dBm,Wi-Fi 1 (802.11b),False,337,="",="2/4/2026 6:48:33.628808110 AM",
="",2958,6.0,425 탎,2462 MHz,11,-80 dBm,Wi-Fi 3 (802.11g),False,381,="",="2/4/2026 6:48:33.631408640 AM",
="",2959,1.0,2008 탎,2462 MHz,11,-72 dBm,Wi-Fi 1 (802.11b),False,312,="",="2/4/2026 6:48:33.640288850 AM",
="",2960,11.0,401 탎,2462 MHz,11,-88 dBm,Wi-Fi 1 (802.11b),True,373,="",="2/4/2026 6:48:33.644465850 AM",
="",2961,11.0,418 탎,2462 MHz,11,-88 dBm,Wi-Fi 1 (802.11b),True,396,="",="2/4/2026 6:48:33.644883075 AM",
="",2962,11.0,358 탎,2462 MHz,11,-85 dBm,Wi-Fi 1 (802.11b),True,313,="",="2/4/2026 6:48:33.650029335 AM",
="",2963,11.0,415 탎,2462 MHz,11,-84 dBm,Wi-Fi 1 (802.11b),True,392,="",="2/4/2026 6:48:33.650400595 AM",
="",2964,11.0,443 탎,2462 MHz,11,-84 dBm,Wi-Fi 1 (802.11b),True,430,="",="2/4/2026 6:48:33.650828955 AM",
="",2966,1.0,2208 탎,2462 MHz,11,-82 dBm,Wi-Fi 1 (802.11b),False,337,="",="2/4/2026 6:48:33.657919080 AM",
="",2969,6.0,529 탎,2462 MHz,11,-87 dBm,Wi-Fi 3 (802.11g),False,459,="",="2/4/2026 6:48:33.660722610 AM",
="",2970,6.0,434 탎,2462 MHz,11,-87 dBm,Wi-Fi 3 (802.11g),False,388,="",="2/4/2026 6:48:33.661272395 AM",
="",2974,1.0,2424 탎,2462 MHz,11,-82 dBm,Wi-Fi 1 (802.11b),False,364,="",="2/4/2026 6:48:33.671914425 AM",
="",2975,1.0,856 탎,2462 MHz,11,-86 dBm,Wi-Fi 1 (802.11b),False,168,="",="2/4/2026 6:48:33.676759675 AM",
="",2976,1.0,2008 탎,2462 MHz,11,-77 dBm,Wi-Fi 1 (802.11b),False,312,="",="2/4/2026 6:48:33.680007725 AM",
="",2977,1.0,2096 탎,2462 MHz,11,-80 dBm,Wi-Fi 1 (802.11b),False,323,="",="2/4/2026 6:48:33.683080930 AM",
="",2978,1.0,2208 탎,2462 MHz,11,-72 dBm,Wi-Fi 1 (802.11b),False,337,="",="2/4/2026 6:48:33.691324275 AM",
="",2982,1.0,2016 탎,2462 MHz,11,-89 dBm,Wi-Fi 1 (802.11b),False,313,="",="2/4/2026 6:48:33.704148705 AM",
="",2983,11.0,401 탎,2462 MHz,11,-89 dBm,Wi-Fi 1 (802.11b),True,373,="",="2/4/2026 6:48:33.706165205 AM",
="",2984,11.0,418 탎,2462 MHz,11,-90 dBm,Wi-Fi 1 (802.11b),True,396,="",="2/4/2026 6:48:33.706564025 AM",
="",2986,1.0,2288 탎,2462 MHz,11,-85 dBm,Wi-Fi 1 (802.11b),False,347,="",="2/4/2026 6:48:33.716712570 AM",
="",2987,11.0,431 탎,2462 MHz,11,-88 dBm,Wi-Fi 1 (802.11b),True,229,="",="2/4/2026 6:48:33.721997125 AM",
="",2988,1.0,2208 탎,2462 MHz,11,-80 dBm,Wi-Fi 1 (802.11b),False,337,="",="2/4/2026 6:48:33.731208045 AM",
="",2989,6.0,425 탎,2462 MHz,11,-80 dBm,Wi-Fi 3 (802.11g),False,381,="",="2/4/2026 6:48:33.733844095 AM",
="",2990,1.0,2008 탎,2462 MHz,11,-71 dBm,Wi-Fi 1 (802.11b),False,312,="",="2/4/2026 6:48:33.742520975 AM",
="",2991,11.0,418 탎,2462 MHz,11,-87 dBm,Wi-Fi 1 (802.11b),True,396,="",="2/4/2026 6:48:33.747283755 AM",
="",2992,11.0,358 탎,2462 MHz,11,-85 dBm,Wi-Fi 1 (802.11b),True,313,="",="2/4/2026 6:48:33.752429830 AM",
="",2993,11.0,415 탎,2462 MHz,11,-83 dBm,Wi-Fi 1 (802.11b),True,392,="",="2/4/2026 6:48:33.752801075 AM",
="",2994,11.0,443 탎,2462 MHz,11,-84 dBm,Wi-Fi 1 (802.11b),True,430,="",="2/4/2026 6:48:33.753229235 AM",
="",2995,1.0,2208 탎,2462 MHz,11,-82 dBm,Wi-Fi 1 (802.11b),False,337,="",="2/4/2026 6:48:33.760319875 AM",
="",2996,6.0,529 탎,2462 MHz,11,-87 dBm,Wi-Fi 3 (802.11g),True,459,="",="2/4/2026 6:48:33.763126405 AM",
="",3000,1.0,2424 탎,2462 MHz,11,-82 dBm,Wi-Fi 1 (802.11b),False,364,="",="2/4/2026 6:48:33.774318580 AM",
="",3001,1.0,2008 탎,2462 MHz,11,-76 dBm,Wi-Fi 1 (802.11b),False,312,="",="2/4/2026 6:48:33.782418400 AM",
="",3002,1.0,2096 탎,2462 MHz,11,-82 dBm,Wi-Fi 1 (802.11b),True,323,="",="2/4/2026 6:48:33.785795765 AM",
="",3003,1.0,2208 탎,2462 MHz,11,-70 dBm,Wi-Fi 1 (802.11b),False,337,="",="2/4/2026 6:48:33.793724295 AM",
="",3004,11.0,415 탎,2462 MHz,11,-89 dBm,Wi-Fi 1 (802.11b),True,392,="",="2/4/2026 6:48:33.796299190 AM",
="",3005,11.0,439 탎,2462 MHz,11,-89 dBm,Wi-Fi 1 (802.11b),True,425,="",="2/4/2026 6:48:33.796724905 AM",
="",3006,6.0,511 탎,2462 MHz,11,-87 dBm,Wi-Fi 3 (802.11g),False,446,="",="2/4/2026 6:48:33.801237465 AM",
="",3007,6.0,434 탎,2462 MHz,11,-87 dBm,Wi-Fi 3 (802.11g),False,388,="",="2/4/2026 6:48:33.801788395 AM",
="",3011,1.0,2016 탎,2462 MHz,11,-87 dBm,Wi-Fi 1 (802.11b),False,313,="",="2/4/2026 6:48:33.806546285 AM",
="",3012,11.0,401 탎,2462 MHz,11,-88 dBm,Wi-Fi 1 (802.11b),True,373,="",="2/4/2026 6:48:33.808562785 AM",
="",3013,11.0,418 탎,2462 MHz,11,-88 dBm,Wi-Fi 1 (802.11b),True,396,="",="2/4/2026 6:48:33.808964365 AM",
="",3014,1.0,2008 탎,2462 MHz,11,-79 dBm,Wi-Fi 1 (802.11b),False,312,="",="2/4/2026 6:48:33.811516135 AM",
="",3015,1.0,2288 탎,2462 MHz,11,-85 dBm,Wi-Fi 1 (802.11b),False,347,="",="2/4/2026 6:48:33.819145125 AM",
="",3016,1.0,2016 탎,2462 MHz,11,-89 dBm,Wi-Fi 1 (802.11b),False,313,="",="2/4/2026 6:48:33.821963900 AM",
="",3017,11.0,431 탎,2462 MHz,11,-88 dBm,Wi-Fi 1 (802.11b),True,414,="",="2/4/2026 6:48:33.824396625 AM",
="",3018,11.0,415 탎,2462 MHz,11,-86 dBm,Wi-Fi 1 (802.11b),True,392,="",="2/4/2026 6:48:33.828284410 AM",
="",3019,1.0,2208 탎,2462 MHz,11,-76 dBm,Wi-Fi 1 (802.11b),False,337,="",="2/4/2026 6:48:33.833608185 AM",
="",3020,6.0,425 탎,2462 MHz,11,-84 dBm,Wi-Fi 3 (802.11g),False,381,="",="2/4/2026 6:48:33.836113310 AM",
="",3021,1.0,2008 탎,2462 MHz,11,-72 dBm,Wi-Fi 1 (802.11b),False,312,="",="2/4/2026 6:48:33.844921115 AM",
="",3022,1.0,2016 탎,2462 MHz,11,-86 dBm,Wi-Fi 1 (802.11b),False,313,="",="2/4/2026 6:48:33.847263775 AM",
="",3023,11.0,401 탎,2462 MHz,11,-89 dBm,Wi-Fi 1 (802.11b),True,373,="",="2/4/2026 6:48:33.849280275 AM",
="",3024,11.0,418 탎,2462 MHz,11,-87 dBm,Wi-Fi 1 (802.11b),True,396,="",="2/4/2026 6:48:33.849683295 AM",
="",3025,11.0,358 탎,2462 MHz,11,-83 dBm,Wi-Fi 1 (802.11b),False,313,="",="2/4/2026 6:48:33.854857130 AM",
="",3026,11.0,415 탎,2462 MHz,11,-82 dBm,Wi-Fi 1 (802.11b),True,392,="",="2/4/2026 6:48:33.855203455 AM",
="",3027,6.0,338 탎,2462 MHz,11,-85 dBm,Wi-Fi 3 (802.11g),False,316,="",="2/4/2026 6:48:33.858575980 AM",
="",3028,1.0,2208 탎,2462 MHz,11,-81 dBm,Wi-Fi 1 (802.11b),False,337,="",="2/4/2026 6:48:33.862719375 AM",
="",3029,6.0,529 탎,2462 MHz,11,-87 dBm,Wi-Fi 3 (802.11g),False,459,="",="2/4/2026 6:48:33.865526185 AM",
="",3030,6.0,434 탎,2462 MHz,11,-86 dBm,Wi-Fi 3 (802.11g),False,388,="",="2/4/2026 6:48:33.866066610 AM",
="",3034,6.0,342 탎,2462 MHz,11,-83 dBm,Wi-Fi 3 (802.11g),False,319,="",="2/4/2026 6:48:33.884175830 AM",
="",3035,1.0,2096 탎,2462 MHz,11,-82 dBm,Wi-Fi 1 (802.11b),False,323,="",="2/4/2026 6:48:33.886229105 AM",
="",3036,1.0,2096 탎,2462 MHz,11,-82 dBm,Wi-Fi 1 (802.11b),False,323,="",="2/4/2026 6:48:33.888353620 AM",
="",3037,1.0,2208 탎,2462 MHz,11,-71 dBm,Wi-Fi 1 (802.11b),False,337,="",="2/4/2026 6:48:33.896124355 AM",
="",3038,6.0,511 탎,2462 MHz,11,-86 dBm,Wi-Fi 3 (802.11g),False,446,="",="2/4/2026 6:48:33.903662020 AM",
="",3039,6.0,434 탎,2462 MHz,11,-86 dBm,Wi-Fi 3 (802.11g),False,388,="",="2/4/2026 6:48:33.904197390 AM",
="",3040,6.0,454 탎,2462 MHz,11,-87 dBm,Wi-Fi 3 (802.11g),False,403,="",="2/4/2026 6:48:33.904657185 AM",
="",3041,6.0,219 탎,2462 MHz,11,-86 dBm,Wi-Fi 3 (802.11g),False,227,="",="2/4/2026 6:48:33.905115355 AM",
="",3042,6.0,246 탎,2462 MHz,11,-86 dBm,Wi-Fi 3 (802.11g),False,229,="",="2/4/2026 6:48:33.905358650 AM",
="",3043,24.0,35 탎,2462 MHz,11,-82 dBm,Wi-Fi 3 (802.11g),False,99,="",="2/4/2026 6:48:33.905695905 AM",
="",3044,24.0,41 탎,2462 MHz,11,-82 dBm,Wi-Fi 3 (802.11g),False,117,="",="2/4/2026 6:48:33.905826245 AM",
="",3045,6.0,338 탎,2462 MHz,11,-83 dBm,Wi-Fi 3 (802.11g),False,316,="",="2/4/2026 6:48:33.909776225 AM",
="",3046,1.0,2008 탎,2462 MHz,11,-80 dBm,Wi-Fi 1 (802.11b),False,312,="",="2/4/2026 6:48:33.913916835 AM",
="",3047,7.2,189 탎,2462 MHz,11,-78 dBm,Wi-Fi 4 (802.11n),False,227,="",="2/4/2026 6:48:33.920310785 AM",
="",3048,6.0,57 탎,2462 MHz,11,-79 dBm,Wi-Fi 3 (802.11g),False,105,="",="2/4/2026 6:48:33.920589350 AM",
="",3049,1.0,2288 탎,2462 MHz,11,-85 dBm,Wi-Fi 1 (802.11b),False,347,="",="2/4/2026 6:48:33.921534905 AM",
="",3050,1.0,2016 탎,2462 MHz,11,-86 dBm,Wi-Fi 1 (802.11b),False,313,="",="2/4/2026 6:48:33.924364895 AM",
="",3051,11.0,431 탎,2462 MHz,11,-88 dBm,Wi-Fi 1 (802.11b),True,414,="",="2/4/2026 6:48:33.926796980 AM",
="",3052,1.0,2016 탎,2462 MHz,11,-86 dBm,Wi-Fi 1 (802.11b),False,313,="",="2/4/2026 6:48:33.928684940 AM",
="",3053,11.0,431 탎,2462 MHz,11,-86 dBm,Wi-Fi 1 (802.11b),True,414,="",="2/4/2026 6:48:33.931114080 AM",
="",3054,11.0,435 탎,2462 MHz,11,-90 dBm,Wi-Fi 1 (802.11b),True,419,="",="2/4/2026 6:48:33.932026275 AM",
="",3055,11.0,435 탎,2462 MHz,11,-89 dBm,Wi-Fi 1 (802.11b),True,419,="",="2/4/2026 6:48:33.932726495 AM",
="",3056,11.0,435 탎,2462 MHz,11,-89 dBm,Wi-Fi 1 (802.11b),True,229,="",="2/4/2026 6:48:33.933481025 AM",
="",3058,1.0,2208 탎,2462 MHz,11,-78 dBm,Wi-Fi 1 (802.11b),False,337,="",="2/4/2026 6:48:33.936008300 AM",
="",3061,6.0,425 탎,2462 MHz,11,-78 dBm,Wi-Fi 3 (802.11g),False,381,="",="2/4/2026 6:48:33.938821425 AM",
="",3063,1.0,2008 탎,2462 MHz,11,-73 dBm,Wi-Fi 1 (802.11b),False,312,="",="2/4/2026 6:48:33.947321470 AM",
="",3064,11.0,401 탎,2462 MHz,11,-87 dBm,Wi-Fi 1 (802.11b),True,373,="",="2/4/2026 6:48:33.951669600 AM",
="",3065,11.0,418 탎,2462 MHz,11,-87 dBm,Wi-Fi 1 (802.11b),True,396,="",="2/4/2026 6:48:33.952084290 AM",
="",3066,24.0,41 탎,2462 MHz,11,-88 dBm,Wi-Fi 3 (802.11g),True,117,="",="2/4/2026 6:48:33.952743685 AM",
="",3067,11.0,358 탎,2462 MHz,11,-83 dBm,Wi-Fi 1 (802.11b),False,313,="",="2/4/2026 6:48:33.957301235 AM",
="",3068,11.0,415 탎,2462 MHz,11,-82 dBm,Wi-Fi 1 (802.11b),False,392,="",="2/4/2026 6:48:33.957675240 AM",
="",3069,11.0,443 탎,2462 MHz,11,-83 dBm,Wi-Fi 1 (802.11b),False,430,="",="2/4/2026 6:48:33.958106040 AM",
="",3070,6.0,338 탎,2462 MHz,11,-84 dBm,Wi-Fi 3 (802.11g),False,316,="",="2/4/2026 6:48:33.960976535 AM",
="",3071,1.0,2208 탎,2462 MHz,11,-85 dBm,Wi-Fi 1 (802.11b),False,337,="",="2/4/2026 6:48:33.965118970 AM",
="",3072,6.0,529 탎,2462 MHz,11,-87 dBm,Wi-Fi 3 (802.11g),False,459,="",="2/4/2026 6:48:33.967933140 AM",
="",3073,6.0,434 탎,2462 MHz,11,-87 dBm,Wi-Fi 3 (802.11g),False,388,="",="2/4/2026 6:48:33.968476445 AM",
="",3074,24.0,37 탎,2462 MHz,11,-86 dBm,Wi-Fi 3 (802.11g),True,105,="",="2/4/2026 6:48:33.970082460 AM",
="",3075,24.0,37 탎,2462 MHz,11,-87 dBm,Wi-Fi 3 (802.11g),True,105,="",="2/4/2026 6:48:33.970401195 AM",
="",3076,24.0,35 탎,2462 MHz,11,-87 dBm,Wi-Fi 3 (802.11g),True,99,="",="2/4/2026 6:48:33.970455250 AM",
="",3077,24.0,37 탎,2462 MHz,11,-86 dBm,Wi-Fi 3 (802.11g),True,105,="",="2/4/2026 6:48:33.970666540 AM",
="",3078,24.0,37 탎,2462 MHz,11,-86 dBm,Wi-Fi 3 (802.11g),True,105,="",="2/4/2026 6:48:33.970999890 AM",
="",3079,24.0,41 탎,2462 MHz,11,-87 dBm,Wi-Fi 3 (802.11g),True,117,="",="2/4/2026 6:48:33.971206700 AM",
="",3080,24.0,37 탎,2462 MHz,11,-86 dBm,Wi-Fi 3 (802.11g),True,105,="",="2/4/2026 6:48:33.972889220 AM",
="",3085,1.0,2424 탎,2462 MHz,11,-80 dBm,Wi-Fi 1 (802.11b),True,364,="",="2/4/2026 6:48:33.979092660 AM",
="",3088,6.0,342 탎,2462 MHz,11,-82 dBm,Wi-Fi 3 (802.11g),False,319,="",="2/4/2026 6:48:33.986577985 AM",
="",3089,1.0,2008 탎,2462 MHz,11,-78 dBm,Wi-Fi 1 (802.11b),False,312,="",="2/4/2026 6:48:33.987208335 AM",
="",3090,1.0,2096 탎,2462 MHz,11,-81 dBm,Wi-Fi 1 (802.11b),False,323,="",="2/4/2026 6:48:33.990322260 AM",
="",3091,1.0,2208 탎,2462 MHz,11,-70 dBm,Wi-Fi 1 (802.11b),False,337,="",="2/4/2026 6:48:33.998525525 AM",
="",3092,6.0,511 탎,2462 MHz,11,-85 dBm,Wi-Fi 3 (802.11g),False,446,="",="2/4/2026 6:48:34.006039640 AM",
="",3093,6.0,434 탎,2462 MHz,11,-86 dBm,Wi-Fi 3 (802.11g),False,388,="",="2/4/2026 6:48:34.006580985 AM",
="",3094,6.0,454 탎,2462 MHz,11,-86 dBm,Wi-Fi 3 (802.11g),False,403,="",="2/4/2026 6:48:34.007042500 AM",
="",3095,1.0,2016 탎,2462 MHz,11,-88 dBm,Wi-Fi 1 (802.11b),False,313,="",="2/4/2026 6:48:34.011346860 AM",
="",3096,11.0,401 탎,2462 MHz,11,-88 dBm,Wi-Fi 1 (802.11b),True,373,="",="2/4/2026 6:48:34.013363360 AM",
="",3097,11.0,418 탎,2462 MHz,11,-88 dBm,Wi-Fi 1 (802.11b),True,396,="",="2/4/2026 6:48:34.013764915 AM",
="",3098,1.0,2008 탎,2462 MHz,11,-84 dBm,Wi-Fi 1 (802.11b),False,312,="",="2/4/2026 6:48:34.016893165 AM",
="",3099,1.0,2288 탎,2462 MHz,11,-87 dBm,Wi-Fi 1 (802.11b),False,347,="",="2/4/2026 6:48:34.023926700 AM",
="",3100,1.0,2016 탎,2462 MHz,11,-89 dBm,Wi-Fi 1 (802.11b),False,313,="",="2/4/2026 6:48:34.026765250 AM",
="",3101,11.0,415 탎,2462 MHz,11,-87 dBm,Wi-Fi 1 (802.11b),True,392,="",="2/4/2026 6:48:34.028781750 AM",
="",3102,11.0,431 탎,2462 MHz,11,-88 dBm,Wi-Fi 1 (802.11b),True,414,="",="2/4/2026 6:48:34.029197575 AM",
="",3103,1.0,2016 탎,2462 MHz,11,-87 dBm,Wi-Fi 1 (802.11b),False,313,="",="2/4/2026 6:48:34.031082950 AM",
="",3104,11.0,415 탎,2462 MHz,11,-89 dBm,Wi-Fi 1 (802.11b),True,392,="",="2/4/2026 6:48:34.033099450 AM",
="",3105,11.0,431 탎,2462 MHz,11,-88 dBm,Wi-Fi 1 (802.11b),True,414,="",="2/4/2026 6:48:34.033514915 AM",
="",3106,1.0,2208 탎,2462 MHz,11,-78 dBm,Wi-Fi 1 (802.11b),False,337,="",="2/4/2026 6:48:34.038420375 AM",
="",3107,6.0,425 탎,2462 MHz,11,-79 dBm,Wi-Fi 3 (802.11g),False,381,="",="2/4/2026 6:48:34.041751245 AM",
="",3108,1.0,2008 탎,2462 MHz,11,-73 dBm,Wi-Fi 1 (802.11b),False,312,="",="2/4/2026 6:48:34.049721705 AM",
="",3109,1.0,2016 탎,2462 MHz,11,-89 dBm,Wi-Fi 1 (802.11b),False,313,="",="2/4/2026 6:48:34.052067550 AM",
="",3110,11.0,401 탎,2462 MHz,11,-89 dBm,Wi-Fi 1 (802.11b),True,373,="",="2/4/2026 6:48:34.054084050 AM",
="",3111,11.0,418 탎,2462 MHz,11,-89 dBm,Wi-Fi 1 (802.11b),True,396,="",="2/4/2026 6:48:34.054485485 AM",
="",3112,11.0,358 탎,2462 MHz,11,-83 dBm,Wi-Fi 1 (802.11b),False,313,="",="2/4/2026 6:48:34.059658040 AM",
="",3113,11.0,415 탎,2462 MHz,11,-83 dBm,Wi-Fi 1 (802.11b),False,392,="",="2/4/2026 6:48:34.060031500 AM",
="",3114,11.0,443 탎,2462 MHz,11,-83 dBm,Wi-Fi 1 (802.11b),False,430,="",="2/4/2026 6:48:34.060462860 AM",
="",3115,6.0,338 탎,2462 MHz,11,-86 dBm,Wi-Fi 3 (802.11g),False,316,="",="2/4/2026 6:48:34.063378490 AM",
="",3116,1.0,2208 탎,2462 MHz,11,-85 dBm,Wi-Fi 1 (802.11b),False,337,="",="2/4/2026 6:48:34.067517270 AM",
="",3117,6.0,529 탎,2462 MHz,11,-87 dBm,Wi-Fi 3 (802.11g),False,459,="",="2/4/2026 6:48:34.070335815 AM",
="",3118,6.0,434 탎,2462 MHz,11,-87 dBm,Wi-Fi 3 (802.11g),False,388,="",="2/4/2026 6:48:34.070879440 AM",
="",3122,1.0,2424 탎,2462 MHz,11,-81 dBm,Wi-Fi 1 (802.11b),False,364,="",="2/4/2026 6:48:34.081527550 AM",
="",3126,1.0,2008 탎,2462 MHz,11,-78 dBm,Wi-Fi 1 (802.11b),False,312,="",="2/4/2026 6:48:34.089608675 AM",
="",3127,1.0,2096 탎,2462 MHz,11,-81 dBm,Wi-Fi 1 (802.11b),False,323,="",="2/4/2026 6:48:34.092693720 AM",
="",3128,1.0,2208 탎,2462 MHz,11,-76 dBm,Wi-Fi 1 (802.11b),False,337,="",="2/4/2026 6:48:34.100925025 AM",
="",3129,1.0,2008 탎,2462 MHz,11,-82 dBm,Wi-Fi 1 (802.11b),False,312,="",="2/4/2026 6:48:34.118717090 AM",
="",3130,1.0,2016 탎,2462 MHz,11,-89 dBm,Wi-Fi 1 (802.11b),False,313,="",="2/4/2026 6:48:34.129171230 AM",
="",3131,11.0,415 탎,2462 MHz,11,-86 dBm,Wi-Fi 1 (802.11b),True,392,="",="2/4/2026 6:48:34.131187730 AM",
="",3132,11.0,431 탎,2462 MHz,11,-88 dBm,Wi-Fi 1 (802.11b),True,414,="",="2/4/2026 6:48:34.131598275 AM",
="",3133,11.0,431 탎,2462 MHz,11,-87 dBm,Wi-Fi 1 (802.11b),True,414,="",="2/4/2026 6:48:34.135916255 AM",
="",3134,1.0,2208 탎,2462 MHz,11,-78 dBm,Wi-Fi 1 (802.11b),False,337,="",="2/4/2026 6:48:34.140808795 AM",
="",3135,6.0,425 탎,2462 MHz,11,-79 dBm,Wi-Fi 3 (802.11g),False,381,="",="2/4/2026 6:48:34.143314145 AM",
="",3136,1.0,2008 탎,2462 MHz,11,-73 dBm,Wi-Fi 1 (802.11b),False,312,="",="2/4/2026 6:48:34.152121845 AM",
="",3137,11.0,401 탎,2462 MHz,11,-90 dBm,Wi-Fi 1 (802.11b),True,373,="",="2/4/2026 6:48:34.156468920 AM",
="",3138,11.0,358 탎,2462 MHz,11,-83 dBm,Wi-Fi 1 (802.11b),False,313,="",="2/4/2026 6:48:34.162058380 AM",
="",3139,11.0,415 탎,2462 MHz,11,-82 dBm,Wi-Fi 1 (802.11b),False,392,="",="2/4/2026 6:48:34.162431785 AM",
="",3140,11.0,443 탎,2462 MHz,11,-82 dBm,Wi-Fi 1 (802.11b),True,430,="",="2/4/2026 6:48:34.162831450 AM",
="",3141,6.0,338 탎,2462 MHz,11,-85 dBm,Wi-Fi 3 (802.11g),False,316,="",="2/4/2026 6:48:34.165892875 AM",
="",3142,1.0,2208 탎,2462 MHz,11,-83 dBm,Wi-Fi 1 (802.11b),False,337,="",="2/4/2026 6:48:34.169917010 AM",
="",3143,24.0,40 탎,2462 MHz,11,-84 dBm,Wi-Fi 3 (802.11g),False,115,="",="2/4/2026 6:48:34.178470235 AM",
="",3147,6.0,342 탎,2462 MHz,11,-83 dBm,Wi-Fi 3 (802.11g),True,319,="",="2/4/2026 6:48:34.191356130 AM",
="",3148,1.0,2096 탎,2462 MHz,11,-81 dBm,Wi-Fi 1 (802.11b),False,323,="",="2/4/2026 6:48:34.196126375 AM",
="",3149,24.0,35 탎,2462 MHz,11,-80 dBm,Wi-Fi 3 (802.11g),False,99,="",="2/4/2026 6:48:34.203019815 AM",
="",3150,24.0,35 탎,2462 MHz,11,-81 dBm,Wi-Fi 3 (802.11g),False,99,="",="2/4/2026 6:48:34.203221625 AM",
="",3151,1.0,2208 탎,2462 MHz,11,-74 dBm,Wi-Fi 1 (802.11b),False,337,="",="2/4/2026 6:48:34.203337765 AM",
="",3152,6.0,511 탎,2462 MHz,11,-85 dBm,Wi-Fi 3 (802.11g),False,446,="",="2/4/2026 6:48:34.210844400 AM",
="",3153,6.0,434 탎,2462 MHz,11,-85 dBm,Wi-Fi 3 (802.11g),True,388,="",="2/4/2026 6:48:34.211356230 AM",
="",3154,6.0,454 탎,2462 MHz,11,-86 dBm,Wi-Fi 3 (802.11g),False,403,="",="2/4/2026 6:48:34.211858740 AM",
="",3158,11.0,401 탎,2462 MHz,11,-91 dBm,Wi-Fi 1 (802.11b),True,373,="",="2/4/2026 6:48:34.218151570 AM",
="",3159,1.0,2008 탎,2462 MHz,11,-84 dBm,Wi-Fi 1 (802.11b),False,312,="",="2/4/2026 6:48:34.221116790 AM",
="",3160,1.0,2016 탎,2462 MHz,11,-88 dBm,Wi-Fi 1 (802.11b),False,313,="",="2/4/2026 6:48:34.231569890 AM",
="",3161,11.0,415 탎,2462 MHz,11,-88 dBm,Wi-Fi 1 (802.11b),True,392,="",="2/4/2026 6:48:34.233586390 AM",
="",3162,11.0,431 탎,2462 MHz,11,-85 dBm,Wi-Fi 1 (802.11b),True,414,="",="2/4/2026 6:48:34.233998735 AM",
="",3163,1.0,2016 탎,2462 MHz,11,-87 dBm,Wi-Fi 1 (802.11b),False,313,="",="2/4/2026 6:48:34.235884935 AM",
="",3164,11.0,415 탎,2462 MHz,11,-87 dBm,Wi-Fi 1 (802.11b),True,392,="",="2/4/2026 6:48:34.237901435 AM",
="",3165,11.0,431 탎,2462 MHz,11,-88 dBm,Wi-Fi 1 (802.11b),True,414,="",="2/4/2026 6:48:34.238317380 AM",
="",3166,1.0,2208 탎,2462 MHz,11,-77 dBm,Wi-Fi 1 (802.11b),False,337,="",="2/4/2026 6:48:34.243209160 AM",
="",3167,6.0,425 탎,2462 MHz,11,-77 dBm,Wi-Fi 3 (802.11g),False,381,="",="2/4/2026 6:48:34.245715565 AM",
="",3168,1.0,2008 탎,2462 MHz,11,-75 dBm,Wi-Fi 1 (802.11b),False,312,="",="2/4/2026 6:48:34.254522105 AM",
="",3169,11.0,401 탎,2462 MHz,11,-89 dBm,Wi-Fi 1 (802.11b),True,373,="",="2/4/2026 6:48:34.258869500 AM",
="",3170,11.0,418 탎,2462 MHz,11,-89 dBm,Wi-Fi 1 (802.11b),True,396,="",="2/4/2026 6:48:34.259283990 AM",
="",3171,11.0,358 탎,2462 MHz,11,-83 dBm,Wi-Fi 1 (802.11b),True,313,="",="2/4/2026 6:48:34.264432425 AM",
="",3172,11.0,415 탎,2462 MHz,11,-83 dBm,Wi-Fi 1 (802.11b),True,392,="",="2/4/2026 6:48:34.264803630 AM",
="",3173,11.0,443 탎,2462 MHz,11,-83 dBm,Wi-Fi 1 (802.11b),False,430,="",="2/4/2026 6:48:34.265266045 AM",
="",3177,1.0,2208 탎,2462 MHz,11,-82 dBm,Wi-Fi 1 (802.11b),False,337,="",="2/4/2026 6:48:34.272317470 AM",
="",3178,1.0,2424 탎,2462 MHz,11,-81 dBm,Wi-Fi 1 (802.11b),False,364,="",="2/4/2026 6:48:34.286326735 AM",
="",3182,1.0,2096 탎,2462 MHz,11,-81 dBm,Wi-Fi 1 (802.11b),False,323,="",="2/4/2026 6:48:34.297491345 AM",
="",3183,1.0,2208 탎,2462 MHz,11,-74 dBm,Wi-Fi 1 (802.11b),False,337,="",="2/4/2026 6:48:34.305722130 AM",
="",3184,11.0,418 탎,2462 MHz,11,-88 dBm,Wi-Fi 1 (802.11b),True,396,="",="2/4/2026 6:48:34.320965720 AM",
="",3185,1.0,2008 탎,2462 MHz,11,-83 dBm,Wi-Fi 1 (802.11b),False,312,="",="2/4/2026 6:48:34.323517490 AM",
="",3186,1.0,2288 탎,2462 MHz,11,-88 dBm,Wi-Fi 1 (802.11b),False,347,="",="2/4/2026 6:48:34.331121720 AM",
="",3187,1.0,2016 탎,2462 MHz,11,-86 dBm,Wi-Fi 1 (802.11b),False,313,="",="2/4/2026 6:48:34.333970575 AM",
="",3188,11.0,431 탎,2462 MHz,11,-88 dBm,Wi-Fi 1 (802.11b),True,414,="",="2/4/2026 6:48:34.336412315 AM",
="",3189,1.0,2016 탎,2462 MHz,11,-87 dBm,Wi-Fi 1 (802.11b),False,313,="",="2/4/2026 6:48:34.338285915 AM",
="",3190,11.0,415 탎,2462 MHz,11,-87 dBm,Wi-Fi 1 (802.11b),True,392,="",="2/4/2026 6:48:34.340302415 AM",
="",3191,11.0,431 탎,2462 MHz,11,-87 dBm,Wi-Fi 1 (802.11b),True,414,="",="2/4/2026 6:48:34.340720280 AM",
="",3192,1.0,2208 탎,2462 MHz,11,-77 dBm,Wi-Fi 1 (802.11b),False,337,="",="2/4/2026 6:48:34.345609180 AM",
="",3193,6.0,425 탎,2462 MHz,11,-78 dBm,Wi-Fi 3 (802.11g),False,381,="",="2/4/2026 6:48:34.348216430 AM",
="",3198,1.0,2008 탎,2462 MHz,11,-75 dBm,Wi-Fi 1 (802.11b),False,312,="",="2/4/2026 6:48:34.356922230 AM",
="",3199,1.0,2016 탎,2462 MHz,11,-88 dBm,Wi-Fi 1 (802.11b),False,313,="",="2/4/2026 6:48:34.359266810 AM",
="",3200,11.0,401 탎,2462 MHz,11,-89 dBm,Wi-Fi 1 (802.11b),True,373,="",="2/4/2026 6:48:34.361283310 AM",
="",3201,11.0,418 탎,2462 MHz,11,-90 dBm,Wi-Fi 1 (802.11b),True,396,="",="2/4/2026 6:48:34.361684650 AM",
="",3202,11.0,358 탎,2462 MHz,11,-83 dBm,Wi-Fi 1 (802.11b),False,313,="",="2/4/2026 6:48:34.366859085 AM",
="",3203,11.0,415 탎,2462 MHz,11,-83 dBm,Wi-Fi 1 (802.11b),False,392,="",="2/4/2026 6:48:34.367233025 AM",
="",3204,11.0,443 탎,2462 MHz,11,-84 dBm,Wi-Fi 1 (802.11b),False,430,="",="2/4/2026 6:48:34.367664585 AM",
="",3205,6.0,338 탎,2462 MHz,11,-83 dBm,Wi-Fi 3 (802.11g),False,316,="",="2/4/2026 6:48:34.370586910 AM",
="",3206,1.0,2208 탎,2462 MHz,11,-79 dBm,Wi-Fi 1 (802.11b),False,337,="",="2/4/2026 6:48:34.374717475 AM",
="",3207,6.0,529 탎,2462 MHz,11,-88 dBm,Wi-Fi 3 (802.11g),True,459,="",="2/4/2026 6:48:34.377520980 AM",
="",3208,6.0,434 탎,2462 MHz,11,-87 dBm,Wi-Fi 3 (802.11g),True,229,="",="2/4/2026 6:48:34.378078565 AM",
="",3209,6.0,1578 탎,2462 MHz,11,-88 dBm,Wi-Fi 3 (802.11g),True,229,="",="2/4/2026 6:48:34.380117930 AM",
="",3210,1.0,2424 탎,2462 MHz,11,-82 dBm,Wi-Fi 1 (802.11b),False,364,="",="2/4/2026 6:48:34.388735315 AM",
="",3211,6.0,342 탎,2462 MHz,11,-83 dBm,Wi-Fi 3 (802.11g),False,319,="",="2/4/2026 6:48:34.396185450 AM",
="",3212,1.0,2008 탎,2462 MHz,11,-76 dBm,Wi-Fi 1 (802.11b),False,312,="",="2/4/2026 6:48:34.396809000 AM",
="",3216,1.0,2208 탎,2462 MHz,11,-67 dBm,Wi-Fi 1 (802.11b),False,337,="",="2/4/2026 6:48:34.408122910 AM",
="",3217,6.0,511 탎,2462 MHz,11,-88 dBm,Wi-Fi 3 (802.11g),False,446,="",="2/4/2026 6:48:34.415755925 AM",
="",3218,6.0,434 탎,2462 MHz,11,-88 dBm,Wi-Fi 3 (802.11g),False,388,="",="2/4/2026 6:48:34.416301335 AM",
="",3219,6.0,454 탎,2462 MHz,11,-87 dBm,Wi-Fi 3 (802.11g),False,403,="",="2/4/2026 6:48:34.416767305 AM",
="",3220,6.0,599 탎,2462 MHz,11,-88 dBm,Wi-Fi 3 (802.11g),True,229,="",="2/4/2026 6:48:34.417224265 AM",
="",3221,6.0,626 탎,2462 MHz,11,-88 dBm,Wi-Fi 3 (802.11g),False,229,="",="2/4/2026 6:48:34.417847885 AM",
="",3222,1.0,2008 탎,2462 MHz,11,-75 dBm,Wi-Fi 1 (802.11b),False,312,="",="2/4/2026 6:48:34.425917495 AM",
="",3223,1.0,2288 탎,2462 MHz,11,-88 dBm,Wi-Fi 1 (802.11b),False,347,="",="2/4/2026 6:48:34.433531005 AM",
="",3225,1.0,2016 탎,2462 MHz,11,-88 dBm,Wi-Fi 1 (802.11b),False,313,="",="2/4/2026 6:48:34.440688840 AM",
="",3226,1.0,2208 탎,2462 MHz,11,-79 dBm,Wi-Fi 1 (802.11b),False,337,="",="2/4/2026 6:48:34.448009425 AM",
="",3227,6.0,425 탎,2462 MHz,11,-78 dBm,Wi-Fi 3 (802.11g),False,381,="",="2/4/2026 6:48:34.450667450 AM",
="",3228,1.0,2136 탎,2462 MHz,11,-89 dBm,Wi-Fi 1 (802.11b),True,328,="",="2/4/2026 6:48:34.454390660 AM",
="",3229,1.0,2008 탎,2462 MHz,11,-69 dBm,Wi-Fi 1 (802.11b),True,312,="",="2/4/2026 6:48:34.459295435 AM",
="",3230,1.0,2016 탎,2462 MHz,11,-88 dBm,Wi-Fi 1 (802.11b),False,313,="",="2/4/2026 6:48:34.461667455 AM",
="",3231,11.0,401 탎,2462 MHz,11,-88 dBm,Wi-Fi 1 (802.11b),True,373,="",="2/4/2026 6:48:34.463683955 AM",
="",3232,11.0,418 탎,2462 MHz,11,-88 dBm,Wi-Fi 1 (802.11b),True,396,="",="2/4/2026 6:48:34.464128805 AM",
="",3233,11.0,296 탎,2462 MHz,11,-88 dBm,Wi-Fi 1 (802.11b),True,228,="",="2/4/2026 6:48:34.464553510 AM",
="",3234,11.0,281 탎,2462 MHz,11,-88 dBm,Wi-Fi 1 (802.11b),True,208,="",="2/4/2026 6:48:34.464862030 AM",
="",3235,11.0,358 탎,2462 MHz,11,-82 dBm,Wi-Fi 1 (802.11b),False,313,="",="2/4/2026 6:48:34.469259785 AM",
="",3236,11.0,415 탎,2462 MHz,11,-81 dBm,Wi-Fi 1 (802.11b),False,392,="",="2/4/2026 6:48:34.469633470 AM",
="",3237,11.0,443 탎,2462 MHz,11,-82 dBm,Wi-Fi 1 (802.11b),False,430,="",="2/4/2026 6:48:34.470065150 AM",
="",3238,6.0,338 탎,2462 MHz,11,-82 dBm,Wi-Fi 3 (802.11g),False,316,="",="2/4/2026 6:48:34.472986715 AM",
="",3239,1.0,2208 탎,2462 MHz,11,-77 dBm,Wi-Fi 1 (802.11b),False,337,="",="2/4/2026 6:48:34.477118055 AM",
="",3240,1.0,1024 탎,2462 MHz,11,-38 dBm,Wi-Fi 1 (802.11b),False,189,="",="2/4/2026 6:48:34.480303870 AM",
="",3244,1.0,2008 탎,2462 MHz,11,-79 dBm,Wi-Fi 1 (802.11b),False,312,="",="2/4/2026 6:48:34.499208485 AM",
="",3246,1.0,2208 탎,2462 MHz,11,-66 dBm,Wi-Fi 1 (802.11b),False,337,="",="2/4/2026 6:48:34.510522835 AM",
="",3250,6.0,511 탎,2462 MHz,11,-85 dBm,Wi-Fi 3 (802.11g),True,446,="",="2/4/2026 6:48:34.518026470 AM",
="",3251,6.0,434 탎,2462 MHz,11,-86 dBm,Wi-Fi 3 (802.11g),False,388,="",="2/4/2026 6:48:34.518600670 AM",
="",3252,6.0,454 탎,2462 MHz,11,-84 dBm,Wi-Fi 3 (802.11g),False,403,="",="2/4/2026 6:48:34.519082320 AM",
="",3253,6.0,338 탎,2462 MHz,11,-79 dBm,Wi-Fi 3 (802.11g),False,316,="",="2/4/2026 6:48:34.524186745 AM",
="",3254,1.0,2008 탎,2462 MHz,11,-80 dBm,Wi-Fi 1 (802.11b),False,312,="",="2/4/2026 6:48:34.528317235 AM",
="",3255,1.0,2288 탎,2462 MHz,11,-87 dBm,Wi-Fi 1 (802.11b),False,347,="",="2/4/2026 6:48:34.535932025 AM",
="",3256,1.0,2016 탎,2462 MHz,11,-87 dBm,Wi-Fi 1 (802.11b),True,313,="",="2/4/2026 6:48:34.538742745 AM",
="",3257,6.0,169 탎,2462 MHz,11,-38 dBm,Wi-Fi 3 (802.11g),False,189,="",="2/4/2026 6:48:34.541695235 AM",
="",3258,1.0,2016 탎,2462 MHz,11,-87 dBm,Wi-Fi 1 (802.11b),False,313,="",="2/4/2026 6:48:34.543087820 AM",
="",3259,11.0,431 탎,2462 MHz,11,-88 dBm,Wi-Fi 1 (802.11b),True,414,="",="2/4/2026 6:48:34.545522625 AM",
="",3263,6.0,425 탎,2462 MHz,11,-79 dBm,Wi-Fi 3 (802.11g),False,381,="",="2/4/2026 6:48:34.553647845 AM",
="",3264,1.0,2136 탎,2462 MHz,11,-89 dBm,Wi-Fi 1 (802.11b),False,328,="",="2/4/2026 6:48:34.556478945 AM",
="",3265,1.0,2008 탎,2462 MHz,11,-72 dBm,Wi-Fi 1 (802.11b),False,312,="",="2/4/2026 6:48:34.561722535 AM",
="",3266,1.0,2016 탎,2462 MHz,11,-88 dBm,Wi-Fi 1 (802.11b),False,313,="",="2/4/2026 6:48:34.564067715 AM",
="",3267,11.0,401 탎,2462 MHz,11,-88 dBm,Wi-Fi 1 (802.11b),True,373,="",="2/4/2026 6:48:34.566084215 AM",
="",3268,11.0,418 탎,2462 MHz,11,-89 dBm,Wi-Fi 1 (802.11b),True,396,="",="2/4/2026 6:48:34.566486155 AM",
="",3269,11.0,358 탎,2462 MHz,11,-82 dBm,Wi-Fi 1 (802.11b),False,313,="",="2/4/2026 6:48:34.571660565 AM",
="",3270,11.0,415 탎,2462 MHz,11,-82 dBm,Wi-Fi 1 (802.11b),False,392,="",="2/4/2026 6:48:34.572034490 AM",
="",3271,11.0,443 탎,2462 MHz,11,-82 dBm,Wi-Fi 1 (802.11b),False,430,="",="2/4/2026 6:48:34.572464970 AM",
="",3272,6.0,338 탎,2462 MHz,11,-81 dBm,Wi-Fi 3 (802.11g),False,316,="",="2/4/2026 6:48:34.575391255 AM",
="",3273,1.0,2208 탎,2462 MHz,11,-80 dBm,Wi-Fi 1 (802.11b),False,337,="",="2/4/2026 6:48:34.579517675 AM",
="",3274,1.0,2424 탎,2462 MHz,11,-85 dBm,Wi-Fi 1 (802.11b),False,364,="",="2/4/2026 6:48:34.593532620 AM",
="",3275,6.0,342 탎,2462 MHz,11,-80 dBm,Wi-Fi 3 (802.11g),False,319,="",="2/4/2026 6:48:34.600987690 AM",
="",3276,1.0,2008 탎,2462 MHz,11,-81 dBm,Wi-Fi 1 (802.11b),False,312,="",="2/4/2026 6:48:34.601608960 AM",
="",3280,1.0,2208 탎,2462 MHz,11,-71 dBm,Wi-Fi 1 (802.11b),False,337,="",="2/4/2026 6:48:34.612922855 AM",
="",3281,6.0,338 탎,2462 MHz,11,-80 dBm,Wi-Fi 3 (802.11g),False,316,="",="2/4/2026 6:48:34.626589365 AM",
="",3285,1.0,2008 탎,2462 MHz,11,-79 dBm,Wi-Fi 1 (802.11b),False,312,="",="2/4/2026 6:48:34.630717695 AM",
="",3286,1.0,2288 탎,2462 MHz,11,-86 dBm,Wi-Fi 1 (802.11b),False,347,="",="2/4/2026 6:48:34.638334940 AM",
="",3287,11.0,415 탎,2462 MHz,11,-85 dBm,Wi-Fi 1 (802.11b),True,392,="",="2/4/2026 6:48:34.641703695 AM",
="",3288,11.0,431 탎,2462 MHz,11,-87 dBm,Wi-Fi 1 (802.11b),True,414,="",="2/4/2026 6:48:34.642133050 AM",
="",3289,1.0,2208 탎,2462 MHz,11,-81 dBm,Wi-Fi 1 (802.11b),False,337,="",="2/4/2026 6:48:34.652809280 AM",
="",3290,6.0,425 탎,2462 MHz,11,-78 dBm,Wi-Fi 3 (802.11g),False,381,="",="2/4/2026 6:48:34.655371860 AM",
="",3291,1.0,2008 탎,2462 MHz,11,-68 dBm,Wi-Fi 1 (802.11b),False,312,="",="2/4/2026 6:48:34.664119290 AM",
="",3293,1.0,2016 탎,2462 MHz,11,-88 dBm,Wi-Fi 1 (802.11b),False,313,="",="2/4/2026 6:48:34.666467910 AM",
="",3294,11.0,401 탎,2462 MHz,11,-88 dBm,Wi-Fi 1 (802.11b),True,373,="",="2/4/2026 6:48:34.668484410 AM",
="",3295,11.0,418 탎,2462 MHz,11,-89 dBm,Wi-Fi 1 (802.11b),True,396,="",="2/4/2026 6:48:34.668886510 AM",
="",3296,11.0,358 탎,2462 MHz,11,-82 dBm,Wi-Fi 1 (802.11b),False,313,="",="2/4/2026 6:48:34.674060600 AM",
="",3297,11.0,415 탎,2462 MHz,11,-81 dBm,Wi-Fi 1 (802.11b),False,392,="",="2/4/2026 6:48:34.674430725 AM",
="",3298,11.0,443 탎,2462 MHz,11,-82 dBm,Wi-Fi 1 (802.11b),False,430,="",="2/4/2026 6:48:34.674862085 AM",
="",3299,6.0,338 탎,2462 MHz,11,-79 dBm,Wi-Fi 3 (802.11g),False,316,="",="2/4/2026 6:48:34.677788130 AM",
="",3300,1.0,2208 탎,2462 MHz,11,-78 dBm,Wi-Fi 1 (802.11b),False,337,="",="2/4/2026 6:48:34.681913895 AM",
="",3301,6.0,529 탎,2462 MHz,11,-87 dBm,Wi-Fi 3 (802.11g),True,459,="",="2/4/2026 6:48:34.684701625 AM",
="",3302,6.0,434 탎,2462 MHz,11,-87 dBm,Wi-Fi 3 (802.11g),False,388,="",="2/4/2026 6:48:34.685283225 AM",
="",3303,1.0,2424 탎,2462 MHz,11,-83 dBm,Wi-Fi 1 (802.11b),False,364,="",="2/4/2026 6:48:34.695935855 AM",
="",3304,1.0,2096 탎,2462 MHz,11,-84 dBm,Wi-Fi 1 (802.11b),False,323,="",="2/4/2026 6:48:34.699006600 AM",
="",3305,6.0,342 탎,2462 MHz,11,-81 dBm,Wi-Fi 3 (802.11g),False,319,="",="2/4/2026 6:48:34.703390685 AM",
="",3306,1.0,2008 탎,2462 MHz,11,-77 dBm,Wi-Fi 1 (802.11b),False,312,="",="2/4/2026 6:48:34.704008995 AM",
="",3307,1.0,2096 탎,2462 MHz,11,-85 dBm,Wi-Fi 1 (802.11b),False,323,="",="2/4/2026 6:48:34.707827595 AM",
="",3310,6.0,434 탎,2462 MHz,11,-86 dBm,Wi-Fi 3 (802.11g),True,388,="",="2/4/2026 6:48:34.723351310 AM",
="",3311,6.0,627 탎,2462 MHz,11,-88 dBm,Wi-Fi 3 (802.11g),True,229,="",="2/4/2026 6:48:34.724293935 AM",
="",3312,1.0,2016 탎,2462 MHz,11,-90 dBm,Wi-Fi 1 (802.11b),True,313,="",="2/4/2026 6:48:34.728124440 AM",
="",3313,11.0,418 탎,2462 MHz,11,-88 dBm,Wi-Fi 1 (802.11b),True,396,="",="2/4/2026 6:48:34.730567335 AM",
="",3314,1.0,2008 탎,2462 MHz,11,-76 dBm,Wi-Fi 1 (802.11b),False,312,="",="2/4/2026 6:48:34.733117930 AM",
="",3315,1.0,2288 탎,2462 MHz,11,-89 dBm,Wi-Fi 1 (802.11b),False,347,="",="2/4/2026 6:48:34.740736255 AM",
="",3316,1.0,2016 탎,2462 MHz,11,-89 dBm,Wi-Fi 1 (802.11b),True,313,="",="2/4/2026 6:48:34.747862915 AM",
="",3317,1.0,2208 탎,2462 MHz,11,-80 dBm,Wi-Fi 1 (802.11b),False,337,="",="2/4/2026 6:48:34.755224795 AM",
="",3318,6.0,425 탎,2462 MHz,11,-73 dBm,Wi-Fi 3 (802.11g),False,381,="",="2/4/2026 6:48:34.757835765 AM",
="",3319,1.0,1024 탎,2462 MHz,11,-39 dBm,Wi-Fi 1 (802.11b),False,189,="",="2/4/2026 6:48:34.758527670 AM",
="",3323,1.0,2008 탎,2462 MHz,11,-69 dBm,Wi-Fi 1 (802.11b),False,312,="",="2/4/2026 6:48:34.766523245 AM",
="",3324,11.0,401 탎,2462 MHz,11,-89 dBm,Wi-Fi 1 (802.11b),True,373,="",="2/4/2026 6:48:34.770872855 AM",
="",3325,11.0,418 탎,2462 MHz,11,-87 dBm,Wi-Fi 1 (802.11b),True,396,="",="2/4/2026 6:48:34.771287225 AM",
="",3326,11.0,358 탎,2462 MHz,11,-81 dBm,Wi-Fi 1 (802.11b),False,313,="",="2/4/2026 6:48:34.776461275 AM",
="",3327,11.0,443 탎,2462 MHz,11,-82 dBm,Wi-Fi 1 (802.11b),False,430,="",="2/4/2026 6:48:34.777266560 AM",
="",3328,6.0,338 탎,2462 MHz,11,-80 dBm,Wi-Fi 3 (802.11g),False,316,="",="2/4/2026 6:48:34.780191765 AM",
="",3329,1.0,2208 탎,2462 MHz,11,-77 dBm,Wi-Fi 1 (802.11b),False,337,="",="2/4/2026 6:48:34.784320545 AM",
="",3330,6.0,529 탎,2462 MHz,11,-87 dBm,Wi-Fi 3 (802.11g),False,459,="",="2/4/2026 6:48:34.787145450 AM",
="",3331,6.0,434 탎,2462 MHz,11,-87 dBm,Wi-Fi 3 (802.11g),False,388,="",="2/4/2026 6:48:34.787716195 AM",
="",3332,6.0,342 탎,2462 MHz,11,-79 dBm,Wi-Fi 3 (802.11g),False,319,="",="2/4/2026 6:48:34.805795975 AM",
="",3333,1.0,2208 탎,2462 MHz,11,-68 dBm,Wi-Fi 1 (802.11b),False,337,="",="2/4/2026 6:48:34.817723460 AM",
="",3337,6.0,313 탎,2462 MHz,11,-87 dBm,Wi-Fi 3 (802.11g),False,229,="",="2/4/2026 6:48:34.823154265 AM",
="",3338,6.0,511 탎,2462 MHz,11,-88 dBm,Wi-Fi 3 (802.11g),False,446,="",="2/4/2026 6:48:34.825255310 AM",
="",3339,6.0,434 탎,2462 MHz,11,-87 dBm,Wi-Fi 3 (802.11g),False,388,="",="2/4/2026 6:48:34.825799840 AM",
="",3340,6.0,454 탎,2462 MHz,11,-89 dBm,Wi-Fi 3 (802.11g),True,403,="",="2/4/2026 6:48:34.826251330 AM",
="",3341,6.0,338 탎,2462 MHz,11,-82 dBm,Wi-Fi 3 (802.11g),False,316,="",="2/4/2026 6:48:34.831391755 AM",
="",3342,11.0,401 탎,2462 MHz,11,-89 dBm,Wi-Fi 1 (802.11b),True,373,="",="2/4/2026 6:48:34.832552865 AM",
="",3343,11.0,418 탎,2462 MHz,11,-88 dBm,Wi-Fi 1 (802.11b),True,396,="",="2/4/2026 6:48:34.832967170 AM",
="",3347,1.0,2288 탎,2462 MHz,11,-87 dBm,Wi-Fi 1 (802.11b),False,347,="",="2/4/2026 6:48:34.843137050 AM",
="",3348,11.0,415 탎,2462 MHz,11,-89 dBm,Wi-Fi 1 (802.11b),True,392,="",="2/4/2026 6:48:34.847974555 AM",
="",3349,11.0,431 탎,2462 MHz,11,-85 dBm,Wi-Fi 1 (802.11b),True,414,="",="2/4/2026 6:48:34.848406910 AM",
="",3350,1.0,2016 탎,2462 MHz,11,-87 dBm,Wi-Fi 1 (802.11b),False,313,="",="2/4/2026 6:48:34.850290485 AM",
="",3351,1.0,2208 탎,2462 MHz,11,-80 dBm,Wi-Fi 1 (802.11b),False,337,="",="2/4/2026 6:48:34.857609390 AM",
="",3352,6.0,425 탎,2462 MHz,11,-73 dBm,Wi-Fi 3 (802.11g),False,381,="",="2/4/2026 6:48:34.860150915 AM",
="",3353,1.0,2008 탎,2462 MHz,11,-68 dBm,Wi-Fi 1 (802.11b),False,312,="",="2/4/2026 6:48:34.868922880 AM",
="",3354,11.0,418 탎,2462 MHz,11,-90 dBm,Wi-Fi 1 (802.11b),True,396,="",="2/4/2026 6:48:34.873688060 AM",
="",3355,11.0,358 탎,2462 MHz,11,-82 dBm,Wi-Fi 1 (802.11b),False,313,="",="2/4/2026 6:48:34.880471065 AM",
="",3356,11.0,443 탎,2462 MHz,11,-83 dBm,Wi-Fi 1 (802.11b),True,430,="",="2/4/2026 6:48:34.881243950 AM",
="",3357,6.0,338 탎,2462 MHz,11,-81 dBm,Wi-Fi 3 (802.11g),False,316,="",="2/4/2026 6:48:34.882593280 AM",
="",3358,11.0,202 탎,2462 MHz,11,-83 dBm,Wi-Fi 1 (802.11b),False,99,="",="2/4/2026 6:48:34.883695620 AM",
="",3359,1.0,2208 탎,2462 MHz,11,-81 dBm,Wi-Fi 1 (802.11b),False,337,="",="2/4/2026 6:48:34.886721085 AM",
="",3360,6.0,529 탎,2462 MHz,11,-88 dBm,Wi-Fi 3 (802.11g),False,459,="",="2/4/2026 6:48:34.889568005 AM",
="",3361,6.0,434 탎,2462 MHz,11,-88 dBm,Wi-Fi 3 (802.11g),True,388,="",="2/4/2026 6:48:34.890108670 AM",
="",3362,6.0,73 탎,2462 MHz,11,-88 dBm,Wi-Fi 3 (802.11g),False,117,="",="2/4/2026 6:48:34.893698100 AM",
="",3366,6.0,342 탎,2462 MHz,11,-80 dBm,Wi-Fi 3 (802.11g),False,319,="",="2/4/2026 6:48:34.908193035 AM",
="",3367,1.0,2008 탎,2462 MHz,11,-80 dBm,Wi-Fi 1 (802.11b),False,312,="",="2/4/2026 6:48:34.908809730 AM",
="",3368,6.0,49 탎,2462 MHz,11,-81 dBm,Wi-Fi 3 (802.11g),False,99,="",="2/4/2026 6:48:34.915513500 AM",
="",3369,24.0,41 탎,2462 MHz,11,-82 dBm,Wi-Fi 3 (802.11g),False,117,="",="2/4/2026 6:48:34.915657840 AM",
="",3370,1.0,2208 탎,2462 MHz,11,-70 dBm,Wi-Fi 1 (802.11b),False,337,="",="2/4/2026 6:48:34.920123720 AM",
="",3374,6.0,434 탎,2462 MHz,11,-88 dBm,Wi-Fi 3 (802.11g),False,388,="",="2/4/2026 6:48:34.928201155 AM",
="",3375,6.0,454 탎,2462 MHz,11,-87 dBm,Wi-Fi 3 (802.11g),False,403,="",="2/4/2026 6:48:34.928667565 AM",
="",3376,6.0,242 탎,2462 MHz,11,-87 dBm,Wi-Fi 3 (802.11g),False,229,="",="2/4/2026 6:48:34.929122390 AM",
="",3377,9.0,153 탎,2462 MHz,11,-80 dBm,Wi-Fi 3 (802.11g),False,223,="",="2/4/2026 6:48:34.929665955 AM",
="",3378,6.0,57 탎,2462 MHz,11,-80 dBm,Wi-Fi 3 (802.11g),False,105,="",="2/4/2026 6:48:34.929906255 AM",
="",3379,6.0,338 탎,2462 MHz,11,-79 dBm,Wi-Fi 3 (802.11g),False,316,="",="2/4/2026 6:48:34.933796950 AM",
="",3380,11.0,418 탎,2462 MHz,11,-88 dBm,Wi-Fi 1 (802.11b),True,396,="",="2/4/2026 6:48:34.935367405 AM",
="",3381,1.0,2008 탎,2462 MHz,11,-80 dBm,Wi-Fi 1 (802.11b),False,312,="",="2/4/2026 6:48:34.937921000 AM",
="",3382,1.0,2288 탎,2462 MHz,11,-89 dBm,Wi-Fi 1 (802.11b),False,347,="",="2/4/2026 6:48:34.945539845 AM",
="",3383,1.0,2016 탎,2462 MHz,11,-88 dBm,Wi-Fi 1 (802.11b),False,313,="",="2/4/2026 6:48:34.952691040 AM",
="",3384,1.0,2208 탎,2462 MHz,11,-80 dBm,Wi-Fi 1 (802.11b),False,337,="",="2/4/2026 6:48:34.960033720 AM",
="",3385,6.0,425 탎,2462 MHz,11,-77 dBm,Wi-Fi 3 (802.11g),False,381,="",="2/4/2026 6:48:34.962573245 AM",
="",3386,1.0,2008 탎,2462 MHz,11,-69 dBm,Wi-Fi 1 (802.11b),False,312,="",="2/4/2026 6:48:34.971323235 AM",
="",3387,1.0,2016 탎,2462 MHz,11,-87 dBm,Wi-Fi 1 (802.11b),False,313,="",="2/4/2026 6:48:34.973673095 AM",
="",3388,11.0,401 탎,2462 MHz,11,-87 dBm,Wi-Fi 1 (802.11b),True,373,="",="2/4/2026 6:48:34.975689595 AM",
="",3389,11.0,418 탎,2462 MHz,11,-89 dBm,Wi-Fi 1 (802.11b),True,396,="",="2/4/2026 6:48:34.976088535 AM",
="",3390,11.0,358 탎,2462 MHz,11,-81 dBm,Wi-Fi 1 (802.11b),False,313,="",="2/4/2026 6:48:34.981264985 AM",
="",3391,11.0,415 탎,2462 MHz,11,-81 dBm,Wi-Fi 1 (802.11b),False,392,="",="2/4/2026 6:48:34.981636230 AM",
="",3392,11.0,443 탎,2462 MHz,11,-81 dBm,Wi-Fi 1 (802.11b),False,430,="",="2/4/2026 6:48:34.982067710 AM",
="",3393,6.0,338 탎,2462 MHz,11,-79 dBm,Wi-Fi 3 (802.11g),False,316,="",="2/4/2026 6:48:34.984994275 AM",
="",3394,24.0,35 탎,2462 MHz,11,-88 dBm,Wi-Fi 3 (802.11g),True,99,="",="2/4/2026 6:48:34.988977580 AM",
="",3395,1.0,2208 탎,2462 MHz,11,-75 dBm,Wi-Fi 1 (802.11b),False,337,="",="2/4/2026 6:48:34.989127975 AM",
="",3396,6.0,626 탎,2462 MHz,11,-87 dBm,Wi-Fi 3 (802.11g),True,229,="",="2/4/2026 6:48:34.992933975 AM",
="",3397,6.0,653 탎,2462 MHz,11,-88 dBm,Wi-Fi 3 (802.11g),True,229,="",="2/4/2026 6:48:34.993587150 AM",
="",3398,6.0,201 탎,2462 MHz,11,-87 dBm,Wi-Fi 3 (802.11g),False,213,="",="2/4/2026 6:48:34.995768860 AM",
="",3399,6.0,201 탎,2462 MHz,11,-88 dBm,Wi-Fi 3 (802.11g),False,213,="",="2/4/2026 6:48:34.996177185 AM",
="",3400,1.0,2424 탎,2462 MHz,11,-84 dBm,Wi-Fi 1 (802.11b),False,364,="",="2/4/2026 6:48:35.003181510 AM",
="",3401,6.0,342 탎,2462 MHz,11,-80 dBm,Wi-Fi 3 (802.11g),False,319,="",="2/4/2026 6:48:35.010594790 AM",
="",3402,11.0,346 탎,2462 MHz,11,-78 dBm,Wi-Fi 1 (802.11b),False,229,="",="2/4/2026 6:48:35.010942515 AM",
="",3403,1.0,2096 탎,2462 MHz,11,-82 dBm,Wi-Fi 1 (802.11b),False,323,="",="2/4/2026 6:48:35.014372775 AM",
="",3404,1.0,2208 탎,2462 MHz,11,-65 dBm,Wi-Fi 1 (802.11b),False,337,="",="2/4/2026 6:48:35.022523875 AM",
="",3408,11.0,415 탎,2462 MHz,11,-89 dBm,Wi-Fi 1 (802.11b),True,392,="",="2/4/2026 6:48:35.025103505 AM",
="",3409,11.0,439 탎,2462 MHz,11,-88 dBm,Wi-Fi 1 (802.11b),True,425,="",="2/4/2026 6:48:35.025529700 AM",
="",3413,6.0,454 탎,2462 MHz,11,-88 dBm,Wi-Fi 3 (802.11g),False,403,="",="2/4/2026 6:48:35.031098855 AM",
="",3417,1.0,2008 탎,2462 MHz,11,-80 dBm,Wi-Fi 1 (802.11b),False,312,="",="2/4/2026 6:48:35.040318155 AM",
="",3418,1.0,2288 탎,2462 MHz,11,-88 dBm,Wi-Fi 1 (802.11b),False,347,="",="2/4/2026 6:48:35.047941920 AM",
="",3419,1.0,2208 탎,2462 MHz,11,-78 dBm,Wi-Fi 1 (802.11b),False,337,="",="2/4/2026 6:48:35.062409340 AM",
="",3420,6.0,425 탎,2462 MHz,11,-80 dBm,Wi-Fi 3 (802.11g),False,381,="",="2/4/2026 6:48:35.065388620 AM",
="",3421,1.0,2008 탎,2462 MHz,11,-70 dBm,Wi-Fi 1 (802.11b),False,312,="",="2/4/2026 6:48:35.075179820 AM",
="",3422,1.0,2016 탎,2462 MHz,11,-87 dBm,Wi-Fi 1 (802.11b),False,313,="",="2/4/2026 6:48:35.077212345 AM",
="",3423,11.0,401 탎,2462 MHz,11,-86 dBm,Wi-Fi 1 (802.11b),True,373,="",="2/4/2026 6:48:35.079228845 AM",
="",3424,11.0,418 탎,2462 MHz,11,-88 dBm,Wi-Fi 1 (802.11b),True,396,="",="2/4/2026 6:48:35.079629905 AM",
="",3425,11.0,358 탎,2462 MHz,11,-81 dBm,Wi-Fi 1 (802.11b),False,313,="",="2/4/2026 6:48:35.083666100 AM",
="",3426,11.0,415 탎,2462 MHz,11,-81 dBm,Wi-Fi 1 (802.11b),False,392,="",="2/4/2026 6:48:35.084037025 AM",
="",3427,11.0,443 탎,2462 MHz,11,-81 dBm,Wi-Fi 1 (802.11b),False,430,="",="2/4/2026 6:48:35.084467745 AM",
="",3428,1.0,3056 탎,2462 MHz,11,-80 dBm,Wi-Fi 1 (802.11b),False,443,="",="2/4/2026 6:48:35.085746535 AM",
="",3429,6.0,338 탎,2462 MHz,11,-78 dBm,Wi-Fi 3 (802.11g),False,316,="",="2/4/2026 6:48:35.088879035 AM",
="",3430,1.0,3056 탎,2462 MHz,11,-78 dBm,Wi-Fi 1 (802.11b),False,443,="",="2/4/2026 6:48:35.089244355 AM",
="",3431,1.0,3056 탎,2462 MHz,11,-78 dBm,Wi-Fi 1 (802.11b),False,443,="",="2/4/2026 6:48:35.095605805 AM",
="",3432,1.0,2424 탎,2462 MHz,11,-83 dBm,Wi-Fi 1 (802.11b),False,364,="",="2/4/2026 6:48:35.105553810 AM",
="",3433,6.0,342 탎,2462 MHz,11,-78 dBm,Wi-Fi 3 (802.11g),False,319,="",="2/4/2026 6:48:35.112997680 AM",
="",3434,1.0,2008 탎,2462 MHz,11,-83 dBm,Wi-Fi 1 (802.11b),False,312,="",="2/4/2026 6:48:35.113611095 AM",
="",3435,1.0,2096 탎,2462 MHz,11,-82 dBm,Wi-Fi 1 (802.11b),False,323,="",="2/4/2026 6:48:35.116707300 AM",
="",3439,1.0,2208 탎,2462 MHz,11,-66 dBm,Wi-Fi 1 (802.11b),False,337,="",="2/4/2026 6:48:35.124923805 AM",
="",3440,11.0,415 탎,2462 MHz,11,-88 dBm,Wi-Fi 1 (802.11b),True,392,="",="2/4/2026 6:48:35.127501180 AM",
="",3441,11.0,439 탎,2462 MHz,11,-87 dBm,Wi-Fi 1 (802.11b),True,425,="",="2/4/2026 6:48:35.127930255 AM",
="",3445,6.0,454 탎,2462 MHz,11,-87 dBm,Wi-Fi 3 (802.11g),False,403,="",="2/4/2026 6:48:35.133494730 AM",
="",3446,6.0,153 탎,2462 MHz,11,-86 dBm,Wi-Fi 3 (802.11g),True,177,="",="2/4/2026 6:48:35.133949230 AM",
="",3447,6.0,338 탎,2462 MHz,11,-78 dBm,Wi-Fi 3 (802.11g),False,316,="",="2/4/2026 6:48:35.138596995 AM",
="",3448,11.0,418 탎,2462 MHz,11,-89 dBm,Wi-Fi 1 (802.11b),True,396,="",="2/4/2026 6:48:35.140168755 AM",
="",3449,1.0,2008 탎,2462 MHz,11,-74 dBm,Wi-Fi 1 (802.11b),False,312,="",="2/4/2026 6:48:35.142718325 AM",
="",3450,1.0,2288 탎,2462 MHz,11,-89 dBm,Wi-Fi 1 (802.11b),True,347,="",="2/4/2026 6:48:35.150315220 AM",
="",3451,1.0,1880 탎,2462 MHz,11,-74 dBm,Wi-Fi 1 (802.11b),False,229,="",="2/4/2026 6:48:35.156908730 AM",
="",3452,6.0,425 탎,2462 MHz,11,-74 dBm,Wi-Fi 3 (802.11g),False,381,="",="2/4/2026 6:48:35.167445320 AM",
="",3456,1.0,2008 탎,2462 MHz,11,-64 dBm,Wi-Fi 1 (802.11b),False,312,="",="2/4/2026 6:48:35.176129920 AM",
="",3457,1.0,2016 탎,2462 MHz,11,-88 dBm,Wi-Fi 1 (802.11b),False,313,="",="2/4/2026 6:48:35.178474045 AM",
="",3458,11.0,401 탎,2462 MHz,11,-88 dBm,Wi-Fi 1 (802.11b),True,373,="",="2/4/2026 6:48:35.180490545 AM",
="",3459,11.0,418 탎,2462 MHz,11,-88 dBm,Wi-Fi 1 (802.11b),True,396,="",="2/4/2026 6:48:35.180889700 AM",
="",3460,11.0,358 탎,2462 MHz,11,-81 dBm,Wi-Fi 1 (802.11b),False,313,="",="2/4/2026 6:48:35.186074150 AM",
="",3461,11.0,415 탎,2462 MHz,11,-81 dBm,Wi-Fi 1 (802.11b),False,392,="",="2/4/2026 6:48:35.186437275 AM",
="",3462,11.0,443 탎,2462 MHz,11,-81 dBm,Wi-Fi 1 (802.11b),False,430,="",="2/4/2026 6:48:35.186868395 AM",
="",3463,6.0,338 탎,2462 MHz,11,-79 dBm,Wi-Fi 3 (802.11g),False,316,="",="2/4/2026 6:48:35.189797680 AM",
="",3464,1.0,2208 탎,2462 MHz,11,-73 dBm,Wi-Fi 1 (802.11b),False,337,="",="2/4/2026 6:48:35.193918565 AM",
="",3466,1.0,2008 탎,2462 MHz,11,-80 dBm,Wi-Fi 1 (802.11b),False,312,="",="2/4/2026 6:48:35.216009505 AM",
="",3467,1.0,2016 탎,2462 MHz,11,-82 dBm,Wi-Fi 1 (802.11b),False,229,="",="2/4/2026 6:48:35.221395175 AM",
="",3468,1.0,2208 탎,2462 MHz,11,-67 dBm,Wi-Fi 1 (802.11b),False,337,="",="2/4/2026 6:48:35.227324400 AM",
="",3469,6.0,434 탎,2462 MHz,11,-89 dBm,Wi-Fi 3 (802.11g),False,388,="",="2/4/2026 6:48:35.235413635 AM",
="",3473,1.0,2008 탎,2462 MHz,11,-73 dBm,Wi-Fi 1 (802.11b),False,312,="",="2/4/2026 6:48:35.245118360 AM",
="",3474,1.0,2288 탎,2462 MHz,11,-89 dBm,Wi-Fi 1 (802.11b),False,347,="",="2/4/2026 6:48:35.252743805 AM",
="",3475,11.0,415 탎,2462 MHz,11,-89 dBm,Wi-Fi 1 (802.11b),True,392,="",="2/4/2026 6:48:35.257605900 AM",
="",3476,11.0,431 탎,2462 MHz,11,-89 dBm,Wi-Fi 1 (802.11b),True,414,="",="2/4/2026 6:48:35.258008400 AM",
="",3477,1.0,2208 탎,2462 MHz,11,-80 dBm,Wi-Fi 1 (802.11b),False,337,="",="2/4/2026 6:48:35.267211985 AM",
="",3478,1.0,1880 탎,2462 MHz,11,-75 dBm,Wi-Fi 1 (802.11b),False,229,="",="2/4/2026 6:48:35.269449890 AM",
="",3479,1.0,2008 탎,2462 MHz,11,-75 dBm,Wi-Fi 1 (802.11b),False,312,="",="2/4/2026 6:48:35.278523970 AM",
="",3480,1.0,2016 탎,2462 MHz,11,-89 dBm,Wi-Fi 1 (802.11b),False,313,="",="2/4/2026 6:48:35.280872175 AM",
="",3481,11.0,401 탎,2462 MHz,11,-89 dBm,Wi-Fi 1 (802.11b),True,229,="",="2/4/2026 6:48:35.282888675 AM",
="",3482,11.0,418 탎,2462 MHz,11,-89 dBm,Wi-Fi 1 (802.11b),True,396,="",="2/4/2026 6:48:35.283290390 AM",
="",3483,11.0,358 탎,2462 MHz,11,-80 dBm,Wi-Fi 1 (802.11b),False,313,="",="2/4/2026 6:48:35.288466945 AM",
="",3484,11.0,415 탎,2462 MHz,11,-80 dBm,Wi-Fi 1 (802.11b),False,392,="",="2/4/2026 6:48:35.288837725 AM",
="",3485,11.0,443 탎,2462 MHz,11,-80 dBm,Wi-Fi 1 (802.11b),False,430,="",="2/4/2026 6:48:35.289269085 AM",
="",3486,6.0,338 탎,2462 MHz,11,-80 dBm,Wi-Fi 3 (802.11g),False,316,="",="2/4/2026 6:48:35.292199290 AM",
="",3487,1.0,2208 탎,2462 MHz,11,-79 dBm,Wi-Fi 1 (802.11b),False,337,="",="2/4/2026 6:48:35.296318815 AM",
="",3491,1.0,2424 탎,2462 MHz,11,-83 dBm,Wi-Fi 1 (802.11b),False,364,="",="2/4/2026 6:48:35.310342415 AM",
="",3492,6.0,342 탎,2462 MHz,11,-81 dBm,Wi-Fi 3 (802.11g),False,319,="",="2/4/2026 6:48:35.317800220 AM",
="",3493,1.0,2008 탎,2462 MHz,11,-78 dBm,Wi-Fi 1 (802.11b),False,312,="",="2/4/2026 6:48:35.318412955 AM",
="",3494,1.0,2208 탎,2462 MHz,11,-70 dBm,Wi-Fi 1 (802.11b),False,337,="",="2/4/2026 6:48:35.329724225 AM",
="",3495,11.0,439 탎,2462 MHz,11,-89 dBm,Wi-Fi 1 (802.11b),True,229,="",="2/4/2026 6:48:35.332729995 AM",
="",3496,6.0,338 탎,2462 MHz,11,-80 dBm,Wi-Fi 3 (802.11g),False,316,="",="2/4/2026 6:48:35.343404015 AM",
="",3501,1.0,2288 탎,2462 MHz,11,-88 dBm,Wi-Fi 1 (802.11b),False,347,="",="2/4/2026 6:48:35.355075065 AM",
="",3502,11.0,431 탎,2462 MHz,11,-89 dBm,Wi-Fi 1 (802.11b),True,414,="",="2/4/2026 6:48:35.360406850 AM",
="",3503,1.0,2016 탎,2462 MHz,11,-88 dBm,Wi-Fi 1 (802.11b),True,313,="",="2/4/2026 6:48:35.362270650 AM",
="",3504,1.0,2208 탎,2462 MHz,11,-81 dBm,Wi-Fi 1 (802.11b),False,337,="",="2/4/2026 6:48:35.369613210 AM",
="",3505,6.0,425 탎,2462 MHz,11,-75 dBm,Wi-Fi 3 (802.11g),False,381,="",="2/4/2026 6:48:35.372131255 AM",
="",3506,1.0,1880 탎,2462 MHz,11,-77 dBm,Wi-Fi 1 (802.11b),False,229,="",="2/4/2026 6:48:35.376481535 AM",
="",3507,1.0,2008 탎,2462 MHz,11,-70 dBm,Wi-Fi 1 (802.11b),False,312,="",="2/4/2026 6:48:35.381162085 AM",
="",3508,1.0,2016 탎,2462 MHz,11,-87 dBm,Wi-Fi 1 (802.11b),False,313,="",="2/4/2026 6:48:35.383272520 AM",
="",3509,11.0,401 탎,2462 MHz,11,-88 dBm,Wi-Fi 1 (802.11b),True,373,="",="2/4/2026 6:48:35.385289020 AM",
="",3510,11.0,418 탎,2462 MHz,11,-87 dBm,Wi-Fi 1 (802.11b),True,396,="",="2/4/2026 6:48:35.385689440 AM",
="",3511,11.0,358 탎,2462 MHz,11,-81 dBm,Wi-Fi 1 (802.11b),False,313,="",="2/4/2026 6:48:35.391451265 AM",
="",3512,11.0,415 탎,2462 MHz,11,-81 dBm,Wi-Fi 1 (802.11b),False,392,="",="2/4/2026 6:48:35.391827750 AM",
="",3513,11.0,443 탎,2462 MHz,11,-81 dBm,Wi-Fi 1 (802.11b),False,430,="",="2/4/2026 6:48:35.392253350 AM",
="",3514,6.0,338 탎,2462 MHz,11,-79 dBm,Wi-Fi 3 (802.11g),False,316,="",="2/4/2026 6:48:35.394601380 AM",
="",3515,1.0,2208 탎,2462 MHz,11,-73 dBm,Wi-Fi 1 (802.11b),False,337,="",="2/4/2026 6:48:35.398719360 AM",
="",3516,1.0,2424 탎,2462 MHz,11,-81 dBm,Wi-Fi 1 (802.11b),False,364,="",="2/4/2026 6:48:35.412745200 AM",
="",3520,6.0,342 탎,2462 MHz,11,-79 dBm,Wi-Fi 3 (802.11g),False,319,="",="2/4/2026 6:48:35.420202630 AM",
="",3521,1.0,2208 탎,2462 MHz,11,-72 dBm,Wi-Fi 1 (802.11b),False,337,="",="2/4/2026 6:48:35.432139090 AM",
="",3525,11.0,418 탎,2462 MHz,11,-88 dBm,Wi-Fi 1 (802.11b),True,396,="",="2/4/2026 6:48:35.447372480 AM",
="",3526,1.0,2008 탎,2462 MHz,11,-78 dBm,Wi-Fi 1 (802.11b),True,312,="",="2/4/2026 6:48:35.449894395 AM",
="",3530,1.0,2288 탎,2462 MHz,11,-87 dBm,Wi-Fi 1 (802.11b),False,347,="",="2/4/2026 6:48:35.457484570 AM",
="",3531,11.0,431 탎,2462 MHz,11,-89 dBm,Wi-Fi 1 (802.11b),True,414,="",="2/4/2026 6:48:35.462807500 AM",
="",3532,1.0,2016 탎,2462 MHz,11,-89 dBm,Wi-Fi 1 (802.11b),False,313,="",="2/4/2026 6:48:35.464695635 AM",
="",3533,1.0,2208 탎,2462 MHz,11,-77 dBm,Wi-Fi 1 (802.11b),False,337,="",="2/4/2026 6:48:35.472009500 AM",
="",3534,6.0,425 탎,2462 MHz,11,-77 dBm,Wi-Fi 3 (802.11g),False,381,="",="2/4/2026 6:48:35.474577250 AM",
="",3535,1.0,2008 탎,2462 MHz,11,-72 dBm,Wi-Fi 1 (802.11b),False,312,="",="2/4/2026 6:48:35.483327230 AM",
="",3536,1.0,1880 탎,2462 MHz,11,-76 dBm,Wi-Fi 1 (802.11b),False,229,="",="2/4/2026 6:48:35.486855980 AM",
="",3537,11.0,358 탎,2462 MHz,11,-79 dBm,Wi-Fi 1 (802.11b),False,313,="",="2/4/2026 6:48:35.493265260 AM",
="",3538,11.0,415 탎,2462 MHz,11,-80 dBm,Wi-Fi 1 (802.11b),False,392,="",="2/4/2026 6:48:35.493654000 AM",
="",3539,11.0,443 탎,2462 MHz,11,-80 dBm,Wi-Fi 1 (802.11b),False,430,="",="2/4/2026 6:48:35.494070225 AM",
="",3540,6.0,338 탎,2462 MHz,11,-80 dBm,Wi-Fi 3 (802.11g),False,316,="",="2/4/2026 6:48:35.497003750 AM",
="",3541,1.0,2208 탎,2462 MHz,11,-81 dBm,Wi-Fi 1 (802.11b),False,337,="",="2/4/2026 6:48:35.501119170 AM",
="",3542,1.0,2424 탎,2462 MHz,11,-87 dBm,Wi-Fi 1 (802.11b),False,364,="",="2/4/2026 6:48:35.515141770 AM",
="",3543,6.0,342 탎,2462 MHz,11,-82 dBm,Wi-Fi 3 (802.11g),False,319,="",="2/4/2026 6:48:35.522603760 AM",
="",3544,1.0,2008 탎,2462 MHz,11,-78 dBm,Wi-Fi 1 (802.11b),False,312,="",="2/4/2026 6:48:35.523222575 AM",
="",3545,1.0,2096 탎,2462 MHz,11,-83 dBm,Wi-Fi 1 (802.11b),False,323,="",="2/4/2026 6:48:35.526307100 AM",
="",3546,1.0,2208 탎,2462 MHz,11,-71 dBm,Wi-Fi 1 (802.11b),False,337,="",="2/4/2026 6:48:35.534524965 AM",
="",3547,11.0,418 탎,2462 MHz,11,-89 dBm,Wi-Fi 1 (802.11b),True,396,="",="2/4/2026 6:48:35.549769755 AM",
="",3550,1.0,2008 탎,2462 MHz,11,-76 dBm,Wi-Fi 1 (802.11b),False,312,="",="2/4/2026 6:48:35.552330965 AM",
="",3552,1.0,2288 탎,2462 MHz,11,-89 dBm,Wi-Fi 1 (802.11b),False,347,="",="2/4/2026 6:48:35.559886740 AM",
="",3553,11.0,415 탎,2462 MHz,11,-90 dBm,Wi-Fi 1 (802.11b),True,392,="",="2/4/2026 6:48:35.564779515 AM",
="",3554,1.0,2016 탎,2462 MHz,11,-89 dBm,Wi-Fi 1 (802.11b),False,313,="",="2/4/2026 6:48:35.567099590 AM",
="",3556,1.0,2208 탎,2462 MHz,11,-78 dBm,Wi-Fi 1 (802.11b),False,337,="",="2/4/2026 6:48:35.574410375 AM",
="",3559,6.0,425 탎,2462 MHz,11,-77 dBm,Wi-Fi 3 (802.11g),False,381,="",="2/4/2026 6:48:35.577059720 AM",
="",3560,1.0,2008 탎,2462 MHz,11,-72 dBm,Wi-Fi 1 (802.11b),False,312,="",="2/4/2026 6:48:35.585728080 AM",
="",3561,1.0,2016 탎,2462 MHz,11,-88 dBm,Wi-Fi 1 (802.11b),False,313,="",="2/4/2026 6:48:35.588074245 AM",
="",3562,11.0,401 탎,2462 MHz,11,-89 dBm,Wi-Fi 1 (802.11b),True,373,="",="2/4/2026 6:48:35.590090745 AM",
="",3563,1.0,1768 탎,2462 MHz,11,-72 dBm,Wi-Fi 1 (802.11b),False,229,="",="2/4/2026 6:48:35.595803630 AM",
="",3564,6.0,338 탎,2462 MHz,11,-81 dBm,Wi-Fi 3 (802.11g),False,316,="",="2/4/2026 6:48:35.599810365 AM",
="",3565,1.0,2208 탎,2462 MHz,11,-72 dBm,Wi-Fi 1 (802.11b),False,337,="",="2/4/2026 6:48:35.603521725 AM",
="",3566,24.0,40 탎,2462 MHz,11,-86 dBm,Wi-Fi 3 (802.11g),True,115,="",="2/4/2026 6:48:35.608510180 AM",
="",3567,24.0,37 탎,2462 MHz,11,-87 dBm,Wi-Fi 3 (802.11g),True,105,="",="2/4/2026 6:48:35.608635955 AM",
="",3568,72.2,38 탎,2462 MHz,11,-87 dBm,Wi-Fi 4 (802.11n),True,111,="",="2/4/2026 6:48:35.608746365 AM",
="",3569,1.0,384 탎,2462 MHz,11,-87 dBm,Wi-Fi 1 (802.11b),False,109,="",="2/4/2026 6:48:35.608951030 AM",
="",3570,1.0,448 탎,2462 MHz,11,-86 dBm,Wi-Fi 1 (802.11b),False,117,="",="2/4/2026 6:48:35.609375600 AM",
="",3571,24.0,37 탎,2462 MHz,11,-87 dBm,Wi-Fi 3 (802.11g),True,105,="",="2/4/2026 6:48:35.609835800 AM",
="",3572,24.0,35 탎,2462 MHz,11,-86 dBm,Wi-Fi 3 (802.11g),True,99,="",="2/4/2026 6:48:35.610197110 AM",
="",3573,24.0,37 탎,2462 MHz,11,-86 dBm,Wi-Fi 3 (802.11g),True,105,="",="2/4/2026 6:48:35.610852915 AM",
="",3574,24.0,35 탎,2462 MHz,11,-86 dBm,Wi-Fi 3 (802.11g),True,99,="",="2/4/2026 6:48:35.612064480 AM",
="",3575,24.0,41 탎,2462 MHz,11,-86 dBm,Wi-Fi 3 (802.11g),True,117,="",="2/4/2026 6:48:35.612231955 AM",
="",3576,1.0,2424 탎,2462 MHz,11,-84 dBm,Wi-Fi 1 (802.11b),False,364,="",="2/4/2026 6:48:35.617550445 AM",
="",3577,24.0,35 탎,2462 MHz,11,-83 dBm,Wi-Fi 3 (802.11g),True,99,="",="2/4/2026 6:48:35.624669535 AM",
="",3578,6.0,342 탎,2462 MHz,11,-80 dBm,Wi-Fi 3 (802.11g),False,319,="",="2/4/2026 6:48:35.625188230 AM",
="",3579,1.0,2008 탎,2462 MHz,11,-78 dBm,Wi-Fi 1 (802.11b),False,312,="",="2/4/2026 6:48:35.625610450 AM",
="",3580,1.0,2096 탎,2462 MHz,11,-85 dBm,Wi-Fi 1 (802.11b),False,323,="",="2/4/2026 6:48:35.628712430 AM",
="",3581,1.0,1096 탎,2462 MHz,11,-90 dBm,Wi-Fi 1 (802.11b),False,198,="",="2/4/2026 6:48:35.632553965 AM",
="",3582,1.0,1120 탎,2462 MHz,11,-87 dBm,Wi-Fi 1 (802.11b),False,201,="",="2/4/2026 6:48:35.635436930 AM",
="",3583,1.0,2208 탎,2462 MHz,11,-67 dBm,Wi-Fi 1 (802.11b),False,337,="",="2/4/2026 6:48:35.636952615 AM",
="",3584,11.0,439 탎,2462 MHz,11,-89 dBm,Wi-Fi 1 (802.11b),True,229,="",="2/4/2026 6:48:35.639957105 AM",
="",3585,6.0,511 탎,2462 MHz,11,-88 dBm,Wi-Fi 3 (802.11g),False,446,="",="2/4/2026 6:48:35.644465850 AM",
="",3586,6.0,434 탎,2462 MHz,11,-88 dBm,Wi-Fi 3 (802.11g),True,388,="",="2/4/2026 6:48:35.644978100 AM",
="",3587,6.0,454 탎,2462 MHz,11,-86 dBm,Wi-Fi 3 (802.11g),False,403,="",="2/4/2026 6:48:35.645459430 AM",
="",3588,1.0,2016 탎,2462 MHz,11,-88 dBm,Wi-Fi 1 (802.11b),False,313,="",="2/4/2026 6:48:35.649751430 AM",
="",3589,11.0,401 탎,2462 MHz,11,-87 dBm,Wi-Fi 1 (802.11b),True,373,="",="2/4/2026 6:48:35.651767930 AM",
="",3590,11.0,418 탎,2462 MHz,11,-86 dBm,Wi-Fi 1 (802.11b),False,396,="",="2/4/2026 6:48:35.652199725 AM",
="",3591,1.0,2008 탎,2462 MHz,11,-74 dBm,Wi-Fi 1 (802.11b),False,312,="",="2/4/2026 6:48:35.654721520 AM",
="",3595,1.0,2288 탎,2462 MHz,11,-89 dBm,Wi-Fi 1 (802.11b),False,347,="",="2/4/2026 6:48:35.662279735 AM",
="",3596,11.0,431 탎,2462 MHz,11,-89 dBm,Wi-Fi 1 (802.11b),True,414,="",="2/4/2026 6:48:35.667608705 AM",
="",3597,1.0,2208 탎,2462 MHz,11,-79 dBm,Wi-Fi 1 (802.11b),False,337,="",="2/4/2026 6:48:35.676810650 AM",
="",3598,6.0,425 탎,2462 MHz,11,-75 dBm,Wi-Fi 3 (802.11g),False,381,="",="2/4/2026 6:48:35.679371045 AM",
="",3599,1.0,2008 탎,2462 MHz,11,-74 dBm,Wi-Fi 1 (802.11b),False,312,="",="2/4/2026 6:48:35.688813975 AM",
="",3600,1.0,2016 탎,2462 MHz,11,-88 dBm,Wi-Fi 1 (802.11b),False,313,="",="2/4/2026 6:48:35.690848325 AM",
="",3601,11.0,401 탎,2462 MHz,11,-87 dBm,Wi-Fi 1 (802.11b),True,373,="",="2/4/2026 6:48:35.692864825 AM",
="",3602,11.0,418 탎,2462 MHz,11,-88 dBm,Wi-Fi 1 (802.11b),True,396,="",="2/4/2026 6:48:35.693297420 AM",
="",3603,11.0,358 탎,2462 MHz,11,-79 dBm,Wi-Fi 1 (802.11b),True,313,="",="2/4/2026 6:48:35.698039050 AM",
="",3604,11.0,415 탎,2462 MHz,11,-80 dBm,Wi-Fi 1 (802.11b),False,392,="",="2/4/2026 6:48:35.698440030 AM",
="",3605,11.0,443 탎,2462 MHz,11,-80 dBm,Wi-Fi 1 (802.11b),False,430,="",="2/4/2026 6:48:35.698870950 AM",
="",3609,1.0,2208 탎,2462 MHz,11,-75 dBm,Wi-Fi 1 (802.11b),False,337,="",="2/4/2026 6:48:35.705924280 AM",
="",3610,1.0,1768 탎,2462 MHz,11,-74 dBm,Wi-Fi 1 (802.11b),False,229,="",="2/4/2026 6:48:35.708197235 AM",
="",3614,1.0,2424 탎,2462 MHz,11,-81 dBm,Wi-Fi 1 (802.11b),False,364,="",="2/4/2026 6:48:35.719963855 AM",
="",3615,6.0,342 탎,2462 MHz,11,-84 dBm,Wi-Fi 3 (802.11g),False,319,="",="2/4/2026 6:48:35.727407630 AM",
="",3616,1.0,2008 탎,2462 MHz,11,-80 dBm,Wi-Fi 1 (802.11b),False,312,="",="2/4/2026 6:48:35.728010525 AM",
="",3617,1.0,2096 탎,2462 MHz,11,-82 dBm,Wi-Fi 1 (802.11b),False,323,="",="2/4/2026 6:48:35.731125465 AM",
="",3618,1.0,2208 탎,2462 MHz,11,-74 dBm,Wi-Fi 1 (802.11b),False,337,="",="2/4/2026 6:48:35.739324875 AM",
="",3619,11.0,418 탎,2462 MHz,11,-88 dBm,Wi-Fi 1 (802.11b),True,396,="",="2/4/2026 6:48:35.754569760 AM",
="",3620,1.0,2008 탎,2462 MHz,11,-79 dBm,Wi-Fi 1 (802.11b),False,312,="",="2/4/2026 6:48:35.757132490 AM",
="",3623,1.0,416 탎,2462 MHz,11,-89 dBm,Wi-Fi 1 (802.11b),True,113,="",="2/4/2026 6:48:35.764490325 AM",
="",3624,1.0,2016 탎,2462 MHz,11,-88 dBm,Wi-Fi 1 (802.11b),True,313,="",="2/4/2026 6:48:35.771871900 AM",
="",3625,1.0,2208 탎,2462 MHz,11,-81 dBm,Wi-Fi 1 (802.11b),False,337,="",="2/4/2026 6:48:35.779210940 AM",
="",3626,6.0,425 탎,2462 MHz,11,-77 dBm,Wi-Fi 3 (802.11g),False,381,="",="2/4/2026 6:48:35.781772640 AM",
="",3627,1.0,2008 탎,2462 MHz,11,-71 dBm,Wi-Fi 1 (802.11b),False,312,="",="2/4/2026 6:48:35.790524950 AM",
="",3628,11.0,358 탎,2462 MHz,11,-81 dBm,Wi-Fi 1 (802.11b),False,313,="",="2/4/2026 6:48:35.800466380 AM",
="",3629,11.0,443 탎,2462 MHz,11,-82 dBm,Wi-Fi 1 (802.11b),True,430,="",="2/4/2026 6:48:35.801239690 AM",
="",3630,11.0,394 탎,2462 MHz,11,-81 dBm,Wi-Fi 1 (802.11b),False,229,="",="2/4/2026 6:48:35.801733490 AM",
="",3631,6.0,338 탎,2462 MHz,11,-80 dBm,Wi-Fi 3 (802.11g),False,316,="",="2/4/2026 6:48:35.804209230 AM",
="",3632,6.0,342 탎,2462 MHz,11,-80 dBm,Wi-Fi 3 (802.11g),False,319,="",="2/4/2026 6:48:35.829809585 AM",
="",3633,1.0,2008 탎,2462 MHz,11,-81 dBm,Wi-Fi 1 (802.11b),False,312,="",="2/4/2026 6:48:35.830512365 AM",
="",3634,1.0,2208 탎,2462 MHz,11,-74 dBm,Wi-Fi 1 (802.11b),False,337,="",="2/4/2026 6:48:35.841728310 AM",
="",3635,1.0,1880 탎,2462 MHz,11,-78 dBm,Wi-Fi 1 (802.11b),False,229,="",="2/4/2026 6:48:35.853834325 AM",
="",3639,11.0,401 탎,2462 MHz,11,-87 dBm,Wi-Fi 1 (802.11b),True,373,="",="2/4/2026 6:48:35.857768095 AM",
="",3640,11.0,418 탎,2462 MHz,11,-86 dBm,Wi-Fi 1 (802.11b),True,396,="",="2/4/2026 6:48:35.858182345 AM",
="",3641,1.0,2008 탎,2462 MHz,11,-78 dBm,Wi-Fi 1 (802.11b),False,312,="",="2/4/2026 6:48:35.859519310 AM",
="",3645,11.0,431 탎,2462 MHz,11,-90 dBm,Wi-Fi 1 (802.11b),True,414,="",="2/4/2026 6:48:35.872430255 AM",
="",3646,11.0,431 탎,2462 MHz,11,-87 dBm,Wi-Fi 1 (802.11b),True,414,="",="2/4/2026 6:48:35.876731635 AM",
="",3647,1.0,2208 탎,2462 MHz,11,-82 dBm,Wi-Fi 1 (802.11b),False,337,="",="2/4/2026 6:48:35.881718205 AM",
="",3648,6.0,425 탎,2462 MHz,11,-76 dBm,Wi-Fi 3 (802.11g),False,381,="",="2/4/2026 6:48:35.884146740 AM",
="",3649,1.0,2136 탎,2462 MHz,11,-89 dBm,Wi-Fi 1 (802.11b),False,328,="",="2/4/2026 6:48:35.887700740 AM",
="",3650,1.0,2008 탎,2462 MHz,11,-71 dBm,Wi-Fi 1 (802.11b),False,312,="",="2/4/2026 6:48:35.892925330 AM",
="",3651,1.0,2016 탎,2462 MHz,11,-87 dBm,Wi-Fi 1 (802.11b),False,313,="",="2/4/2026 6:48:35.895275510 AM",
="",3652,11.0,401 탎,2462 MHz,11,-88 dBm,Wi-Fi 1 (802.11b),True,373,="",="2/4/2026 6:48:35.897292010 AM",
="",3653,11.0,418 탎,2462 MHz,11,-87 dBm,Wi-Fi 1 (802.11b),True,396,="",="2/4/2026 6:48:35.897693670 AM",
="",3654,11.0,358 탎,2462 MHz,11,-80 dBm,Wi-Fi 1 (802.11b),False,313,="",="2/4/2026 6:48:35.902934710 AM",
="",3655,11.0,415 탎,2462 MHz,11,-80 dBm,Wi-Fi 1 (802.11b),False,392,="",="2/4/2026 6:48:35.903305835 AM",
="",3656,11.0,443 탎,2462 MHz,11,-81 dBm,Wi-Fi 1 (802.11b),False,430,="",="2/4/2026 6:48:35.903737195 AM",
="",3658,6.0,338 탎,2462 MHz,11,-80 dBm,Wi-Fi 3 (802.11g),False,316,="",="2/4/2026 6:48:35.906613740 AM",
="",3659,24.0,35 탎,2462 MHz,11,-82 dBm,Wi-Fi 3 (802.11g),False,99,="",="2/4/2026 6:48:35.908343155 AM",
="",3660,24.0,41 탎,2462 MHz,11,-83 dBm,Wi-Fi 3 (802.11g),False,117,="",="2/4/2026 6:48:35.908475935 AM",
="",3661,1.0,2208 탎,2462 MHz,11,-78 dBm,Wi-Fi 1 (802.11b),False,337,="",="2/4/2026 6:48:35.910720750 AM",
="",3663,11.0,292 탎,2462 MHz,11,-88 dBm,Wi-Fi 1 (802.11b),True,223,="",="2/4/2026 6:48:35.920714490 AM",
="",3664,11.0,202 탎,2462 MHz,11,-89 dBm,Wi-Fi 1 (802.11b),True,99,="",="2/4/2026 6:48:35.921025880 AM",
="",3665,6.0,57 탎,2462 MHz,11,-81 dBm,Wi-Fi 3 (802.11g),False,105,="",="2/4/2026 6:48:35.921252320 AM",
="",3666,6.0,342 탎,2462 MHz,11,-77 dBm,Wi-Fi 3 (802.11g),False,319,="",="2/4/2026 6:48:35.932210245 AM",
="",3667,1.0,2008 탎,2462 MHz,11,-80 dBm,Wi-Fi 1 (802.11b),False,312,="",="2/4/2026 6:48:35.932810740 AM",
="",3668,1.0,2096 탎,2462 MHz,11,-83 dBm,Wi-Fi 1 (802.11b),False,323,="",="2/4/2026 6:48:35.936135250 AM",
="",3669,1.0,2208 탎,2462 MHz,11,-70 dBm,Wi-Fi 1 (802.11b),False,337,="",="2/4/2026 6:48:35.944128970 AM",
="",3670,11.0,358 탎,2462 MHz,11,-88 dBm,Wi-Fi 1 (802.11b),True,313,="",="2/4/2026 6:48:35.946337470 AM",
="",3671,11.0,439 탎,2462 MHz,11,-88 dBm,Wi-Fi 1 (802.11b),True,425,="",="2/4/2026 6:48:35.947132500 AM",
="",3672,6.0,511 탎,2462 MHz,11,-88 dBm,Wi-Fi 3 (802.11g),True,446,="",="2/4/2026 6:48:35.951638660 AM",
="",3673,1.0,1880 탎,2462 MHz,11,-77 dBm,Wi-Fi 1 (802.11b),False,229,="",="2/4/2026 6:48:35.954484315 AM",
="",3674,11.0,418 탎,2462 MHz,11,-87 dBm,Wi-Fi 1 (802.11b),True,396,="",="2/4/2026 6:48:35.959370800 AM",
="",3675,1.0,2008 탎,2462 MHz,11,-76 dBm,Wi-Fi 1 (802.11b),False,312,="",="2/4/2026 6:48:35.961919850 AM",
="",3680,11.0,431 탎,2462 MHz,11,-88 dBm,Wi-Fi 1 (802.11b),True,414,="",="2/4/2026 6:48:35.974810515 AM",
="",3684,1.0,2208 탎,2462 MHz,11,-80 dBm,Wi-Fi 1 (802.11b),False,337,="",="2/4/2026 6:48:35.984010580 AM",
="",3685,6.0,425 탎,2462 MHz,11,-80 dBm,Wi-Fi 3 (802.11g),False,381,="",="2/4/2026 6:48:35.986620590 AM",
="",3686,1.0,2136 탎,2462 MHz,11,-89 dBm,Wi-Fi 1 (802.11b),False,328,="",="2/4/2026 6:48:35.990103960 AM",
="",3690,6.0,73 탎,2462 MHz,11,-89 dBm,Wi-Fi 3 (802.11g),False,117,="",="2/4/2026 6:48:35.994577165 AM",
="",3691,1.0,2008 탎,2462 MHz,11,-72 dBm,Wi-Fi 1 (802.11b),False,312,="",="2/4/2026 6:48:35.995324990 AM",
="",3692,1.0,2016 탎,2462 MHz,11,-85 dBm,Wi-Fi 1 (802.11b),False,313,="",="2/4/2026 6:48:35.997676610 AM",
="",3693,11.0,401 탎,2462 MHz,11,-84 dBm,Wi-Fi 1 (802.11b),False,373,="",="2/4/2026 6:48:35.999708975 AM",
="",3694,11.0,418 탎,2462 MHz,11,-83 dBm,Wi-Fi 1 (802.11b),False,396,="",="2/4/2026 6:48:36.000124545 AM",
="",3695,11.0,358 탎,2462 MHz,11,-81 dBm,Wi-Fi 1 (802.11b),False,313,="",="2/4/2026 6:48:36.005287780 AM",
="",3696,11.0,415 탎,2462 MHz,11,-81 dBm,Wi-Fi 1 (802.11b),False,392,="",="2/4/2026 6:48:36.005660960 AM",
="",3697,11.0,443 탎,2462 MHz,11,-82 dBm,Wi-Fi 1 (802.11b),False,430,="",="2/4/2026 6:48:36.006095160 AM",
="",3698,6.0,338 탎,2462 MHz,11,-80 dBm,Wi-Fi 3 (802.11g),False,316,="",="2/4/2026 6:48:36.009014430 AM",
="",3699,1.0,2208 탎,2462 MHz,11,-74 dBm,Wi-Fi 1 (802.11b),False,337,="",="2/4/2026 6:48:36.013120125 AM",
="",3701,1.0,2424 탎,2462 MHz,11,-82 dBm,Wi-Fi 1 (802.11b),False,364,="",="2/4/2026 6:48:36.027158210 AM",
="",3703,6.0,342 탎,2462 MHz,11,-80 dBm,Wi-Fi 3 (802.11g),False,319,="",="2/4/2026 6:48:36.034613200 AM",
="",3704,1.0,2008 탎,2462 MHz,11,-79 dBm,Wi-Fi 1 (802.11b),False,312,="",="2/4/2026 6:48:36.035210560 AM",
="",3705,1.0,2096 탎,2462 MHz,11,-82 dBm,Wi-Fi 1 (802.11b),False,323,="",="2/4/2026 6:48:36.038322500 AM",
="",3706,1.0,2208 탎,2462 MHz,11,-67 dBm,Wi-Fi 1 (802.11b),False,337,="",="2/4/2026 6:48:36.046527030 AM",
="",3707,11.0,415 탎,2462 MHz,11,-88 dBm,Wi-Fi 1 (802.11b),True,392,="",="2/4/2026 6:48:36.049103620 AM",
="",3708,11.0,439 탎,2462 MHz,11,-89 dBm,Wi-Fi 1 (802.11b),True,425,="",="2/4/2026 6:48:36.049532015 AM",
="",3709,1.0,1880 탎,2462 MHz,11,-74 dBm,Wi-Fi 1 (802.11b),False,229,="",="2/4/2026 6:48:36.055867700 AM",
="",3710,11.0,418 탎,2462 MHz,11,-85 dBm,Wi-Fi 1 (802.11b),False,396,="",="2/4/2026 6:48:36.061800915 AM",
="",3711,1.0,2008 탎,2462 MHz,11,-74 dBm,Wi-Fi 1 (802.11b),False,312,="",="2/4/2026 6:48:36.064319830 AM",
="",3712,1.0,872 탎,2462 MHz,11,-82 dBm,Wi-Fi 1 (802.11b),False,170,="",="2/4/2026 6:48:36.066342005 AM",
="",3713,1.0,2288 탎,2462 MHz,11,-87 dBm,Wi-Fi 1 (802.11b),False,347,="",="2/4/2026 6:48:36.071886485 AM",
="",3717,1.0,2016 탎,2462 MHz,11,-88 dBm,Wi-Fi 1 (802.11b),False,313,="",="2/4/2026 6:48:36.079101190 AM",
="",3718,11.0,415 탎,2462 MHz,11,-87 dBm,Wi-Fi 1 (802.11b),True,392,="",="2/4/2026 6:48:36.081117690 AM",
="",3719,11.0,431 탎,2462 MHz,11,-87 dBm,Wi-Fi 1 (802.11b),True,414,="",="2/4/2026 6:48:36.081533675 AM",
="",3720,1.0,2208 탎,2462 MHz,11,-81 dBm,Wi-Fi 1 (802.11b),False,337,="",="2/4/2026 6:48:36.086410880 AM",
="",3721,6.0,425 탎,2462 MHz,11,-82 dBm,Wi-Fi 3 (802.11g),False,381,="",="2/4/2026 6:48:36.088994235 AM",
="",3722,1.0,2008 탎,2462 MHz,11,-67 dBm,Wi-Fi 1 (802.11b),False,312,="",="2/4/2026 6:48:36.097725345 AM",
="",3723,1.0,2016 탎,2462 MHz,11,-84 dBm,Wi-Fi 1 (802.11b),False,313,="",="2/4/2026 6:48:36.100079590 AM",
="",3724,11.0,401 탎,2462 MHz,11,-85 dBm,Wi-Fi 1 (802.11b),False,373,="",="2/4/2026 6:48:36.102109835 AM",
="",3725,11.0,418 탎,2462 MHz,11,-83 dBm,Wi-Fi 1 (802.11b),False,396,="",="2/4/2026 6:48:36.102525100 AM",
="",3726,11.0,358 탎,2462 MHz,11,-81 dBm,Wi-Fi 1 (802.11b),False,313,="",="2/4/2026 6:48:36.107742750 AM",
="",3727,11.0,415 탎,2462 MHz,11,-81 dBm,Wi-Fi 1 (802.11b),False,392,="",="2/4/2026 6:48:36.108113875 AM",
="",3728,11.0,443 탎,2462 MHz,11,-82 dBm,Wi-Fi 1 (802.11b),False,430,="",="2/4/2026 6:48:36.108544890 AM",
="",3729,6.0,338 탎,2462 MHz,11,-78 dBm,Wi-Fi 3 (802.11g),False,316,="",="2/4/2026 6:48:36.111793750 AM",
="",3730,1.0,2208 탎,2462 MHz,11,-74 dBm,Wi-Fi 1 (802.11b),False,337,="",="2/4/2026 6:48:36.115696385 AM",
="",3734,1.0,2424 탎,2462 MHz,11,-85 dBm,Wi-Fi 1 (802.11b),False,364,="",="2/4/2026 6:48:36.129558990 AM",
="",3735,6.0,342 탎,2462 MHz,11,-79 dBm,Wi-Fi 3 (802.11g),False,319,="",="2/4/2026 6:48:36.137014700 AM",
="",3736,1.0,2008 탎,2462 MHz,11,-81 dBm,Wi-Fi 1 (802.11b),False,312,="",="2/4/2026 6:48:36.137610915 AM",
="",3737,1.0,2096 탎,2462 MHz,11,-85 dBm,Wi-Fi 1 (802.11b),False,323,="",="2/4/2026 6:48:36.140724960 AM",
="",3738,1.0,2208 탎,2462 MHz,11,-64 dBm,Wi-Fi 1 (802.11b),False,337,="",="2/4/2026 6:48:36.148931745 AM",
="",3739,1.0,1880 탎,2462 MHz,11,-75 dBm,Wi-Fi 1 (802.11b),False,229,="",="2/4/2026 6:48:36.154688550 AM",
="",3740,6.0,338 탎,2462 MHz,11,-77 dBm,Wi-Fi 3 (802.11g),False,316,="",="2/4/2026 6:48:36.162614015 AM",
="",3741,11.0,401 탎,2462 MHz,11,-88 dBm,Wi-Fi 1 (802.11b),True,373,="",="2/4/2026 6:48:36.163756550 AM",
="",3742,11.0,418 탎,2462 MHz,11,-88 dBm,Wi-Fi 1 (802.11b),True,396,="",="2/4/2026 6:48:36.164171455 AM",
="",3743,1.0,2008 탎,2462 MHz,11,-77 dBm,Wi-Fi 1 (802.11b),False,312,="",="2/4/2026 6:48:36.166719730 AM",
="",3744,1.0,1120 탎,2462 MHz,11,-87 dBm,Wi-Fi 1 (802.11b),True,201,="",="2/4/2026 6:48:36.168751065 AM",
="",3745,1.0,1120 탎,2462 MHz,11,-87 dBm,Wi-Fi 1 (802.11b),False,201,="",="2/4/2026 6:48:36.169989910 AM",
="",3746,1.0,2288 탎,2462 MHz,11,-87 dBm,Wi-Fi 1 (802.11b),False,347,="",="2/4/2026 6:48:36.174296425 AM",
="",3750,11.0,431 탎,2462 MHz,11,-89 dBm,Wi-Fi 1 (802.11b),True,414,="",="2/4/2026 6:48:36.179612035 AM",
="",3751,1.0,2016 탎,2462 MHz,11,-88 dBm,Wi-Fi 1 (802.11b),False,313,="",="2/4/2026 6:48:36.181502250 AM",
="",3752,1.0,2208 탎,2462 MHz,11,-80 dBm,Wi-Fi 1 (802.11b),False,337,="",="2/4/2026 6:48:36.188810995 AM",
="",3753,6.0,425 탎,2462 MHz,11,-80 dBm,Wi-Fi 3 (802.11g),False,381,="",="2/4/2026 6:48:36.191422830 AM",
="",3755,1.0,2008 탎,2462 MHz,11,-66 dBm,Wi-Fi 1 (802.11b),False,312,="",="2/4/2026 6:48:36.200125325 AM",
="",3756,1.0,2016 탎,2462 MHz,11,-84 dBm,Wi-Fi 1 (802.11b),False,313,="",="2/4/2026 6:48:36.202477465 AM",
="",3757,11.0,401 탎,2462 MHz,11,-85 dBm,Wi-Fi 1 (802.11b),False,373,="",="2/4/2026 6:48:36.204512390 AM",
="",3758,11.0,418 탎,2462 MHz,11,-85 dBm,Wi-Fi 1 (802.11b),False,396,="",="2/4/2026 6:48:36.204927880 AM",
="",3759,11.0,358 탎,2462 MHz,11,-85 dBm,Wi-Fi 1 (802.11b),False,313,="",="2/4/2026 6:48:36.210068580 AM",
="",3760,11.0,415 탎,2462 MHz,11,-85 dBm,Wi-Fi 1 (802.11b),False,392,="",="2/4/2026 6:48:36.210441880 AM",
="",3761,11.0,443 탎,2462 MHz,11,-84 dBm,Wi-Fi 1 (802.11b),False,430,="",="2/4/2026 6:48:36.210873200 AM",
="",3762,6.0,338 탎,2462 MHz,11,-78 dBm,Wi-Fi 3 (802.11g),False,316,="",="2/4/2026 6:48:36.213819645 AM",
="",3763,1.0,2208 탎,2462 MHz,11,-74 dBm,Wi-Fi 1 (802.11b),False,337,="",="2/4/2026 6:48:36.217920450 AM",
="",3764,1.0,2424 탎,2462 MHz,11,-84 dBm,Wi-Fi 1 (802.11b),False,364,="",="2/4/2026 6:48:36.231960490 AM",
="",3765,6.0,342 탎,2462 MHz,11,-77 dBm,Wi-Fi 3 (802.11g),False,319,="",="2/4/2026 6:48:36.239415760 AM",
="",3766,1.0,2008 탎,2462 MHz,11,-80 dBm,Wi-Fi 1 (802.11b),False,312,="",="2/4/2026 6:48:36.240010775 AM",
="",3767,1.0,2208 탎,2462 MHz,11,-66 dBm,Wi-Fi 1 (802.11b),False,337,="",="2/4/2026 6:48:36.251326085 AM",
="",3768,1.0,1768 탎,2462 MHz,11,-76 dBm,Wi-Fi 1 (802.11b),False,229,="",="2/4/2026 6:48:36.256342130 AM",
="",3772,11.0,401 탎,2462 MHz,11,-89 dBm,Wi-Fi 1 (802.11b),True,229,="",="2/4/2026 6:48:36.266158145 AM",
="",3773,11.0,418 탎,2462 MHz,11,-88 dBm,Wi-Fi 1 (802.11b),True,396,="",="2/4/2026 6:48:36.266574115 AM",
="",3774,1.0,2008 탎,2462 MHz,11,-73 dBm,Wi-Fi 1 (802.11b),False,312,="",="2/4/2026 6:48:36.269117350 AM",
="",3781,11.0,431 탎,2462 MHz,11,-88 dBm,Wi-Fi 1 (802.11b),True,414,="",="2/4/2026 6:48:36.282013350 AM",
="",3782,1.0,2016 탎,2462 MHz,11,-88 dBm,Wi-Fi 1 (802.11b),False,313,="",="2/4/2026 6:48:36.283902630 AM",
="",3783,1.0,2208 탎,2462 MHz,11,-81 dBm,Wi-Fi 1 (802.11b),False,337,="",="2/4/2026 6:48:36.291210855 AM",
="",3784,6.0,425 탎,2462 MHz,11,-79 dBm,Wi-Fi 3 (802.11g),False,381,="",="2/4/2026 6:48:36.293827265 AM",
="",3785,1.0,2008 탎,2462 MHz,11,-66 dBm,Wi-Fi 1 (802.11b),False,312,="",="2/4/2026 6:48:36.302525825 AM",
="",3786,1.0,2016 탎,2462 MHz,11,-87 dBm,Wi-Fi 1 (802.11b),False,313,="",="2/4/2026 6:48:36.304878165 AM",
="",3787,11.0,401 탎,2462 MHz,11,-87 dBm,Wi-Fi 1 (802.11b),True,373,="",="2/4/2026 6:48:36.306894665 AM",
="",3788,11.0,418 탎,2462 MHz,11,-88 dBm,Wi-Fi 1 (802.11b),True,396,="",="2/4/2026 6:48:36.307296485 AM",
="",3789,11.0,296 탎,2462 MHz,11,-89 dBm,Wi-Fi 1 (802.11b),True,228,="",="2/4/2026 6:48:36.307761020 AM",
="",3790,11.0,281 탎,2462 MHz,11,-88 dBm,Wi-Fi 1 (802.11b),True,208,="",="2/4/2026 6:48:36.308057520 AM",
="",3791,11.0,443 탎,2462 MHz,11,-83 dBm,Wi-Fi 1 (802.11b),False,430,="",="2/4/2026 6:48:36.313274540 AM",
="",3792,6.0,338 탎,2462 MHz,11,-78 dBm,Wi-Fi 3 (802.11g),False,316,="",="2/4/2026 6:48:36.316217025 AM",
="",3793,1.0,2208 탎,2462 MHz,11,-77 dBm,Wi-Fi 1 (802.11b),False,337,="",="2/4/2026 6:48:36.320320310 AM",
="",3794,1.0,2424 탎,2462 MHz,11,-85 dBm,Wi-Fi 1 (802.11b),False,364,="",="2/4/2026 6:48:36.334361990 AM",
="",3795,6.0,342 탎,2462 MHz,11,-77 dBm,Wi-Fi 3 (802.11g),False,319,="",="2/4/2026 6:48:36.341821220 AM",
="",3796,1.0,2008 탎,2462 MHz,11,-82 dBm,Wi-Fi 1 (802.11b),False,312,="",="2/4/2026 6:48:36.342410795 AM",
="",3797,1.0,2096 탎,2462 MHz,11,-85 dBm,Wi-Fi 1 (802.11b),False,323,="",="2/4/2026 6:48:36.345558990 AM",
="",3798,1.0,2208 탎,2462 MHz,11,-65 dBm,Wi-Fi 1 (802.11b),False,337,="",="2/4/2026 6:48:36.353726185 AM",
="",3799,1.0,1768 탎,2462 MHz,11,-76 dBm,Wi-Fi 1 (802.11b),False,229,="",="2/4/2026 6:48:36.355965870 AM",
="",3800,1.0,2016 탎,2462 MHz,11,-84 dBm,Wi-Fi 1 (802.11b),False,313,="",="2/4/2026 6:48:36.366556335 AM",
="",3801,11.0,418 탎,2462 MHz,11,-79 dBm,Wi-Fi 1 (802.11b),False,396,="",="2/4/2026 6:48:36.369001830 AM",
="",3802,1.0,2008 탎,2462 MHz,11,-77 dBm,Wi-Fi 1 (802.11b),False,312,="",="2/4/2026 6:48:36.371520130 AM",
="",3803,1.0,2288 탎,2462 MHz,11,-89 dBm,Wi-Fi 1 (802.11b),False,347,="",="2/4/2026 6:48:36.379094785 AM",
="",3804,11.0,431 탎,2462 MHz,11,-91 dBm,Wi-Fi 1 (802.11b),True,414,="",="2/4/2026 6:48:36.384414850 AM",
="",3809,1.0,2208 탎,2462 MHz,11,-84 dBm,Wi-Fi 1 (802.11b),False,337,="",="2/4/2026 6:48:36.393611275 AM",
="",3812,6.0,425 탎,2462 MHz,11,-81 dBm,Wi-Fi 3 (802.11g),False,381,="",="2/4/2026 6:48:36.396182855 AM",
="",3813,1.0,2008 탎,2462 MHz,11,-67 dBm,Wi-Fi 1 (802.11b),False,312,="",="2/4/2026 6:48:36.404925685 AM",
="",3814,1.0,2016 탎,2462 MHz,11,-84 dBm,Wi-Fi 1 (802.11b),False,313,="",="2/4/2026 6:48:36.407281745 AM",
="",3815,11.0,401 탎,2462 MHz,11,-85 dBm,Wi-Fi 1 (802.11b),False,373,="",="2/4/2026 6:48:36.409311670 AM",
="",3816,11.0,418 탎,2462 MHz,11,-86 dBm,Wi-Fi 1 (802.11b),False,396,="",="2/4/2026 6:48:36.409733040 AM",
="",3817,11.0,358 탎,2462 MHz,11,-85 dBm,Wi-Fi 1 (802.11b),False,313,="",="2/4/2026 6:48:36.414869795 AM",
="",3818,11.0,415 탎,2462 MHz,11,-84 dBm,Wi-Fi 1 (802.11b),False,392,="",="2/4/2026 6:48:36.415243480 AM",
="",3819,11.0,443 탎,2462 MHz,11,-85 dBm,Wi-Fi 1 (802.11b),False,430,="",="2/4/2026 6:48:36.415674320 AM",
="",3820,6.0,338 탎,2462 MHz,11,-79 dBm,Wi-Fi 3 (802.11g),False,316,="",="2/4/2026 6:48:36.418619765 AM",
="",3821,1.0,2208 탎,2462 MHz,11,-75 dBm,Wi-Fi 1 (802.11b),False,337,="",="2/4/2026 6:48:36.422726665 AM",
="",3822,1.0,2424 탎,2462 MHz,11,-88 dBm,Wi-Fi 1 (802.11b),False,364,="",="2/4/2026 6:48:36.436757745 AM",
="",3823,6.0,342 탎,2462 MHz,11,-81 dBm,Wi-Fi 3 (802.11g),False,319,="",="2/4/2026 6:48:36.444223015 AM",
="",3824,1.0,2096 탎,2462 MHz,11,-87 dBm,Wi-Fi 1 (802.11b),False,323,="",="2/4/2026 6:48:36.445797560 AM",
="",3825,1.0,2096 탎,2462 MHz,11,-87 dBm,Wi-Fi 1 (802.11b),False,323,="",="2/4/2026 6:48:36.447924195 AM",
="",3826,1.0,2208 탎,2462 MHz,11,-65 dBm,Wi-Fi 1 (802.11b),False,337,="",="2/4/2026 6:48:36.456126405 AM",
="",3827,6.0,338 탎,2462 MHz,11,-78 dBm,Wi-Fi 3 (802.11g),False,316,="",="2/4/2026 6:48:36.469821570 AM",
="",3828,11.0,401 탎,2462 MHz,11,-87 dBm,Wi-Fi 1 (802.11b),True,373,="",="2/4/2026 6:48:36.470957865 AM",
="",3829,11.0,418 탎,2462 MHz,11,-88 dBm,Wi-Fi 1 (802.11b),True,396,="",="2/4/2026 6:48:36.471372130 AM",
="",3830,1.0,2008 탎,2462 MHz,11,-75 dBm,Wi-Fi 1 (802.11b),False,312,="",="2/4/2026 6:48:36.473922565 AM",
="",3831,1.0,2288 탎,2462 MHz,11,-87 dBm,Wi-Fi 1 (802.11b),False,347,="",="2/4/2026 6:48:36.481502155 AM",
="",3835,6.0,425 탎,2462 MHz,11,-82 dBm,Wi-Fi 3 (802.11g),False,381,="",="2/4/2026 6:48:36.498653815 AM",
="",3836,1.0,2008 탎,2462 MHz,11,-65 dBm,Wi-Fi 1 (802.11b),False,312,="",="2/4/2026 6:48:36.507328600 AM",
="",3837,1.0,2016 탎,2462 MHz,11,-86 dBm,Wi-Fi 1 (802.11b),False,313,="",="2/4/2026 6:48:36.509682220 AM",
="",3838,11.0,401 탎,2462 MHz,11,-88 dBm,Wi-Fi 1 (802.11b),False,373,="",="2/4/2026 6:48:36.511712105 AM",
="",3839,11.0,418 탎,2462 MHz,11,-88 dBm,Wi-Fi 1 (802.11b),False,396,="",="2/4/2026 6:48:36.512127395 AM",
="",3840,11.0,443 탎,2462 MHz,11,-86 dBm,Wi-Fi 1 (802.11b),False,430,="",="2/4/2026 6:48:36.518797550 AM",
="",3841,6.0,338 탎,2462 MHz,11,-82 dBm,Wi-Fi 3 (802.11g),False,316,="",="2/4/2026 6:48:36.521021095 AM",
="",3842,1.0,2208 탎,2462 MHz,11,-75 dBm,Wi-Fi 1 (802.11b),False,337,="",="2/4/2026 6:48:36.525120540 AM",
="",3846,1.0,2424 탎,2462 MHz,11,-88 dBm,Wi-Fi 1 (802.11b),False,364,="",="2/4/2026 6:48:36.539168740 AM",
="",3847,6.0,342 탎,2462 MHz,11,-80 dBm,Wi-Fi 3 (802.11g),False,319,="",="2/4/2026 6:48:36.546621130 AM",
="",3848,1.0,2008 탎,2462 MHz,11,-82 dBm,Wi-Fi 1 (802.11b),False,312,="",="2/4/2026 6:48:36.547213705 AM",
="",3849,1.0,1184 탎,2462 MHz,11,-76 dBm,Wi-Fi 1 (802.11b),False,209,="",="2/4/2026 6:48:36.549257470 AM",
="",3850,1.0,2208 탎,2462 MHz,11,-62 dBm,Wi-Fi 1 (802.11b),False,337,="",="2/4/2026 6:48:36.558526440 AM",
="",3851,11.0,439 탎,2462 MHz,11,-89 dBm,Wi-Fi 1 (802.11b),True,425,="",="2/4/2026 6:48:36.561533785 AM",
="",3855,1.0,2016 탎,2462 MHz,11,-85 dBm,Wi-Fi 1 (802.11b),False,313,="",="2/4/2026 6:48:36.571354030 AM",
="",3856,11.0,418 탎,2462 MHz,11,-84 dBm,Wi-Fi 1 (802.11b),True,396,="",="2/4/2026 6:48:36.573772165 AM",
="",3857,1.0,2008 탎,2462 MHz,11,-76 dBm,Wi-Fi 1 (802.11b),False,312,="",="2/4/2026 6:48:36.576320680 AM",
="",3858,1.0,2288 탎,2462 MHz,11,-87 dBm,Wi-Fi 1 (802.11b),False,347,="",="2/4/2026 6:48:36.583910415 AM",
="",3860,1.0,2208 탎,2462 MHz,11,-79 dBm,Wi-Fi 1 (802.11b),True,337,="",="2/4/2026 6:48:36.598383835 AM",
="",3863,6.0,425 탎,2462 MHz,11,-78 dBm,Wi-Fi 3 (802.11g),False,381,="",="2/4/2026 6:48:36.600995605 AM",
="",3864,1.0,2136 탎,2462 MHz,11,-89 dBm,Wi-Fi 1 (802.11b),False,328,="",="2/4/2026 6:48:36.604537980 AM",
="",3865,1.0,2008 탎,2462 MHz,11,-64 dBm,Wi-Fi 1 (802.11b),False,312,="",="2/4/2026 6:48:36.609726700 AM",
="",3866,11.0,401 탎,2462 MHz,11,-86 dBm,Wi-Fi 1 (802.11b),True,373,="",="2/4/2026 6:48:36.614083390 AM",
="",3867,11.0,418 탎,2462 MHz,11,-87 dBm,Wi-Fi 1 (802.11b),True,396,="",="2/4/2026 6:48:36.614500775 AM",
="",3869,11.0,358 탎,2462 MHz,11,-83 dBm,Wi-Fi 1 (802.11b),False,313,="",="2/4/2026 6:48:36.619673250 AM",
="",3870,11.0,415 탎,2462 MHz,11,-84 dBm,Wi-Fi 1 (802.11b),False,392,="",="2/4/2026 6:48:36.620044295 AM",
="",3871,11.0,443 탎,2462 MHz,11,-84 dBm,Wi-Fi 1 (802.11b),False,430,="",="2/4/2026 6:48:36.620476055 AM",
="",3872,6.0,338 탎,2462 MHz,11,-79 dBm,Wi-Fi 3 (802.11g),False,316,="",="2/4/2026 6:48:36.623422075 AM",
="",3873,1.0,2208 탎,2462 MHz,11,-74 dBm,Wi-Fi 1 (802.11b),False,337,="",="2/4/2026 6:48:36.627520840 AM",
="",3874,1.0,2424 탎,2462 MHz,11,-85 dBm,Wi-Fi 1 (802.11b),False,364,="",="2/4/2026 6:48:36.641566080 AM",
="",3875,6.0,342 탎,2462 MHz,11,-80 dBm,Wi-Fi 3 (802.11g),False,319,="",="2/4/2026 6:48:36.649022550 AM",
="",3876,1.0,2008 탎,2462 MHz,11,-79 dBm,Wi-Fi 1 (802.11b),False,312,="",="2/4/2026 6:48:36.649614045 AM",
="",3877,24.0,41 탎,2462 MHz,11,-86 dBm,Wi-Fi 3 (802.11g),False,117,="",="2/4/2026 6:48:36.655114330 AM",
="",3878,24.0,35 탎,2462 MHz,11,-85 dBm,Wi-Fi 3 (802.11g),True,99,="",="2/4/2026 6:48:36.655242455 AM",
="",3879,24.0,35 탎,2462 MHz,11,-84 dBm,Wi-Fi 3 (802.11g),False,99,="",="2/4/2026 6:48:36.655364755 AM",
="",3880,24.0,37 탎,2462 MHz,11,-85 dBm,Wi-Fi 3 (802.11g),True,105,="",="2/4/2026 6:48:36.655584685 AM",
="",3881,24.0,35 탎,2462 MHz,11,-85 dBm,Wi-Fi 3 (802.11g),False,99,="",="2/4/2026 6:48:36.655913915 AM",
="",3882,24.0,41 탎,2462 MHz,11,-85 dBm,Wi-Fi 3 (802.11g),False,117,="",="2/4/2026 6:48:36.656068135 AM",
="",3883,24.0,35 탎,2462 MHz,11,-85 dBm,Wi-Fi 3 (802.11g),True,99,="",="2/4/2026 6:48:36.656132645 AM",
="",3884,24.0,37 탎,2462 MHz,11,-85 dBm,Wi-Fi 3 (802.11g),True,105,="",="2/4/2026 6:48:36.656384870 AM",
="",3885,12.0,51 탎,2462 MHz,11,-85 dBm,Wi-Fi 3 (802.11g),False,117,="",="2/4/2026 6:48:36.656889670 AM",
="",3886,24.0,37 탎,2462 MHz,11,-85 dBm,Wi-Fi 3 (802.11g),False,105,="",="2/4/2026 6:48:36.657467615 AM",
="",3887,1.0,2208 탎,2462 MHz,11,-63 dBm,Wi-Fi 1 (802.11b),False,337,="",="2/4/2026 6:48:36.660926780 AM",
="",3889,6.0,511 탎,2462 MHz,11,-86 dBm,Wi-Fi 3 (802.11g),False,446,="",="2/4/2026 6:48:36.668496140 AM",
="",3890,6.0,434 탎,2462 MHz,11,-87 dBm,Wi-Fi 3 (802.11g),False,388,="",="2/4/2026 6:48:36.669026670 AM",
="",3891,6.0,454 탎,2462 MHz,11,-88 dBm,Wi-Fi 3 (802.11g),False,403,="",="2/4/2026 6:48:36.669481665 AM",
="",3892,6.0,201 탎,2462 MHz,11,-86 dBm,Wi-Fi 3 (802.11g),False,213,="",="2/4/2026 6:48:36.669936165 AM",
="",3893,6.0,153 탎,2462 MHz,11,-86 dBm,Wi-Fi 3 (802.11g),False,177,="",="2/4/2026 6:48:36.670161920 AM",
="",3894,24.0,35 탎,2462 MHz,11,-84 dBm,Wi-Fi 3 (802.11g),False,99,="",="2/4/2026 6:48:36.671135615 AM",
="",3895,24.0,35 탎,2462 MHz,11,-84 dBm,Wi-Fi 3 (802.11g),True,99,="",="2/4/2026 6:48:36.671432535 AM",
="",3896,24.0,35 탎,2462 MHz,11,-85 dBm,Wi-Fi 3 (802.11g),False,99,="",="2/4/2026 6:48:36.672061765 AM",
="",3897,24.0,41 탎,2462 MHz,11,-84 dBm,Wi-Fi 3 (802.11g),True,117,="",="2/4/2026 6:48:36.672219120 AM",
="",3899,11.0,418 탎,2462 MHz,11,-87 dBm,Wi-Fi 1 (802.11b),True,396,="",="2/4/2026 6:48:36.676183625 AM",
="",3902,1.0,2008 탎,2462 MHz,11,-74 dBm,Wi-Fi 1 (802.11b),False,312,="",="2/4/2026 6:48:36.678723060 AM",
="",3906,1.0,2208 탎,2462 MHz,11,-82 dBm,Wi-Fi 1 (802.11b),False,337,="",="2/4/2026 6:48:36.700811685 AM",
="",3907,6.0,425 탎,2462 MHz,11,-81 dBm,Wi-Fi 3 (802.11g),False,381,="",="2/4/2026 6:48:36.703653785 AM",
="",3908,11.0,439 탎,2462 MHz,11,-84 dBm,Wi-Fi 1 (802.11b),False,424,="",="2/4/2026 6:48:36.704289715 AM",
="",3909,1.0,2136 탎,2462 MHz,11,-90 dBm,Wi-Fi 1 (802.11b),False,328,="",="2/4/2026 6:48:36.708574185 AM",
="",3910,1.0,2008 탎,2462 MHz,11,-63 dBm,Wi-Fi 1 (802.11b),False,312,="",="2/4/2026 6:48:36.712126535 AM",
="",3911,1.0,2016 탎,2462 MHz,11,-85 dBm,Wi-Fi 1 (802.11b),False,313,="",="2/4/2026 6:48:36.714480555 AM",
="",3912,11.0,401 탎,2462 MHz,11,-87 dBm,Wi-Fi 1 (802.11b),False,373,="",="2/4/2026 6:48:36.716513480 AM",
="",3913,11.0,418 탎,2462 MHz,11,-86 dBm,Wi-Fi 1 (802.11b),True,396,="",="2/4/2026 6:48:36.716898675 AM",
="",3914,11.0,415 탎,2462 MHz,11,-86 dBm,Wi-Fi 1 (802.11b),False,392,="",="2/4/2026 6:48:36.723550570 AM",
="",3915,6.0,338 탎,2462 MHz,11,-81 dBm,Wi-Fi 3 (802.11g),False,316,="",="2/4/2026 6:48:36.725823415 AM",
="",3916,1.0,2208 탎,2462 MHz,11,-75 dBm,Wi-Fi 1 (802.11b),False,337,="",="2/4/2026 6:48:36.729920700 AM",
="",3917,1.0,2424 탎,2462 MHz,11,-84 dBm,Wi-Fi 1 (802.11b),False,364,="",="2/4/2026 6:48:36.743975755 AM",
="",3918,1.0,2008 탎,2462 MHz,11,-81 dBm,Wi-Fi 1 (802.11b),False,312,="",="2/4/2026 6:48:36.752013985 AM",
="",3919,1.0,2096 탎,2462 MHz,11,-84 dBm,Wi-Fi 1 (802.11b),False,323,="",="2/4/2026 6:48:36.755129205 AM",
="",3920,1.0,2208 탎,2462 MHz,11,-63 dBm,Wi-Fi 1 (802.11b),False,337,="",="2/4/2026 6:48:36.763326615 AM",
="",3921,11.0,401 탎,2462 MHz,11,-87 dBm,Wi-Fi 1 (802.11b),False,373,="",="2/4/2026 6:48:36.778189930 AM",
="",3922,11.0,418 탎,2462 MHz,11,-87 dBm,Wi-Fi 1 (802.11b),False,396,="",="2/4/2026 6:48:36.778602660 AM",
="",3923,1.0,2008 탎,2462 MHz,11,-74 dBm,Wi-Fi 1 (802.11b),False,312,="",="2/4/2026 6:48:36.781121015 AM",
="",3924,1.0,2288 탎,2462 MHz,11,-87 dBm,Wi-Fi 1 (802.11b),False,347,="",="2/4/2026 6:48:36.788720550 AM",
="",3925,1.0,2016 탎,2462 MHz,11,-89 dBm,Wi-Fi 1 (802.11b),False,313,="",="2/4/2026 6:48:36.795923895 AM",
="",3927,1.0,2208 탎,2462 MHz,11,-82 dBm,Wi-Fi 1 (802.11b),True,337,="",="2/4/2026 6:48:36.803184170 AM",
="",3933,6.0,425 탎,2462 MHz,11,-73 dBm,Wi-Fi 3 (802.11g),False,381,="",="2/4/2026 6:48:36.805857290 AM",
="",3934,1.0,2008 탎,2462 MHz,11,-62 dBm,Wi-Fi 1 (802.11b),False,312,="",="2/4/2026 6:48:36.814526635 AM",
="",3935,1.0,2016 탎,2462 MHz,11,-85 dBm,Wi-Fi 1 (802.11b),False,313,="",="2/4/2026 6:48:36.816883895 AM",
="",3936,11.0,401 탎,2462 MHz,11,-84 dBm,Wi-Fi 1 (802.11b),False,373,="",="2/4/2026 6:48:36.818916460 AM",
="",3937,11.0,418 탎,2462 MHz,11,-84 dBm,Wi-Fi 1 (802.11b),False,396,="",="2/4/2026 6:48:36.819345285 AM",
="",3938,6.0,338 탎,2462 MHz,11,-80 dBm,Wi-Fi 3 (802.11g),False,316,="",="2/4/2026 6:48:36.828226690 AM",
="",3939,1.0,2208 탎,2462 MHz,11,-76 dBm,Wi-Fi 1 (802.11b),False,337,="",="2/4/2026 6:48:36.832328055 AM",
="",3943,1.0,2424 탎,2462 MHz,11,-84 dBm,Wi-Fi 1 (802.11b),False,364,="",="2/4/2026 6:48:36.846372335 AM",
="",3944,1.0,2008 탎,2462 MHz,11,-82 dBm,Wi-Fi 1 (802.11b),False,312,="",="2/4/2026 6:48:36.854414205 AM",
="",3945,1.0,2096 탎,2462 MHz,11,-90 dBm,Wi-Fi 1 (802.11b),False,323,="",="2/4/2026 6:48:36.857532545 AM",
="",3946,1.0,2208 탎,2462 MHz,11,-60 dBm,Wi-Fi 1 (802.11b),False,337,="",="2/4/2026 6:48:36.865727155 AM",
="",3947,6.0,434 탎,2462 MHz,11,-87 dBm,Wi-Fi 3 (802.11g),False,388,="",="2/4/2026 6:48:36.873828990 AM",
="",3948,1.0,2016 탎,2462 MHz,11,-82 dBm,Wi-Fi 1 (802.11b),False,313,="",="2/4/2026 6:48:36.878554905 AM",
="",3949,11.0,418 탎,2462 MHz,11,-82 dBm,Wi-Fi 1 (802.11b),False,396,="",="2/4/2026 6:48:36.881006920 AM",
="",3950,1.0,2008 탎,2462 MHz,11,-76 dBm,Wi-Fi 1 (802.11b),False,312,="",="2/4/2026 6:48:36.883523355 AM",
="",3951,1.0,2208 탎,2462 MHz,11,-81 dBm,Wi-Fi 1 (802.11b),True,337,="",="2/4/2026 6:48:36.905584645 AM",
="",3955,6.0,425 탎,2462 MHz,11,-75 dBm,Wi-Fi 3 (802.11g),False,381,="",="2/4/2026 6:48:36.908196680 AM",
="",3956,6.0,49 탎,2462 MHz,11,-82 dBm,Wi-Fi 3 (802.11g),False,99,="",="2/4/2026 6:48:36.912544550 AM",
="",3957,24.0,41 탎,2462 MHz,11,-83 dBm,Wi-Fi 3 (802.11g),False,117,="",="2/4/2026 6:48:36.912688130 AM",
="",3958,1.0,2008 탎,2462 MHz,11,-59 dBm,Wi-Fi 1 (802.11b),False,312,="",="2/4/2026 6:48:36.916926710 AM",
="",3959,1.0,2016 탎,2462 MHz,11,-85 dBm,Wi-Fi 1 (802.11b),False,313,="",="2/4/2026 6:48:36.919281835 AM",
="",3960,11.0,401 탎,2462 MHz,11,-87 dBm,Wi-Fi 1 (802.11b),True,373,="",="2/4/2026 6:48:36.921298335 AM",
="",3961,11.0,418 탎,2462 MHz,11,-85 dBm,Wi-Fi 1 (802.11b),True,396,="",="2/4/2026 6:48:36.921699890 AM",
="",3962,11.0,358 탎,2462 MHz,11,-83 dBm,Wi-Fi 1 (802.11b),False,313,="",="2/4/2026 6:48:36.926872125 AM",
="",3963,11.0,415 탎,2462 MHz,11,-82 dBm,Wi-Fi 1 (802.11b),False,392,="",="2/4/2026 6:48:36.927249025 AM",
="",3964,6.0,57 탎,2462 MHz,11,-84 dBm,Wi-Fi 3 (802.11g),False,105,="",="2/4/2026 6:48:36.929602365 AM",
="",3965,9.0,153 탎,2462 MHz,11,-84 dBm,Wi-Fi 3 (802.11g),True,223,="",="2/4/2026 6:48:36.929815860 AM",
="",3966,9.0,153 탎,2462 MHz,11,-83 dBm,Wi-Fi 3 (802.11g),True,223,="",="2/4/2026 6:48:36.930498425 AM",
="",3967,9.0,153 탎,2462 MHz,11,-83 dBm,Wi-Fi 3 (802.11g),False,223,="",="2/4/2026 6:48:36.932117650 AM",
="",3968,6.0,57 탎,2462 MHz,11,-84 dBm,Wi-Fi 3 (802.11g),False,105,="",="2/4/2026 6:48:36.932358030 AM",
="",3969,1.0,2208 탎,2462 MHz,11,-74 dBm,Wi-Fi 1 (802.11b),False,337,="",="2/4/2026 6:48:36.934721635 AM",
="",3973,1.0,384 탎,2462 MHz,11,-91 dBm,Wi-Fi 1 (802.11b),False,109,="",="2/4/2026 6:48:36.940423220 AM",
="",3974,1.0,304 탎,2462 MHz,11,-90 dBm,Wi-Fi 1 (802.11b),False,99,="",="2/4/2026 6:48:36.951186570 AM",
="",3975,6.0,342 탎,2462 MHz,11,-80 dBm,Wi-Fi 3 (802.11g),False,319,="",="2/4/2026 6:48:36.956227800 AM",
="",3976,1.0,2008 탎,2462 MHz,11,-78 dBm,Wi-Fi 1 (802.11b),False,312,="",="2/4/2026 6:48:36.956811840 AM",
="",3977,1.0,2368 탎,2462 MHz,11,-87 dBm,Wi-Fi 1 (802.11b),False,229,="",="2/4/2026 6:48:36.962098150 AM",
="",3978,1.0,1024 탎,2462 MHz,11,-46 dBm,Wi-Fi 1 (802.11b),False,189,="",="2/4/2026 6:48:36.967662245 AM",
="",3979,1.0,2208 탎,2462 MHz,11,-57 dBm,Wi-Fi 1 (802.11b),False,337,="",="2/4/2026 6:48:36.968719365 AM",
="",3980,6.0,511 탎,2462 MHz,11,-86 dBm,Wi-Fi 3 (802.11g),False,446,="",="2/4/2026 6:48:36.975673215 AM",
="",3981,6.0,434 탎,2462 MHz,11,-86 dBm,Wi-Fi 3 (802.11g),False,388,="",="2/4/2026 6:48:36.976195265 AM",
="",3982,6.0,454 탎,2462 MHz,11,-86 dBm,Wi-Fi 3 (802.11g),False,403,="",="2/4/2026 6:48:36.976651860 AM",
="",3983,1.0,2016 탎,2462 MHz,11,-80 dBm,Wi-Fi 1 (802.11b),False,313,="",="2/4/2026 6:48:36.980955700 AM",
="",3984,11.0,401 탎,2462 MHz,11,-80 dBm,Wi-Fi 1 (802.11b),False,373,="",="2/4/2026 6:48:36.982987865 AM",
="",3985,11.0,418 탎,2462 MHz,11,-81 dBm,Wi-Fi 1 (802.11b),False,396,="",="2/4/2026 6:48:36.983406130 AM",
="",3986,1.0,2008 탎,2462 MHz,11,-73 dBm,Wi-Fi 1 (802.11b),False,312,="",="2/4/2026 6:48:36.985924070 AM",
="",3987,1.0,2288 탎,2462 MHz,11,-87 dBm,Wi-Fi 1 (802.11b),False,347,="",="2/4/2026 6:48:36.993502900 AM",
="",3988,11.0,414 탎,2462 MHz,11,-82 dBm,Wi-Fi 1 (802.11b),False,390,="",="2/4/2026 6:48:36.997264690 AM",
="",3989,11.0,414 탎,2462 MHz,11,-83 dBm,Wi-Fi 1 (802.11b),False,390,="",="2/4/2026 6:48:36.997880345 AM",
="",3990,11.0,414 탎,2462 MHz,11,-82 dBm,Wi-Fi 1 (802.11b),True,390,="",="2/4/2026 6:48:36.998481080 AM",
="",3991,11.0,414 탎,2462 MHz,11,-82 dBm,Wi-Fi 1 (802.11b),False,390,="",="2/4/2026 6:48:36.999133285 AM",
="",3992,11.0,414 탎,2462 MHz,11,-89 dBm,Wi-Fi 1 (802.11b),True,390,="",="2/4/2026 6:48:37.000250205 AM",
="",3993,11.0,414 탎,2462 MHz,11,-88 dBm,Wi-Fi 1 (802.11b),True,390,="",="2/4/2026 6:48:37.000892810 AM",
="",3994,1.0,2160 탎,2462 MHz,11,-57 dBm,Wi-Fi 1 (802.11b),False,331,="",="2/4/2026 6:48:37.006777140 AM",
="",3995,1.0,2160 탎,2462 MHz,11,-58 dBm,Wi-Fi 1 (802.11b),False,331,="",="2/4/2026 6:48:37.009058970 AM",
="",3997,1.0,2160 탎,2462 MHz,11,-57 dBm,Wi-Fi 1 (802.11b),False,331,="",="2/4/2026 6:48:37.011341465 AM",
="",4000,1.0,1960 탎,2462 MHz,11,-57 dBm,Wi-Fi 1 (802.11b),False,306,="",="2/4/2026 6:48:37.013899350 AM",
="",4001,1.0,1960 탎,2462 MHz,11,-57 dBm,Wi-Fi 1 (802.11b),False,306,="",="2/4/2026 6:48:37.015978810 AM",
="",4002,1.0,2008 탎,2462 MHz,11,-58 dBm,Wi-Fi 1 (802.11b),False,312,="",="2/4/2026 6:48:37.019326905 AM",
="",4003,1.0,1960 탎,2462 MHz,11,-57 dBm,Wi-Fi 1 (802.11b),False,306,="",="2/4/2026 6:48:37.021378855 AM",
="",4004,1.0,1960 탎,2462 MHz,11,-78 dBm,Wi-Fi 1 (802.11b),True,306,="",="2/4/2026 6:48:37.025061110 AM",
="",4008,11.0,358 탎,2462 MHz,11,-84 dBm,Wi-Fi 1 (802.11b),False,313,="",="2/4/2026 6:48:37.029469945 AM",
="",4009,11.0,415 탎,2462 MHz,11,-85 dBm,Wi-Fi 1 (802.11b),False,392,="",="2/4/2026 6:48:37.029858470 AM",
="",4010,11.0,443 탎,2462 MHz,11,-85 dBm,Wi-Fi 1 (802.11b),True,430,="",="2/4/2026 6:48:37.030242895 AM",
="",4011,6.0,338 탎,2462 MHz,11,-81 dBm,Wi-Fi 3 (802.11g),False,316,="",="2/4/2026 6:48:37.033031240 AM",
="",4012,1.0,2208 탎,2462 MHz,11,-77 dBm,Wi-Fi 1 (802.11b),False,337,="",="2/4/2026 6:48:37.037121725 AM",
="",4013,1.0,2424 탎,2462 MHz,11,-84 dBm,Wi-Fi 1 (802.11b),False,364,="",="2/4/2026 6:48:37.051167485 AM",
="",4014,1.0,2096 탎,2462 MHz,11,-84 dBm,Wi-Fi 1 (802.11b),False,323,="",="2/4/2026 6:48:37.054237710 AM",
="",4015,6.0,342 탎,2462 MHz,11,-77 dBm,Wi-Fi 3 (802.11g),False,319,="",="2/4/2026 6:48:37.058630330 AM",
="",4016,1.0,2008 탎,2462 MHz,11,-81 dBm,Wi-Fi 1 (802.11b),False,312,="",="2/4/2026 6:48:37.059236665 AM",
="",4017,1.0,2208 탎,2462 MHz,11,-56 dBm,Wi-Fi 1 (802.11b),False,337,="",="2/4/2026 6:48:37.070527440 AM",
="",4019,1.0,2096 탎,2462 MHz,11,-83 dBm,Wi-Fi 1 (802.11b),False,323,="",="2/4/2026 6:48:37.073057075 AM",
="",4022,6.0,511 탎,2462 MHz,11,-88 dBm,Wi-Fi 3 (802.11g),False,446,="",="2/4/2026 6:48:37.078074490 AM",
="",4023,6.0,338 탎,2462 MHz,11,-79 dBm,Wi-Fi 3 (802.11g),False,316,="",="2/4/2026 6:48:37.084229645 AM",
="",4024,11.0,418 탎,2462 MHz,11,-84 dBm,Wi-Fi 1 (802.11b),False,396,="",="2/4/2026 6:48:37.085806325 AM",
="",4025,1.0,2008 탎,2462 MHz,11,-75 dBm,Wi-Fi 1 (802.11b),False,312,="",="2/4/2026 6:48:37.088321200 AM",
="",4026,11.0,415 탎,2462 MHz,11,-89 dBm,Wi-Fi 1 (802.11b),True,392,="",="2/4/2026 6:48:37.105113850 AM",
="",4029,6.0,425 탎,2462 MHz,11,-75 dBm,Wi-Fi 3 (802.11g),False,381,="",="2/4/2026 6:48:37.112956870 AM",
="",4031,1.0,2008 탎,2462 MHz,11,-57 dBm,Wi-Fi 1 (802.11b),False,312,="",="2/4/2026 6:48:37.121727115 AM",
="",4032,1.0,2016 탎,2462 MHz,11,-86 dBm,Wi-Fi 1 (802.11b),False,313,="",="2/4/2026 6:48:37.124083215 AM",
="",4033,11.0,401 탎,2462 MHz,11,-86 dBm,Wi-Fi 1 (802.11b),False,373,="",="2/4/2026 6:48:37.126118780 AM",
="",4034,11.0,418 탎,2462 MHz,11,-86 dBm,Wi-Fi 1 (802.11b),False,396,="",="2/4/2026 6:48:37.126531390 AM",
="",4038,11.0,415 탎,2462 MHz,11,-85 dBm,Wi-Fi 1 (802.11b),False,392,="",="2/4/2026 6:48:37.132051470 AM",
="",4039,6.0,338 탎,2462 MHz,11,-79 dBm,Wi-Fi 3 (802.11g),False,316,="",="2/4/2026 6:48:37.135435410 AM",
="",4040,1.0,2208 탎,2462 MHz,11,-74 dBm,Wi-Fi 1 (802.11b),False,337,="",="2/4/2026 6:48:37.139521535 AM",
="",4041,1.0,2424 탎,2462 MHz,11,-85 dBm,Wi-Fi 1 (802.11b),False,364,="",="2/4/2026 6:48:37.153573830 AM",
="",4042,6.0,342 탎,2462 MHz,11,-79 dBm,Wi-Fi 3 (802.11g),False,319,="",="2/4/2026 6:48:37.161031140 AM",
="",4043,1.0,2008 탎,2462 MHz,11,-75 dBm,Wi-Fi 1 (802.11b),False,312,="",="2/4/2026 6:48:37.161612300 AM",
="",4044,1.0,2208 탎,2462 MHz,11,-57 dBm,Wi-Fi 1 (802.11b),False,337,="",="2/4/2026 6:48:37.172927890 AM",
="",4045,6.0,511 탎,2462 MHz,11,-87 dBm,Wi-Fi 3 (802.11g),False,446,="",="2/4/2026 6:48:37.180476475 AM",
="",4046,6.0,434 탎,2462 MHz,11,-87 dBm,Wi-Fi 3 (802.11g),False,388,="",="2/4/2026 6:48:37.181003285 AM",
="",4047,6.0,454 탎,2462 MHz,11,-87 dBm,Wi-Fi 3 (802.11g),False,403,="",="2/4/2026 6:48:37.181466815 AM",
="",4048,6.0,338 탎,2462 MHz,11,-78 dBm,Wi-Fi 3 (802.11g),False,316,="",="2/4/2026 6:48:37.186631415 AM",
="",4049,1.0,2008 탎,2462 MHz,11,-77 dBm,Wi-Fi 1 (802.11b),False,312,="",="2/4/2026 6:48:37.190721250 AM",
="",4050,11.0,415 탎,2462 MHz,11,-88 dBm,Wi-Fi 1 (802.11b),True,392,="",="2/4/2026 6:48:37.203190255 AM",
="",4051,1.0,1024 탎,2462 MHz,11,-41 dBm,Wi-Fi 1 (802.11b),False,189,="",="2/4/2026 6:48:37.211468835 AM",
="",4054,6.0,425 탎,2462 MHz,11,-76 dBm,Wi-Fi 3 (802.11g),False,381,="",="2/4/2026 6:48:37.215491115 AM",
="",4059,1.0,2008 탎,2462 MHz,11,-57 dBm,Wi-Fi 1 (802.11b),False,312,="",="2/4/2026 6:48:37.224127180 AM",
="",4060,1.0,2016 탎,2462 MHz,11,-87 dBm,Wi-Fi 1 (802.11b),False,313,="",="2/4/2026 6:48:37.226483880 AM",
="",4061,11.0,401 탎,2462 MHz,11,-85 dBm,Wi-Fi 1 (802.11b),True,373,="",="2/4/2026 6:48:37.228500380 AM",
="",4062,11.0,415 탎,2462 MHz,11,-85 dBm,Wi-Fi 1 (802.11b),False,392,="",="2/4/2026 6:48:37.234450855 AM",
="",4063,11.0,443 탎,2462 MHz,11,-84 dBm,Wi-Fi 1 (802.11b),False,430,="",="2/4/2026 6:48:37.234882015 AM",
="",4064,6.0,338 탎,2462 MHz,11,-80 dBm,Wi-Fi 3 (802.11g),False,316,="",="2/4/2026 6:48:37.237832075 AM",
="",4065,1.0,2208 탎,2462 MHz,11,-77 dBm,Wi-Fi 1 (802.11b),False,337,="",="2/4/2026 6:48:37.241921465 AM",
="",4066,1.0,1152 탎,2462 MHz,11,-66 dBm,Wi-Fi 1 (802.11b),False,205,="",="2/4/2026 6:48:37.258437670 AM",
="",4067,1.0,2008 탎,2462 MHz,11,-76 dBm,Wi-Fi 1 (802.11b),False,312,="",="2/4/2026 6:48:37.264012130 AM",
="",4068,1.0,2208 탎,2462 MHz,11,-57 dBm,Wi-Fi 1 (802.11b),False,337,="",="2/4/2026 6:48:37.275327760 AM",
="",4069,6.0,511 탎,2462 MHz,11,-86 dBm,Wi-Fi 3 (802.11g),False,446,="",="2/4/2026 6:48:37.282889105 AM",
="",4070,6.0,434 탎,2462 MHz,11,-87 dBm,Wi-Fi 3 (802.11g),False,388,="",="2/4/2026 6:48:37.283417835 AM",
="",4071,1.0,2016 탎,2462 MHz,11,-83 dBm,Wi-Fi 1 (802.11b),False,313,="",="2/4/2026 6:48:37.288156430 AM",
="",4072,11.0,401 탎,2462 MHz,11,-83 dBm,Wi-Fi 1 (802.11b),False,373,="",="2/4/2026 6:48:37.290189035 AM",
="",4073,11.0,418 탎,2462 MHz,11,-83 dBm,Wi-Fi 1 (802.11b),False,396,="",="2/4/2026 6:48:37.290607060 AM",
="",4074,1.0,2008 탎,2462 MHz,11,-76 dBm,Wi-Fi 1 (802.11b),False,312,="",="2/4/2026 6:48:37.293124160 AM",
="",4075,1.0,872 탎,2462 MHz,11,-83 dBm,Wi-Fi 1 (802.11b),False,170,="",="2/4/2026 6:48:37.298453800 AM",
="",4076,1.0,1152 탎,2462 MHz,11,-64 dBm,Wi-Fi 1 (802.11b),False,205,="",="2/4/2026 6:48:37.299816185 AM",
="",4077,1.0,2160 탎,2462 MHz,11,-57 dBm,Wi-Fi 1 (802.11b),False,331,="",="2/4/2026 6:48:37.301603385 AM",
="",4078,1.0,2160 탎,2462 MHz,11,-57 dBm,Wi-Fi 1 (802.11b),False,331,="",="2/4/2026 6:48:37.303889935 AM",
="",4079,1.0,2160 탎,2462 MHz,11,-57 dBm,Wi-Fi 1 (802.11b),False,331,="",="2/4/2026 6:48:37.306175910 AM",
="",4080,1.0,304 탎,2462 MHz,11,-65 dBm,Wi-Fi 1 (802.11b),False,99,="",="2/4/2026 6:48:37.308336410 AM",
="",4081,1.0,2160 탎,2462 MHz,11,-72 dBm,Wi-Fi 1 (802.11b),False,331,="",="2/4/2026 6:48:37.308710325 AM",
="",4082,1.0,1960 탎,2462 MHz,11,-58 dBm,Wi-Fi 1 (802.11b),False,306,="",="2/4/2026 6:48:37.313196330 AM",
="",4083,1.0,304 탎,2462 MHz,11,-66 dBm,Wi-Fi 1 (802.11b),False,99,="",="2/4/2026 6:48:37.315156830 AM",
="",4084,1.0,2160 탎,2462 MHz,11,-76 dBm,Wi-Fi 1 (802.11b),False,331,="",="2/4/2026 6:48:37.317754370 AM",
="",4085,1.0,304 탎,2462 MHz,11,-67 dBm,Wi-Fi 1 (802.11b),False,99,="",="2/4/2026 6:48:37.319914870 AM",
="",4086,1.0,2160 탎,2462 MHz,11,-76 dBm,Wi-Fi 1 (802.11b),False,331,="",="2/4/2026 6:48:37.320282370 AM",
="",4087,1.0,304 탎,2462 MHz,11,-69 dBm,Wi-Fi 1 (802.11b),False,99,="",="2/4/2026 6:48:37.322442870 AM",
="",4088,1.0,304 탎,2462 MHz,11,-69 dBm,Wi-Fi 1 (802.11b),False,99,="",="2/4/2026 6:48:37.326613505 AM",
="",4089,1.0,2008 탎,2462 MHz,11,-57 dBm,Wi-Fi 1 (802.11b),False,312,="",="2/4/2026 6:48:37.326963415 AM",
="",4090,1.0,304 탎,2462 MHz,11,-70 dBm,Wi-Fi 1 (802.11b),False,99,="",="2/4/2026 6:48:37.330978220 AM",
="",4092,6.0,338 탎,2462 MHz,11,-82 dBm,Wi-Fi 3 (802.11g),False,316,="",="2/4/2026 6:48:37.340254730 AM",
="",4093,1.0,1152 탎,2462 MHz,11,-69 dBm,Wi-Fi 1 (802.11b),False,205,="",="2/4/2026 6:48:37.341036580 AM",
="",4094,1.0,2160 탎,2462 MHz,11,-58 dBm,Wi-Fi 1 (802.11b),False,331,="",="2/4/2026 6:48:37.346584480 AM",
="",4095,1.0,2160 탎,2462 MHz,11,-57 dBm,Wi-Fi 1 (802.11b),False,331,="",="2/4/2026 6:48:37.348873895 AM",
="",4096,1.0,2160 탎,2462 MHz,11,-57 dBm,Wi-Fi 1 (802.11b),False,331,="",="2/4/2026 6:48:37.351162765 AM",
="",4097,1.0,1960 탎,2462 MHz,11,-57 dBm,Wi-Fi 1 (802.11b),False,306,="",="2/4/2026 6:48:37.353467545 AM",
="",4098,1.0,1960 탎,2462 MHz,11,-58 dBm,Wi-Fi 1 (802.11b),False,306,="",="2/4/2026 6:48:37.355550205 AM",
="",4099,1.0,1024 탎,2462 MHz,11,-41 dBm,Wi-Fi 1 (802.11b),True,189,="",="2/4/2026 6:48:37.357614365 AM",
="",4102,1.0,1960 탎,2462 MHz,11,-56 dBm,Wi-Fi 1 (802.11b),False,306,="",="2/4/2026 6:48:37.359800715 AM",
="",4105,1.0,304 탎,2462 MHz,11,-65 dBm,Wi-Fi 1 (802.11b),False,99,="",="2/4/2026 6:48:37.361761215 AM",
="",4106,1.0,2160 탎,2462 MHz,11,-75 dBm,Wi-Fi 1 (802.11b),False,331,="",="2/4/2026 6:48:37.362081900 AM",
="",4107,1.0,304 탎,2462 MHz,11,-67 dBm,Wi-Fi 1 (802.11b),False,99,="",="2/4/2026 6:48:37.364242400 AM",
="",4108,1.0,1960 탎,2462 MHz,11,-73 dBm,Wi-Fi 1 (802.11b),False,306,="",="2/4/2026 6:48:37.370697315 AM",
="",4109,1.0,1960 탎,2462 MHz,11,-75 dBm,Wi-Fi 1 (802.11b),False,306,="",="2/4/2026 6:48:37.372776400 AM",
="",4110,1.0,304 탎,2462 MHz,11,-68 dBm,Wi-Fi 1 (802.11b),False,99,="",="2/4/2026 6:48:37.374736900 AM",
="",4111,1.0,2208 탎,2462 MHz,11,-57 dBm,Wi-Fi 1 (802.11b),False,337,="",="2/4/2026 6:48:37.377728235 AM",
="",4112,1.0,1152 탎,2462 MHz,11,-68 dBm,Wi-Fi 1 (802.11b),False,205,="",="2/4/2026 6:48:37.384221615 AM",
="",4113,1.0,2016 탎,2462 MHz,11,-84 dBm,Wi-Fi 1 (802.11b),False,313,="",="2/4/2026 6:48:37.390556905 AM",
="",4114,11.0,401 탎,2462 MHz,11,-83 dBm,Wi-Fi 1 (802.11b),False,373,="",="2/4/2026 6:48:37.392589190 AM",
="",4115,11.0,418 탎,2462 MHz,11,-84 dBm,Wi-Fi 1 (802.11b),False,396,="",="2/4/2026 6:48:37.393008295 AM",
="",4120,6.0,425 탎,2462 MHz,11,-75 dBm,Wi-Fi 3 (802.11g),False,381,="",="2/4/2026 6:48:37.422188830 AM",
="",4124,1.0,2008 탎,2462 MHz,11,-57 dBm,Wi-Fi 1 (802.11b),False,312,="",="2/4/2026 6:48:37.428927590 AM",
="",4125,11.0,358 탎,2462 MHz,11,-85 dBm,Wi-Fi 1 (802.11b),False,313,="",="2/4/2026 6:48:37.438875220 AM",
="",4126,11.0,415 탎,2462 MHz,11,-84 dBm,Wi-Fi 1 (802.11b),False,392,="",="2/4/2026 6:48:37.439251585 AM",
="",4127,6.0,338 탎,2462 MHz,11,-80 dBm,Wi-Fi 3 (802.11g),False,316,="",="2/4/2026 6:48:37.442637165 AM",
="",4128,1.0,2208 탎,2462 MHz,11,-78 dBm,Wi-Fi 1 (802.11b),False,337,="",="2/4/2026 6:48:37.446724355 AM",
="",4130,1.0,2424 탎,2462 MHz,11,-85 dBm,Wi-Fi 1 (802.11b),False,364,="",="2/4/2026 6:48:37.460781330 AM",
="",4131,1.0,2008 탎,2462 MHz,11,-71 dBm,Wi-Fi 1 (802.11b),False,312,="",="2/4/2026 6:48:37.468812520 AM",
="",4132,1.0,2096 탎,2462 MHz,11,-85 dBm,Wi-Fi 1 (802.11b),False,323,="",="2/4/2026 6:48:37.472596665 AM",
="",4133,1.0,2096 탎,2462 MHz,11,-85 dBm,Wi-Fi 1 (802.11b),False,323,="",="2/4/2026 6:48:37.474750515 AM",
="",4134,1.0,2208 탎,2462 MHz,11,-57 dBm,Wi-Fi 1 (802.11b),False,337,="",="2/4/2026 6:48:37.480130710 AM",
="",4135,6.0,511 탎,2462 MHz,11,-87 dBm,Wi-Fi 3 (802.11g),False,446,="",="2/4/2026 6:48:37.487694615 AM",
="",4136,6.0,434 탎,2462 MHz,11,-88 dBm,Wi-Fi 3 (802.11g),False,388,="",="2/4/2026 6:48:37.488223705 AM",
="",4137,6.0,454 탎,2462 MHz,11,-87 dBm,Wi-Fi 3 (802.11g),False,403,="",="2/4/2026 6:48:37.488690835 AM",
="",4142,1.0,2016 탎,2462 MHz,11,-84 dBm,Wi-Fi 1 (802.11b),False,313,="",="2/4/2026 6:48:37.492959420 AM",
="",4143,11.0,401 탎,2462 MHz,11,-84 dBm,Wi-Fi 1 (802.11b),False,373,="",="2/4/2026 6:48:37.494989545 AM",
="",4144,11.0,418 탎,2462 MHz,11,-84 dBm,Wi-Fi 1 (802.11b),True,396,="",="2/4/2026 6:48:37.495377835 AM",
="",4145,1.0,2008 탎,2462 MHz,11,-74 dBm,Wi-Fi 1 (802.11b),False,312,="",="2/4/2026 6:48:37.497924670 AM",
="",4146,1.0,2288 탎,2462 MHz,11,-89 dBm,Wi-Fi 1 (802.11b),False,347,="",="2/4/2026 6:48:37.505518980 AM",
="",4147,1.0,2208 탎,2462 MHz,11,-71 dBm,Wi-Fi 1 (802.11b),False,337,="",="2/4/2026 6:48:37.520015415 AM",
="",4148,6.0,425 탎,2462 MHz,11,-78 dBm,Wi-Fi 3 (802.11g),False,381,="",="2/4/2026 6:48:37.522568915 AM",
="",4151,1.0,2008 탎,2462 MHz,11,-56 dBm,Wi-Fi 1 (802.11b),False,312,="",="2/4/2026 6:48:37.531331025 AM",
="",4153,6.0,338 탎,2462 MHz,11,-81 dBm,Wi-Fi 3 (802.11g),False,316,="",="2/4/2026 6:48:37.545038800 AM",
="",4154,1.0,2208 탎,2462 MHz,11,-74 dBm,Wi-Fi 1 (802.11b),False,337,="",="2/4/2026 6:48:37.549124590 AM",
="",4155,1.0,1184 탎,2462 MHz,11,-74 dBm,Wi-Fi 1 (802.11b),False,209,="",="2/4/2026 6:48:37.551358595 AM",
="",4156,6.0,342 탎,2462 MHz,11,-81 dBm,Wi-Fi 3 (802.11g),False,319,="",="2/4/2026 6:48:37.570638315 AM",
="",4157,1.0,2008 탎,2462 MHz,11,-73 dBm,Wi-Fi 1 (802.11b),False,312,="",="2/4/2026 6:48:37.571212475 AM",
="",4158,1.0,2208 탎,2462 MHz,11,-57 dBm,Wi-Fi 1 (802.11b),False,337,="",="2/4/2026 6:48:37.582528505 AM",
="",4159,6.0,511 탎,2462 MHz,11,-87 dBm,Wi-Fi 3 (802.11g),False,446,="",="2/4/2026 6:48:37.590079290 AM",
="",4160,6.0,434 탎,2462 MHz,11,-87 dBm,Wi-Fi 3 (802.11g),False,388,="",="2/4/2026 6:48:37.590619380 AM",
="",4161,6.0,626 탎,2462 MHz,11,-87 dBm,Wi-Fi 3 (802.11g),False,229,="",="2/4/2026 6:48:37.592162970 AM",
="",4162,6.0,627 탎,2462 MHz,11,-87 dBm,Wi-Fi 3 (802.11g),False,229,="",="2/4/2026 6:48:37.592820025 AM",
="",4163,6.0,654 탎,2462 MHz,11,-87 dBm,Wi-Fi 3 (802.11g),False,229,="",="2/4/2026 6:48:37.593471500 AM",
="",4164,11.0,401 탎,2462 MHz,11,-85 dBm,Wi-Fi 1 (802.11b),False,373,="",="2/4/2026 6:48:37.597389580 AM",
="",4165,11.0,418 탎,2462 MHz,11,-85 dBm,Wi-Fi 1 (802.11b),False,396,="",="2/4/2026 6:48:37.597805070 AM",
="",4166,1.0,2008 탎,2462 MHz,11,-75 dBm,Wi-Fi 1 (802.11b),False,312,="",="2/4/2026 6:48:37.600322145 AM",
="",4167,1.0,2288 탎,2462 MHz,11,-87 dBm,Wi-Fi 1 (802.11b),False,347,="",="2/4/2026 6:48:37.607913040 AM",
="",4168,1.0,2016 탎,2462 MHz,11,-87 dBm,Wi-Fi 1 (802.11b),False,313,="",="2/4/2026 6:48:37.615114305 AM",
="",4169,11.0,415 탎,2462 MHz,11,-87 dBm,Wi-Fi 1 (802.11b),True,392,="",="2/4/2026 6:48:37.617130805 AM",
="",4170,11.0,431 탎,2462 MHz,11,-87 dBm,Wi-Fi 1 (802.11b),True,414,="",="2/4/2026 6:48:37.617546590 AM",
="",4171,1.0,2208 탎,2462 MHz,11,-73 dBm,Wi-Fi 1 (802.11b),False,337,="",="2/4/2026 6:48:37.622413115 AM",
="",4172,6.0,425 탎,2462 MHz,11,-78 dBm,Wi-Fi 3 (802.11g),False,381,="",="2/4/2026 6:48:37.625090435 AM",
="",4180,1.0,2008 탎,2462 MHz,11,-57 dBm,Wi-Fi 1 (802.11b),False,312,="",="2/4/2026 6:48:37.633731100 AM",
="",4181,11.0,415 탎,2462 MHz,11,-84 dBm,Wi-Fi 1 (802.11b),True,392,="",="2/4/2026 6:48:37.644020640 AM",
="",4182,6.0,338 탎,2462 MHz,11,-79 dBm,Wi-Fi 3 (802.11g),False,316,="",="2/4/2026 6:48:37.647441835 AM",
="",4183,1.0,2208 탎,2462 MHz,11,-73 dBm,Wi-Fi 1 (802.11b),False,337,="",="2/4/2026 6:48:37.651524865 AM",
="",4184,1.0,2424 탎,2462 MHz,11,-87 dBm,Wi-Fi 1 (802.11b),False,364,="",="2/4/2026 6:48:37.665575960 AM",
="",4185,6.0,342 탎,2462 MHz,11,-80 dBm,Wi-Fi 3 (802.11g),False,319,="",="2/4/2026 6:48:37.673041270 AM",
="",4186,1.0,2008 탎,2462 MHz,11,-75 dBm,Wi-Fi 1 (802.11b),False,312,="",="2/4/2026 6:48:37.673612710 AM",
="",4187,1.0,2208 탎,2462 MHz,11,-58 dBm,Wi-Fi 1 (802.11b),False,337,="",="2/4/2026 6:48:37.684931540 AM",
="",4188,6.0,511 탎,2462 MHz,11,-86 dBm,Wi-Fi 3 (802.11g),False,446,="",="2/4/2026 6:48:37.692690775 AM",
="",4189,6.0,434 탎,2462 MHz,11,-86 dBm,Wi-Fi 3 (802.11g),False,388,="",="2/4/2026 6:48:37.693238185 AM",
="",4190,1.0,2008 탎,2462 MHz,11,-72 dBm,Wi-Fi 1 (802.11b),False,312,="",="2/4/2026 6:48:37.702721900 AM",
="",4194,24.0,40 탎,2462 MHz,11,-85 dBm,Wi-Fi 3 (802.11g),True,115,="",="2/4/2026 6:48:37.721959205 AM",
="",4195,24.0,37 탎,2462 MHz,11,-85 dBm,Wi-Fi 3 (802.11g),True,105,="",="2/4/2026 6:48:37.722084660 AM",
="",4196,24.0,37 탎,2462 MHz,11,-85 dBm,Wi-Fi 3 (802.11g),False,105,="",="2/4/2026 6:48:37.723230475 AM",
="",4197,24.0,41 탎,2462 MHz,11,-86 dBm,Wi-Fi 3 (802.11g),True,117,="",="2/4/2026 6:48:37.723378815 AM",
="",4198,24.0,37 탎,2462 MHz,11,-85 dBm,Wi-Fi 3 (802.11g),True,105,="",="2/4/2026 6:48:37.723685190 AM",
="",4199,24.0,35 탎,2462 MHz,11,-88 dBm,Wi-Fi 3 (802.11g),True,99,="",="2/4/2026 6:48:37.723729485 AM",
="",4200,24.0,37 탎,2462 MHz,11,-85 dBm,Wi-Fi 3 (802.11g),False,105,="",="2/4/2026 6:48:37.723964830 AM",
="",4201,24.0,35 탎,2462 MHz,11,-88 dBm,Wi-Fi 3 (802.11g),True,99,="",="2/4/2026 6:48:37.724001995 AM",
="",4202,24.0,41 탎,2462 MHz,11,-85 dBm,Wi-Fi 3 (802.11g),True,117,="",="2/4/2026 6:48:37.724112450 AM",
="",4203,24.0,37 탎,2462 MHz,11,-87 dBm,Wi-Fi 3 (802.11g),True,105,="",="2/4/2026 6:48:37.724258190 AM",
="",4204,24.0,35 탎,2462 MHz,11,-85 dBm,Wi-Fi 3 (802.11g),False,99,="",="2/4/2026 6:48:37.724306180 AM",
="",4205,24.0,41 탎,2462 MHz,11,-86 dBm,Wi-Fi 3 (802.11g),False,117,="",="2/4/2026 6:48:37.724443400 AM",
="",4206,6.0,425 탎,2462 MHz,11,-75 dBm,Wi-Fi 3 (802.11g),False,381,="",="2/4/2026 6:48:37.727489110 AM",
="",4207,1.0,2008 탎,2462 MHz,11,-57 dBm,Wi-Fi 1 (802.11b),False,312,="",="2/4/2026 6:48:37.736128135 AM",
="",4211,1.0,2016 탎,2462 MHz,11,-86 dBm,Wi-Fi 1 (802.11b),False,313,="",="2/4/2026 6:48:37.738486900 AM",
="",4212,11.0,401 탎,2462 MHz,11,-86 dBm,Wi-Fi 1 (802.11b),False,373,="",="2/4/2026 6:48:37.740519465 AM",
="",4213,11.0,418 탎,2462 MHz,11,-86 dBm,Wi-Fi 1 (802.11b),False,396,="",="2/4/2026 6:48:37.740934530 AM",
="",4214,24.0,37 탎,2462 MHz,11,-82 dBm,Wi-Fi 3 (802.11g),False,105,="",="2/4/2026 6:48:37.742246795 AM",
="",4215,24.0,41 탎,2462 MHz,11,-87 dBm,Wi-Fi 3 (802.11g),True,117,="",="2/4/2026 6:48:37.742397750 AM",
="",4216,11.0,443 탎,2462 MHz,11,-86 dBm,Wi-Fi 1 (802.11b),True,430,="",="2/4/2026 6:48:37.746849235 AM",
="",4217,6.0,338 탎,2462 MHz,11,-77 dBm,Wi-Fi 3 (802.11g),False,316,="",="2/4/2026 6:48:37.749887125 AM",
="",4218,1.0,2208 탎,2462 MHz,11,-70 dBm,Wi-Fi 1 (802.11b),False,337,="",="2/4/2026 6:48:37.753925340 AM",
="",4222,6.0,342 탎,2462 MHz,11,-77 dBm,Wi-Fi 3 (802.11g),False,319,="",="2/4/2026 6:48:37.775442385 AM",
="",4223,1.0,2008 탎,2462 MHz,11,-73 dBm,Wi-Fi 1 (802.11b),False,312,="",="2/4/2026 6:48:37.776015225 AM",
="",4224,1.0,2096 탎,2462 MHz,11,-86 dBm,Wi-Fi 1 (802.11b),False,323,="",="2/4/2026 6:48:37.782424775 AM",
="",4225,1.0,2208 탎,2462 MHz,11,-58 dBm,Wi-Fi 1 (802.11b),False,337,="",="2/4/2026 6:48:37.787331600 AM",
="",4226,6.0,511 탎,2462 MHz,11,-86 dBm,Wi-Fi 3 (802.11g),False,446,="",="2/4/2026 6:48:37.794887185 AM",
="",4227,6.0,434 탎,2462 MHz,11,-85 dBm,Wi-Fi 3 (802.11g),False,388,="",="2/4/2026 6:48:37.795423315 AM",
="",4228,6.0,454 탎,2462 MHz,11,-86 dBm,Wi-Fi 3 (802.11g),False,403,="",="2/4/2026 6:48:37.795901860 AM",
="",4229,6.0,49 탎,2462 MHz,11,-85 dBm,Wi-Fi 3 (802.11g),False,99,="",="2/4/2026 6:48:37.797415695 AM",
="",4230,6.0,70 탎,2462 MHz,11,-85 dBm,Wi-Fi 3 (802.11g),False,115,="",="2/4/2026 6:48:37.798072705 AM",
="",4231,6.0,49 탎,2462 MHz,11,-85 dBm,Wi-Fi 3 (802.11g),False,99,="",="2/4/2026 6:48:37.798199000 AM",
="",4232,6.0,338 탎,2462 MHz,11,-77 dBm,Wi-Fi 3 (802.11g),False,316,="",="2/4/2026 6:48:37.801042245 AM",
="",4233,11.0,401 탎,2462 MHz,11,-87 dBm,Wi-Fi 1 (802.11b),True,373,="",="2/4/2026 6:48:37.802161420 AM",
="",4234,11.0,418 탎,2462 MHz,11,-88 dBm,Wi-Fi 1 (802.11b),True,396,="",="2/4/2026 6:48:37.802576165 AM",
="",4235,1.0,2008 탎,2462 MHz,11,-71 dBm,Wi-Fi 1 (802.11b),False,312,="",="2/4/2026 6:48:37.805149975 AM",
="",4236,1.0,2288 탎,2462 MHz,11,-84 dBm,Wi-Fi 1 (802.11b),False,347,="",="2/4/2026 6:48:37.812727230 AM",
="",4237,1.0,2208 탎,2462 MHz,11,-74 dBm,Wi-Fi 1 (802.11b),False,337,="",="2/4/2026 6:48:37.827212690 AM",
="",4238,6.0,425 탎,2462 MHz,11,-74 dBm,Wi-Fi 3 (802.11g),False,381,="",="2/4/2026 6:48:37.829881370 AM",
="",4240,1.0,2008 탎,2462 MHz,11,-58 dBm,Wi-Fi 1 (802.11b),False,312,="",="2/4/2026 6:48:37.838529075 AM",
="",4243,1.0,2016 탎,2462 MHz,11,-84 dBm,Wi-Fi 1 (802.11b),False,313,="",="2/4/2026 6:48:37.840887680 AM",
="",4244,11.0,401 탎,2462 MHz,11,-85 dBm,Wi-Fi 1 (802.11b),False,373,="",="2/4/2026 6:48:37.842920285 AM",
="",4245,11.0,418 탎,2462 MHz,11,-85 dBm,Wi-Fi 1 (802.11b),False,396,="",="2/4/2026 6:48:37.843335110 AM",
="",4246,6.0,338 탎,2462 MHz,11,-75 dBm,Wi-Fi 3 (802.11g),False,316,="",="2/4/2026 6:48:37.852243955 AM",
="",4247,1.0,2208 탎,2462 MHz,11,-74 dBm,Wi-Fi 1 (802.11b),False,337,="",="2/4/2026 6:48:37.856322480 AM",
="",4248,6.0,342 탎,2462 MHz,11,-75 dBm,Wi-Fi 3 (802.11g),False,319,="",="2/4/2026 6:48:37.877846165 AM",
="",4249,1.0,2008 탎,2462 MHz,11,-80 dBm,Wi-Fi 1 (802.11b),False,312,="",="2/4/2026 6:48:37.878410565 AM",
="",4250,1.0,2096 탎,2462 MHz,11,-87 dBm,Wi-Fi 1 (802.11b),False,323,="",="2/4/2026 6:48:37.881545865 AM",
="",4251,1.0,2208 탎,2462 MHz,11,-58 dBm,Wi-Fi 1 (802.11b),False,337,="",="2/4/2026 6:48:37.889730700 AM",
="",4252,6.0,511 탎,2462 MHz,11,-87 dBm,Wi-Fi 3 (802.11g),False,446,="",="2/4/2026 6:48:37.897293125 AM",
="",4253,6.0,434 탎,2462 MHz,11,-86 dBm,Wi-Fi 3 (802.11g),False,388,="",="2/4/2026 6:48:37.897837430 AM",
="",4254,6.0,454 탎,2462 MHz,11,-86 dBm,Wi-Fi 3 (802.11g),False,403,="",="2/4/2026 6:48:37.898289665 AM",
="",4255,6.0,1570 탎,2462 MHz,11,-87 dBm,Wi-Fi 3 (802.11g),True,229,="",="2/4/2026 6:48:37.898742300 AM",
="",4261,6.0,246 탎,2462 MHz,11,-87 dBm,Wi-Fi 3 (802.11g),False,229,="",="2/4/2026 6:48:37.902210830 AM",
="",4262,6.0,338 탎,2462 MHz,11,-76 dBm,Wi-Fi 3 (802.11g),False,316,="",="2/4/2026 6:48:37.903444840 AM",
="",4263,1.0,2008 탎,2462 MHz,11,-79 dBm,Wi-Fi 1 (802.11b),False,312,="",="2/4/2026 6:48:37.907526900 AM",
="",4264,24.0,35 탎,2462 MHz,11,-85 dBm,Wi-Fi 3 (802.11g),True,99,="",="2/4/2026 6:48:37.911037210 AM",
="",4265,24.0,41 탎,2462 MHz,11,-85 dBm,Wi-Fi 3 (802.11g),False,117,="",="2/4/2026 6:48:37.911171990 AM",
="",4266,1.0,2288 탎,2462 MHz,11,-85 dBm,Wi-Fi 1 (802.11b),False,347,="",="2/4/2026 6:48:37.915121210 AM",
="",4267,1.0,2016 탎,2462 MHz,11,-87 dBm,Wi-Fi 1 (802.11b),False,313,="",="2/4/2026 6:48:37.922317740 AM",
="",4268,1.0,2208 탎,2462 MHz,11,-74 dBm,Wi-Fi 1 (802.11b),False,337,="",="2/4/2026 6:48:37.929788960 AM",
="",4269,6.0,425 탎,2462 MHz,11,-78 dBm,Wi-Fi 3 (802.11g),False,381,="",="2/4/2026 6:48:37.932977650 AM",
="",4270,1.0,2008 탎,2462 MHz,11,-58 dBm,Wi-Fi 1 (802.11b),False,312,="",="2/4/2026 6:48:37.940928895 AM",
="",4274,11.0,401 탎,2462 MHz,11,-85 dBm,Wi-Fi 1 (802.11b),True,373,="",="2/4/2026 6:48:37.945291385 AM",
="",4275,11.0,418 탎,2462 MHz,11,-85 dBm,Wi-Fi 1 (802.11b),True,396,="",="2/4/2026 6:48:37.945706275 AM",
="",4276,24.0,40 탎,2462 MHz,11,-83 dBm,Wi-Fi 3 (802.11g),False,115,="",="2/4/2026 6:48:37.947817090 AM",
="",4277,11.0,358 탎,2462 MHz,11,-84 dBm,Wi-Fi 1 (802.11b),False,313,="",="2/4/2026 6:48:37.950877605 AM",
="",4278,11.0,415 탎,2462 MHz,11,-85 dBm,Wi-Fi 1 (802.11b),False,392,="",="2/4/2026 6:48:37.951250890 AM",
="",4279,11.0,443 탎,2462 MHz,11,-85 dBm,Wi-Fi 1 (802.11b),False,430,="",="2/4/2026 6:48:37.951682250 AM",
="",4280,6.0,338 탎,2462 MHz,11,-75 dBm,Wi-Fi 3 (802.11g),False,316,="",="2/4/2026 6:48:37.954644870 AM",
="",4281,1.0,2208 탎,2462 MHz,11,-78 dBm,Wi-Fi 1 (802.11b),False,337,="",="2/4/2026 6:48:37.958722540 AM",
="",4282,6.0,342 탎,2462 MHz,11,-75 dBm,Wi-Fi 3 (802.11g),False,319,="",="2/4/2026 6:48:37.986038595 AM",
="",4283,11.0,346 탎,2462 MHz,11,-76 dBm,Wi-Fi 1 (802.11b),False,229,="",="2/4/2026 6:48:37.986428135 AM",
="",4284,1.0,2208 탎,2462 MHz,11,-59 dBm,Wi-Fi 1 (802.11b),False,337,="",="2/4/2026 6:48:37.992129255 AM",
="",4285,11.0,358 탎,2462 MHz,11,-88 dBm,Wi-Fi 1 (802.11b),True,313,="",="2/4/2026 6:48:37.994337755 AM",
="",4289,6.0,454 탎,2462 MHz,11,-87 dBm,Wi-Fi 3 (802.11g),False,403,="",="2/4/2026 6:48:38.000714580 AM",
="",4290,6.0,49 탎,2462 MHz,11,-87 dBm,Wi-Fi 3 (802.11g),False,99,="",="2/4/2026 6:48:38.003028935 AM",
="",4291,6.0,338 탎,2462 MHz,11,-75 dBm,Wi-Fi 3 (802.11g),False,316,="",="2/4/2026 6:48:38.005846420 AM",
="",4292,1.0,2008 탎,2462 MHz,11,-79 dBm,Wi-Fi 1 (802.11b),False,312,="",="2/4/2026 6:48:38.009922455 AM",
="",4293,1.0,3056 탎,2462 MHz,11,-76 dBm,Wi-Fi 1 (802.11b),False,443,="",="2/4/2026 6:48:38.022513545 AM",
="",4294,1.0,3056 탎,2462 MHz,11,-74 dBm,Wi-Fi 1 (802.11b),False,443,="",="2/4/2026 6:48:38.025670590 AM",
="",4295,1.0,3056 탎,2462 MHz,11,-74 dBm,Wi-Fi 1 (802.11b),False,443,="",="2/4/2026 6:48:38.028863435 AM",
="",4296,1.0,3056 탎,2462 MHz,11,-74 dBm,Wi-Fi 1 (802.11b),False,443,="",="2/4/2026 6:48:38.032034160 AM",
="",4300,6.0,425 탎,2462 MHz,11,-77 dBm,Wi-Fi 3 (802.11g),False,381,="",="2/4/2026 6:48:38.035339535 AM",
="",4301,1.0,2008 탎,2462 MHz,11,-59 dBm,Wi-Fi 1 (802.11b),False,312,="",="2/4/2026 6:48:38.043950825 AM",
="",4305,6.0,338 탎,2462 MHz,11,-74 dBm,Wi-Fi 3 (802.11g),False,316,="",="2/4/2026 6:48:38.057197045 AM",
="",4306,1.0,2208 탎,2462 MHz,11,-79 dBm,Wi-Fi 1 (802.11b),False,337,="",="2/4/2026 6:48:38.061133615 AM",
="",4307,6.0,342 탎,2462 MHz,11,-73 dBm,Wi-Fi 3 (802.11g),False,319,="",="2/4/2026 6:48:38.084245855 AM",
="",4308,1.0,2208 탎,2462 MHz,11,-58 dBm,Wi-Fi 1 (802.11b),False,337,="",="2/4/2026 6:48:38.094529635 AM",
="",4309,11.0,439 탎,2462 MHz,11,-88 dBm,Wi-Fi 1 (802.11b),True,425,="",="2/4/2026 6:48:38.097032715 AM",
="",4310,6.0,434 탎,2462 MHz,11,-88 dBm,Wi-Fi 3 (802.11g),False,388,="",="2/4/2026 6:48:38.102637245 AM",
="",4311,6.0,338 탎,2462 MHz,11,-74 dBm,Wi-Fi 3 (802.11g),False,316,="",="2/4/2026 6:48:38.108262575 AM",
="",4312,1.0,2008 탎,2462 MHz,11,-80 dBm,Wi-Fi 1 (802.11b),False,312,="",="2/4/2026 6:48:38.112324875 AM",
="",4313,24.0,40 탎,2462 MHz,11,-85 dBm,Wi-Fi 3 (802.11g),True,115,="",="2/4/2026 6:48:38.129360820 AM",
="",4314,24.0,37 탎,2462 MHz,11,-85 dBm,Wi-Fi 3 (802.11g),True,105,="",="2/4/2026 6:48:38.129482730 AM",
="",4315,24.0,40 탎,2462 MHz,11,-87 dBm,Wi-Fi 3 (802.11g),True,115,="",="2/4/2026 6:48:38.129733265 AM",
="",4316,24.0,35 탎,2462 MHz,11,-86 dBm,Wi-Fi 3 (802.11g),True,99,="",="2/4/2026 6:48:38.131252440 AM",
="",4317,24.0,41 탎,2462 MHz,11,-87 dBm,Wi-Fi 3 (802.11g),True,117,="",="2/4/2026 6:48:38.131693795 AM",
="",4318,6.0,425 탎,2462 MHz,11,-76 dBm,Wi-Fi 3 (802.11g),False,381,="",="2/4/2026 6:48:38.136995440 AM",
="",4319,1.0,2008 탎,2462 MHz,11,-58 dBm,Wi-Fi 1 (802.11b),False,312,="",="2/4/2026 6:48:38.145729350 AM",
="",4320,1.0,1416 탎,2462 MHz,11,-81 dBm,Wi-Fi 1 (802.11b),False,238,="",="2/4/2026 6:48:38.147797100 AM",
="",4321,11.0,418 탎,2462 MHz,11,-89 dBm,Wi-Fi 1 (802.11b),True,396,="",="2/4/2026 6:48:38.151665105 AM",
="",4325,11.0,415 탎,2462 MHz,11,-83 dBm,Wi-Fi 1 (802.11b),False,392,="",="2/4/2026 6:48:38.156052265 AM",
="",4326,11.0,443 탎,2462 MHz,11,-82 dBm,Wi-Fi 1 (802.11b),False,430,="",="2/4/2026 6:48:38.156483425 AM",
="",4328,6.0,338 탎,2462 MHz,11,-74 dBm,Wi-Fi 3 (802.11g),False,316,="",="2/4/2026 6:48:38.159449165 AM",
="",4329,1.0,2208 탎,2462 MHz,11,-78 dBm,Wi-Fi 1 (802.11b),False,337,="",="2/4/2026 6:48:38.163543275 AM",
="",4334,6.0,342 탎,2462 MHz,11,-73 dBm,Wi-Fi 3 (802.11g),False,319,="",="2/4/2026 6:48:38.185048160 AM",
="",4335,1.0,2784 탎,2462 MHz,11,-80 dBm,Wi-Fi 1 (802.11b),False,229,="",="2/4/2026 6:48:38.190657410 AM",
="",4336,1.0,2208 탎,2462 MHz,11,-58 dBm,Wi-Fi 1 (802.11b),False,337,="",="2/4/2026 6:48:38.196929695 AM",
="",4337,6.0,511 탎,2462 MHz,11,-87 dBm,Wi-Fi 3 (802.11g),False,446,="",="2/4/2026 6:48:38.204505960 AM",
="",4338,6.0,434 탎,2462 MHz,11,-87 dBm,Wi-Fi 3 (802.11g),False,388,="",="2/4/2026 6:48:38.205052665 AM",
="",4339,6.0,454 탎,2462 MHz,11,-87 dBm,Wi-Fi 3 (802.11g),False,403,="",="2/4/2026 6:48:38.205513955 AM",
="",4340,6.0,338 탎,2462 MHz,11,-74 dBm,Wi-Fi 3 (802.11g),False,316,="",="2/4/2026 6:48:38.210648980 AM",
="",4341,11.0,401 탎,2462 MHz,11,-87 dBm,Wi-Fi 1 (802.11b),False,373,="",="2/4/2026 6:48:38.211791930 AM",
="",4342,11.0,418 탎,2462 MHz,11,-87 dBm,Wi-Fi 1 (802.11b),False,396,="",="2/4/2026 6:48:38.212206860 AM",
="",4343,1.0,2008 탎,2462 MHz,11,-75 dBm,Wi-Fi 1 (802.11b),False,312,="",="2/4/2026 6:48:38.214722935 AM",
="",4344,11.0,431 탎,2462 MHz,11,-88 dBm,Wi-Fi 1 (802.11b),True,414,="",="2/4/2026 6:48:38.231952380 AM",
="",4345,1.0,2208 탎,2462 MHz,11,-79 dBm,Wi-Fi 1 (802.11b),False,337,="",="2/4/2026 6:48:38.236813665 AM",
="",4346,6.0,425 탎,2462 MHz,11,-77 dBm,Wi-Fi 3 (802.11g),False,381,="",="2/4/2026 6:48:38.239476690 AM",
="",4347,1.0,2008 탎,2462 MHz,11,-58 dBm,Wi-Fi 1 (802.11b),False,312,="",="2/4/2026 6:48:38.248132075 AM",
="",4348,11.0,401 탎,2462 MHz,11,-86 dBm,Wi-Fi 1 (802.11b),False,373,="",="2/4/2026 6:48:38.252531700 AM",
="",4349,11.0,418 탎,2462 MHz,11,-86 dBm,Wi-Fi 1 (802.11b),True,396,="",="2/4/2026 6:48:38.252907695 AM",
="",4353,6.0,338 탎,2462 MHz,11,-75 dBm,Wi-Fi 3 (802.11g),False,316,="",="2/4/2026 6:48:38.261849850 AM",
="",4354,1.0,2208 탎,2462 MHz,11,-73 dBm,Wi-Fi 1 (802.11b),False,337,="",="2/4/2026 6:48:38.265923360 AM",
="",4355,1.0,2200 탎,2462 MHz,11,-72 dBm,Wi-Fi 1 (802.11b),False,229,="",="2/4/2026 6:48:38.268160840 AM",
="",4359,1.0,2208 탎,2462 MHz,11,-58 dBm,Wi-Fi 1 (802.11b),False,337,="",="2/4/2026 6:48:38.299329635 AM",
="",4361,6.0,511 탎,2462 MHz,11,-86 dBm,Wi-Fi 3 (802.11g),False,446,="",="2/4/2026 6:48:38.306888005 AM",
="",4363,6.0,454 탎,2462 MHz,11,-89 dBm,Wi-Fi 3 (802.11g),True,403,="",="2/4/2026 6:48:38.307882105 AM",
="",4365,6.0,338 탎,2462 MHz,11,-73 dBm,Wi-Fi 3 (802.11g),False,316,="",="2/4/2026 6:48:38.313054280 AM",
="",4366,11.0,401 탎,2462 MHz,11,-86 dBm,Wi-Fi 1 (802.11b),False,373,="",="2/4/2026 6:48:38.314191655 AM",
="",4367,11.0,418 탎,2462 MHz,11,-85 dBm,Wi-Fi 1 (802.11b),False,396,="",="2/4/2026 6:48:38.314607480 AM",
="",4368,1.0,2008 탎,2462 MHz,11,-75 dBm,Wi-Fi 1 (802.11b),False,312,="",="2/4/2026 6:48:38.317122540 AM",
="",4369,24.0,40 탎,2462 MHz,11,-81 dBm,Wi-Fi 3 (802.11g),False,115,="",="2/4/2026 6:48:38.333658355 AM",
="",4370,11.0,415 탎,2462 MHz,11,-88 dBm,Wi-Fi 1 (802.11b),True,392,="",="2/4/2026 6:48:38.333924285 AM",
="",4371,1.0,2208 탎,2462 MHz,11,-80 dBm,Wi-Fi 1 (802.11b),False,337,="",="2/4/2026 6:48:38.339214165 AM",
="",4372,6.0,425 탎,2462 MHz,11,-76 dBm,Wi-Fi 3 (802.11g),False,381,="",="2/4/2026 6:48:38.343075180 AM",
="",4373,1.0,2008 탎,2462 MHz,11,-59 dBm,Wi-Fi 1 (802.11b),False,312,="",="2/4/2026 6:48:38.350529455 AM",
="",4374,11.0,401 탎,2462 MHz,11,-86 dBm,Wi-Fi 1 (802.11b),False,373,="",="2/4/2026 6:48:38.354923240 AM",
="",4375,11.0,418 탎,2462 MHz,11,-87 dBm,Wi-Fi 1 (802.11b),False,396,="",="2/4/2026 6:48:38.355338610 AM",
="",4379,6.0,338 탎,2462 MHz,11,-74 dBm,Wi-Fi 3 (802.11g),False,316,="",="2/4/2026 6:48:38.364259525 AM",
="",4380,1.0,2208 탎,2462 MHz,11,-73 dBm,Wi-Fi 1 (802.11b),False,337,="",="2/4/2026 6:48:38.368323315 AM",
="",4381,6.0,342 탎,2462 MHz,11,-74 dBm,Wi-Fi 3 (802.11g),False,319,="",="2/4/2026 6:48:38.389852760 AM",
="",4382,1.0,2008 탎,2462 MHz,11,-80 dBm,Wi-Fi 1 (802.11b),False,312,="",="2/4/2026 6:48:38.390413240 AM",
="",4383,1.0,2096 탎,2462 MHz,11,-87 dBm,Wi-Fi 1 (802.11b),False,323,="",="2/4/2026 6:48:38.393583835 AM",
="",4384,1.0,2208 탎,2462 MHz,11,-59 dBm,Wi-Fi 1 (802.11b),False,337,="",="2/4/2026 6:48:38.401730230 AM",
="",4385,6.0,338 탎,2462 MHz,11,-75 dBm,Wi-Fi 3 (802.11g),False,316,="",="2/4/2026 6:48:38.415455275 AM",
="",4386,11.0,401 탎,2462 MHz,11,-87 dBm,Wi-Fi 1 (802.11b),False,373,="",="2/4/2026 6:48:38.416591945 AM",
="",4387,11.0,418 탎,2462 MHz,11,-87 dBm,Wi-Fi 1 (802.11b),False,396,="",="2/4/2026 6:48:38.417007555 AM",
="",4388,1.0,2008 탎,2462 MHz,11,-72 dBm,Wi-Fi 1 (802.11b),False,312,="",="2/4/2026 6:48:38.419523470 AM",
="",4389,1.0,2208 탎,2462 MHz,11,-79 dBm,Wi-Fi 1 (802.11b),False,337,="",="2/4/2026 6:48:38.441614120 AM",
="",4390,6.0,425 탎,2462 MHz,11,-77 dBm,Wi-Fi 3 (802.11g),False,381,="",="2/4/2026 6:48:38.444415485 AM",
="",4394,1.0,2008 탎,2462 MHz,11,-58 dBm,Wi-Fi 1 (802.11b),False,312,="",="2/4/2026 6:48:38.452929425 AM",
="",4395,1.0,2016 탎,2462 MHz,11,-87 dBm,Wi-Fi 1 (802.11b),False,313,="",="2/4/2026 6:48:38.455293910 AM",
="",4396,11.0,401 탎,2462 MHz,11,-88 dBm,Wi-Fi 1 (802.11b),False,373,="",="2/4/2026 6:48:38.457323635 AM",
="",4397,11.0,418 탎,2462 MHz,11,-86 dBm,Wi-Fi 1 (802.11b),False,396,="",="2/4/2026 6:48:38.457738780 AM",
="",4401,6.0,338 탎,2462 MHz,11,-74 dBm,Wi-Fi 3 (802.11g),False,316,="",="2/4/2026 6:48:38.466653920 AM",
="",4402,1.0,2208 탎,2462 MHz,11,-74 dBm,Wi-Fi 1 (802.11b),False,337,="",="2/4/2026 6:48:38.470723710 AM",
="",4403,1.0,2424 탎,2462 MHz,11,-84 dBm,Wi-Fi 1 (802.11b),False,364,="",="2/4/2026 6:48:38.484795205 AM",
="",4404,6.0,342 탎,2462 MHz,11,-75 dBm,Wi-Fi 3 (802.11g),False,319,="",="2/4/2026 6:48:38.492255930 AM",
="",4405,1.0,2008 탎,2462 MHz,11,-80 dBm,Wi-Fi 1 (802.11b),False,312,="",="2/4/2026 6:48:38.492813835 AM",
="",4406,1.0,2208 탎,2462 MHz,11,-58 dBm,Wi-Fi 1 (802.11b),False,337,="",="2/4/2026 6:48:38.504130505 AM",
="",4407,6.0,511 탎,2462 MHz,11,-87 dBm,Wi-Fi 3 (802.11g),False,446,="",="2/4/2026 6:48:38.511702865 AM",
="",4408,11.0,401 탎,2462 MHz,11,-87 dBm,Wi-Fi 1 (802.11b),True,373,="",="2/4/2026 6:48:38.518963885 AM",
="",4409,11.0,418 탎,2462 MHz,11,-88 dBm,Wi-Fi 1 (802.11b),True,396,="",="2/4/2026 6:48:38.519378230 AM",
="",4410,1.0,2008 탎,2462 MHz,11,-75 dBm,Wi-Fi 1 (802.11b),False,312,="",="2/4/2026 6:48:38.521922985 AM",
="",4411,1.0,2288 탎,2462 MHz,11,-86 dBm,Wi-Fi 1 (802.11b),False,347,="",="2/4/2026 6:48:38.529530215 AM",
="",4412,11.0,415 탎,2462 MHz,11,-88 dBm,Wi-Fi 1 (802.11b),True,392,="",="2/4/2026 6:48:38.538726410 AM",
="",4413,1.0,2208 탎,2462 MHz,11,-80 dBm,Wi-Fi 1 (802.11b),False,337,="",="2/4/2026 6:48:38.544030090 AM",
="",4414,6.0,425 탎,2462 MHz,11,-75 dBm,Wi-Fi 3 (802.11g),False,381,="",="2/4/2026 6:48:38.546993890 AM",
="",4415,1.0,1184 탎,2462 MHz,11,-74 dBm,Wi-Fi 1 (802.11b),False,209,="",="2/4/2026 6:48:38.548745160 AM",
="",4416,1.0,2008 탎,2462 MHz,11,-58 dBm,Wi-Fi 1 (802.11b),False,312,="",="2/4/2026 6:48:38.555329700 AM",
="",4417,1.0,2016 탎,2462 MHz,11,-86 dBm,Wi-Fi 1 (802.11b),False,313,="",="2/4/2026 6:48:38.557694400 AM",
="",4418,11.0,401 탎,2462 MHz,11,-86 dBm,Wi-Fi 1 (802.11b),False,373,="",="2/4/2026 6:48:38.559724525 AM",
="",4419,11.0,418 탎,2462 MHz,11,-87 dBm,Wi-Fi 1 (802.11b),False,396,="",="2/4/2026 6:48:38.560139510 AM",
="",4420,6.0,434 탎,2462 MHz,11,-89 dBm,Wi-Fi 3 (802.11g),False,388,="",="2/4/2026 6:48:38.562377015 AM",
="",4421,6.0,313 탎,2462 MHz,11,-88 dBm,Wi-Fi 3 (802.11g),False,229,="",="2/4/2026 6:48:38.563364840 AM",
="",4422,6.0,345 탎,2462 MHz,11,-88 dBm,Wi-Fi 3 (802.11g),False,229,="",="2/4/2026 6:48:38.563705565 AM",
="",4429,6.0,338 탎,2462 MHz,11,-75 dBm,Wi-Fi 3 (802.11g),False,316,="",="2/4/2026 6:48:38.569054970 AM",
="",4430,1.0,2208 탎,2462 MHz,11,-74 dBm,Wi-Fi 1 (802.11b),False,337,="",="2/4/2026 6:48:38.573124000 AM",
="",4431,6.0,73 탎,2462 MHz,11,-89 dBm,Wi-Fi 3 (802.11g),False,117,="",="2/4/2026 6:48:38.576988280 AM",
="",4433,1.0,2424 탎,2462 MHz,11,-86 dBm,Wi-Fi 1 (802.11b),False,364,="",="2/4/2026 6:48:38.587202510 AM",
="",4436,6.0,342 탎,2462 MHz,11,-75 dBm,Wi-Fi 3 (802.11g),False,319,="",="2/4/2026 6:48:38.594655540 AM",
="",4437,1.0,2008 탎,2462 MHz,11,-80 dBm,Wi-Fi 1 (802.11b),False,312,="",="2/4/2026 6:48:38.595213780 AM",
="",4438,1.0,2208 탎,2462 MHz,11,-58 dBm,Wi-Fi 1 (802.11b),False,337,="",="2/4/2026 6:48:38.606530490 AM",
="",4439,6.0,511 탎,2462 MHz,11,-87 dBm,Wi-Fi 3 (802.11g),False,446,="",="2/4/2026 6:48:38.614089475 AM",
="",4440,6.0,434 탎,2462 MHz,11,-85 dBm,Wi-Fi 3 (802.11g),False,388,="",="2/4/2026 6:48:38.614634125 AM",
="",4441,6.0,454 탎,2462 MHz,11,-86 dBm,Wi-Fi 3 (802.11g),False,403,="",="2/4/2026 6:48:38.615106295 AM",
="",4442,6.0,338 탎,2462 MHz,11,-77 dBm,Wi-Fi 3 (802.11g),False,316,="",="2/4/2026 6:48:38.620259895 AM",
="",4443,11.0,401 탎,2462 MHz,11,-88 dBm,Wi-Fi 1 (802.11b),True,373,="",="2/4/2026 6:48:38.621363470 AM",
="",4444,11.0,418 탎,2462 MHz,11,-88 dBm,Wi-Fi 1 (802.11b),True,396,="",="2/4/2026 6:48:38.621778480 AM",
="",4445,1.0,2008 탎,2462 MHz,11,-76 dBm,Wi-Fi 1 (802.11b),False,312,="",="2/4/2026 6:48:38.624323290 AM",
="",4446,11.0,431 탎,2462 MHz,11,-87 dBm,Wi-Fi 1 (802.11b),True,414,="",="2/4/2026 6:48:38.637230635 AM",
="",4447,1.0,2016 탎,2462 MHz,11,-87 dBm,Wi-Fi 1 (802.11b),False,313,="",="2/4/2026 6:48:38.639124170 AM",
="",4448,11.0,415 탎,2462 MHz,11,-87 dBm,Wi-Fi 1 (802.11b),True,392,="",="2/4/2026 6:48:38.641140670 AM",
="",4449,11.0,431 탎,2462 MHz,11,-87 dBm,Wi-Fi 1 (802.11b),True,414,="",="2/4/2026 6:48:38.641555575 AM",
="",4450,1.0,2208 탎,2462 MHz,11,-80 dBm,Wi-Fi 1 (802.11b),False,337,="",="2/4/2026 6:48:38.646414020 AM",
="",4451,6.0,425 탎,2462 MHz,11,-75 dBm,Wi-Fi 3 (802.11g),False,381,="",="2/4/2026 6:48:38.649067565 AM",
="",4452,1.0,2008 탎,2462 MHz,11,-58 dBm,Wi-Fi 1 (802.11b),False,312,="",="2/4/2026 6:48:38.657729765 AM",
="",4453,11.0,401 탎,2462 MHz,11,-88 dBm,Wi-Fi 1 (802.11b),True,373,="",="2/4/2026 6:48:38.662096095 AM",
="",4454,6.0,434 탎,2462 MHz,11,-88 dBm,Wi-Fi 3 (802.11g),False,388,="",="2/4/2026 6:48:38.664768225 AM",
="",4455,6.0,481 탎,2462 MHz,11,-88 dBm,Wi-Fi 3 (802.11g),False,423,="",="2/4/2026 6:48:38.665230820 AM",
="",4456,6.0,878 탎,2462 MHz,11,-88 dBm,Wi-Fi 3 (802.11g),False,229,="",="2/4/2026 6:48:38.666356110 AM",
="",4460,6.0,338 탎,2462 MHz,11,-79 dBm,Wi-Fi 3 (802.11g),False,316,="",="2/4/2026 6:48:38.671456500 AM",
="",4461,1.0,2208 탎,2462 MHz,11,-71 dBm,Wi-Fi 1 (802.11b),False,337,="",="2/4/2026 6:48:38.675523850 AM",
="",4462,1.0,2424 탎,2462 MHz,11,-87 dBm,Wi-Fi 1 (802.11b),False,364,="",="2/4/2026 6:48:38.689596515 AM",
="",4463,6.0,342 탎,2462 MHz,11,-79 dBm,Wi-Fi 3 (802.11g),False,319,="",="2/4/2026 6:48:38.697058270 AM",
="",4464,1.0,2008 탎,2462 MHz,11,-78 dBm,Wi-Fi 1 (802.11b),False,312,="",="2/4/2026 6:48:38.697613655 AM",
="",4465,1.0,2208 탎,2462 MHz,11,-58 dBm,Wi-Fi 1 (802.11b),False,337,="",="2/4/2026 6:48:38.708930445 AM",
="",4467,6.0,454 탎,2462 MHz,11,-88 dBm,Wi-Fi 3 (802.11g),False,403,="",="2/4/2026 6:48:38.717486850 AM",
="",4468,11.0,401 탎,2462 MHz,11,-88 dBm,Wi-Fi 1 (802.11b),True,373,="",="2/4/2026 6:48:38.723763705 AM",
="",4469,6.0,338 탎,2462 MHz,11,-79 dBm,Wi-Fi 3 (802.11g),False,316,="",="2/4/2026 6:48:38.725366660 AM",
="",4471,1.0,2008 탎,2462 MHz,11,-75 dBm,Wi-Fi 1 (802.11b),False,312,="",="2/4/2026 6:48:38.726723765 AM",
="",4474,1.0,3264 탎,2462 MHz,11,-86 dBm,Wi-Fi 1 (802.11b),False,469,="",="2/4/2026 6:48:38.731798400 AM",
="",4475,11.0,415 탎,2462 MHz,11,-87 dBm,Wi-Fi 1 (802.11b),True,392,="",="2/4/2026 6:48:38.744049255 AM",
="",4476,1.0,2208 탎,2462 MHz,11,-78 dBm,Wi-Fi 1 (802.11b),False,337,="",="2/4/2026 6:48:38.748814190 AM",
="",4477,6.0,425 탎,2462 MHz,11,-76 dBm,Wi-Fi 3 (802.11g),False,381,="",="2/4/2026 6:48:38.751388050 AM",
="",4478,1.0,2008 탎,2462 MHz,11,-59 dBm,Wi-Fi 1 (802.11b),False,312,="",="2/4/2026 6:48:38.760130040 AM",
="",4479,1.0,2016 탎,2462 MHz,11,-86 dBm,Wi-Fi 1 (802.11b),False,313,="",="2/4/2026 6:48:38.762492940 AM",
="",4480,11.0,401 탎,2462 MHz,11,-87 dBm,Wi-Fi 1 (802.11b),False,373,="",="2/4/2026 6:48:38.764528505 AM",
="",4481,11.0,418 탎,2462 MHz,11,-87 dBm,Wi-Fi 1 (802.11b),False,396,="",="2/4/2026 6:48:38.764940675 AM",
="",4485,6.0,338 탎,2462 MHz,11,-80 dBm,Wi-Fi 3 (802.11g),False,316,="",="2/4/2026 6:48:38.773859255 AM",
="",4486,1.0,2208 탎,2462 MHz,11,-72 dBm,Wi-Fi 1 (802.11b),False,337,="",="2/4/2026 6:48:38.777923885 AM",
="",4487,24.0,35 탎,2462 MHz,11,-84 dBm,Wi-Fi 3 (802.11g),False,99,="",="2/4/2026 6:48:38.780349160 AM",
="",4488,24.0,35 탎,2462 MHz,11,-84 dBm,Wi-Fi 3 (802.11g),False,99,="",="2/4/2026 6:48:38.780574505 AM",
="",4489,24.0,37 탎,2462 MHz,11,-87 dBm,Wi-Fi 3 (802.11g),True,105,="",="2/4/2026 6:48:38.780813810 AM",
="",4490,24.0,35 탎,2462 MHz,11,-83 dBm,Wi-Fi 3 (802.11g),False,99,="",="2/4/2026 6:48:38.780861745 AM",
="",4491,24.0,41 탎,2462 MHz,11,-82 dBm,Wi-Fi 3 (802.11g),False,117,="",="2/4/2026 6:48:38.781023420 AM",
="",4492,24.0,35 탎,2462 MHz,11,-83 dBm,Wi-Fi 3 (802.11g),False,99,="",="2/4/2026 6:48:38.795720695 AM",
="",4493,24.0,35 탎,2462 MHz,11,-84 dBm,Wi-Fi 3 (802.11g),False,99,="",="2/4/2026 6:48:38.796011495 AM",
="",4494,24.0,35 탎,2462 MHz,11,-85 dBm,Wi-Fi 3 (802.11g),False,99,="",="2/4/2026 6:48:38.796268400 AM",
="",4495,24.0,37 탎,2462 MHz,11,-88 dBm,Wi-Fi 3 (802.11g),True,105,="",="2/4/2026 6:48:38.796554935 AM",
="",4496,12.0,51 탎,2462 MHz,11,-84 dBm,Wi-Fi 3 (802.11g),False,117,="",="2/4/2026 6:48:38.797101710 AM",
="",4497,6.0,342 탎,2462 MHz,11,-79 dBm,Wi-Fi 3 (802.11g),False,319,="",="2/4/2026 6:48:38.799459210 AM",
="",4498,1.0,2008 탎,2462 MHz,11,-79 dBm,Wi-Fi 1 (802.11b),False,312,="",="2/4/2026 6:48:38.800013490 AM",
="",4499,24.0,37 탎,2462 MHz,11,-85 dBm,Wi-Fi 3 (802.11g),False,105,="",="2/4/2026 6:48:38.809415495 AM",
="",4500,24.0,37 탎,2462 MHz,11,-84 dBm,Wi-Fi 3 (802.11g),False,105,="",="2/4/2026 6:48:38.809962135 AM",
="",4501,24.0,37 탎,2462 MHz,11,-84 dBm,Wi-Fi 3 (802.11g),True,105,="",="2/4/2026 6:48:38.810260815 AM",
="",4502,1.0,2208 탎,2462 MHz,11,-60 dBm,Wi-Fi 1 (802.11b),False,337,="",="2/4/2026 6:48:38.811343200 AM",
="",4503,24.0,37 탎,2462 MHz,11,-85 dBm,Wi-Fi 3 (802.11g),False,105,="",="2/4/2026 6:48:38.815991475 AM",
="",4504,6.0,434 탎,2462 MHz,11,-87 dBm,Wi-Fi 3 (802.11g),False,388,="",="2/4/2026 6:48:38.819450690 AM",
="",4505,6.0,454 탎,2462 MHz,11,-87 dBm,Wi-Fi 3 (802.11g),False,403,="",="2/4/2026 6:48:38.819898525 AM",
="",4506,6.0,1597 탎,2462 MHz,11,-87 dBm,Wi-Fi 3 (802.11g),False,229,="",="2/4/2026 6:48:38.822331665 AM",
="",4507,11.0,401 탎,2462 MHz,11,-88 dBm,Wi-Fi 1 (802.11b),True,373,="",="2/4/2026 6:48:38.826167020 AM",
="",4508,11.0,418 탎,2462 MHz,11,-88 dBm,Wi-Fi 1 (802.11b),True,396,="",="2/4/2026 6:48:38.826590925 AM",
="",4509,1.0,2008 탎,2462 MHz,11,-74 dBm,Wi-Fi 1 (802.11b),False,312,="",="2/4/2026 6:48:38.829126200 AM",
="",4512,1.0,2208 탎,2462 MHz,11,-82 dBm,Wi-Fi 1 (802.11b),False,337,="",="2/4/2026 6:48:38.851216810 AM",
="",4514,6.0,425 탎,2462 MHz,11,-72 dBm,Wi-Fi 3 (802.11g),False,381,="",="2/4/2026 6:48:38.853877075 AM",
="",4516,1.0,2008 탎,2462 MHz,11,-61 dBm,Wi-Fi 1 (802.11b),False,312,="",="2/4/2026 6:48:38.862530540 AM",
="",4520,11.0,401 탎,2462 MHz,11,-87 dBm,Wi-Fi 1 (802.11b),False,373,="",="2/4/2026 6:48:38.866929085 AM",
="",4521,11.0,418 탎,2462 MHz,11,-86 dBm,Wi-Fi 1 (802.11b),True,396,="",="2/4/2026 6:48:38.867311895 AM",
="",4525,1.0,2208 탎,2462 MHz,11,-74 dBm,Wi-Fi 1 (802.11b),False,337,="",="2/4/2026 6:48:38.880323640 AM",
="",4527,1.0,2424 탎,2462 MHz,11,-85 dBm,Wi-Fi 1 (802.11b),False,364,="",="2/4/2026 6:48:38.894396535 AM",
="",4528,6.0,342 탎,2462 MHz,11,-82 dBm,Wi-Fi 3 (802.11g),False,319,="",="2/4/2026 6:48:38.901860965 AM",
="",4529,1.0,2008 탎,2462 MHz,11,-80 dBm,Wi-Fi 1 (802.11b),False,312,="",="2/4/2026 6:48:38.902415365 AM",
="",4531,24.0,35 탎,2462 MHz,11,-82 dBm,Wi-Fi 3 (802.11g),False,99,="",="2/4/2026 6:48:38.912841045 AM",
="",4532,24.0,35 탎,2462 MHz,11,-82 dBm,Wi-Fi 3 (802.11g),False,99,="",="2/4/2026 6:48:38.913138045 AM",
="",4533,24.0,35 탎,2462 MHz,11,-82 dBm,Wi-Fi 3 (802.11g),False,99,="",="2/4/2026 6:48:38.913360350 AM",
="",4534,24.0,35 탎,2462 MHz,11,-82 dBm,Wi-Fi 3 (802.11g),False,99,="",="2/4/2026 6:48:38.913663710 AM",
="",4535,24.0,35 탎,2462 MHz,11,-83 dBm,Wi-Fi 3 (802.11g),False,99,="",="2/4/2026 6:48:38.913999060 AM",
="",4536,1.0,2208 탎,2462 MHz,11,-62 dBm,Wi-Fi 1 (802.11b),False,337,="",="2/4/2026 6:48:38.914297595 AM",
="",4537,6.0,511 탎,2462 MHz,11,-89 dBm,Wi-Fi 3 (802.11g),False,446,="",="2/4/2026 6:48:38.922050735 AM",
="",4538,6.0,57 탎,2462 MHz,11,-77 dBm,Wi-Fi 3 (802.11g),False,105,="",="2/4/2026 6:48:38.927603790 AM",
="",4539,11.0,401 탎,2462 MHz,11,-91 dBm,Wi-Fi 1 (802.11b),True,373,="",="2/4/2026 6:48:38.928564335 AM",
="",4540,1.0,2008 탎,2462 MHz,11,-75 dBm,Wi-Fi 1 (802.11b),False,312,="",="2/4/2026 6:48:38.931523475 AM",
="",4542,1.0,2208 탎,2462 MHz,11,-81 dBm,Wi-Fi 1 (802.11b),False,337,="",="2/4/2026 6:48:38.953614845 AM",
="",4543,6.0,425 탎,2462 MHz,11,-77 dBm,Wi-Fi 3 (802.11g),False,381,="",="2/4/2026 6:48:38.957224235 AM",
="",4544,1.0,2008 탎,2462 MHz,11,-62 dBm,Wi-Fi 1 (802.11b),False,312,="",="2/4/2026 6:48:38.964930495 AM",
="",4545,1.0,2016 탎,2462 MHz,11,-87 dBm,Wi-Fi 1 (802.11b),False,313,="",="2/4/2026 6:48:38.967294235 AM",
="",4546,11.0,401 탎,2462 MHz,11,-87 dBm,Wi-Fi 1 (802.11b),False,373,="",="2/4/2026 6:48:38.969329800 AM",
="",4547,11.0,418 탎,2462 MHz,11,-87 dBm,Wi-Fi 1 (802.11b),False,396,="",="2/4/2026 6:48:38.969742385 AM",
="",4548,6.0,481 탎,2462 MHz,11,-88 dBm,Wi-Fi 3 (802.11g),False,423,="",="2/4/2026 6:48:38.972404550 AM",
="",4549,11.0,443 탎,2462 MHz,11,-86 dBm,Wi-Fi 1 (802.11b),False,430,="",="2/4/2026 6:48:38.975687745 AM",
="",4550,6.0,338 탎,2462 MHz,11,-83 dBm,Wi-Fi 3 (802.11g),False,316,="",="2/4/2026 6:48:38.978662045 AM",
="",4554,1.0,2208 탎,2462 MHz,11,-75 dBm,Wi-Fi 1 (802.11b),False,337,="",="2/4/2026 6:48:38.982724235 AM",
="",4558,1.0,2424 탎,2462 MHz,11,-84 dBm,Wi-Fi 1 (802.11b),False,364,="",="2/4/2026 6:48:38.996801370 AM",
="",4559,6.0,342 탎,2462 MHz,11,-80 dBm,Wi-Fi 3 (802.11g),False,319,="",="2/4/2026 6:48:39.004263280 AM",
="",4560,1.0,2096 탎,2462 MHz,11,-84 dBm,Wi-Fi 1 (802.11b),False,323,="",="2/4/2026 6:48:39.005842000 AM",
="",4561,1.0,2096 탎,2462 MHz,11,-84 dBm,Wi-Fi 1 (802.11b),False,323,="",="2/4/2026 6:48:39.007968315 AM",
="",4562,1.0,2208 탎,2462 MHz,11,-64 dBm,Wi-Fi 1 (802.11b),False,337,="",="2/4/2026 6:48:39.016131470 AM",
="",4563,24.0,40 탎,2462 MHz,11,-85 dBm,Wi-Fi 3 (802.11g),True,115,="",="2/4/2026 6:48:39.021988805 AM",
="",4564,6.0,511 탎,2462 MHz,11,-86 dBm,Wi-Fi 3 (802.11g),False,446,="",="2/4/2026 6:48:39.023702015 AM",
="",4565,6.0,434 탎,2462 MHz,11,-86 dBm,Wi-Fi 3 (802.11g),False,388,="",="2/4/2026 6:48:39.024258800 AM",
="",4566,6.0,454 탎,2462 MHz,11,-87 dBm,Wi-Fi 3 (802.11g),False,403,="",="2/4/2026 6:48:39.024710475 AM",
="",4570,6.0,338 탎,2462 MHz,11,-81 dBm,Wi-Fi 3 (802.11g),False,316,="",="2/4/2026 6:48:39.029863770 AM",
="",4571,1.0,2008 탎,2462 MHz,11,-74 dBm,Wi-Fi 1 (802.11b),False,312,="",="2/4/2026 6:48:39.033923750 AM",
="",4572,11.0,415 탎,2462 MHz,11,-88 dBm,Wi-Fi 1 (802.11b),True,392,="",="2/4/2026 6:48:39.050730735 AM",
="",4573,1.0,2208 탎,2462 MHz,11,-82 dBm,Wi-Fi 1 (802.11b),False,337,="",="2/4/2026 6:48:39.056014920 AM",
="",4574,6.0,425 탎,2462 MHz,11,-74 dBm,Wi-Fi 3 (802.11g),False,381,="",="2/4/2026 6:48:39.058656385 AM",
="",4575,24.0,35 탎,2462 MHz,11,-87 dBm,Wi-Fi 3 (802.11g),True,99,="",="2/4/2026 6:48:39.066301665 AM",
="",4576,6.0,73 탎,2462 MHz,11,-88 dBm,Wi-Fi 3 (802.11g),False,117,="",="2/4/2026 6:48:39.066538905 AM",
="",4577,1.0,2016 탎,2462 MHz,11,-87 dBm,Wi-Fi 1 (802.11b),False,313,="",="2/4/2026 6:48:39.069694705 AM",
="",4578,11.0,418 탎,2462 MHz,11,-88 dBm,Wi-Fi 1 (802.11b),False,396,="",="2/4/2026 6:48:39.072142480 AM",
="",4579,6.0,434 탎,2462 MHz,11,-86 dBm,Wi-Fi 3 (802.11g),False,388,="",="2/4/2026 6:48:39.074350985 AM",
="",4580,6.0,481 탎,2462 MHz,11,-88 dBm,Wi-Fi 3 (802.11g),False,423,="",="2/4/2026 6:48:39.074822620 AM",
="",4581,6.0,702 탎,2462 MHz,11,-87 dBm,Wi-Fi 3 (802.11g),False,229,="",="2/4/2026 6:48:39.075303785 AM",
="",4582,6.0,729 탎,2462 MHz,11,-88 dBm,Wi-Fi 3 (802.11g),False,229,="",="2/4/2026 6:48:39.076040930 AM",
="",4585,6.0,338 탎,2462 MHz,11,-83 dBm,Wi-Fi 3 (802.11g),True,316,="",="2/4/2026 6:48:39.081037580 AM",
="",4587,1.0,2208 탎,2462 MHz,11,-80 dBm,Wi-Fi 1 (802.11b),False,337,="",="2/4/2026 6:48:39.085124305 AM",
="",4588,6.0,342 탎,2462 MHz,11,-82 dBm,Wi-Fi 3 (802.11g),False,319,="",="2/4/2026 6:48:39.106666110 AM",
="",4589,1.0,2008 탎,2462 MHz,11,-82 dBm,Wi-Fi 1 (802.11b),False,312,="",="2/4/2026 6:48:39.107217310 AM",
="",4590,1.0,2096 탎,2462 MHz,11,-85 dBm,Wi-Fi 1 (802.11b),False,323,="",="2/4/2026 6:48:39.110371585 AM",
="",4591,1.0,2208 탎,2462 MHz,11,-61 dBm,Wi-Fi 1 (802.11b),False,337,="",="2/4/2026 6:48:39.118533580 AM",
="",4592,6.0,511 탎,2462 MHz,11,-87 dBm,Wi-Fi 3 (802.11g),False,446,="",="2/4/2026 6:48:39.126099405 AM",
="",4593,6.0,454 탎,2462 MHz,11,-86 dBm,Wi-Fi 3 (802.11g),False,403,="",="2/4/2026 6:48:39.127132120 AM",
="",4597,11.0,401 탎,2462 MHz,11,-89 dBm,Wi-Fi 1 (802.11b),True,373,="",="2/4/2026 6:48:39.133365320 AM",
="",4598,1.0,2008 탎,2462 MHz,11,-77 dBm,Wi-Fi 1 (802.11b),False,312,="",="2/4/2026 6:48:39.136324100 AM",
="",4602,1.0,2208 탎,2462 MHz,11,-79 dBm,Wi-Fi 1 (802.11b),False,337,="",="2/4/2026 6:48:39.158414325 AM",
="",4603,6.0,425 탎,2462 MHz,11,-74 dBm,Wi-Fi 3 (802.11g),False,381,="",="2/4/2026 6:48:39.161172195 AM",
="",4604,1.0,2008 탎,2462 MHz,11,-61 dBm,Wi-Fi 1 (802.11b),False,312,="",="2/4/2026 6:48:39.169731015 AM",
="",4605,1.0,2016 탎,2462 MHz,11,-88 dBm,Wi-Fi 1 (802.11b),False,313,="",="2/4/2026 6:48:39.172122730 AM",
="",4606,11.0,418 탎,2462 MHz,11,-88 dBm,Wi-Fi 1 (802.11b),True,396,="",="2/4/2026 6:48:39.174513490 AM",
="",4607,11.0,358 탎,2462 MHz,11,-85 dBm,Wi-Fi 1 (802.11b),False,313,="",="2/4/2026 6:48:39.179686445 AM",
="",4608,11.0,415 탎,2462 MHz,11,-84 dBm,Wi-Fi 1 (802.11b),False,392,="",="2/4/2026 6:48:39.180056945 AM",
="",4609,11.0,443 탎,2462 MHz,11,-84 dBm,Wi-Fi 1 (802.11b),False,430,="",="2/4/2026 6:48:39.180488625 AM",
="",4613,6.0,338 탎,2462 MHz,11,-80 dBm,Wi-Fi 3 (802.11g),False,316,="",="2/4/2026 6:48:39.183466405 AM",
="",4614,1.0,2208 탎,2462 MHz,11,-79 dBm,Wi-Fi 1 (802.11b),False,337,="",="2/4/2026 6:48:39.187524675 AM",
="",4615,6.0,342 탎,2462 MHz,11,-81 dBm,Wi-Fi 3 (802.11g),False,319,="",="2/4/2026 6:48:39.209065935 AM",
="",4616,1.0,2008 탎,2462 MHz,11,-80 dBm,Wi-Fi 1 (802.11b),False,312,="",="2/4/2026 6:48:39.209617760 AM",
="",4617,1.0,2208 탎,2462 MHz,11,-62 dBm,Wi-Fi 1 (802.11b),False,337,="",="2/4/2026 6:48:39.220931270 AM",
="",4618,6.0,511 탎,2462 MHz,11,-85 dBm,Wi-Fi 3 (802.11g),False,446,="",="2/4/2026 6:48:39.228517910 AM",
="",4619,6.0,434 탎,2462 MHz,11,-86 dBm,Wi-Fi 3 (802.11g),False,388,="",="2/4/2026 6:48:39.229051000 AM",
="",4620,6.0,454 탎,2462 MHz,11,-85 dBm,Wi-Fi 3 (802.11g),False,403,="",="2/4/2026 6:48:39.229504210 AM",
="",4621,6.0,338 탎,2462 MHz,11,-79 dBm,Wi-Fi 3 (802.11g),False,316,="",="2/4/2026 6:48:39.234666985 AM",
="",4622,11.0,401 탎,2462 MHz,11,-86 dBm,Wi-Fi 1 (802.11b),False,373,="",="2/4/2026 6:48:39.235797320 AM",
="",4623,11.0,418 탎,2462 MHz,11,-87 dBm,Wi-Fi 1 (802.11b),False,396,="",="2/4/2026 6:48:39.236210170 AM",
="",4624,1.0,2008 탎,2462 MHz,11,-81 dBm,Wi-Fi 1 (802.11b),False,312,="",="2/4/2026 6:48:39.238724365 AM",
="",4625,72.2,48 탎,2462 MHz,11,-78 dBm,Wi-Fi 4 (802.11n),True,195,="",="2/4/2026 6:48:39.245811425 AM",
="",4626,24.0,35 탎,2462 MHz,11,-86 dBm,Wi-Fi 3 (802.11g),True,99,="",="2/4/2026 6:48:39.245859670 AM",
="",4627,65.0,49 탎,2462 MHz,11,-87 dBm,Wi-Fi 4 (802.11n),True,195,="",="2/4/2026 6:48:39.248658895 AM",
="",4628,24.0,35 탎,2462 MHz,11,-79 dBm,Wi-Fi 3 (802.11g),False,99,="",="2/4/2026 6:48:39.248713130 AM",
="",4629,11.0,415 탎,2462 MHz,11,-88 dBm,Wi-Fi 1 (802.11b),True,392,="",="2/4/2026 6:48:39.251203250 AM",
="",4630,1.0,2208 탎,2462 MHz,11,-79 dBm,Wi-Fi 1 (802.11b),False,337,="",="2/4/2026 6:48:39.260814590 AM",
="",4632,1.0,2200 탎,2462 MHz,11,-80 dBm,Wi-Fi 1 (802.11b),False,229,="",="2/4/2026 6:48:39.263068910 AM",
="",4635,1.0,2008 탎,2462 MHz,11,-61 dBm,Wi-Fi 1 (802.11b),False,312,="",="2/4/2026 6:48:39.272130960 AM",
="",4636,11.0,401 탎,2462 MHz,11,-89 dBm,Wi-Fi 1 (802.11b),True,373,="",="2/4/2026 6:48:39.276499770 AM",
="",4637,11.0,443 탎,2462 MHz,11,-87 dBm,Wi-Fi 1 (802.11b),False,430,="",="2/4/2026 6:48:39.282891530 AM",
="",4638,11.0,319 탎,2462 MHz,11,-85 dBm,Wi-Fi 1 (802.11b),False,229,="",="2/4/2026 6:48:39.283350550 AM",
="",4642,1.0,2208 탎,2462 MHz,11,-78 dBm,Wi-Fi 1 (802.11b),False,337,="",="2/4/2026 6:48:39.289924740 AM",
="",4643,1.0,2424 탎,2462 MHz,11,-86 dBm,Wi-Fi 1 (802.11b),False,364,="",="2/4/2026 6:48:39.304009130 AM",
="",4644,6.0,342 탎,2462 MHz,11,-80 dBm,Wi-Fi 3 (802.11g),False,319,="",="2/4/2026 6:48:39.311468560 AM",
="",4645,1.0,2008 탎,2462 MHz,11,-80 dBm,Wi-Fi 1 (802.11b),False,312,="",="2/4/2026 6:48:39.312016425 AM",
="",4646,1.0,2096 탎,2462 MHz,11,-87 dBm,Wi-Fi 1 (802.11b),False,323,="",="2/4/2026 6:48:39.315195355 AM",
="",4647,1.0,2208 탎,2462 MHz,11,-63 dBm,Wi-Fi 1 (802.11b),False,337,="",="2/4/2026 6:48:39.323331855 AM",
="",4648,6.0,511 탎,2462 MHz,11,-86 dBm,Wi-Fi 3 (802.11g),False,446,="",="2/4/2026 6:48:39.330906335 AM",
="",4649,6.0,434 탎,2462 MHz,11,-85 dBm,Wi-Fi 3 (802.11g),False,388,="",="2/4/2026 6:48:39.331433065 AM",
="",4650,6.0,454 탎,2462 MHz,11,-86 dBm,Wi-Fi 3 (802.11g),False,403,="",="2/4/2026 6:48:39.331908755 AM",
="",4651,1.0,2016 탎,2462 MHz,11,-84 dBm,Wi-Fi 1 (802.11b),False,313,="",="2/4/2026 6:48:39.336162460 AM",
="",4652,11.0,401 탎,2462 MHz,11,-84 dBm,Wi-Fi 1 (802.11b),False,373,="",="2/4/2026 6:48:39.338196985 AM",
="",4653,11.0,418 탎,2462 MHz,11,-84 dBm,Wi-Fi 1 (802.11b),False,396,="",="2/4/2026 6:48:39.338612875 AM",
="",4654,1.0,2008 탎,2462 MHz,11,-78 dBm,Wi-Fi 1 (802.11b),False,312,="",="2/4/2026 6:48:39.341124655 AM",
="",4655,1.0,872 탎,2462 MHz,11,-84 dBm,Wi-Fi 1 (802.11b),False,170,="",="2/4/2026 6:48:39.348616440 AM",
="",4656,11.0,415 탎,2462 MHz,11,-88 dBm,Wi-Fi 1 (802.11b),True,392,="",="2/4/2026 6:48:39.353604300 AM",
="",4657,1.0,2208 탎,2462 MHz,11,-79 dBm,Wi-Fi 1 (802.11b),False,337,="",="2/4/2026 6:48:39.363218280 AM",
="",4658,6.0,425 탎,2462 MHz,11,-77 dBm,Wi-Fi 3 (802.11g),False,381,="",="2/4/2026 6:48:39.366345835 AM",
="",4659,1.0,2008 탎,2462 MHz,11,-65 dBm,Wi-Fi 1 (802.11b),False,312,="",="2/4/2026 6:48:39.374531345 AM",
="",4660,11.0,358 탎,2462 MHz,11,-84 dBm,Wi-Fi 1 (802.11b),False,313,="",="2/4/2026 6:48:39.384484440 AM",
="",4661,11.0,443 탎,2462 MHz,11,-85 dBm,Wi-Fi 1 (802.11b),False,430,="",="2/4/2026 6:48:39.385292460 AM",
="",4665,1.0,2208 탎,2462 MHz,11,-77 dBm,Wi-Fi 1 (802.11b),False,337,="",="2/4/2026 6:48:39.392326910 AM",
="",4669,1.0,2424 탎,2462 MHz,11,-86 dBm,Wi-Fi 1 (802.11b),False,364,="",="2/4/2026 6:48:39.406477570 AM",
="",4670,6.0,342 탎,2462 MHz,11,-76 dBm,Wi-Fi 3 (802.11g),False,319,="",="2/4/2026 6:48:39.413870770 AM",
="",4671,1.0,2008 탎,2462 MHz,11,-82 dBm,Wi-Fi 1 (802.11b),False,312,="",="2/4/2026 6:48:39.414417355 AM",
="",4672,1.0,2096 탎,2462 MHz,11,-86 dBm,Wi-Fi 1 (802.11b),False,323,="",="2/4/2026 6:48:39.417709650 AM",
="",4676,1.0,2208 탎,2462 MHz,11,-64 dBm,Wi-Fi 1 (802.11b),False,337,="",="2/4/2026 6:48:39.425732025 AM",
="",4677,6.0,434 탎,2462 MHz,11,-87 dBm,Wi-Fi 3 (802.11g),False,388,="",="2/4/2026 6:48:39.433860195 AM",
="",4678,6.0,454 탎,2462 MHz,11,-87 dBm,Wi-Fi 3 (802.11g),False,403,="",="2/4/2026 6:48:39.434320445 AM",
="",4679,11.0,401 탎,2462 MHz,11,-86 dBm,Wi-Fi 1 (802.11b),False,373,="",="2/4/2026 6:48:39.440597020 AM",
="",4680,11.0,418 탎,2462 MHz,11,-85 dBm,Wi-Fi 1 (802.11b),False,396,="",="2/4/2026 6:48:39.441013150 AM",
="",4681,1.0,2008 탎,2462 MHz,11,-76 dBm,Wi-Fi 1 (802.11b),False,312,="",="2/4/2026 6:48:39.443524625 AM",
="",4682,1.0,2288 탎,2462 MHz,11,-86 dBm,Wi-Fi 1 (802.11b),False,347,="",="2/4/2026 6:48:39.451155295 AM",
="",4683,11.0,415 탎,2462 MHz,11,-86 dBm,Wi-Fi 1 (802.11b),True,392,="",="2/4/2026 6:48:39.456004670 AM",
="",4684,11.0,415 탎,2462 MHz,11,-87 dBm,Wi-Fi 1 (802.11b),True,392,="",="2/4/2026 6:48:39.460334970 AM",
="",4685,1.0,1424 탎,2462 MHz,11,-89 dBm,Wi-Fi 1 (802.11b),False,239,="",="2/4/2026 6:48:39.463964360 AM",
="",4686,1.0,2208 탎,2462 MHz,11,-78 dBm,Wi-Fi 1 (802.11b),False,337,="",="2/4/2026 6:48:39.467631185 AM",
="",4687,1.0,3056 탎,2462 MHz,11,-76 dBm,Wi-Fi 1 (802.11b),False,443,="",="2/4/2026 6:48:39.471241785 AM",
="",4688,1.0,3056 탎,2462 MHz,11,-76 dBm,Wi-Fi 1 (802.11b),False,443,="",="2/4/2026 6:48:39.474410350 AM",
="",4689,1.0,3056 탎,2462 MHz,11,-75 dBm,Wi-Fi 1 (802.11b),False,443,="",="2/4/2026 6:48:39.477573020 AM",
="",4690,1.0,2008 탎,2462 MHz,11,-64 dBm,Wi-Fi 1 (802.11b),False,312,="",="2/4/2026 6:48:39.480965360 AM",
="",4691,1.0,3056 탎,2462 MHz,11,-78 dBm,Wi-Fi 1 (802.11b),True,443,="",="2/4/2026 6:48:39.490065110 AM",
="",4695,1.0,3056 탎,2462 MHz,11,-78 dBm,Wi-Fi 1 (802.11b),False,443,="",="2/4/2026 6:48:39.493579585 AM",
="",4696,1.0,3056 탎,2462 MHz,11,-77 dBm,Wi-Fi 1 (802.11b),False,443,="",="2/4/2026 6:48:39.496918705 AM",
="",4697,1.0,3056 탎,2462 MHz,11,-78 dBm,Wi-Fi 1 (802.11b),False,443,="",="2/4/2026 6:48:39.500057695 AM",
="",4698,6.0,313 탎,2462 MHz,11,-86 dBm,Wi-Fi 3 (802.11g),True,229,="",="2/4/2026 6:48:39.507477595 AM",
="",4699,1.0,2424 탎,2462 MHz,11,-85 dBm,Wi-Fi 1 (802.11b),False,364,="",="2/4/2026 6:48:39.508812775 AM",
="",4700,6.0,342 탎,2462 MHz,11,-78 dBm,Wi-Fi 3 (802.11g),False,319,="",="2/4/2026 6:48:39.516273820 AM",
="",4701,1.0,2096 탎,2462 MHz,11,-86 dBm,Wi-Fi 1 (802.11b),False,323,="",="2/4/2026 6:48:39.519974560 AM",
="",4702,1.0,2208 탎,2462 MHz,11,-64 dBm,Wi-Fi 1 (802.11b),False,337,="",="2/4/2026 6:48:39.528132075 AM",
="",4705,6.0,511 탎,2462 MHz,11,-88 dBm,Wi-Fi 3 (802.11g),True,446,="",="2/4/2026 6:48:39.535672125 AM",
="",4706,6.0,454 탎,2462 MHz,11,-88 dBm,Wi-Fi 3 (802.11g),False,403,="",="2/4/2026 6:48:39.536710040 AM",
="",4707,6.0,345 탎,2462 MHz,11,-89 dBm,Wi-Fi 3 (802.11g),False,229,="",="2/4/2026 6:48:39.537164540 AM",
="",4711,6.0,338 탎,2462 MHz,11,-76 dBm,Wi-Fi 3 (802.11g),False,316,="",="2/4/2026 6:48:39.541872175 AM",
="",4712,11.0,401 탎,2462 MHz,11,-91 dBm,Wi-Fi 1 (802.11b),False,373,="",="2/4/2026 6:48:39.542995830 AM",
="",4713,11.0,418 탎,2462 MHz,11,-85 dBm,Wi-Fi 1 (802.11b),False,396,="",="2/4/2026 6:48:39.543413560 AM",
="",4714,1.0,2008 탎,2462 MHz,11,-73 dBm,Wi-Fi 1 (802.11b),False,312,="",="2/4/2026 6:48:39.545927675 AM",
="",4715,11.0,415 탎,2462 MHz,11,-88 dBm,Wi-Fi 1 (802.11b),True,392,="",="2/4/2026 6:48:39.562735660 AM",
="",4716,1.0,2208 탎,2462 MHz,11,-82 dBm,Wi-Fi 1 (802.11b),False,337,="",="2/4/2026 6:48:39.568018100 AM",
="",4718,6.0,425 탎,2462 MHz,11,-74 dBm,Wi-Fi 3 (802.11g),False,381,="",="2/4/2026 6:48:39.570622135 AM",
="",4719,1.0,2008 탎,2462 MHz,11,-63 dBm,Wi-Fi 1 (802.11b),False,312,="",="2/4/2026 6:48:39.579334245 AM",
="",4720,1.0,2016 탎,2462 MHz,11,-86 dBm,Wi-Fi 1 (802.11b),False,313,="",="2/4/2026 6:48:39.581698330 AM",
="",4721,11.0,401 탎,2462 MHz,11,-86 dBm,Wi-Fi 1 (802.11b),False,373,="",="2/4/2026 6:48:39.583731215 AM",
="",4722,11.0,418 탎,2462 MHz,11,-85 dBm,Wi-Fi 1 (802.11b),False,396,="",="2/4/2026 6:48:39.584148960 AM",
="",4723,11.0,310 탎,2462 MHz,11,-86 dBm,Wi-Fi 1 (802.11b),False,229,="",="2/4/2026 6:48:39.584568780 AM",
="",4724,11.0,358 탎,2462 MHz,11,-84 dBm,Wi-Fi 1 (802.11b),False,313,="",="2/4/2026 6:48:39.589285740 AM",
="",4725,6.0,338 탎,2462 MHz,11,-79 dBm,Wi-Fi 3 (802.11g),False,316,="",="2/4/2026 6:48:39.593075940 AM",
="",4729,1.0,2208 탎,2462 MHz,11,-74 dBm,Wi-Fi 1 (802.11b),False,337,="",="2/4/2026 6:48:39.597125450 AM",
="",4730,1.0,2424 탎,2462 MHz,11,-86 dBm,Wi-Fi 1 (802.11b),True,364,="",="2/4/2026 6:48:39.611183385 AM",
="",4731,6.0,342 탎,2462 MHz,11,-83 dBm,Wi-Fi 3 (802.11g),False,319,="",="2/4/2026 6:48:39.618674070 AM",
="",4732,1.0,2008 탎,2462 MHz,11,-80 dBm,Wi-Fi 1 (802.11b),False,312,="",="2/4/2026 6:48:39.619214815 AM",
="",4733,1.0,2208 탎,2462 MHz,11,-65 dBm,Wi-Fi 1 (802.11b),False,337,="",="2/4/2026 6:48:39.630532165 AM",
="",4734,6.0,511 탎,2462 MHz,11,-88 dBm,Wi-Fi 3 (802.11g),False,446,="",="2/4/2026 6:48:39.638144820 AM",
="",4735,6.0,434 탎,2462 MHz,11,-88 dBm,Wi-Fi 3 (802.11g),False,388,="",="2/4/2026 6:48:39.638722965 AM",
="",4736,6.0,454 탎,2462 MHz,11,-88 dBm,Wi-Fi 3 (802.11g),False,403,="",="2/4/2026 6:48:39.639157465 AM",
="",4737,6.0,627 탎,2462 MHz,11,-86 dBm,Wi-Fi 3 (802.11g),False,229,="",="2/4/2026 6:48:39.639611965 AM",
="",4738,6.0,654 탎,2462 MHz,11,-87 dBm,Wi-Fi 3 (802.11g),True,229,="",="2/4/2026 6:48:39.640257955 AM",
="",4739,1.0,2016 탎,2462 MHz,11,-85 dBm,Wi-Fi 1 (802.11b),False,313,="",="2/4/2026 6:48:39.643364475 AM",
="",4740,11.0,401 탎,2462 MHz,11,-84 dBm,Wi-Fi 1 (802.11b),False,373,="",="2/4/2026 6:48:39.645395440 AM",
="",4741,11.0,418 탎,2462 MHz,11,-84 dBm,Wi-Fi 1 (802.11b),False,396,="",="2/4/2026 6:48:39.645812665 AM",
="",4742,1.0,2008 탎,2462 MHz,11,-71 dBm,Wi-Fi 1 (802.11b),False,312,="",="2/4/2026 6:48:39.648327725 AM",
="",4744,11.0,415 탎,2462 MHz,11,-89 dBm,Wi-Fi 1 (802.11b),True,392,="",="2/4/2026 6:48:39.660805890 AM",
="",4745,11.0,431 탎,2462 MHz,11,-88 dBm,Wi-Fi 1 (802.11b),True,414,="",="2/4/2026 6:48:39.661234605 AM",
="",4749,6.0,425 탎,2462 MHz,11,-74 dBm,Wi-Fi 3 (802.11g),False,381,="",="2/4/2026 6:48:39.674771750 AM",
="",4751,1.0,2008 탎,2462 MHz,11,-65 dBm,Wi-Fi 1 (802.11b),False,312,="",="2/4/2026 6:48:39.682448235 AM",
="",4752,1.0,2016 탎,2462 MHz,11,-86 dBm,Wi-Fi 1 (802.11b),False,313,="",="2/4/2026 6:48:39.684483360 AM",
="",4753,11.0,401 탎,2462 MHz,11,-86 dBm,Wi-Fi 1 (802.11b),True,373,="",="2/4/2026 6:48:39.686499860 AM",
="",4754,11.0,418 탎,2462 MHz,11,-86 dBm,Wi-Fi 1 (802.11b),True,396,="",="2/4/2026 6:48:39.686898120 AM",
="",4755,6.0,434 탎,2462 MHz,11,-87 dBm,Wi-Fi 3 (802.11g),False,388,="",="2/4/2026 6:48:39.687606700 AM",
="",4756,6.0,481 탎,2462 MHz,11,-88 dBm,Wi-Fi 3 (802.11g),False,423,="",="2/4/2026 6:48:39.688078455 AM",
="",4757,6.0,878 탎,2462 MHz,11,-89 dBm,Wi-Fi 3 (802.11g),False,229,="",="2/4/2026 6:48:39.688758295 AM",
="",4758,6.0,905 탎,2462 MHz,11,-88 dBm,Wi-Fi 3 (802.11g),False,229,="",="2/4/2026 6:48:39.689672910 AM",
="",4759,11.0,415 탎,2462 MHz,11,-85 dBm,Wi-Fi 1 (802.11b),False,392,="",="2/4/2026 6:48:39.692059810 AM",
="",4760,11.0,443 탎,2462 MHz,11,-85 dBm,Wi-Fi 1 (802.11b),False,430,="",="2/4/2026 6:48:39.692491610 AM",
="",4761,6.0,338 탎,2462 MHz,11,-79 dBm,Wi-Fi 3 (802.11g),False,316,="",="2/4/2026 6:48:39.695487725 AM",
="",4765,1.0,2208 탎,2462 MHz,11,-72 dBm,Wi-Fi 1 (802.11b),False,337,="",="2/4/2026 6:48:39.699524900 AM",
="",4769,1.0,3056 탎,2462 MHz,11,-81 dBm,Wi-Fi 1 (802.11b),False,443,="",="2/4/2026 6:48:39.715157875 AM",
="",4770,6.0,342 탎,2462 MHz,11,-80 dBm,Wi-Fi 3 (802.11g),False,319,="",="2/4/2026 6:48:39.721462845 AM",
="",4771,1.0,2008 탎,2462 MHz,11,-74 dBm,Wi-Fi 1 (802.11b),False,312,="",="2/4/2026 6:48:39.721828210 AM",
="",4772,1.0,3056 탎,2462 MHz,11,-78 dBm,Wi-Fi 1 (802.11b),False,443,="",="2/4/2026 6:48:39.725144205 AM",
="",4773,1.0,2208 탎,2462 MHz,11,-66 dBm,Wi-Fi 1 (802.11b),False,337,="",="2/4/2026 6:48:39.733670345 AM",
="",4774,11.0,358 탎,2462 MHz,11,-88 dBm,Wi-Fi 1 (802.11b),True,313,="",="2/4/2026 6:48:39.735878845 AM",
="",4775,11.0,415 탎,2462 MHz,11,-88 dBm,Wi-Fi 1 (802.11b),False,392,="",="2/4/2026 6:48:39.736280055 AM",
="",4776,11.0,439 탎,2462 MHz,11,-88 dBm,Wi-Fi 1 (802.11b),False,425,="",="2/4/2026 6:48:39.736721025 AM",
="",4777,6.0,511 탎,2462 MHz,11,-89 dBm,Wi-Fi 3 (802.11g),False,446,="",="2/4/2026 6:48:39.740503695 AM",
="",4778,6.0,454 탎,2462 MHz,11,-88 dBm,Wi-Fi 3 (802.11g),False,403,="",="2/4/2026 6:48:39.741547210 AM",
="",4779,6.0,201 탎,2462 MHz,11,-87 dBm,Wi-Fi 3 (802.11g),False,213,="",="2/4/2026 6:48:39.742001710 AM",
="",4780,1.0,2016 탎,2462 MHz,11,-85 dBm,Wi-Fi 1 (802.11b),False,313,="",="2/4/2026 6:48:39.745765820 AM",
="",4781,11.0,401 탎,2462 MHz,11,-85 dBm,Wi-Fi 1 (802.11b),False,373,="",="2/4/2026 6:48:39.747836680 AM",
="",4782,11.0,418 탎,2462 MHz,11,-85 dBm,Wi-Fi 1 (802.11b),False,396,="",="2/4/2026 6:48:39.748238635 AM",
="",4783,1.0,2008 탎,2462 MHz,11,-73 dBm,Wi-Fi 1 (802.11b),False,312,="",="2/4/2026 6:48:39.750727990 AM",
="",4784,1.0,3056 탎,2462 MHz,11,-79 dBm,Wi-Fi 1 (802.11b),False,443,="",="2/4/2026 6:48:39.763878415 AM",
="",4785,1.0,3056 탎,2462 MHz,11,-80 dBm,Wi-Fi 1 (802.11b),False,443,="",="2/4/2026 6:48:39.767062780 AM",
="",4786,6.0,425 탎,2462 MHz,11,-76 dBm,Wi-Fi 3 (802.11g),False,381,="",="2/4/2026 6:48:39.775525295 AM",
="",4787,1.0,2008 탎,2462 MHz,11,-66 dBm,Wi-Fi 1 (802.11b),False,312,="",="2/4/2026 6:48:39.784134705 AM",
="",4788,1.0,2016 탎,2462 MHz,11,-85 dBm,Wi-Fi 1 (802.11b),True,313,="",="2/4/2026 6:48:39.786472405 AM",
="",4789,11.0,401 탎,2462 MHz,11,-85 dBm,Wi-Fi 1 (802.11b),False,373,="",="2/4/2026 6:48:39.788532010 AM",
="",4790,11.0,418 탎,2462 MHz,11,-84 dBm,Wi-Fi 1 (802.11b),False,396,="",="2/4/2026 6:48:39.788949835 AM",
="",4791,6.0,434 탎,2462 MHz,11,-88 dBm,Wi-Fi 3 (802.11g),False,388,="",="2/4/2026 6:48:39.791166660 AM",
="",4792,11.0,415 탎,2462 MHz,11,-86 dBm,Wi-Fi 1 (802.11b),False,392,="",="2/4/2026 6:48:39.794460395 AM",
="",4793,6.0,338 탎,2462 MHz,11,-81 dBm,Wi-Fi 3 (802.11g),False,316,="",="2/4/2026 6:48:39.797879455 AM",
="",4794,1.0,1184 탎,2462 MHz,11,-72 dBm,Wi-Fi 1 (802.11b),False,209,="",="2/4/2026 6:48:39.798540075 AM",
="",4796,1.0,2208 탎,2462 MHz,11,-72 dBm,Wi-Fi 1 (802.11b),False,337,="",="2/4/2026 6:48:39.801925485 AM",
="",4802,6.0,342 탎,2462 MHz,11,-81 dBm,Wi-Fi 3 (802.11g),False,319,="",="2/4/2026 6:48:39.823476345 AM",
="",4803,1.0,2008 탎,2462 MHz,11,-75 dBm,Wi-Fi 1 (802.11b),False,312,="",="2/4/2026 6:48:39.824015050 AM",
="",4804,1.0,952 탎,2462 MHz,11,-44 dBm,Wi-Fi 1 (802.11b),False,180,="",="2/4/2026 6:48:39.829443485 AM",
="",4805,1.0,2208 탎,2462 MHz,11,-64 dBm,Wi-Fi 1 (802.11b),False,337,="",="2/4/2026 6:48:39.835332480 AM",
="",4806,6.0,511 탎,2462 MHz,11,-86 dBm,Wi-Fi 3 (802.11g),False,446,="",="2/4/2026 6:48:39.842920960 AM",
="",4807,6.0,434 탎,2462 MHz,11,-87 dBm,Wi-Fi 3 (802.11g),False,388,="",="2/4/2026 6:48:39.843474105 AM",
="",4808,6.0,219 탎,2462 MHz,11,-87 dBm,Wi-Fi 3 (802.11g),False,227,="",="2/4/2026 6:48:39.844397910 AM",
="",4809,6.0,246 탎,2462 MHz,11,-87 dBm,Wi-Fi 3 (802.11g),False,229,="",="2/4/2026 6:48:39.844646925 AM",
="",4810,24.0,40 탎,2462 MHz,11,-82 dBm,Wi-Fi 3 (802.11g),False,115,="",="2/4/2026 6:48:39.847869975 AM",
="",4811,24.0,37 탎,2462 MHz,11,-82 dBm,Wi-Fi 3 (802.11g),False,105,="",="2/4/2026 6:48:39.847995805 AM",
="",4812,1.0,384 탎,2462 MHz,11,-87 dBm,Wi-Fi 1 (802.11b),False,109,="",="2/4/2026 6:48:39.848242370 AM",
="",4813,6.0,338 탎,2462 MHz,11,-82 dBm,Wi-Fi 3 (802.11g),False,316,="",="2/4/2026 6:48:39.849128370 AM",
="",4814,24.0,35 탎,2462 MHz,11,-83 dBm,Wi-Fi 3 (802.11g),False,99,="",="2/4/2026 6:48:39.849821785 AM",
="",4815,6.0,73 탎,2462 MHz,11,-82 dBm,Wi-Fi 3 (802.11g),False,117,="",="2/4/2026 6:48:39.850145830 AM",
="",4816,1.0,2008 탎,2462 MHz,11,-73 dBm,Wi-Fi 1 (802.11b),False,312,="",="2/4/2026 6:48:39.853127735 AM",
="",4817,24.0,35 탎,2462 MHz,11,-81 dBm,Wi-Fi 3 (802.11g),False,99,="",="2/4/2026 6:48:39.865823350 AM",
="",4818,24.0,35 탎,2462 MHz,11,-80 dBm,Wi-Fi 3 (802.11g),False,99,="",="2/4/2026 6:48:39.866089470 AM",
="",4819,24.0,35 탎,2462 MHz,11,-82 dBm,Wi-Fi 3 (802.11g),True,99,="",="2/4/2026 6:48:39.866365950 AM",
="",4820,24.0,35 탎,2462 MHz,11,-82 dBm,Wi-Fi 3 (802.11g),True,99,="",="2/4/2026 6:48:39.866688045 AM",
="",4821,24.0,41 탎,2462 MHz,11,-82 dBm,Wi-Fi 3 (802.11g),False,117,="",="2/4/2026 6:48:39.866858200 AM",
="",4822,11.0,415 탎,2462 MHz,11,-88 dBm,Wi-Fi 1 (802.11b),True,392,="",="2/4/2026 6:48:39.869941200 AM",
="",4823,1.0,2208 탎,2462 MHz,11,-74 dBm,Wi-Fi 1 (802.11b),False,337,="",="2/4/2026 6:48:39.875215400 AM",
="",4824,6.0,425 탎,2462 MHz,11,-77 dBm,Wi-Fi 3 (802.11g),False,381,="",="2/4/2026 6:48:39.877800355 AM",
="",4825,24.0,37 탎,2462 MHz,11,-82 dBm,Wi-Fi 3 (802.11g),False,105,="",="2/4/2026 6:48:39.879165015 AM",
="",4826,24.0,37 탎,2462 MHz,11,-83 dBm,Wi-Fi 3 (802.11g),False,105,="",="2/4/2026 6:48:39.879839540 AM",
="",4827,1.0,2008 탎,2462 MHz,11,-67 dBm,Wi-Fi 1 (802.11b),False,312,="",="2/4/2026 6:48:39.886535090 AM",
="",4828,11.0,401 탎,2462 MHz,11,-86 dBm,Wi-Fi 1 (802.11b),False,373,="",="2/4/2026 6:48:39.890934715 AM",
="",4829,6.0,157 탎,2462 MHz,11,-45 dBm,Wi-Fi 3 (802.11g),False,180,="",="2/4/2026 6:48:39.891957445 AM",
="",4830,1.0,2160 탎,2462 MHz,11,-66 dBm,Wi-Fi 1 (802.11b),False,331,="",="2/4/2026 6:48:39.892737075 AM",
="",4831,1.0,304 탎,2462 MHz,11,-45 dBm,Wi-Fi 1 (802.11b),False,99,="",="2/4/2026 6:48:39.894897575 AM",
="",4832,1.0,1960 탎,2462 MHz,11,-66 dBm,Wi-Fi 1 (802.11b),False,306,="",="2/4/2026 6:48:39.895293880 AM",
="",4833,1.0,304 탎,2462 MHz,11,-45 dBm,Wi-Fi 1 (802.11b),False,99,="",="2/4/2026 6:48:39.897254380 AM",
="",4834,1.0,1960 탎,2462 MHz,11,-66 dBm,Wi-Fi 1 (802.11b),False,306,="",="2/4/2026 6:48:39.897823815 AM",
="",4835,1.0,304 탎,2462 MHz,11,-45 dBm,Wi-Fi 1 (802.11b),False,99,="",="2/4/2026 6:48:39.899784315 AM",
="",4836,6.0,338 탎,2462 MHz,11,-81 dBm,Wi-Fi 3 (802.11g),False,316,="",="2/4/2026 6:48:39.900277815 AM",
="",4837,6.0,49 탎,2462 MHz,11,-85 dBm,Wi-Fi 3 (802.11g),False,99,="",="2/4/2026 6:48:39.903149295 AM",
="",4838,24.0,35 탎,2462 MHz,11,-86 dBm,Wi-Fi 3 (802.11g),False,99,="",="2/4/2026 6:48:39.903377105 AM",
="",4839,24.0,41 탎,2462 MHz,11,-86 dBm,Wi-Fi 3 (802.11g),True,117,="",="2/4/2026 6:48:39.903512605 AM",
="",4840,1.0,2208 탎,2462 MHz,11,-72 dBm,Wi-Fi 1 (802.11b),False,337,="",="2/4/2026 6:48:39.904328430 AM",
="",4844,24.0,35 탎,2462 MHz,11,-84 dBm,Wi-Fi 3 (802.11g),False,99,="",="2/4/2026 6:48:39.914043855 AM",
="",4845,24.0,41 탎,2462 MHz,11,-83 dBm,Wi-Fi 3 (802.11g),True,117,="",="2/4/2026 6:48:39.914161580 AM",
="",4846,6.0,342 탎,2462 MHz,11,-83 dBm,Wi-Fi 3 (802.11g),False,319,="",="2/4/2026 6:48:39.925880665 AM",
="",4847,1.0,2008 탎,2462 MHz,11,-74 dBm,Wi-Fi 1 (802.11b),False,312,="",="2/4/2026 6:48:39.926415530 AM",
="",4848,1.0,2096 탎,2462 MHz,11,-87 dBm,Wi-Fi 1 (802.11b),False,323,="",="2/4/2026 6:48:39.932079285 AM",
="",4849,7.2,189 탎,2462 MHz,11,-84 dBm,Wi-Fi 4 (802.11n),False,227,="",="2/4/2026 6:48:39.934261750 AM",
="",4850,6.0,57 탎,2462 MHz,11,-83 dBm,Wi-Fi 3 (802.11g),False,105,="",="2/4/2026 6:48:39.934537195 AM",
="",4854,1.0,2208 탎,2462 MHz,11,-67 dBm,Wi-Fi 1 (802.11b),False,337,="",="2/4/2026 6:48:39.937735560 AM",
="",4856,6.0,511 탎,2462 MHz,11,-84 dBm,Wi-Fi 3 (802.11g),False,446,="",="2/4/2026 6:48:39.945304680 AM",
="",4857,6.0,434 탎,2462 MHz,11,-85 dBm,Wi-Fi 3 (802.11g),False,388,="",="2/4/2026 6:48:39.945840170 AM",
="",4858,6.0,454 탎,2462 MHz,11,-84 dBm,Wi-Fi 3 (802.11g),False,403,="",="2/4/2026 6:48:39.946318500 AM",
="",4859,1.0,2016 탎,2462 MHz,11,-85 dBm,Wi-Fi 1 (802.11b),False,313,="",="2/4/2026 6:48:39.950563725 AM",
="",4860,11.0,401 탎,2462 MHz,11,-85 dBm,Wi-Fi 1 (802.11b),False,373,="",="2/4/2026 6:48:39.952596730 AM",
="",4861,11.0,418 탎,2462 MHz,11,-85 dBm,Wi-Fi 1 (802.11b),False,396,="",="2/4/2026 6:48:39.953012300 AM",
="",4862,1.0,2008 탎,2462 MHz,11,-74 dBm,Wi-Fi 1 (802.11b),False,312,="",="2/4/2026 6:48:39.955524935 AM",
="",4863,11.0,415 탎,2462 MHz,11,-88 dBm,Wi-Fi 1 (802.11b),True,392,="",="2/4/2026 6:48:39.972338720 AM",
="",4864,6.0,425 탎,2462 MHz,11,-76 dBm,Wi-Fi 3 (802.11g),False,381,="",="2/4/2026 6:48:39.980192835 AM",
="",4865,1.0,2008 탎,2462 MHz,11,-69 dBm,Wi-Fi 1 (802.11b),False,312,="",="2/4/2026 6:48:39.988932265 AM",
="",4866,1.0,2016 탎,2462 MHz,11,-84 dBm,Wi-Fi 1 (802.11b),False,313,="",="2/4/2026 6:48:39.991300165 AM",
="",4868,11.0,401 탎,2462 MHz,11,-85 dBm,Wi-Fi 1 (802.11b),True,373,="",="2/4/2026 6:48:39.993316665 AM",
="",4871,11.0,415 탎,2462 MHz,11,-83 dBm,Wi-Fi 1 (802.11b),False,392,="",="2/4/2026 6:48:40.001743205 AM",
="",4872,6.0,338 탎,2462 MHz,11,-81 dBm,Wi-Fi 3 (802.11g),False,316,="",="2/4/2026 6:48:40.002995110 AM",
="",4873,1.0,2208 탎,2462 MHz,11,-72 dBm,Wi-Fi 1 (802.11b),False,337,="",="2/4/2026 6:48:40.006726125 AM",
="",4877,6.0,342 탎,2462 MHz,11,-81 dBm,Wi-Fi 3 (802.11g),False,319,="",="2/4/2026 6:48:40.028280625 AM",
="",4878,1.0,2008 탎,2462 MHz,11,-75 dBm,Wi-Fi 1 (802.11b),False,312,="",="2/4/2026 6:48:40.028815730 AM",
="",4879,1.0,2208 탎,2462 MHz,11,-67 dBm,Wi-Fi 1 (802.11b),False,337,="",="2/4/2026 6:48:40.040136040 AM",
="",4880,6.0,511 탎,2462 MHz,11,-86 dBm,Wi-Fi 3 (802.11g),False,446,="",="2/4/2026 6:48:40.048012295 AM",
="",4881,6.0,434 탎,2462 MHz,11,-87 dBm,Wi-Fi 3 (802.11g),False,388,="",="2/4/2026 6:48:40.048557545 AM",
="",4882,6.0,454 탎,2462 MHz,11,-86 dBm,Wi-Fi 3 (802.11g),False,403,="",="2/4/2026 6:48:40.049026315 AM",
="",4883,1.0,2016 탎,2462 MHz,11,-86 dBm,Wi-Fi 1 (802.11b),True,313,="",="2/4/2026 6:48:40.052937510 AM",
="",4884,11.0,401 탎,2462 MHz,11,-86 dBm,Wi-Fi 1 (802.11b),True,373,="",="2/4/2026 6:48:40.054967635 AM",
="",4885,11.0,418 탎,2462 MHz,11,-87 dBm,Wi-Fi 1 (802.11b),True,396,="",="2/4/2026 6:48:40.055382445 AM",
="",4886,1.0,2008 탎,2462 MHz,11,-77 dBm,Wi-Fi 1 (802.11b),False,312,="",="2/4/2026 6:48:40.057925735 AM",
="",4890,1.0,2208 탎,2462 MHz,11,-73 dBm,Wi-Fi 1 (802.11b),False,337,="",="2/4/2026 6:48:40.080015945 AM",
="",4891,6.0,425 탎,2462 MHz,11,-78 dBm,Wi-Fi 3 (802.11g),False,381,="",="2/4/2026 6:48:40.082729320 AM",
="",4892,24.0,40 탎,2462 MHz,11,-84 dBm,Wi-Fi 3 (802.11g),False,115,="",="2/4/2026 6:48:40.085989780 AM",
="",4893,1.0,2008 탎,2462 MHz,11,-66 dBm,Wi-Fi 1 (802.11b),False,312,="",="2/4/2026 6:48:40.091332450 AM",
="",4894,1.0,2016 탎,2462 MHz,11,-83 dBm,Wi-Fi 1 (802.11b),False,313,="",="2/4/2026 6:48:40.093700550 AM",
="",4895,11.0,401 탎,2462 MHz,11,-83 dBm,Wi-Fi 1 (802.11b),False,373,="",="2/4/2026 6:48:40.095733355 AM",
="",4896,11.0,418 탎,2462 MHz,11,-82 dBm,Wi-Fi 1 (802.11b),False,396,="",="2/4/2026 6:48:40.096151085 AM",
="",4897,11.0,358 탎,2462 MHz,11,-80 dBm,Wi-Fi 1 (802.11b),False,313,="",="2/4/2026 6:48:40.101288520 AM",
="",4898,6.0,338 탎,2462 MHz,11,-83 dBm,Wi-Fi 3 (802.11g),False,316,="",="2/4/2026 6:48:40.105081800 AM",
="",4899,1.0,2208 탎,2462 MHz,11,-78 dBm,Wi-Fi 1 (802.11b),False,337,="",="2/4/2026 6:48:40.109125670 AM",
="",4903,6.0,342 탎,2462 MHz,11,-82 dBm,Wi-Fi 3 (802.11g),False,319,="",="2/4/2026 6:48:40.130681770 AM",
="",4904,1.0,2008 탎,2462 MHz,11,-75 dBm,Wi-Fi 1 (802.11b),False,312,="",="2/4/2026 6:48:40.131215675 AM",
="",4905,1.0,2096 탎,2462 MHz,11,-84 dBm,Wi-Fi 1 (802.11b),False,323,="",="2/4/2026 6:48:40.134388070 AM",
="",4906,1.0,2208 탎,2462 MHz,11,-67 dBm,Wi-Fi 1 (802.11b),False,337,="",="2/4/2026 6:48:40.142535985 AM",
="",4907,6.0,511 탎,2462 MHz,11,-87 dBm,Wi-Fi 3 (802.11g),False,446,="",="2/4/2026 6:48:40.150124745 AM",
="",4908,6.0,434 탎,2462 MHz,11,-86 dBm,Wi-Fi 3 (802.11g),False,388,="",="2/4/2026 6:48:40.150680170 AM",
="",4909,6.0,454 탎,2462 MHz,11,-86 dBm,Wi-Fi 3 (802.11g),False,403,="",="2/4/2026 6:48:40.151129845 AM",
="",4910,6.0,599 탎,2462 MHz,11,-85 dBm,Wi-Fi 3 (802.11g),False,229,="",="2/4/2026 6:48:40.151584345 AM",
="",4911,6.0,626 탎,2462 MHz,11,-86 dBm,Wi-Fi 3 (802.11g),False,229,="",="2/4/2026 6:48:40.152209785 AM",
="",4912,1.0,2016 탎,2462 MHz,11,-86 dBm,Wi-Fi 1 (802.11b),False,313,="",="2/4/2026 6:48:40.155364175 AM",
="",4913,11.0,401 탎,2462 MHz,11,-87 dBm,Wi-Fi 1 (802.11b),False,373,="",="2/4/2026 6:48:40.157397140 AM",
="",4914,11.0,418 탎,2462 MHz,11,-86 dBm,Wi-Fi 1 (802.11b),False,396,="",="2/4/2026 6:48:40.157812325 AM",
="",4915,1.0,2008 탎,2462 MHz,11,-73 dBm,Wi-Fi 1 (802.11b),False,312,="",="2/4/2026 6:48:40.160340400 AM",
="",4916,1.0,872 탎,2462 MHz,11,-83 dBm,Wi-Fi 1 (802.11b),False,170,="",="2/4/2026 6:48:40.165477630 AM",
="",4917,1.0,2016 탎,2462 MHz,11,-88 dBm,Wi-Fi 1 (802.11b),False,313,="",="2/4/2026 6:48:40.175137760 AM",
="",4918,11.0,435 탎,2462 MHz,11,-89 dBm,Wi-Fi 1 (802.11b),True,419,="",="2/4/2026 6:48:40.180551780 AM",
="",4919,1.0,2208 탎,2462 MHz,11,-76 dBm,Wi-Fi 1 (802.11b),False,337,="",="2/4/2026 6:48:40.182415930 AM",
="",4920,6.0,425 탎,2462 MHz,11,-76 dBm,Wi-Fi 3 (802.11g),False,381,="",="2/4/2026 6:48:40.185100570 AM",
="",4921,1.0,2008 탎,2462 MHz,11,-66 dBm,Wi-Fi 1 (802.11b),False,312,="",="2/4/2026 6:48:40.193733115 AM",
="",4922,11.0,415 탎,2462 MHz,11,-84 dBm,Wi-Fi 1 (802.11b),False,392,="",="2/4/2026 6:48:40.204062990 AM",
="",4923,6.0,338 탎,2462 MHz,11,-82 dBm,Wi-Fi 3 (802.11g),False,316,="",="2/4/2026 6:48:40.207483025 AM",
="",4924,1.0,2208 탎,2462 MHz,11,-76 dBm,Wi-Fi 1 (802.11b),False,337,="",="2/4/2026 6:48:40.211526680 AM",
="",4931,1.0,2424 탎,2462 MHz,11,-86 dBm,Wi-Fi 1 (802.11b),False,364,="",="2/4/2026 6:48:40.225617390 AM",
="",4932,6.0,342 탎,2462 MHz,11,-83 dBm,Wi-Fi 3 (802.11g),False,319,="",="2/4/2026 6:48:40.233082995 AM",
="",4933,1.0,2008 탎,2462 MHz,11,-77 dBm,Wi-Fi 1 (802.11b),False,312,="",="2/4/2026 6:48:40.233615500 AM",
="",4934,1.0,2208 탎,2462 MHz,11,-64 dBm,Wi-Fi 1 (802.11b),False,337,="",="2/4/2026 6:48:40.244933790 AM",
="",4935,6.0,511 탎,2462 MHz,11,-87 dBm,Wi-Fi 3 (802.11g),False,446,="",="2/4/2026 6:48:40.252508375 AM",
="",4936,6.0,434 탎,2462 MHz,11,-87 dBm,Wi-Fi 3 (802.11g),False,388,="",="2/4/2026 6:48:40.253043545 AM",
="",4937,6.0,454 탎,2462 MHz,11,-86 dBm,Wi-Fi 3 (802.11g),False,403,="",="2/4/2026 6:48:40.253504715 AM",
="",4938,1.0,2016 탎,2462 MHz,11,-87 dBm,Wi-Fi 1 (802.11b),False,313,="",="2/4/2026 6:48:40.257790460 AM",
="",4939,11.0,401 탎,2462 MHz,11,-87 dBm,Wi-Fi 1 (802.11b),False,373,="",="2/4/2026 6:48:40.259806960 AM",
="",4940,11.0,418 탎,2462 MHz,11,-85 dBm,Wi-Fi 1 (802.11b),False,396,="",="2/4/2026 6:48:40.260212675 AM",
="",4941,1.0,2008 탎,2462 MHz,11,-73 dBm,Wi-Fi 1 (802.11b),False,312,="",="2/4/2026 6:48:40.262725430 AM",
="",4942,1.0,2200 탎,2462 MHz,11,-73 dBm,Wi-Fi 1 (802.11b),False,229,="",="2/4/2026 6:48:40.264762575 AM",
="",4943,1.0,2288 탎,2462 MHz,11,-85 dBm,Wi-Fi 1 (802.11b),False,347,="",="2/4/2026 6:48:40.270357820 AM",
="",4948,6.0,425 탎,2462 MHz,11,-77 dBm,Wi-Fi 3 (802.11g),False,381,="",="2/4/2026 6:48:40.287435650 AM",
="",4949,1.0,2008 탎,2462 MHz,11,-66 dBm,Wi-Fi 1 (802.11b),False,312,="",="2/4/2026 6:48:40.296132945 AM",
="",4952,6.0,338 탎,2462 MHz,11,-81 dBm,Wi-Fi 3 (802.11g),False,316,="",="2/4/2026 6:48:40.309895335 AM",
="",4953,1.0,2208 탎,2462 MHz,11,-74 dBm,Wi-Fi 1 (802.11b),False,337,="",="2/4/2026 6:48:40.313926190 AM",
="",4954,1.0,952 탎,2462 MHz,11,-42 dBm,Wi-Fi 1 (802.11b),False,180,="",="2/4/2026 6:48:40.317124070 AM",
="",4959,1.0,2096 탎,2462 MHz,11,-87 dBm,Wi-Fi 1 (802.11b),False,323,="",="2/4/2026 6:48:40.339193405 AM",
="",4960,1.0,2208 탎,2462 MHz,11,-66 dBm,Wi-Fi 1 (802.11b),False,337,="",="2/4/2026 6:48:40.347335745 AM",
="",4961,6.0,70 탎,2462 MHz,11,-88 dBm,Wi-Fi 3 (802.11g),False,115,="",="2/4/2026 6:48:40.350824170 AM",
="",4962,6.0,70 탎,2462 MHz,11,-88 dBm,Wi-Fi 3 (802.11g),False,115,="",="2/4/2026 6:48:40.351172720 AM",
="",4963,6.0,70 탎,2462 MHz,11,-88 dBm,Wi-Fi 3 (802.11g),False,115,="",="2/4/2026 6:48:40.351323820 AM",
="",4964,6.0,70 탎,2462 MHz,11,-87 dBm,Wi-Fi 3 (802.11g),False,115,="",="2/4/2026 6:48:40.352077950 AM",
="",4965,6.0,70 탎,2462 MHz,11,-87 dBm,Wi-Fi 3 (802.11g),True,115,="",="2/4/2026 6:48:40.352640110 AM",
="",4969,1.0,2016 탎,2462 MHz,11,-85 dBm,Wi-Fi 1 (802.11b),False,313,="",="2/4/2026 6:48:40.360167670 AM",
="",4970,1.0,2008 탎,2462 MHz,11,-72 dBm,Wi-Fi 1 (802.11b),False,312,="",="2/4/2026 6:48:40.365125905 AM",
="",4971,1.0,1768 탎,2462 MHz,11,-72 dBm,Wi-Fi 1 (802.11b),False,229,="",="2/4/2026 6:48:40.372913760 AM",
="",4972,11.0,415 탎,2462 MHz,11,-91 dBm,Wi-Fi 1 (802.11b),True,392,="",="2/4/2026 6:48:40.377613805 AM",
="",4973,6.0,157 탎,2462 MHz,11,-40 dBm,Wi-Fi 3 (802.11g),False,180,="",="2/4/2026 6:48:40.378551855 AM",
="",4974,1.0,2160 탎,2462 MHz,11,-67 dBm,Wi-Fi 1 (802.11b),False,331,="",="2/4/2026 6:48:40.379302230 AM",
="",4975,1.0,304 탎,2462 MHz,11,-41 dBm,Wi-Fi 1 (802.11b),False,99,="",="2/4/2026 6:48:40.381462730 AM",
="",4976,1.0,2160 탎,2462 MHz,11,-66 dBm,Wi-Fi 1 (802.11b),False,331,="",="2/4/2026 6:48:40.383877315 AM",
="",4977,1.0,304 탎,2462 MHz,11,-41 dBm,Wi-Fi 1 (802.11b),False,99,="",="2/4/2026 6:48:40.386037815 AM",
="",4978,1.0,1960 탎,2462 MHz,11,-67 dBm,Wi-Fi 1 (802.11b),False,306,="",="2/4/2026 6:48:40.388261035 AM",
="",4979,1.0,304 탎,2462 MHz,11,-41 dBm,Wi-Fi 1 (802.11b),False,99,="",="2/4/2026 6:48:40.390221535 AM",
="",4980,1.0,1152 탎,2462 MHz,11,-72 dBm,Wi-Fi 1 (802.11b),False,205,="",="2/4/2026 6:48:40.392453690 AM",
="",4981,1.0,2008 탎,2462 MHz,11,-66 dBm,Wi-Fi 1 (802.11b),False,312,="",="2/4/2026 6:48:40.398533220 AM",
="",4982,11.0,401 탎,2462 MHz,11,-88 dBm,Wi-Fi 1 (802.11b),False,373,="",="2/4/2026 6:48:40.402935725 AM",
="",4983,11.0,418 탎,2462 MHz,11,-87 dBm,Wi-Fi 1 (802.11b),True,396,="",="2/4/2026 6:48:40.403320975 AM",
="",4984,11.0,443 탎,2462 MHz,11,-83 dBm,Wi-Fi 1 (802.11b),False,430,="",="2/4/2026 6:48:40.409294670 AM",
="",4985,6.0,338 탎,2462 MHz,11,-83 dBm,Wi-Fi 3 (802.11g),False,316,="",="2/4/2026 6:48:40.412286970 AM",
="",4986,1.0,2208 탎,2462 MHz,11,-73 dBm,Wi-Fi 1 (802.11b),False,337,="",="2/4/2026 6:48:40.416326560 AM",
="",4987,6.0,73 탎,2462 MHz,11,-88 dBm,Wi-Fi 3 (802.11g),False,117,="",="2/4/2026 6:48:40.418792545 AM",
="",4988,24.0,37 탎,2462 MHz,11,-88 dBm,Wi-Fi 3 (802.11g),True,105,="",="2/4/2026 6:48:40.420772985 AM",
="",4989,72.2,39 탎,2462 MHz,11,-89 dBm,Wi-Fi 4 (802.11n),True,119,="",="2/4/2026 6:48:40.421232485 AM",
="",4990,6.0,49 탎,2462 MHz,11,-89 dBm,Wi-Fi 3 (802.11g),False,99,="",="2/4/2026 6:48:40.423447900 AM",
="",4991,6.0,57 탎,2462 MHz,11,-87 dBm,Wi-Fi 3 (802.11g),False,105,="",="2/4/2026 6:48:40.424016380 AM",
="",4992,6.0,73 탎,2462 MHz,11,-88 dBm,Wi-Fi 3 (802.11g),False,117,="",="2/4/2026 6:48:40.424890010 AM",
="",4993,6.0,49 탎,2462 MHz,11,-87 dBm,Wi-Fi 3 (802.11g),False,99,="",="2/4/2026 6:48:40.425343670 AM",
="",4994,6.0,49 탎,2462 MHz,11,-87 dBm,Wi-Fi 3 (802.11g),False,99,="",="2/4/2026 6:48:40.426538660 AM",
="",4999,1.0,2424 탎,2462 MHz,11,-86 dBm,Wi-Fi 1 (802.11b),False,364,="",="2/4/2026 6:48:40.430420975 AM",
="",5000,1.0,2008 탎,2462 MHz,11,-80 dBm,Wi-Fi 1 (802.11b),False,312,="",="2/4/2026 6:48:40.438416030 AM",
="",5001,1.0,2096 탎,2462 MHz,11,-87 dBm,Wi-Fi 1 (802.11b),False,323,="",="2/4/2026 6:48:40.441581720 AM",
="",5002,6.0,57 탎,2462 MHz,11,-88 dBm,Wi-Fi 3 (802.11g),False,105,="",="2/4/2026 6:48:40.447840170 AM",
="",5003,1.0,2208 탎,2462 MHz,11,-65 dBm,Wi-Fi 1 (802.11b),False,337,="",="2/4/2026 6:48:40.449736460 AM",
="",5004,6.0,511 탎,2462 MHz,11,-86 dBm,Wi-Fi 3 (802.11g),False,446,="",="2/4/2026 6:48:40.457310500 AM",
="",5005,6.0,434 탎,2462 MHz,11,-86 dBm,Wi-Fi 3 (802.11g),False,388,="",="2/4/2026 6:48:40.457855350 AM",
="",5006,6.0,454 탎,2462 MHz,11,-87 dBm,Wi-Fi 3 (802.11g),False,403,="",="2/4/2026 6:48:40.458315680 AM",
="",5007,6.0,599 탎,2462 MHz,11,-86 dBm,Wi-Fi 3 (802.11g),False,229,="",="2/4/2026 6:48:40.458770180 AM",
="",5008,6.0,626 탎,2462 MHz,11,-86 dBm,Wi-Fi 3 (802.11g),False,229,="",="2/4/2026 6:48:40.459395820 AM",
="",5009,6.0,338 탎,2462 MHz,11,-81 dBm,Wi-Fi 3 (802.11g),False,316,="",="2/4/2026 6:48:40.463489655 AM",
="",5010,1.0,2008 탎,2462 MHz,11,-74 dBm,Wi-Fi 1 (802.11b),False,312,="",="2/4/2026 6:48:40.467526140 AM",
="",5011,1.0,1768 탎,2462 MHz,11,-75 dBm,Wi-Fi 1 (802.11b),False,229,="",="2/4/2026 6:48:40.473552150 AM",
="",5012,6.0,49 탎,2462 MHz,11,-88 dBm,Wi-Fi 3 (802.11g),False,99,="",="2/4/2026 6:48:40.487866040 AM",
="",5013,1.0,2208 탎,2462 MHz,11,-79 dBm,Wi-Fi 1 (802.11b),False,337,="",="2/4/2026 6:48:40.489618710 AM",
="",5017,6.0,425 탎,2462 MHz,11,-78 dBm,Wi-Fi 3 (802.11g),False,381,="",="2/4/2026 6:48:40.492254215 AM",
="",5018,1.0,2008 탎,2462 MHz,11,-67 dBm,Wi-Fi 1 (802.11b),False,312,="",="2/4/2026 6:48:40.500933615 AM",
="",5019,1.0,2016 탎,2462 MHz,11,-87 dBm,Wi-Fi 1 (802.11b),False,313,="",="2/4/2026 6:48:40.503303235 AM",
="",5020,11.0,401 탎,2462 MHz,11,-87 dBm,Wi-Fi 1 (802.11b),True,373,="",="2/4/2026 6:48:40.505319735 AM",
="",5021,11.0,418 탎,2462 MHz,11,-87 dBm,Wi-Fi 1 (802.11b),True,396,="",="2/4/2026 6:48:40.505718435 AM",
="",5022,11.0,415 탎,2462 MHz,11,-85 dBm,Wi-Fi 1 (802.11b),False,392,="",="2/4/2026 6:48:40.511264210 AM",
="",5023,6.0,338 탎,2462 MHz,11,-78 dBm,Wi-Fi 3 (802.11g),False,316,="",="2/4/2026 6:48:40.514689045 AM",
="",5024,1.0,2208 탎,2462 MHz,11,-76 dBm,Wi-Fi 1 (802.11b),False,337,="",="2/4/2026 6:48:40.518726060 AM",
="",5027,6.0,342 탎,2462 MHz,11,-78 dBm,Wi-Fi 3 (802.11g),False,319,="",="2/4/2026 6:48:40.540288360 AM",
="",5028,1.0,2008 탎,2462 MHz,11,-78 dBm,Wi-Fi 1 (802.11b),False,312,="",="2/4/2026 6:48:40.540816185 AM",
="",5029,11.0,358 탎,2462 MHz,11,-88 dBm,Wi-Fi 1 (802.11b),True,313,="",="2/4/2026 6:48:40.554340065 AM",
="",5030,6.0,511 탎,2462 MHz,11,-86 dBm,Wi-Fi 3 (802.11g),False,446,="",="2/4/2026 6:48:40.559716720 AM",
="",5031,6.0,434 탎,2462 MHz,11,-85 dBm,Wi-Fi 3 (802.11g),False,388,="",="2/4/2026 6:48:40.560261385 AM",
="",5032,6.0,454 탎,2462 MHz,11,-86 dBm,Wi-Fi 3 (802.11g),False,403,="",="2/4/2026 6:48:40.560712420 AM",
="",5033,1.0,2016 탎,2462 MHz,11,-82 dBm,Wi-Fi 1 (802.11b),False,313,="",="2/4/2026 6:48:40.564978845 AM",
="",5034,11.0,401 탎,2462 MHz,11,-83 dBm,Wi-Fi 1 (802.11b),False,373,="",="2/4/2026 6:48:40.566997970 AM",
="",5035,11.0,418 탎,2462 MHz,11,-82 dBm,Wi-Fi 1 (802.11b),True,396,="",="2/4/2026 6:48:40.567383445 AM",
="",5036,1.0,2008 탎,2462 MHz,11,-77 dBm,Wi-Fi 1 (802.11b),False,312,="",="2/4/2026 6:48:40.569926215 AM",
="",5037,1.0,952 탎,2462 MHz,11,-42 dBm,Wi-Fi 1 (802.11b),True,180,="",="2/4/2026 6:48:40.574778850 AM",
="",5041,1.0,2208 탎,2462 MHz,11,-76 dBm,Wi-Fi 1 (802.11b),False,337,="",="2/4/2026 6:48:40.592016185 AM",
="",5042,6.0,425 탎,2462 MHz,11,-75 dBm,Wi-Fi 3 (802.11g),False,381,="",="2/4/2026 6:48:40.594621635 AM",
="",5043,1.0,2008 탎,2462 MHz,11,-63 dBm,Wi-Fi 1 (802.11b),False,312,="",="2/4/2026 6:48:40.603334050 AM",
="",5044,11.0,401 탎,2462 MHz,11,-88 dBm,Wi-Fi 1 (802.11b),True,373,="",="2/4/2026 6:48:40.607707500 AM",
="",5045,11.0,358 탎,2462 MHz,11,-84 dBm,Wi-Fi 1 (802.11b),True,313,="",="2/4/2026 6:48:40.613264225 AM",
="",5046,11.0,415 탎,2462 MHz,11,-84 dBm,Wi-Fi 1 (802.11b),True,392,="",="2/4/2026 6:48:40.613635750 AM",
="",5047,11.0,443 탎,2462 MHz,11,-84 dBm,Wi-Fi 1 (802.11b),True,430,="",="2/4/2026 6:48:40.614063670 AM",
="",5048,6.0,338 탎,2462 MHz,11,-77 dBm,Wi-Fi 3 (802.11g),False,316,="",="2/4/2026 6:48:40.617089480 AM",
="",5049,1.0,2208 탎,2462 MHz,11,-76 dBm,Wi-Fi 1 (802.11b),False,337,="",="2/4/2026 6:48:40.621128895 AM",
="",5057,6.0,342 탎,2462 MHz,11,-77 dBm,Wi-Fi 3 (802.11g),False,319,="",="2/4/2026 6:48:40.642690930 AM",
="",5058,1.0,2008 탎,2462 MHz,11,-77 dBm,Wi-Fi 1 (802.11b),False,312,="",="2/4/2026 6:48:40.643216540 AM",
="",5059,1.0,2096 탎,2462 MHz,11,-87 dBm,Wi-Fi 1 (802.11b),False,323,="",="2/4/2026 6:48:40.646381790 AM",
="",5060,1.0,2208 탎,2462 MHz,11,-62 dBm,Wi-Fi 1 (802.11b),False,337,="",="2/4/2026 6:48:40.654533850 AM",
="",5061,6.0,511 탎,2462 MHz,11,-86 dBm,Wi-Fi 3 (802.11g),False,446,="",="2/4/2026 6:48:40.662128610 AM",
="",5062,6.0,434 탎,2462 MHz,11,-85 dBm,Wi-Fi 3 (802.11g),False,388,="",="2/4/2026 6:48:40.662664500 AM",
="",5063,6.0,454 탎,2462 MHz,11,-85 dBm,Wi-Fi 3 (802.11g),False,403,="",="2/4/2026 6:48:40.663137645 AM",
="",5064,6.0,599 탎,2462 MHz,11,-86 dBm,Wi-Fi 3 (802.11g),False,229,="",="2/4/2026 6:48:40.663592145 AM",
="",5065,6.0,626 탎,2462 MHz,11,-86 dBm,Wi-Fi 3 (802.11g),False,229,="",="2/4/2026 6:48:40.664216610 AM",
="",5066,6.0,627 탎,2462 MHz,11,-85 dBm,Wi-Fi 3 (802.11g),False,229,="",="2/4/2026 6:48:40.664868360 AM",
="",5067,6.0,654 탎,2462 MHz,11,-86 dBm,Wi-Fi 3 (802.11g),False,229,="",="2/4/2026 6:48:40.665525315 AM",
="",5068,1.0,2016 탎,2462 MHz,11,-84 dBm,Wi-Fi 1 (802.11b),False,313,="",="2/4/2026 6:48:40.667368535 AM",
="",5069,11.0,401 탎,2462 MHz,11,-84 dBm,Wi-Fi 1 (802.11b),False,373,="",="2/4/2026 6:48:40.669398445 AM",
="",5070,11.0,418 탎,2462 MHz,11,-82 dBm,Wi-Fi 1 (802.11b),False,396,="",="2/4/2026 6:48:40.669814030 AM",
="",5071,6.0,338 탎,2462 MHz,11,-77 dBm,Wi-Fi 3 (802.11g),False,316,="",="2/4/2026 6:48:40.670330595 AM",
="",5072,11.0,202 탎,2462 MHz,11,-88 dBm,Wi-Fi 1 (802.11b),True,99,="",="2/4/2026 6:48:40.670689875 AM",
="",5073,1.0,2008 탎,2462 MHz,11,-78 dBm,Wi-Fi 1 (802.11b),False,312,="",="2/4/2026 6:48:40.672326570 AM",
="",5074,1.0,2160 탎,2462 MHz,11,-62 dBm,Wi-Fi 1 (802.11b),False,331,="",="2/4/2026 6:48:40.678528980 AM",
="",5075,1.0,2160 탎,2462 MHz,11,-62 dBm,Wi-Fi 1 (802.11b),False,331,="",="2/4/2026 6:48:40.680967710 AM",
="",5077,1.0,2160 탎,2462 MHz,11,-62 dBm,Wi-Fi 1 (802.11b),False,331,="",="2/4/2026 6:48:40.683264700 AM",
="",5078,1.0,1960 탎,2462 MHz,11,-63 dBm,Wi-Fi 1 (802.11b),False,306,="",="2/4/2026 6:48:40.685551840 AM",
="",5079,1.0,1960 탎,2462 MHz,11,-62 dBm,Wi-Fi 1 (802.11b),False,306,="",="2/4/2026 6:48:40.688502500 AM",
="",5080,1.0,1960 탎,2462 MHz,11,-62 dBm,Wi-Fi 1 (802.11b),False,306,="",="2/4/2026 6:48:40.690589960 AM",
="",5081,1.0,2208 탎,2462 MHz,11,-78 dBm,Wi-Fi 1 (802.11b),False,337,="",="2/4/2026 6:48:40.694416235 AM",
="",5082,6.0,425 탎,2462 MHz,11,-76 dBm,Wi-Fi 3 (802.11g),False,381,="",="2/4/2026 6:48:40.697631700 AM",
="",5083,1.0,2008 탎,2462 MHz,11,-62 dBm,Wi-Fi 1 (802.11b),False,312,="",="2/4/2026 6:48:40.705733700 AM",
="",5084,1.0,2016 탎,2462 MHz,11,-85 dBm,Wi-Fi 1 (802.11b),False,313,="",="2/4/2026 6:48:40.708107480 AM",
="",5085,11.0,401 탎,2462 MHz,11,-86 dBm,Wi-Fi 1 (802.11b),False,373,="",="2/4/2026 6:48:40.710137045 AM",
="",5086,11.0,418 탎,2462 MHz,11,-86 dBm,Wi-Fi 1 (802.11b),False,396,="",="2/4/2026 6:48:40.710552535 AM",
="",5087,6.0,434 탎,2462 MHz,11,-87 dBm,Wi-Fi 3 (802.11g),False,388,="",="2/4/2026 6:48:40.712771840 AM",
="",5088,6.0,481 탎,2462 MHz,11,-87 dBm,Wi-Fi 3 (802.11g),False,423,="",="2/4/2026 6:48:40.713243595 AM",
="",5089,6.0,137 탎,2462 MHz,11,-88 dBm,Wi-Fi 3 (802.11g),False,165,="",="2/4/2026 6:48:40.713735415 AM",
="",5090,6.0,161 탎,2462 MHz,11,-88 dBm,Wi-Fi 3 (802.11g),False,183,="",="2/4/2026 6:48:40.713909145 AM",
="",5091,11.0,443 탎,2462 MHz,11,-84 dBm,Wi-Fi 1 (802.11b),False,430,="",="2/4/2026 6:48:40.716496535 AM",
="",5092,6.0,338 탎,2462 MHz,11,-77 dBm,Wi-Fi 3 (802.11g),False,316,="",="2/4/2026 6:48:40.719492650 AM",
="",5093,1.0,2208 탎,2462 MHz,11,-75 dBm,Wi-Fi 1 (802.11b),False,337,="",="2/4/2026 6:48:40.723526505 AM",
="",5097,1.0,2008 탎,2462 MHz,11,-78 dBm,Wi-Fi 1 (802.11b),False,312,="",="2/4/2026 6:48:40.745616405 AM",
="",5098,1.0,2096 탎,2462 MHz,11,-85 dBm,Wi-Fi 1 (802.11b),False,323,="",="2/4/2026 6:48:40.748801040 AM",
="",5099,1.0,2208 탎,2462 MHz,11,-62 dBm,Wi-Fi 1 (802.11b),False,337,="",="2/4/2026 6:48:40.756934235 AM",
="",5100,24.0,37 탎,2462 MHz,11,-88 dBm,Wi-Fi 3 (802.11g),True,105,="",="2/4/2026 6:48:40.761625925 AM",
="",5102,72.2,39 탎,2462 MHz,11,-88 dBm,Wi-Fi 4 (802.11n),True,117,="",="2/4/2026 6:48:40.761743015 AM",
="",5103,6.0,49 탎,2462 MHz,11,-88 dBm,Wi-Fi 3 (802.11g),False,99,="",="2/4/2026 6:48:40.762241475 AM",
="",5106,6.0,511 탎,2462 MHz,11,-86 dBm,Wi-Fi 3 (802.11g),False,446,="",="2/4/2026 6:48:40.764518540 AM",
="",5107,6.0,434 탎,2462 MHz,11,-85 dBm,Wi-Fi 3 (802.11g),False,388,="",="2/4/2026 6:48:40.765051685 AM",
="",5108,6.0,454 탎,2462 MHz,11,-85 dBm,Wi-Fi 3 (802.11g),False,403,="",="2/4/2026 6:48:40.765515400 AM",
="",5109,6.0,219 탎,2462 MHz,11,-85 dBm,Wi-Fi 3 (802.11g),False,227,="",="2/4/2026 6:48:40.765969900 AM",
="",5110,6.0,246 탎,2462 MHz,11,-86 dBm,Wi-Fi 3 (802.11g),False,229,="",="2/4/2026 6:48:40.766212330 AM",
="",5111,11.0,401 탎,2462 MHz,11,-83 dBm,Wi-Fi 1 (802.11b),False,373,="",="2/4/2026 6:48:40.771798630 AM",
="",5112,11.0,418 탎,2462 MHz,11,-84 dBm,Wi-Fi 1 (802.11b),False,396,="",="2/4/2026 6:48:40.772214000 AM",
="",5113,1.0,2008 탎,2462 MHz,11,-74 dBm,Wi-Fi 1 (802.11b),False,312,="",="2/4/2026 6:48:40.774726315 AM",
="",5114,1.0,2208 탎,2462 MHz,11,-75 dBm,Wi-Fi 1 (802.11b),False,337,="",="2/4/2026 6:48:40.796816740 AM",
="",5115,6.0,425 탎,2462 MHz,11,-75 dBm,Wi-Fi 3 (802.11g),False,381,="",="2/4/2026 6:48:40.799530300 AM",
="",5116,1.0,2008 탎,2462 MHz,11,-63 dBm,Wi-Fi 1 (802.11b),False,312,="",="2/4/2026 6:48:40.808136310 AM",
="",5117,11.0,418 탎,2462 MHz,11,-85 dBm,Wi-Fi 1 (802.11b),False,396,="",="2/4/2026 6:48:40.812953240 AM",
="",5118,11.0,358 탎,2462 MHz,11,-82 dBm,Wi-Fi 1 (802.11b),False,313,="",="2/4/2026 6:48:40.818143970 AM",
="",5119,11.0,415 탎,2462 MHz,11,-83 dBm,Wi-Fi 1 (802.11b),False,392,="",="2/4/2026 6:48:40.818502285 AM",
="",5120,11.0,443 탎,2462 MHz,11,-82 dBm,Wi-Fi 1 (802.11b),False,430,="",="2/4/2026 6:48:40.818918060 AM",
="",5121,6.0,338 탎,2462 MHz,11,-76 dBm,Wi-Fi 3 (802.11g),False,316,="",="2/4/2026 6:48:40.821896195 AM",
="",5122,1.0,2208 탎,2462 MHz,11,-80 dBm,Wi-Fi 1 (802.11b),False,337,="",="2/4/2026 6:48:40.825926650 AM",
="",5123,1.0,304 탎,2462 MHz,11,-90 dBm,Wi-Fi 1 (802.11b),False,99,="",="2/4/2026 6:48:40.830978880 AM",
="",5124,11.0,427 탎,2462 MHz,11,-87 dBm,Wi-Fi 1 (802.11b),True,408,="",="2/4/2026 6:48:40.831369195 AM",
="",5125,1.0,2080 탎,2462 MHz,11,-88 dBm,Wi-Fi 1 (802.11b),False,321,="",="2/4/2026 6:48:40.834257375 AM",
="",5126,11.0,427 탎,2462 MHz,11,-89 dBm,Wi-Fi 1 (802.11b),True,408,="",="2/4/2026 6:48:40.836656540 AM",
="",5127,11.0,427 탎,2462 MHz,11,-89 dBm,Wi-Fi 1 (802.11b),True,408,="",="2/4/2026 6:48:40.837968510 AM",
="",5128,6.0,342 탎,2462 MHz,11,-75 dBm,Wi-Fi 3 (802.11g),False,319,="",="2/4/2026 6:48:40.847493510 AM",
="",5129,1.0,2008 탎,2462 MHz,11,-75 dBm,Wi-Fi 1 (802.11b),False,312,="",="2/4/2026 6:48:40.848016735 AM",
="",5133,1.0,2096 탎,2462 MHz,11,-85 dBm,Wi-Fi 1 (802.11b),False,323,="",="2/4/2026 6:48:40.851218385 AM",
="",5137,1.0,2208 탎,2462 MHz,11,-61 dBm,Wi-Fi 1 (802.11b),False,337,="",="2/4/2026 6:48:40.859334725 AM",
="",5138,6.0,511 탎,2462 MHz,11,-86 dBm,Wi-Fi 3 (802.11g),False,446,="",="2/4/2026 6:48:40.866918030 AM",
="",5139,6.0,454 탎,2462 MHz,11,-86 dBm,Wi-Fi 3 (802.11g),False,403,="",="2/4/2026 6:48:40.867929745 AM",
="",5140,1.0,2016 탎,2462 MHz,11,-84 dBm,Wi-Fi 1 (802.11b),False,313,="",="2/4/2026 6:48:40.872166915 AM",
="",5141,11.0,401 탎,2462 MHz,11,-84 dBm,Wi-Fi 1 (802.11b),False,373,="",="2/4/2026 6:48:40.874201760 AM",
="",5142,11.0,418 탎,2462 MHz,11,-83 dBm,Wi-Fi 1 (802.11b),True,396,="",="2/4/2026 6:48:40.874584715 AM",
="",5143,1.0,2160 탎,2462 MHz,11,-62 dBm,Wi-Fi 1 (802.11b),False,331,="",="2/4/2026 6:48:40.875072980 AM",
="",5144,1.0,1960 탎,2462 MHz,11,-62 dBm,Wi-Fi 1 (802.11b),False,306,="",="2/4/2026 6:48:40.877628400 AM",
="",5145,1.0,2008 탎,2462 MHz,11,-77 dBm,Wi-Fi 1 (802.11b),False,312,="",="2/4/2026 6:48:40.879935645 AM",
="",5147,1.0,2208 탎,2462 MHz,11,-76 dBm,Wi-Fi 1 (802.11b),False,337,="",="2/4/2026 6:48:40.899216655 AM",
="",5150,6.0,425 탎,2462 MHz,11,-75 dBm,Wi-Fi 3 (802.11g),False,381,="",="2/4/2026 6:48:40.902443440 AM",
="",5151,1.0,2008 탎,2462 MHz,11,-63 dBm,Wi-Fi 1 (802.11b),False,312,="",="2/4/2026 6:48:40.910534520 AM",
="",5152,11.0,418 탎,2462 MHz,11,-86 dBm,Wi-Fi 1 (802.11b),True,396,="",="2/4/2026 6:48:40.915323780 AM",
="",5153,24.0,35 탎,2462 MHz,11,-87 dBm,Wi-Fi 3 (802.11g),False,99,="",="2/4/2026 6:48:40.915972055 AM",
="",5154,72.2,39 탎,2462 MHz,11,-84 dBm,Wi-Fi 4 (802.11n),True,119,="",="2/4/2026 6:48:40.916233520 AM",
="",5155,24.0,41 탎,2462 MHz,11,-87 dBm,Wi-Fi 3 (802.11g),True,117,="",="2/4/2026 6:48:40.916273340 AM",
="",5156,24.0,40 탎,2462 MHz,11,-83 dBm,Wi-Fi 3 (802.11g),False,115,="",="2/4/2026 6:48:40.916344810 AM",
="",5157,1.0,448 탎,2462 MHz,11,-83 dBm,Wi-Fi 1 (802.11b),False,117,="",="2/4/2026 6:48:40.916894695 AM",
="",5158,24.0,37 탎,2462 MHz,11,-84 dBm,Wi-Fi 3 (802.11g),True,105,="",="2/4/2026 6:48:40.917376815 AM",
="",5159,72.2,39 탎,2462 MHz,11,-85 dBm,Wi-Fi 4 (802.11n),True,117,="",="2/4/2026 6:48:40.917488760 AM",
="",5160,24.0,41 탎,2462 MHz,11,-86 dBm,Wi-Fi 3 (802.11g),True,117,="",="2/4/2026 6:48:40.917539690 AM",
="",5161,24.0,35 탎,2462 MHz,11,-84 dBm,Wi-Fi 3 (802.11g),False,99,="",="2/4/2026 6:48:40.917753660 AM",
="",5162,6.0,73 탎,2462 MHz,11,-84 dBm,Wi-Fi 3 (802.11g),False,117,="",="2/4/2026 6:48:40.918078250 AM",
="",5163,6.0,338 탎,2462 MHz,11,-75 dBm,Wi-Fi 3 (802.11g),False,316,="",="2/4/2026 6:48:40.924516760 AM",
="",5164,1.0,2208 탎,2462 MHz,11,-81 dBm,Wi-Fi 1 (802.11b),False,337,="",="2/4/2026 6:48:40.928326925 AM",
="",5165,6.0,57 탎,2462 MHz,11,-84 dBm,Wi-Fi 3 (802.11g),False,105,="",="2/4/2026 6:48:40.930635730 AM",
="",5166,24.0,35 탎,2462 MHz,11,-83 dBm,Wi-Fi 3 (802.11g),False,99,="",="2/4/2026 6:48:40.930887580 AM",
="",5167,9.0,153 탎,2462 MHz,11,-84 dBm,Wi-Fi 3 (802.11g),False,223,="",="2/4/2026 6:48:40.931080235 AM",
="",5168,6.0,57 탎,2462 MHz,11,-84 dBm,Wi-Fi 3 (802.11g),False,105,="",="2/4/2026 6:48:40.931323535 AM",
="",5169,24.0,35 탎,2462 MHz,11,-83 dBm,Wi-Fi 3 (802.11g),True,99,="",="2/4/2026 6:48:40.931552745 AM",
="",5170,24.0,41 탎,2462 MHz,11,-83 dBm,Wi-Fi 3 (802.11g),False,117,="",="2/4/2026 6:48:40.931730315 AM",
="",5171,24.0,37 탎,2462 MHz,11,-82 dBm,Wi-Fi 3 (802.11g),False,105,="",="2/4/2026 6:48:40.933481265 AM",
="",5172,72.2,39 탎,2462 MHz,11,-85 dBm,Wi-Fi 4 (802.11n),True,117,="",="2/4/2026 6:48:40.933577315 AM",
="",5173,1.0,2424 탎,2462 MHz,11,-82 dBm,Wi-Fi 1 (802.11b),False,364,="",="2/4/2026 6:48:40.942433170 AM",
="",5174,1.0,2008 탎,2462 MHz,11,-74 dBm,Wi-Fi 1 (802.11b),False,312,="",="2/4/2026 6:48:40.950416290 AM",
="",5178,6.0,342 탎,2462 MHz,11,-76 dBm,Wi-Fi 3 (802.11g),False,319,="",="2/4/2026 6:48:40.952504365 AM",
="",5179,1.0,2096 탎,2462 MHz,11,-86 dBm,Wi-Fi 1 (802.11b),False,323,="",="2/4/2026 6:48:40.953641275 AM",
="",5180,1.0,2208 탎,2462 MHz,11,-64 dBm,Wi-Fi 1 (802.11b),False,337,="",="2/4/2026 6:48:40.961734255 AM",
="",5181,11.0,415 탎,2462 MHz,11,-89 dBm,Wi-Fi 1 (802.11b),True,392,="",="2/4/2026 6:48:40.964312790 AM",
="",5182,11.0,439 탎,2462 MHz,11,-88 dBm,Wi-Fi 1 (802.11b),True,425,="",="2/4/2026 6:48:40.964741465 AM",
="",5183,1.0,2016 탎,2462 MHz,11,-80 dBm,Wi-Fi 1 (802.11b),False,313,="",="2/4/2026 6:48:40.974567205 AM",
="",5184,11.0,401 탎,2462 MHz,11,-80 dBm,Wi-Fi 1 (802.11b),False,373,="",="2/4/2026 6:48:40.976599050 AM",
="",5185,11.0,418 탎,2462 MHz,11,-80 dBm,Wi-Fi 1 (802.11b),False,396,="",="2/4/2026 6:48:40.977014940 AM",
="",5186,1.0,2008 탎,2462 MHz,11,-81 dBm,Wi-Fi 1 (802.11b),False,312,="",="2/4/2026 6:48:40.979527055 AM",
="",5187,1.0,2288 탎,2462 MHz,11,-88 dBm,Wi-Fi 1 (802.11b),False,347,="",="2/4/2026 6:48:40.987170620 AM",
="",5188,11.0,415 탎,2462 MHz,11,-89 dBm,Wi-Fi 1 (802.11b),True,392,="",="2/4/2026 6:48:40.996348200 AM",
="",5189,1.0,2208 탎,2462 MHz,11,-75 dBm,Wi-Fi 1 (802.11b),False,337,="",="2/4/2026 6:48:41.001617185 AM",
="",5190,6.0,425 탎,2462 MHz,11,-76 dBm,Wi-Fi 3 (802.11g),False,381,="",="2/4/2026 6:48:41.005488935 AM",
="",5191,1.0,2008 탎,2462 MHz,11,-65 dBm,Wi-Fi 1 (802.11b),False,312,="",="2/4/2026 6:48:41.014906770 AM",
="",5192,1.0,2016 탎,2462 MHz,11,-84 dBm,Wi-Fi 1 (802.11b),False,313,="",="2/4/2026 6:48:41.016936440 AM",
="",5193,11.0,401 탎,2462 MHz,11,-84 dBm,Wi-Fi 1 (802.11b),False,373,="",="2/4/2026 6:48:41.018969245 AM",
="",5194,11.0,418 탎,2462 MHz,11,-84 dBm,Wi-Fi 1 (802.11b),True,396,="",="2/4/2026 6:48:41.019354575 AM",
="",5195,6.0,338 탎,2462 MHz,11,-77 dBm,Wi-Fi 3 (802.11g),False,316,="",="2/4/2026 6:48:41.026697400 AM",
="",5203,6.0,342 탎,2462 MHz,11,-78 dBm,Wi-Fi 3 (802.11g),False,319,="",="2/4/2026 6:48:41.052298315 AM",
="",5204,11.0,346 탎,2462 MHz,11,-76 dBm,Wi-Fi 1 (802.11b),False,229,="",="2/4/2026 6:48:41.052648375 AM",
="",5208,1.0,2208 탎,2462 MHz,11,-65 dBm,Wi-Fi 1 (802.11b),False,337,="",="2/4/2026 6:48:41.064134530 AM",
="",5209,11.0,439 탎,2462 MHz,11,-88 dBm,Wi-Fi 1 (802.11b),True,425,="",="2/4/2026 6:48:41.067141180 AM",
="",5210,6.0,511 탎,2462 MHz,11,-86 dBm,Wi-Fi 3 (802.11g),False,446,="",="2/4/2026 6:48:41.071731930 AM",
="",5211,6.0,434 탎,2462 MHz,11,-86 dBm,Wi-Fi 3 (802.11g),False,388,="",="2/4/2026 6:48:41.072275740 AM",
="",5212,6.0,1597 탎,2462 MHz,11,-85 dBm,Wi-Fi 3 (802.11g),False,229,="",="2/4/2026 6:48:41.074799260 AM",
="",5213,1.0,2016 탎,2462 MHz,11,-79 dBm,Wi-Fi 1 (802.11b),False,313,="",="2/4/2026 6:48:41.076967080 AM",
="",5214,11.0,401 탎,2462 MHz,11,-78 dBm,Wi-Fi 1 (802.11b),False,373,="",="2/4/2026 6:48:41.079002645 AM",
="",5215,11.0,418 탎,2462 MHz,11,-79 dBm,Wi-Fi 1 (802.11b),False,396,="",="2/4/2026 6:48:41.079415030 AM",
="",5216,1.0,2008 탎,2462 MHz,11,-74 dBm,Wi-Fi 1 (802.11b),False,312,="",="2/4/2026 6:48:41.081927010 AM",
="",5217,1.0,2208 탎,2462 MHz,11,-73 dBm,Wi-Fi 1 (802.11b),False,337,="",="2/4/2026 6:48:41.104017115 AM",
="",5218,6.0,425 탎,2462 MHz,11,-75 dBm,Wi-Fi 3 (802.11g),False,381,="",="2/4/2026 6:48:41.106908830 AM",
="",5219,1.0,3056 탎,2462 MHz,11,-79 dBm,Wi-Fi 1 (802.11b),False,443,="",="2/4/2026 6:48:41.107991465 AM",
="",5220,1.0,3056 탎,2462 MHz,11,-80 dBm,Wi-Fi 1 (802.11b),False,443,="",="2/4/2026 6:48:41.111184230 AM",
="",5221,1.0,2016 탎,2462 MHz,11,-85 dBm,Wi-Fi 1 (802.11b),False,313,="",="2/4/2026 6:48:41.117707385 AM",
="",5222,11.0,401 탎,2462 MHz,11,-85 dBm,Wi-Fi 1 (802.11b),True,373,="",="2/4/2026 6:48:41.119723885 AM",
="",5223,11.0,418 탎,2462 MHz,11,-86 dBm,Wi-Fi 1 (802.11b),False,396,="",="2/4/2026 6:48:41.120155015 AM",
="",5224,6.0,338 탎,2462 MHz,11,-80 dBm,Wi-Fi 3 (802.11g),False,316,="",="2/4/2026 6:48:41.129102450 AM",
="",5225,1.0,2208 탎,2462 MHz,11,-75 dBm,Wi-Fi 1 (802.11b),False,337,="",="2/4/2026 6:48:41.133127345 AM",
="",5226,24.0,40 탎,2462 MHz,11,-84 dBm,Wi-Fi 3 (802.11g),False,115,="",="2/4/2026 6:48:41.138857595 AM",
="",5236,1.0,1152 탎,2462 MHz,11,-79 dBm,Wi-Fi 1 (802.11b),False,205,="",="2/4/2026 6:48:41.164291795 AM",
="",5237,1.0,2208 탎,2462 MHz,11,-67 dBm,Wi-Fi 1 (802.11b),False,337,="",="2/4/2026 6:48:41.166535220 AM",
="",5242,6.0,434 탎,2462 MHz,11,-87 dBm,Wi-Fi 3 (802.11g),False,388,="",="2/4/2026 6:48:41.174673310 AM",
="",5243,6.0,454 탎,2462 MHz,11,-87 dBm,Wi-Fi 3 (802.11g),False,403,="",="2/4/2026 6:48:41.175134080 AM",
="",5244,1.0,2016 탎,2462 MHz,11,-79 dBm,Wi-Fi 1 (802.11b),False,313,="",="2/4/2026 6:48:41.179367730 AM",
="",5245,11.0,401 탎,2462 MHz,11,-80 dBm,Wi-Fi 1 (802.11b),False,373,="",="2/4/2026 6:48:41.181400335 AM",
="",5246,11.0,418 탎,2462 MHz,11,-80 dBm,Wi-Fi 1 (802.11b),False,396,="",="2/4/2026 6:48:41.181817825 AM",
="",5247,1.0,2008 탎,2462 MHz,11,-76 dBm,Wi-Fi 1 (802.11b),False,312,="",="2/4/2026 6:48:41.184349420 AM",
="",5248,6.0,214 탎,2462 MHz,11,-84 dBm,Wi-Fi 3 (802.11g),False,223,="",="2/4/2026 6:48:41.189337200 AM",
="",5249,1.0,2160 탎,2462 MHz,11,-74 dBm,Wi-Fi 1 (802.11b),False,331,="",="2/4/2026 6:48:41.190329220 AM",
="",5250,1.0,2160 탎,2462 MHz,11,-72 dBm,Wi-Fi 1 (802.11b),False,331,="",="2/4/2026 6:48:41.192614875 AM",
="",5251,1.0,1960 탎,2462 MHz,11,-72 dBm,Wi-Fi 1 (802.11b),False,306,="",="2/4/2026 6:48:41.197201685 AM",
="",5252,1.0,1960 탎,2462 MHz,11,-71 dBm,Wi-Fi 1 (802.11b),False,306,="",="2/4/2026 6:48:41.199283305 AM",
="",5253,1.0,1960 탎,2462 MHz,11,-72 dBm,Wi-Fi 1 (802.11b),False,306,="",="2/4/2026 6:48:41.201374965 AM",
="",5254,11.0,427 탎,2462 MHz,11,-87 dBm,Wi-Fi 1 (802.11b),True,408,="",="2/4/2026 6:48:41.204937965 AM",
="",5255,1.0,2208 탎,2462 MHz,11,-74 dBm,Wi-Fi 1 (802.11b),False,337,="",="2/4/2026 6:48:41.206417230 AM",
="",5256,6.0,425 탎,2462 MHz,11,-74 dBm,Wi-Fi 3 (802.11g),False,381,="",="2/4/2026 6:48:41.210518565 AM",
="",5257,6.0,214 탎,2462 MHz,11,-85 dBm,Wi-Fi 3 (802.11g),False,223,="",="2/4/2026 6:48:41.214979290 AM",
="",5258,1.0,2008 탎,2462 MHz,11,-66 dBm,Wi-Fi 1 (802.11b),False,312,="",="2/4/2026 6:48:41.217741895 AM",
="",5259,1.0,3056 탎,2462 MHz,11,-75 dBm,Wi-Fi 1 (802.11b),False,443,="",="2/4/2026 6:48:41.220895415 AM",
="",5260,11.0,202 탎,2462 MHz,11,-79 dBm,Wi-Fi 1 (802.11b),False,99,="",="2/4/2026 6:48:41.224584990 AM",
="",5261,1.0,3056 탎,2462 MHz,11,-75 dBm,Wi-Fi 1 (802.11b),False,443,="",="2/4/2026 6:48:41.224927875 AM",
="",5262,1.0,304 탎,2462 MHz,11,-80 dBm,Wi-Fi 1 (802.11b),False,99,="",="2/4/2026 6:48:41.227984375 AM",
="",5263,11.0,443 탎,2462 MHz,11,-84 dBm,Wi-Fi 1 (802.11b),False,430,="",="2/4/2026 6:48:41.228559760 AM",
="",5264,6.0,338 탎,2462 MHz,11,-77 dBm,Wi-Fi 3 (802.11g),False,316,="",="2/4/2026 6:48:41.232975970 AM",
="",5265,1.0,2208 탎,2462 MHz,11,-77 dBm,Wi-Fi 1 (802.11b),False,337,="",="2/4/2026 6:48:41.235527220 AM",
="",5266,6.0,342 탎,2462 MHz,11,-77 dBm,Wi-Fi 3 (802.11g),False,319,="",="2/4/2026 6:48:41.257100455 AM",
="",5267,1.0,2008 탎,2462 MHz,11,-72 dBm,Wi-Fi 1 (802.11b),False,312,="",="2/4/2026 6:48:41.257619440 AM",
="",5271,1.0,2208 탎,2462 MHz,11,-66 dBm,Wi-Fi 1 (802.11b),False,337,="",="2/4/2026 6:48:41.268935230 AM",
="",5272,6.0,511 탎,2462 MHz,11,-88 dBm,Wi-Fi 3 (802.11g),False,446,="",="2/4/2026 6:48:41.276534790 AM",
="",5273,6.0,434 탎,2462 MHz,11,-87 dBm,Wi-Fi 3 (802.11g),False,388,="",="2/4/2026 6:48:41.277075160 AM",
="",5274,6.0,454 탎,2462 MHz,11,-87 dBm,Wi-Fi 3 (802.11g),False,403,="",="2/4/2026 6:48:41.277535570 AM",
="",5275,11.0,401 탎,2462 MHz,11,-80 dBm,Wi-Fi 1 (802.11b),False,373,="",="2/4/2026 6:48:41.283811225 AM",
="",5276,11.0,418 탎,2462 MHz,11,-83 dBm,Wi-Fi 1 (802.11b),False,396,="",="2/4/2026 6:48:41.284218715 AM",
="",5277,1.0,2008 탎,2462 MHz,11,-73 dBm,Wi-Fi 1 (802.11b),False,312,="",="2/4/2026 6:48:41.286726830 AM",
="",5278,1.0,2208 탎,2462 MHz,11,-72 dBm,Wi-Fi 1 (802.11b),False,337,="",="2/4/2026 6:48:41.308820855 AM",
="",5282,6.0,425 탎,2462 MHz,11,-73 dBm,Wi-Fi 3 (802.11g),False,381,="",="2/4/2026 6:48:41.311638660 AM",
="",5283,1.0,2008 탎,2462 MHz,11,-66 dBm,Wi-Fi 1 (802.11b),False,312,="",="2/4/2026 6:48:41.320134865 AM",
="",5284,11.0,358 탎,2462 MHz,11,-80 dBm,Wi-Fi 1 (802.11b),False,313,="",="2/4/2026 6:48:41.330094655 AM",
="",5285,11.0,415 탎,2462 MHz,11,-79 dBm,Wi-Fi 1 (802.11b),False,392,="",="2/4/2026 6:48:41.330470795 AM",
="",5286,11.0,443 탎,2462 MHz,11,-80 dBm,Wi-Fi 1 (802.11b),False,430,="",="2/4/2026 6:48:41.330901955 AM",
="",5287,6.0,338 탎,2462 MHz,11,-74 dBm,Wi-Fi 3 (802.11g),False,316,="",="2/4/2026 6:48:41.333905310 AM",
="",5288,1.0,2208 탎,2462 MHz,11,-73 dBm,Wi-Fi 1 (802.11b),False,337,="",="2/4/2026 6:48:41.337927525 AM",
="",5289,1.0,2424 탎,2462 MHz,11,-85 dBm,Wi-Fi 1 (802.11b),False,364,="",="2/4/2026 6:48:41.352125360 AM",
="",5290,1.0,2008 탎,2462 MHz,11,-73 dBm,Wi-Fi 1 (802.11b),False,312,="",="2/4/2026 6:48:41.360017250 AM",
="",5291,1.0,2096 탎,2462 MHz,11,-85 dBm,Wi-Fi 1 (802.11b),False,323,="",="2/4/2026 6:48:41.363306025 AM",
="",5295,1.0,2208 탎,2462 MHz,11,-68 dBm,Wi-Fi 1 (802.11b),False,337,="",="2/4/2026 6:48:41.371335320 AM",
="",5296,11.0,358 탎,2462 MHz,11,-86 dBm,Wi-Fi 1 (802.11b),True,313,="",="2/4/2026 6:48:41.373543820 AM",
="",5297,11.0,439 탎,2462 MHz,11,-87 dBm,Wi-Fi 1 (802.11b),False,425,="",="2/4/2026 6:48:41.374375000 AM",
="",5298,6.0,511 탎,2462 MHz,11,-87 dBm,Wi-Fi 3 (802.11g),False,446,="",="2/4/2026 6:48:41.378945215 AM",
="",5299,6.0,434 탎,2462 MHz,11,-86 dBm,Wi-Fi 3 (802.11g),False,388,="",="2/4/2026 6:48:41.379490385 AM",
="",5300,6.0,454 탎,2462 MHz,11,-87 dBm,Wi-Fi 3 (802.11g),False,403,="",="2/4/2026 6:48:41.379941235 AM",
="",5301,6.0,338 탎,2462 MHz,11,-71 dBm,Wi-Fi 3 (802.11g),False,316,="",="2/4/2026 6:48:41.385102595 AM",
="",5302,11.0,401 탎,2462 MHz,11,-82 dBm,Wi-Fi 1 (802.11b),False,373,="",="2/4/2026 6:48:41.386200395 AM",
="",5304,11.0,418 탎,2462 MHz,11,-83 dBm,Wi-Fi 1 (802.11b),False,396,="",="2/4/2026 6:48:41.386618980 AM",
="",5305,1.0,2008 탎,2462 MHz,11,-76 dBm,Wi-Fi 1 (802.11b),False,312,="",="2/4/2026 6:48:41.389127760 AM",
="",5307,1.0,2288 탎,2462 MHz,11,-86 dBm,Wi-Fi 1 (802.11b),False,347,="",="2/4/2026 6:48:41.396784980 AM",
="",5309,11.0,415 탎,2462 MHz,11,-89 dBm,Wi-Fi 1 (802.11b),True,392,="",="2/4/2026 6:48:41.401617580 AM",
="",5310,11.0,431 탎,2462 MHz,11,-88 dBm,Wi-Fi 1 (802.11b),True,414,="",="2/4/2026 6:48:41.402046080 AM",
="",5311,11.0,415 탎,2462 MHz,11,-89 dBm,Wi-Fi 1 (802.11b),True,392,="",="2/4/2026 6:48:41.405965120 AM",
="",5312,1.0,2208 탎,2462 MHz,11,-71 dBm,Wi-Fi 1 (802.11b),False,337,="",="2/4/2026 6:48:41.411220385 AM",
="",5313,6.0,425 탎,2462 MHz,11,-75 dBm,Wi-Fi 3 (802.11g),False,381,="",="2/4/2026 6:48:41.413812580 AM",
="",5314,1.0,2008 탎,2462 MHz,11,-69 dBm,Wi-Fi 1 (802.11b),False,312,="",="2/4/2026 6:48:41.423263245 AM",
="",5315,1.0,2016 탎,2462 MHz,11,-82 dBm,Wi-Fi 1 (802.11b),False,313,="",="2/4/2026 6:48:41.425298355 AM",
="",5316,11.0,401 탎,2462 MHz,11,-83 dBm,Wi-Fi 1 (802.11b),False,373,="",="2/4/2026 6:48:41.427328280 AM",
="",5317,11.0,418 탎,2462 MHz,11,-83 dBm,Wi-Fi 1 (802.11b),False,396,="",="2/4/2026 6:48:41.427743770 AM",
="",5321,6.0,338 탎,2462 MHz,11,-73 dBm,Wi-Fi 3 (802.11g),False,316,="",="2/4/2026 6:48:41.436307200 AM",
="",5322,1.0,2208 탎,2462 MHz,11,-73 dBm,Wi-Fi 1 (802.11b),False,337,="",="2/4/2026 6:48:41.440327375 AM",
="",5326,1.0,2424 탎,2462 MHz,11,-86 dBm,Wi-Fi 1 (802.11b),False,364,="",="2/4/2026 6:48:41.454433700 AM",
="",5327,6.0,342 탎,2462 MHz,11,-72 dBm,Wi-Fi 3 (802.11g),False,319,="",="2/4/2026 6:48:41.461904130 AM",
="",5328,1.0,2008 탎,2462 MHz,11,-74 dBm,Wi-Fi 1 (802.11b),False,312,="",="2/4/2026 6:48:41.462419035 AM",
="",5332,1.0,2208 탎,2462 MHz,11,-68 dBm,Wi-Fi 1 (802.11b),False,337,="",="2/4/2026 6:48:41.473745865 AM",
="",5333,11.0,358 탎,2462 MHz,11,-86 dBm,Wi-Fi 1 (802.11b),True,313,="",="2/4/2026 6:48:41.475954365 AM",
="",5334,11.0,439 탎,2462 MHz,11,-86 dBm,Wi-Fi 1 (802.11b),True,425,="",="2/4/2026 6:48:41.476742475 AM",
="",5335,6.0,511 탎,2462 MHz,11,-86 dBm,Wi-Fi 3 (802.11g),False,446,="",="2/4/2026 6:48:41.481336425 AM",
="",5336,6.0,434 탎,2462 MHz,11,-86 dBm,Wi-Fi 3 (802.11g),False,388,="",="2/4/2026 6:48:41.481871795 AM",
="",5337,6.0,454 탎,2462 MHz,11,-87 dBm,Wi-Fi 3 (802.11g),False,403,="",="2/4/2026 6:48:41.482347765 AM",
="",5338,6.0,338 탎,2462 MHz,11,-72 dBm,Wi-Fi 3 (802.11g),False,316,="",="2/4/2026 6:48:41.487504660 AM",
="",5339,11.0,401 탎,2462 MHz,11,-84 dBm,Wi-Fi 1 (802.11b),True,373,="",="2/4/2026 6:48:41.488598900 AM",
="",5340,11.0,418 탎,2462 MHz,11,-85 dBm,Wi-Fi 1 (802.11b),False,396,="",="2/4/2026 6:48:41.489029405 AM",
="",5341,1.0,2008 탎,2462 MHz,11,-71 dBm,Wi-Fi 1 (802.11b),False,312,="",="2/4/2026 6:48:41.491527745 AM",
="",5342,1.0,2288 탎,2462 MHz,11,-86 dBm,Wi-Fi 1 (802.11b),False,347,="",="2/4/2026 6:48:41.499186645 AM",
="",5343,11.0,415 탎,2462 MHz,11,-89 dBm,Wi-Fi 1 (802.11b),True,392,="",="2/4/2026 6:48:41.508352425 AM",
="",5344,1.0,2208 탎,2462 MHz,11,-77 dBm,Wi-Fi 1 (802.11b),False,337,="",="2/4/2026 6:48:41.513620890 AM",
="",5345,6.0,425 탎,2462 MHz,11,-76 dBm,Wi-Fi 3 (802.11g),False,381,="",="2/4/2026 6:48:41.516236540 AM",
="",5346,1.0,2008 탎,2462 MHz,11,-68 dBm,Wi-Fi 1 (802.11b),False,312,="",="2/4/2026 6:48:41.524935635 AM",
="",5347,1.0,2016 탎,2462 MHz,11,-86 dBm,Wi-Fi 1 (802.11b),False,313,="",="2/4/2026 6:48:41.527309535 AM",
="",5348,11.0,401 탎,2462 MHz,11,-86 dBm,Wi-Fi 1 (802.11b),False,373,="",="2/4/2026 6:48:41.529345180 AM",
="",5349,11.0,418 탎,2462 MHz,11,-88 dBm,Wi-Fi 1 (802.11b),True,396,="",="2/4/2026 6:48:41.529727310 AM",
="",5350,11.0,358 탎,2462 MHz,11,-81 dBm,Wi-Fi 1 (802.11b),False,313,="",="2/4/2026 6:48:41.534895865 AM",
="",5351,11.0,415 탎,2462 MHz,11,-81 dBm,Wi-Fi 1 (802.11b),False,392,="",="2/4/2026 6:48:41.535272005 AM",
="",5352,11.0,443 탎,2462 MHz,11,-81 dBm,Wi-Fi 1 (802.11b),False,430,="",="2/4/2026 6:48:41.535703365 AM",
="",5353,11.0,394 탎,2462 MHz,11,-81 dBm,Wi-Fi 1 (802.11b),False,229,="",="2/4/2026 6:48:41.536154055 AM",
="",5354,6.0,338 탎,2462 MHz,11,-72 dBm,Wi-Fi 3 (802.11g),False,316,="",="2/4/2026 6:48:41.538708000 AM",
="",5355,1.0,2208 탎,2462 MHz,11,-75 dBm,Wi-Fi 1 (802.11b),False,337,="",="2/4/2026 6:48:41.542727535 AM",
="",5356,6.0,342 탎,2462 MHz,11,-71 dBm,Wi-Fi 3 (802.11g),False,319,="",="2/4/2026 6:48:41.564305570 AM",
="",5360,1.0,2208 탎,2462 MHz,11,-70 dBm,Wi-Fi 1 (802.11b),False,337,="",="2/4/2026 6:48:41.576136105 AM",
="",5361,11.0,358 탎,2462 MHz,11,-85 dBm,Wi-Fi 1 (802.11b),False,313,="",="2/4/2026 6:48:41.578372410 AM",
="",5362,11.0,415 탎,2462 MHz,11,-85 dBm,Wi-Fi 1 (802.11b),False,392,="",="2/4/2026 6:48:41.578743215 AM",
="",5363,11.0,439 탎,2462 MHz,11,-85 dBm,Wi-Fi 1 (802.11b),False,425,="",="2/4/2026 6:48:41.579172250 AM",
="",5367,6.0,338 탎,2462 MHz,11,-71 dBm,Wi-Fi 3 (802.11g),False,316,="",="2/4/2026 6:48:41.589906860 AM",
="",5368,11.0,401 탎,2462 MHz,11,-87 dBm,Wi-Fi 1 (802.11b),True,373,="",="2/4/2026 6:48:41.590974605 AM",
="",5369,1.0,2008 탎,2462 MHz,11,-74 dBm,Wi-Fi 1 (802.11b),False,312,="",="2/4/2026 6:48:41.593927345 AM",
="",5370,6.0,425 탎,2462 MHz,11,-72 dBm,Wi-Fi 3 (802.11g),False,381,="",="2/4/2026 6:48:41.618839270 AM",
="",5371,1.0,2008 탎,2462 MHz,11,-69 dBm,Wi-Fi 1 (802.11b),False,312,="",="2/4/2026 6:48:41.627335715 AM",
="",5372,1.0,2016 탎,2462 MHz,11,-83 dBm,Wi-Fi 1 (802.11b),False,313,="",="2/4/2026 6:48:41.629710015 AM",
="",5373,11.0,401 탎,2462 MHz,11,-82 dBm,Wi-Fi 1 (802.11b),False,373,="",="2/4/2026 6:48:41.631745460 AM",
="",5374,11.0,418 탎,2462 MHz,11,-82 dBm,Wi-Fi 1 (802.11b),False,396,="",="2/4/2026 6:48:41.632158070 AM",
="",5375,6.0,201 탎,2462 MHz,11,-88 dBm,Wi-Fi 3 (802.11g),False,213,="",="2/4/2026 6:48:41.637172055 AM",
="",5376,11.0,358 탎,2462 MHz,11,-83 dBm,Wi-Fi 1 (802.11b),False,313,="",="2/4/2026 6:48:41.637428085 AM",
="",5377,11.0,415 탎,2462 MHz,11,-84 dBm,Wi-Fi 1 (802.11b),False,392,="",="2/4/2026 6:48:41.637799010 AM",
="",5378,6.0,338 탎,2462 MHz,11,-71 dBm,Wi-Fi 3 (802.11g),False,316,="",="2/4/2026 6:48:41.641109560 AM",
="",5379,1.0,2208 탎,2462 MHz,11,-73 dBm,Wi-Fi 1 (802.11b),False,337,="",="2/4/2026 6:48:41.645127600 AM",
="",5380,6.0,342 탎,2462 MHz,11,-71 dBm,Wi-Fi 3 (802.11g),False,319,="",="2/4/2026 6:48:41.666708955 AM",
="",5381,1.0,2008 탎,2462 MHz,11,-78 dBm,Wi-Fi 1 (802.11b),False,312,="",="2/4/2026 6:48:41.667220140 AM",
="",5385,1.0,2208 탎,2462 MHz,11,-70 dBm,Wi-Fi 1 (802.11b),False,337,="",="2/4/2026 6:48:41.678535930 AM",
="",5387,6.0,511 탎,2462 MHz,11,-86 dBm,Wi-Fi 3 (802.11g),False,446,="",="2/4/2026 6:48:41.686131330 AM",
="",5388,6.0,434 탎,2462 MHz,11,-87 dBm,Wi-Fi 3 (802.11g),False,388,="",="2/4/2026 6:48:41.686656780 AM",
="",5389,6.0,454 탎,2462 MHz,11,-86 dBm,Wi-Fi 3 (802.11g),False,403,="",="2/4/2026 6:48:41.687126590 AM",
="",5390,6.0,338 탎,2462 MHz,11,-71 dBm,Wi-Fi 3 (802.11g),False,316,="",="2/4/2026 6:48:41.692307765 AM",
="",5391,11.0,401 탎,2462 MHz,11,-86 dBm,Wi-Fi 1 (802.11b),True,373,="",="2/4/2026 6:48:41.693372310 AM",
="",5392,1.0,2008 탎,2462 MHz,11,-73 dBm,Wi-Fi 1 (802.11b),False,312,="",="2/4/2026 6:48:41.696327650 AM",
="",5393,11.0,415 탎,2462 MHz,11,-87 dBm,Wi-Fi 1 (802.11b),True,392,="",="2/4/2026 6:48:41.713168090 AM",
="",5396,1.0,2208 탎,2462 MHz,11,-77 dBm,Wi-Fi 1 (802.11b),False,337,="",="2/4/2026 6:48:41.718420475 AM",
="",5397,6.0,425 탎,2462 MHz,11,-75 dBm,Wi-Fi 3 (802.11g),False,381,="",="2/4/2026 6:48:41.721143970 AM",
="",5404,1.0,2008 탎,2462 MHz,11,-69 dBm,Wi-Fi 1 (802.11b),False,312,="",="2/4/2026 6:48:41.729735565 AM",
="",5405,1.0,2016 탎,2462 MHz,11,-80 dBm,Wi-Fi 1 (802.11b),False,313,="",="2/4/2026 6:48:41.732111040 AM",
="",5406,11.0,401 탎,2462 MHz,11,-80 dBm,Wi-Fi 1 (802.11b),False,373,="",="2/4/2026 6:48:41.734143485 AM",
="",5407,11.0,418 탎,2462 MHz,11,-80 dBm,Wi-Fi 1 (802.11b),False,396,="",="2/4/2026 6:48:41.734561455 AM",
="",5408,6.0,338 탎,2462 MHz,11,-73 dBm,Wi-Fi 3 (802.11g),False,316,="",="2/4/2026 6:48:41.743509970 AM",
="",5409,1.0,2208 탎,2462 MHz,11,-74 dBm,Wi-Fi 1 (802.11b),False,337,="",="2/4/2026 6:48:41.747527785 AM",
="",5410,1.0,1224 탎,2462 MHz,11,-78 dBm,Wi-Fi 1 (802.11b),False,214,="",="2/4/2026 6:48:41.754490070 AM",
="",5412,6.0,342 탎,2462 MHz,11,-73 dBm,Wi-Fi 3 (802.11g),False,319,="",="2/4/2026 6:48:41.769111980 AM",
="",5413,1.0,2008 탎,2462 MHz,11,-76 dBm,Wi-Fi 1 (802.11b),False,312,="",="2/4/2026 6:48:41.769617430 AM",
="",5414,1.0,2208 탎,2462 MHz,11,-69 dBm,Wi-Fi 1 (802.11b),False,337,="",="2/4/2026 6:48:41.780936315 AM",
="",5419,6.0,511 탎,2462 MHz,11,-85 dBm,Wi-Fi 3 (802.11g),False,446,="",="2/4/2026 6:48:41.788545795 AM",
="",5420,6.0,434 탎,2462 MHz,11,-85 dBm,Wi-Fi 3 (802.11g),False,388,="",="2/4/2026 6:48:41.789080725 AM",
="",5421,6.0,454 탎,2462 MHz,11,-84 dBm,Wi-Fi 3 (802.11g),False,403,="",="2/4/2026 6:48:41.789550735 AM",
="",5422,1.0,2016 탎,2462 MHz,11,-83 dBm,Wi-Fi 1 (802.11b),True,313,="",="2/4/2026 6:48:41.793742890 AM",
="",5423,11.0,401 탎,2462 MHz,11,-82 dBm,Wi-Fi 1 (802.11b),False,373,="",="2/4/2026 6:48:41.795802150 AM",
="",5424,11.0,418 탎,2462 MHz,11,-82 dBm,Wi-Fi 1 (802.11b),False,396,="",="2/4/2026 6:48:41.796220215 AM",
="",5425,1.0,2008 탎,2462 MHz,11,-69 dBm,Wi-Fi 1 (802.11b),False,312,="",="2/4/2026 6:48:41.798759290 AM",
="",5426,1.0,2016 탎,2462 MHz,11,-89 dBm,Wi-Fi 1 (802.11b),False,313,="",="2/4/2026 6:48:41.809216430 AM",
="",5429,1.0,2208 탎,2462 MHz,11,-78 dBm,Wi-Fi 1 (802.11b),False,337,="",="2/4/2026 6:48:41.820821100 AM",
="",5430,6.0,425 탎,2462 MHz,11,-76 dBm,Wi-Fi 3 (802.11g),False,381,="",="2/4/2026 6:48:41.823462965 AM",
="",5431,1.0,2008 탎,2462 MHz,11,-70 dBm,Wi-Fi 1 (802.11b),False,312,="",="2/4/2026 6:48:41.832135925 AM",
="",5432,1.0,2016 탎,2462 MHz,11,-79 dBm,Wi-Fi 1 (802.11b),False,313,="",="2/4/2026 6:48:41.834511200 AM",
="",5433,11.0,401 탎,2462 MHz,11,-79 dBm,Wi-Fi 1 (802.11b),False,373,="",="2/4/2026 6:48:41.836543760 AM",
="",5434,11.0,418 탎,2462 MHz,11,-79 dBm,Wi-Fi 1 (802.11b),False,396,="",="2/4/2026 6:48:41.836962335 AM",
="",5435,11.0,415 탎,2462 MHz,11,-83 dBm,Wi-Fi 1 (802.11b),False,392,="",="2/4/2026 6:48:41.842473255 AM",
="",5436,11.0,443 탎,2462 MHz,11,-83 dBm,Wi-Fi 1 (802.11b),False,430,="",="2/4/2026 6:48:41.842904935 AM",
="",5437,6.0,338 탎,2462 MHz,11,-75 dBm,Wi-Fi 3 (802.11g),False,316,="",="2/4/2026 6:48:41.845912690 AM",
="",5438,1.0,2208 탎,2462 MHz,11,-70 dBm,Wi-Fi 1 (802.11b),False,337,="",="2/4/2026 6:48:41.849928465 AM",
="",5442,6.0,342 탎,2462 MHz,11,-76 dBm,Wi-Fi 3 (802.11g),False,319,="",="2/4/2026 6:48:41.871511115 AM",
="",5443,1.0,2008 탎,2462 MHz,11,-79 dBm,Wi-Fi 1 (802.11b),False,312,="",="2/4/2026 6:48:41.872020165 AM",
="",5444,1.0,2208 탎,2462 MHz,11,-68 dBm,Wi-Fi 1 (802.11b),False,337,="",="2/4/2026 6:48:41.883336395 AM",
="",5448,6.0,511 탎,2462 MHz,11,-85 dBm,Wi-Fi 3 (802.11g),False,446,="",="2/4/2026 6:48:41.890930690 AM",
="",5449,6.0,434 탎,2462 MHz,11,-86 dBm,Wi-Fi 3 (802.11g),False,388,="",="2/4/2026 6:48:41.891466700 AM",
="",5450,6.0,454 탎,2462 MHz,11,-85 dBm,Wi-Fi 3 (802.11g),False,403,="",="2/4/2026 6:48:41.891927030 AM",
="",5451,6.0,1570 탎,2462 MHz,11,-85 dBm,Wi-Fi 3 (802.11g),True,229,="",="2/4/2026 6:48:41.892378450 AM",
="",5452,11.0,401 탎,2462 MHz,11,-84 dBm,Wi-Fi 1 (802.11b),False,373,="",="2/4/2026 6:48:41.898205005 AM",
="",5453,11.0,418 탎,2462 MHz,11,-84 dBm,Wi-Fi 1 (802.11b),False,396,="",="2/4/2026 6:48:41.898617615 AM",
="",5454,1.0,2008 탎,2462 MHz,11,-72 dBm,Wi-Fi 1 (802.11b),False,312,="",="2/4/2026 6:48:41.901127970 AM",
="",5455,11.0,415 탎,2462 MHz,11,-87 dBm,Wi-Fi 1 (802.11b),True,392,="",="2/4/2026 6:48:41.917958250 AM",
="",5456,11.0,431 탎,2462 MHz,11,-88 dBm,Wi-Fi 1 (802.11b),True,414,="",="2/4/2026 6:48:41.918385085 AM",
="",5457,1.0,2208 탎,2462 MHz,11,-78 dBm,Wi-Fi 1 (802.11b),False,337,="",="2/4/2026 6:48:41.923218155 AM",
="",5458,6.0,425 탎,2462 MHz,11,-75 dBm,Wi-Fi 3 (802.11g),False,381,="",="2/4/2026 6:48:41.925837125 AM",
="",5459,24.0,35 탎,2462 MHz,11,-85 dBm,Wi-Fi 3 (802.11g),False,99,="",="2/4/2026 6:48:41.932923965 AM",
="",5460,24.0,41 탎,2462 MHz,11,-84 dBm,Wi-Fi 3 (802.11g),False,117,="",="2/4/2026 6:48:41.933032250 AM",
="",5461,1.0,2008 탎,2462 MHz,11,-69 dBm,Wi-Fi 1 (802.11b),False,312,="",="2/4/2026 6:48:41.935162330 AM",
="",5462,1.0,2016 탎,2462 MHz,11,-80 dBm,Wi-Fi 1 (802.11b),False,313,="",="2/4/2026 6:48:41.937192880 AM",
="",5463,11.0,401 탎,2462 MHz,11,-80 dBm,Wi-Fi 1 (802.11b),False,373,="",="2/4/2026 6:48:41.939229500 AM",
="",5464,11.0,418 탎,2462 MHz,11,-80 dBm,Wi-Fi 1 (802.11b),False,396,="",="2/4/2026 6:48:41.939642190 AM",
="",5465,11.0,415 탎,2462 MHz,11,-82 dBm,Wi-Fi 1 (802.11b),False,392,="",="2/4/2026 6:48:41.944873950 AM",
="",5466,11.0,443 탎,2462 MHz,11,-82 dBm,Wi-Fi 1 (802.11b),False,430,="",="2/4/2026 6:48:41.945304990 AM",
="",5467,9.0,217 탎,2462 MHz,11,-84 dBm,Wi-Fi 3 (802.11g),False,229,="",="2/4/2026 6:48:41.946846200 AM",
="",5468,6.0,57 탎,2462 MHz,11,-84 dBm,Wi-Fi 3 (802.11g),False,105,="",="2/4/2026 6:48:41.947150460 AM",
="",5469,6.0,338 탎,2462 MHz,11,-73 dBm,Wi-Fi 3 (802.11g),False,316,="",="2/4/2026 6:48:41.948311585 AM",
="",5470,1.0,2208 탎,2462 MHz,11,-71 dBm,Wi-Fi 1 (802.11b),False,337,="",="2/4/2026 6:48:41.952328560 AM",
="",5471,6.0,342 탎,2462 MHz,11,-75 dBm,Wi-Fi 3 (802.11g),False,319,="",="2/4/2026 6:48:41.973913515 AM",
="",5478,6.0,338 탎,2462 MHz,11,-73 dBm,Wi-Fi 3 (802.11g),False,316,="",="2/4/2026 6:48:41.999517165 AM",
="",5479,11.0,401 탎,2462 MHz,11,-85 dBm,Wi-Fi 1 (802.11b),False,373,="",="2/4/2026 6:48:42.000602285 AM",
="",5480,11.0,418 탎,2462 MHz,11,-84 dBm,Wi-Fi 1 (802.11b),False,396,="",="2/4/2026 6:48:42.001020655 AM",
="",5481,1.0,2008 탎,2462 MHz,11,-71 dBm,Wi-Fi 1 (802.11b),False,312,="",="2/4/2026 6:48:42.003530610 AM",
="",5485,11.0,415 탎,2462 MHz,11,-86 dBm,Wi-Fi 1 (802.11b),True,392,="",="2/4/2026 6:48:42.016020335 AM",
="",5486,11.0,431 탎,2462 MHz,11,-86 dBm,Wi-Fi 1 (802.11b),True,414,="",="2/4/2026 6:48:42.016449890 AM",
="",5487,11.0,415 탎,2462 MHz,11,-89 dBm,Wi-Fi 1 (802.11b),True,392,="",="2/4/2026 6:48:42.020357210 AM",
="",5488,1.0,2208 탎,2462 MHz,11,-76 dBm,Wi-Fi 1 (802.11b),False,337,="",="2/4/2026 6:48:42.025621195 AM",
="",5489,6.0,425 탎,2462 MHz,11,-78 dBm,Wi-Fi 3 (802.11g),False,381,="",="2/4/2026 6:48:42.028253165 AM",
="",5490,1.0,2008 탎,2462 MHz,11,-69 dBm,Wi-Fi 1 (802.11b),True,312,="",="2/4/2026 6:48:42.036908885 AM",
="",5491,1.0,2016 탎,2462 MHz,11,-82 dBm,Wi-Fi 1 (802.11b),False,313,="",="2/4/2026 6:48:42.039313040 AM",
="",5492,11.0,401 탎,2462 MHz,11,-83 dBm,Wi-Fi 1 (802.11b),False,373,="",="2/4/2026 6:48:42.041344885 AM",
="",5493,11.0,418 탎,2462 MHz,11,-82 dBm,Wi-Fi 1 (802.11b),False,396,="",="2/4/2026 6:48:42.041769295 AM",
="",5494,6.0,338 탎,2462 MHz,11,-74 dBm,Wi-Fi 3 (802.11g),False,316,="",="2/4/2026 6:48:42.050714730 AM",
="",5495,1.0,2208 탎,2462 MHz,11,-72 dBm,Wi-Fi 1 (802.11b),False,337,="",="2/4/2026 6:48:42.054732025 AM",
="",5496,1.0,2008 탎,2462 MHz,11,-79 dBm,Wi-Fi 1 (802.11b),False,312,="",="2/4/2026 6:48:42.076818150 AM",
="",5497,1.0,2096 탎,2462 MHz,11,-85 dBm,Wi-Fi 1 (802.11b),False,323,="",="2/4/2026 6:48:42.080010680 AM",
="",5498,1.0,2208 탎,2462 MHz,11,-66 dBm,Wi-Fi 1 (802.11b),False,337,="",="2/4/2026 6:48:42.088136620 AM",
="",5502,6.0,511 탎,2462 MHz,11,-83 dBm,Wi-Fi 3 (802.11g),False,446,="",="2/4/2026 6:48:42.095746835 AM",
="",5503,6.0,434 탎,2462 MHz,11,-83 dBm,Wi-Fi 3 (802.11g),False,388,="",="2/4/2026 6:48:42.096273445 AM",
="",5504,6.0,454 탎,2462 MHz,11,-84 dBm,Wi-Fi 3 (802.11g),False,403,="",="2/4/2026 6:48:42.096725040 AM",
="",5505,1.0,2008 탎,2462 MHz,11,-72 dBm,Wi-Fi 1 (802.11b),False,312,="",="2/4/2026 6:48:42.105931315 AM",
="",5506,1.0,2016 탎,2462 MHz,11,-86 dBm,Wi-Fi 1 (802.11b),False,313,="",="2/4/2026 6:48:42.116418415 AM",
="",5507,11.0,415 탎,2462 MHz,11,-86 dBm,Wi-Fi 1 (802.11b),False,392,="",="2/4/2026 6:48:42.118451575 AM",
="",5508,11.0,431 탎,2462 MHz,11,-85 dBm,Wi-Fi 1 (802.11b),False,414,="",="2/4/2026 6:48:42.118880570 AM",
="",5512,1.0,2208 탎,2462 MHz,11,-79 dBm,Wi-Fi 1 (802.11b),False,337,="",="2/4/2026 6:48:42.128018925 AM",
="",5513,6.0,425 탎,2462 MHz,11,-76 dBm,Wi-Fi 3 (802.11g),False,381,="",="2/4/2026 6:48:42.130748275 AM",
="",5514,1.0,2008 탎,2462 MHz,11,-65 dBm,Wi-Fi 1 (802.11b),False,312,="",="2/4/2026 6:48:42.139339750 AM",
="",5515,1.0,2016 탎,2462 MHz,11,-81 dBm,Wi-Fi 1 (802.11b),False,313,="",="2/4/2026 6:48:42.141713730 AM",
="",5516,11.0,401 탎,2462 MHz,11,-82 dBm,Wi-Fi 1 (802.11b),False,373,="",="2/4/2026 6:48:42.143745655 AM",
="",5517,11.0,418 탎,2462 MHz,11,-81 dBm,Wi-Fi 1 (802.11b),False,396,="",="2/4/2026 6:48:42.144161160 AM",
="",5518,6.0,338 탎,2462 MHz,11,-77 dBm,Wi-Fi 3 (802.11g),False,316,="",="2/4/2026 6:48:42.153116915 AM",
="",5519,1.0,2208 탎,2462 MHz,11,-72 dBm,Wi-Fi 1 (802.11b),False,337,="",="2/4/2026 6:48:42.157131450 AM",
="",5520,1.0,2424 탎,2462 MHz,11,-87 dBm,Wi-Fi 1 (802.11b),False,364,="",="2/4/2026 6:48:42.171253680 AM",
="",5521,6.0,342 탎,2462 MHz,11,-79 dBm,Wi-Fi 3 (802.11g),False,319,="",="2/4/2026 6:48:42.178716285 AM",
="",5522,1.0,2160 탎,2462 MHz,11,-65 dBm,Wi-Fi 1 (802.11b),False,331,="",="2/4/2026 6:48:42.186468275 AM",
="",5525,1.0,1024 탎,2462 MHz,11,-44 dBm,Wi-Fi 1 (802.11b),False,189,="",="2/4/2026 6:48:42.192721665 AM",
="",5526,1.0,1960 탎,2462 MHz,11,-65 dBm,Wi-Fi 1 (802.11b),False,306,="",="2/4/2026 6:48:42.195990040 AM",
="",5527,6.0,338 탎,2462 MHz,11,-77 dBm,Wi-Fi 3 (802.11g),False,316,="",="2/4/2026 6:48:42.204317800 AM",
="",5528,1.0,2008 탎,2462 MHz,11,-72 dBm,Wi-Fi 1 (802.11b),False,312,="",="2/4/2026 6:48:42.208331165 AM",
="",5529,1.0,872 탎,2462 MHz,11,-79 dBm,Wi-Fi 1 (802.11b),False,170,="",="2/4/2026 6:48:42.215604885 AM",
="",5530,11.0,415 탎,2462 MHz,11,-89 dBm,Wi-Fi 1 (802.11b),True,392,="",="2/4/2026 6:48:42.220823490 AM",
="",5531,1.0,2208 탎,2462 MHz,11,-77 dBm,Wi-Fi 1 (802.11b),False,337,="",="2/4/2026 6:48:42.230418655 AM",
="",5532,6.0,425 탎,2462 MHz,11,-79 dBm,Wi-Fi 3 (802.11g),False,381,="",="2/4/2026 6:48:42.233158045 AM",
="",5533,1.0,2008 탎,2462 MHz,11,-67 dBm,Wi-Fi 1 (802.11b),False,312,="",="2/4/2026 6:48:42.241739600 AM",
="",5534,1.0,2016 탎,2462 MHz,11,-82 dBm,Wi-Fi 1 (802.11b),False,313,="",="2/4/2026 6:48:42.244114220 AM",
="",5535,11.0,401 탎,2462 MHz,11,-82 dBm,Wi-Fi 1 (802.11b),False,373,="",="2/4/2026 6:48:42.246146145 AM",
="",5536,11.0,418 탎,2462 MHz,11,-83 dBm,Wi-Fi 1 (802.11b),False,396,="",="2/4/2026 6:48:42.246561530 AM",
="",5537,6.0,338 탎,2462 MHz,11,-80 dBm,Wi-Fi 3 (802.11g),False,316,="",="2/4/2026 6:48:42.255517725 AM",
="",5541,1.0,2424 탎,2462 MHz,11,-88 dBm,Wi-Fi 1 (802.11b),False,364,="",="2/4/2026 6:48:42.273647985 AM",
="",5542,6.0,342 탎,2462 MHz,11,-78 dBm,Wi-Fi 3 (802.11g),False,319,="",="2/4/2026 6:48:42.281119255 AM",
="",5543,1.0,2008 탎,2462 MHz,11,-75 dBm,Wi-Fi 1 (802.11b),False,312,="",="2/4/2026 6:48:42.281618385 AM",
="",5544,1.0,2096 탎,2462 MHz,11,-88 dBm,Wi-Fi 1 (802.11b),False,323,="",="2/4/2026 6:48:42.286863640 AM",
="",5548,1.0,2208 탎,2462 MHz,11,-67 dBm,Wi-Fi 1 (802.11b),True,337,="",="2/4/2026 6:48:42.292909535 AM",
="",5552,6.0,511 탎,2462 MHz,11,-83 dBm,Wi-Fi 3 (802.11g),False,446,="",="2/4/2026 6:48:42.300538510 AM",
="",5553,6.0,434 탎,2462 MHz,11,-84 dBm,Wi-Fi 3 (802.11g),False,388,="",="2/4/2026 6:48:42.301083280 AM",
="",5554,6.0,454 탎,2462 MHz,11,-83 dBm,Wi-Fi 3 (802.11g),False,403,="",="2/4/2026 6:48:42.301552570 AM",
="",5555,11.0,401 탎,2462 MHz,11,-84 dBm,Wi-Fi 1 (802.11b),False,373,="",="2/4/2026 6:48:42.307803025 AM",
="",5556,11.0,418 탎,2462 MHz,11,-85 dBm,Wi-Fi 1 (802.11b),False,396,="",="2/4/2026 6:48:42.308218475 AM",
="",5557,1.0,2008 탎,2462 MHz,11,-74 dBm,Wi-Fi 1 (802.11b),False,312,="",="2/4/2026 6:48:42.310728230 AM",
="",5558,1.0,2288 탎,2462 MHz,11,-85 dBm,Wi-Fi 1 (802.11b),False,347,="",="2/4/2026 6:48:42.318329140 AM",
="",5559,6.0,425 탎,2462 MHz,11,-77 dBm,Wi-Fi 3 (802.11g),False,381,="",="2/4/2026 6:48:42.336806890 AM",
="",5560,1.0,2008 탎,2462 MHz,11,-71 dBm,Wi-Fi 1 (802.11b),False,312,="",="2/4/2026 6:48:42.344136665 AM",
="",5561,1.0,2016 탎,2462 MHz,11,-83 dBm,Wi-Fi 1 (802.11b),False,313,="",="2/4/2026 6:48:42.346514700 AM",
="",5562,11.0,401 탎,2462 MHz,11,-83 dBm,Wi-Fi 1 (802.11b),False,373,="",="2/4/2026 6:48:42.348546985 AM",
="",5563,11.0,418 탎,2462 MHz,11,-83 dBm,Wi-Fi 1 (802.11b),False,396,="",="2/4/2026 6:48:42.348962355 AM",
="",5564,11.0,358 탎,2462 MHz,11,-80 dBm,Wi-Fi 1 (802.11b),False,313,="",="2/4/2026 6:48:42.354099535 AM",
="",5565,11.0,415 탎,2462 MHz,11,-79 dBm,Wi-Fi 1 (802.11b),False,392,="",="2/4/2026 6:48:42.354473115 AM",
="",5566,11.0,443 탎,2462 MHz,11,-79 dBm,Wi-Fi 1 (802.11b),False,430,="",="2/4/2026 6:48:42.354904795 AM",
="",5567,6.0,338 탎,2462 MHz,11,-80 dBm,Wi-Fi 3 (802.11g),False,316,="",="2/4/2026 6:48:42.357920230 AM",
="",5568,1.0,2208 탎,2462 MHz,11,-71 dBm,Wi-Fi 1 (802.11b),False,337,="",="2/4/2026 6:48:42.361931565 AM",
="",5569,6.0,342 탎,2462 MHz,11,-79 dBm,Wi-Fi 3 (802.11g),False,319,="",="2/4/2026 6:48:42.383521015 AM",
="",5570,1.0,2008 탎,2462 MHz,11,-76 dBm,Wi-Fi 1 (802.11b),False,312,="",="2/4/2026 6:48:42.384017985 AM",
="",5571,1.0,2208 탎,2462 MHz,11,-72 dBm,Wi-Fi 1 (802.11b),False,337,="",="2/4/2026 6:48:42.395339895 AM",
="",5576,6.0,511 탎,2462 MHz,11,-84 dBm,Wi-Fi 3 (802.11g),False,446,="",="2/4/2026 6:48:42.402940815 AM",
="",5579,6.0,434 탎,2462 MHz,11,-83 dBm,Wi-Fi 3 (802.11g),True,388,="",="2/4/2026 6:48:42.403452645 AM",
="",5582,1.0,2016 탎,2462 MHz,11,-85 dBm,Wi-Fi 1 (802.11b),False,313,="",="2/4/2026 6:48:42.408171005 AM",
="",5583,11.0,401 탎,2462 MHz,11,-85 dBm,Wi-Fi 1 (802.11b),False,373,="",="2/4/2026 6:48:42.410203370 AM",
="",5584,11.0,418 탎,2462 MHz,11,-85 dBm,Wi-Fi 1 (802.11b),False,396,="",="2/4/2026 6:48:42.410618875 AM",
="",5585,1.0,2008 탎,2462 MHz,11,-74 dBm,Wi-Fi 1 (802.11b),False,312,="",="2/4/2026 6:48:42.413128695 AM",
="",5586,11.0,415 탎,2462 MHz,11,-89 dBm,Wi-Fi 1 (802.11b),True,392,="",="2/4/2026 6:48:42.425623795 AM",
="",5587,11.0,431 탎,2462 MHz,11,-88 dBm,Wi-Fi 1 (802.11b),True,414,="",="2/4/2026 6:48:42.426053030 AM",
="",5588,11.0,415 탎,2462 MHz,11,-87 dBm,Wi-Fi 1 (802.11b),True,392,="",="2/4/2026 6:48:42.429960975 AM",
="",5589,6.0,425 탎,2462 MHz,11,-76 dBm,Wi-Fi 3 (802.11g),False,381,="",="2/4/2026 6:48:42.437887000 AM",
="",5590,1.0,2008 탎,2462 MHz,11,-69 dBm,Wi-Fi 1 (802.11b),False,312,="",="2/4/2026 6:48:42.446557320 AM",
="",5591,1.0,2016 탎,2462 MHz,11,-86 dBm,Wi-Fi 1 (802.11b),False,313,="",="2/4/2026 6:48:42.448915300 AM",
="",5592,11.0,401 탎,2462 MHz,11,-86 dBm,Wi-Fi 1 (802.11b),False,373,="",="2/4/2026 6:48:42.450947865 AM",
="",5593,11.0,418 탎,2462 MHz,11,-86 dBm,Wi-Fi 1 (802.11b),False,396,="",="2/4/2026 6:48:42.451363035 AM",
="",5594,6.0,434 탎,2462 MHz,11,-89 dBm,Wi-Fi 3 (802.11g),False,388,="",="2/4/2026 6:48:42.453557780 AM",
="",5595,1.0,1024 탎,2462 MHz,11,-41 dBm,Wi-Fi 1 (802.11b),False,189,="",="2/4/2026 6:48:42.454831175 AM",
="",5596,6.0,338 탎,2462 MHz,11,-78 dBm,Wi-Fi 3 (802.11g),False,316,="",="2/4/2026 6:48:42.460321685 AM",
="",5598,1.0,2208 탎,2462 MHz,11,-75 dBm,Wi-Fi 1 (802.11b),False,337,="",="2/4/2026 6:48:42.464332020 AM",
="",5599,24.0,35 탎,2462 MHz,11,-84 dBm,Wi-Fi 3 (802.11g),False,99,="",="2/4/2026 6:48:42.466540520 AM",
="",5600,24.0,41 탎,2462 MHz,11,-83 dBm,Wi-Fi 3 (802.11g),False,117,="",="2/4/2026 6:48:42.466694905 AM",
="",5601,1.0,2424 탎,2462 MHz,11,-85 dBm,Wi-Fi 1 (802.11b),False,364,="",="2/4/2026 6:48:42.478472625 AM",
="",5602,24.0,37 탎,2462 MHz,11,-87 dBm,Wi-Fi 3 (802.11g),True,105,="",="2/4/2026 6:48:42.481281015 AM",
="",5603,24.0,35 탎,2462 MHz,11,-83 dBm,Wi-Fi 3 (802.11g),False,99,="",="2/4/2026 6:48:42.481329005 AM",
="",5604,24.0,37 탎,2462 MHz,11,-87 dBm,Wi-Fi 3 (802.11g),True,105,="",="2/4/2026 6:48:42.481492105 AM",
="",5605,24.0,35 탎,2462 MHz,11,-83 dBm,Wi-Fi 3 (802.11g),False,99,="",="2/4/2026 6:48:42.481540055 AM",
="",5606,24.0,41 탎,2462 MHz,11,-83 dBm,Wi-Fi 3 (802.11g),False,117,="",="2/4/2026 6:48:42.481711010 AM",
="",5607,24.0,37 탎,2462 MHz,11,-83 dBm,Wi-Fi 3 (802.11g),False,105,="",="2/4/2026 6:48:42.483292365 AM",
="",5608,24.0,37 탎,2462 MHz,11,-83 dBm,Wi-Fi 3 (802.11g),False,105,="",="2/4/2026 6:48:42.483556605 AM",
="",5609,24.0,37 탎,2462 MHz,11,-83 dBm,Wi-Fi 3 (802.11g),False,105,="",="2/4/2026 6:48:42.483797135 AM",
="",5610,24.0,41 탎,2462 MHz,11,-87 dBm,Wi-Fi 3 (802.11g),True,117,="",="2/4/2026 6:48:42.483959490 AM",
="",5611,6.0,342 탎,2462 MHz,11,-78 dBm,Wi-Fi 3 (802.11g),False,319,="",="2/4/2026 6:48:42.485921895 AM",
="",5612,1.0,2008 탎,2462 MHz,11,-76 dBm,Wi-Fi 1 (802.11b),False,312,="",="2/4/2026 6:48:42.486418505 AM",
="",5613,1.0,2208 탎,2462 MHz,11,-70 dBm,Wi-Fi 1 (802.11b),False,337,="",="2/4/2026 6:48:42.497740070 AM",
="",5614,11.0,439 탎,2462 MHz,11,-88 dBm,Wi-Fi 1 (802.11b),True,425,="",="2/4/2026 6:48:42.500743640 AM",
="",5616,6.0,511 탎,2462 MHz,11,-82 dBm,Wi-Fi 3 (802.11g),False,446,="",="2/4/2026 6:48:42.505334470 AM",
="",5617,6.0,434 탎,2462 MHz,11,-82 dBm,Wi-Fi 3 (802.11g),False,388,="",="2/4/2026 6:48:42.505861400 AM",
="",5619,6.0,454 탎,2462 MHz,11,-82 dBm,Wi-Fi 3 (802.11g),False,403,="",="2/4/2026 6:48:42.506321835 AM",
="",5622,11.0,401 탎,2462 MHz,11,-83 dBm,Wi-Fi 1 (802.11b),False,373,="",="2/4/2026 6:48:42.512604065 AM",
="",5623,11.0,418 탎,2462 MHz,11,-83 dBm,Wi-Fi 1 (802.11b),False,396,="",="2/4/2026 6:48:42.513019555 AM",
="",5624,1.0,2008 탎,2462 MHz,11,-75 dBm,Wi-Fi 1 (802.11b),False,312,="",="2/4/2026 6:48:42.515539110 AM",
="",5625,11.0,415 탎,2462 MHz,11,-87 dBm,Wi-Fi 1 (802.11b),True,229,="",="2/4/2026 6:48:42.528025170 AM",
="",5626,1.0,2208 탎,2462 MHz,11,-80 dBm,Wi-Fi 1 (802.11b),False,337,="",="2/4/2026 6:48:42.537618535 AM",
="",5627,6.0,425 탎,2462 MHz,11,-81 dBm,Wi-Fi 3 (802.11g),False,381,="",="2/4/2026 6:48:42.540660765 AM",
="",5631,1.0,2008 탎,2462 MHz,11,-68 dBm,Wi-Fi 1 (802.11b),False,312,="",="2/4/2026 6:48:42.548937560 AM",
="",5632,11.0,401 탎,2462 MHz,11,-84 dBm,Wi-Fi 1 (802.11b),False,373,="",="2/4/2026 6:48:42.553348705 AM",
="",5633,11.0,418 탎,2462 MHz,11,-84 dBm,Wi-Fi 1 (802.11b),False,396,="",="2/4/2026 6:48:42.553763650 AM",
="",5635,6.0,729 탎,2462 MHz,11,-88 dBm,Wi-Fi 3 (802.11g),False,229,="",="2/4/2026 6:48:42.557870550 AM",
="",5636,11.0,415 탎,2462 MHz,11,-79 dBm,Wi-Fi 1 (802.11b),False,392,="",="2/4/2026 6:48:42.560083395 AM",
="",5637,6.0,338 탎,2462 MHz,11,-77 dBm,Wi-Fi 3 (802.11g),False,316,="",="2/4/2026 6:48:42.562722925 AM",
="",5638,1.0,2208 탎,2462 MHz,11,-73 dBm,Wi-Fi 1 (802.11b),False,337,="",="2/4/2026 6:48:42.566729540 AM",
="",5642,6.0,342 탎,2462 MHz,11,-78 dBm,Wi-Fi 3 (802.11g),False,319,="",="2/4/2026 6:48:42.588323910 AM",
="",5643,1.0,2008 탎,2462 MHz,11,-78 dBm,Wi-Fi 1 (802.11b),False,312,="",="2/4/2026 6:48:42.588818240 AM",
="",5644,1.0,2208 탎,2462 MHz,11,-66 dBm,Wi-Fi 1 (802.11b),False,337,="",="2/4/2026 6:48:42.600148470 AM",
="",5645,6.0,511 탎,2462 MHz,11,-84 dBm,Wi-Fi 3 (802.11g),False,446,="",="2/4/2026 6:48:42.607734670 AM",
="",5646,6.0,434 탎,2462 MHz,11,-85 dBm,Wi-Fi 3 (802.11g),False,388,="",="2/4/2026 6:48:42.608279735 AM",
="",5647,6.0,454 탎,2462 MHz,11,-84 dBm,Wi-Fi 3 (802.11g),False,403,="",="2/4/2026 6:48:42.608758185 AM",
="",5648,6.0,345 탎,2462 MHz,11,-84 dBm,Wi-Fi 3 (802.11g),False,229,="",="2/4/2026 6:48:42.609212685 AM",
="",5649,6.0,627 탎,2462 MHz,11,-84 dBm,Wi-Fi 3 (802.11g),False,229,="",="2/4/2026 6:48:42.609583885 AM",
="",5652,1.0,2016 탎,2462 MHz,11,-80 dBm,Wi-Fi 1 (802.11b),False,313,="",="2/4/2026 6:48:42.612974675 AM",
="",5653,11.0,401 탎,2462 MHz,11,-80 dBm,Wi-Fi 1 (802.11b),False,373,="",="2/4/2026 6:48:42.615004280 AM",
="",5654,11.0,418 탎,2462 MHz,11,-80 dBm,Wi-Fi 1 (802.11b),False,396,="",="2/4/2026 6:48:42.615430410 AM",
="",5655,1.0,2008 탎,2462 MHz,11,-75 dBm,Wi-Fi 1 (802.11b),False,312,="",="2/4/2026 6:48:42.617929510 AM",
="",5656,11.0,415 탎,2462 MHz,11,-91 dBm,Wi-Fi 1 (802.11b),True,392,="",="2/4/2026 6:48:42.630428090 AM",
="",5657,1.0,2208 탎,2462 MHz,11,-79 dBm,Wi-Fi 1 (802.11b),False,337,="",="2/4/2026 6:48:42.640019030 AM",
="",5658,6.0,425 탎,2462 MHz,11,-78 dBm,Wi-Fi 3 (802.11g),False,381,="",="2/4/2026 6:48:42.642755125 AM",
="",5659,1.0,2008 탎,2462 MHz,11,-67 dBm,Wi-Fi 1 (802.11b),False,312,="",="2/4/2026 6:48:42.651337520 AM",
="",5660,1.0,2016 탎,2462 MHz,11,-84 dBm,Wi-Fi 1 (802.11b),False,313,="",="2/4/2026 6:48:42.653719395 AM",
="",5661,11.0,401 탎,2462 MHz,11,-84 dBm,Wi-Fi 1 (802.11b),False,373,="",="2/4/2026 6:48:42.655749080 AM",
="",5662,11.0,418 탎,2462 MHz,11,-84 dBm,Wi-Fi 1 (802.11b),False,396,="",="2/4/2026 6:48:42.656166370 AM",
="",5663,6.0,481 탎,2462 MHz,11,-88 dBm,Wi-Fi 3 (802.11g),False,423,="",="2/4/2026 6:48:42.658848470 AM",
="",5664,11.0,358 탎,2462 MHz,11,-83 dBm,Wi-Fi 1 (802.11b),False,313,="",="2/4/2026 6:48:42.661301125 AM",
="",5665,11.0,415 탎,2462 MHz,11,-82 dBm,Wi-Fi 1 (802.11b),False,392,="",="2/4/2026 6:48:42.661673450 AM",
="",5666,11.0,443 탎,2462 MHz,11,-81 dBm,Wi-Fi 1 (802.11b),False,430,="",="2/4/2026 6:48:42.662106170 AM",
="",5667,6.0,338 탎,2462 MHz,11,-80 dBm,Wi-Fi 3 (802.11g),False,316,="",="2/4/2026 6:48:42.665125260 AM",
="",5668,1.0,2208 탎,2462 MHz,11,-76 dBm,Wi-Fi 1 (802.11b),False,337,="",="2/4/2026 6:48:42.669129520 AM",
="",5672,1.0,2008 탎,2462 MHz,11,-76 dBm,Wi-Fi 1 (802.11b),False,312,="",="2/4/2026 6:48:42.691218340 AM",
="",5673,1.0,2208 탎,2462 MHz,11,-71 dBm,Wi-Fi 1 (802.11b),False,337,="",="2/4/2026 6:48:42.702538090 AM",
="",5674,6.0,511 탎,2462 MHz,11,-83 dBm,Wi-Fi 3 (802.11g),False,446,="",="2/4/2026 6:48:42.710136450 AM",
="",5675,6.0,434 탎,2462 MHz,11,-84 dBm,Wi-Fi 3 (802.11g),False,388,="",="2/4/2026 6:48:42.710662940 AM",
="",5676,6.0,454 탎,2462 MHz,11,-84 dBm,Wi-Fi 3 (802.11g),False,403,="",="2/4/2026 6:48:42.711144510 AM",
="",5677,6.0,201 탎,2462 MHz,11,-84 dBm,Wi-Fi 3 (802.11g),False,213,="",="2/4/2026 6:48:42.711599010 AM",
="",5678,6.0,153 탎,2462 MHz,11,-83 dBm,Wi-Fi 3 (802.11g),False,177,="",="2/4/2026 6:48:42.711822805 AM",
="",5682,1.0,2016 탎,2462 MHz,11,-84 dBm,Wi-Fi 1 (802.11b),False,313,="",="2/4/2026 6:48:42.715374640 AM",
="",5683,11.0,401 탎,2462 MHz,11,-84 dBm,Wi-Fi 1 (802.11b),False,373,="",="2/4/2026 6:48:42.717404125 AM",
="",5684,11.0,418 탎,2462 MHz,11,-84 dBm,Wi-Fi 1 (802.11b),False,396,="",="2/4/2026 6:48:42.717819830 AM",
="",5685,1.0,2008 탎,2462 MHz,11,-77 dBm,Wi-Fi 1 (802.11b),False,312,="",="2/4/2026 6:48:42.720329330 AM",
="",5686,11.0,415 탎,2462 MHz,11,-85 dBm,Wi-Fi 1 (802.11b),True,392,="",="2/4/2026 6:48:42.732829670 AM",
="",5687,1.0,2208 탎,2462 MHz,11,-74 dBm,Wi-Fi 1 (802.11b),False,337,="",="2/4/2026 6:48:42.742418795 AM",
="",5688,6.0,425 탎,2462 MHz,11,-74 dBm,Wi-Fi 3 (802.11g),False,381,="",="2/4/2026 6:48:42.745119355 AM",
="",5689,1.0,2008 탎,2462 MHz,11,-69 dBm,Wi-Fi 1 (802.11b),False,312,="",="2/4/2026 6:48:42.753927975 AM",
="",5690,11.0,401 탎,2462 MHz,11,-86 dBm,Wi-Fi 1 (802.11b),True,373,="",="2/4/2026 6:48:42.758121070 AM",
="",5691,6.0,338 탎,2462 MHz,11,-79 dBm,Wi-Fi 3 (802.11g),False,316,="",="2/4/2026 6:48:42.767527145 AM",
="",5692,1.0,2208 탎,2462 MHz,11,-76 dBm,Wi-Fi 1 (802.11b),False,337,="",="2/4/2026 6:48:42.771529505 AM",
="",5693,6.0,342 탎,2462 MHz,11,-80 dBm,Wi-Fi 3 (802.11g),False,319,="",="2/4/2026 6:48:42.793219200 AM",
="",5694,1.0,2008 탎,2462 MHz,11,-77 dBm,Wi-Fi 1 (802.11b),False,312,="",="2/4/2026 6:48:42.793618725 AM",
="",5698,1.0,2208 탎,2462 MHz,11,-69 dBm,Wi-Fi 1 (802.11b),False,337,="",="2/4/2026 6:48:42.804938035 AM",
="",5699,6.0,513 탎,2462 MHz,11,-83 dBm,Wi-Fi 3 (802.11g),False,447,="",="2/4/2026 6:48:42.812562275 AM",
="",5700,6.0,434 탎,2462 MHz,11,-83 dBm,Wi-Fi 3 (802.11g),False,388,="",="2/4/2026 6:48:42.813089580 AM",
="",5701,6.0,454 탎,2462 MHz,11,-83 dBm,Wi-Fi 3 (802.11g),False,403,="",="2/4/2026 6:48:42.813576365 AM",
="",5702,6.0,219 탎,2462 MHz,11,-84 dBm,Wi-Fi 3 (802.11g),False,227,="",="2/4/2026 6:48:42.814030865 AM",
="",5703,6.0,246 탎,2462 MHz,11,-83 dBm,Wi-Fi 3 (802.11g),False,229,="",="2/4/2026 6:48:42.814265600 AM",
="",5707,11.0,401 탎,2462 MHz,11,-84 dBm,Wi-Fi 1 (802.11b),False,373,="",="2/4/2026 6:48:42.819807285 AM",
="",5708,11.0,418 탎,2462 MHz,11,-84 dBm,Wi-Fi 1 (802.11b),False,396,="",="2/4/2026 6:48:42.820220335 AM",
="",5709,1.0,2008 탎,2462 MHz,11,-76 dBm,Wi-Fi 1 (802.11b),False,312,="",="2/4/2026 6:48:42.822731890 AM",
="",5710,6.0,425 탎,2462 MHz,11,-74 dBm,Wi-Fi 3 (802.11g),False,381,="",="2/4/2026 6:48:42.847443445 AM",
="",5711,1.0,624 탎,2462 MHz,11,-84 dBm,Wi-Fi 1 (802.11b),False,139,="",="2/4/2026 6:48:42.852668055 AM",
="",5712,1.0,624 탎,2462 MHz,11,-85 dBm,Wi-Fi 1 (802.11b),False,139,="",="2/4/2026 6:48:42.853370675 AM",
="",5713,1.0,2008 탎,2462 MHz,11,-70 dBm,Wi-Fi 1 (802.11b),False,312,="",="2/4/2026 6:48:42.856134260 AM",
="",5714,1.0,2016 탎,2462 MHz,11,-85 dBm,Wi-Fi 1 (802.11b),False,313,="",="2/4/2026 6:48:42.858516800 AM",
="",5716,11.0,401 탎,2462 MHz,11,-85 dBm,Wi-Fi 1 (802.11b),False,373,="",="2/4/2026 6:48:42.860546165 AM",
="",5717,11.0,418 탎,2462 MHz,11,-85 dBm,Wi-Fi 1 (802.11b),True,396,="",="2/4/2026 6:48:42.860935375 AM",
="",5720,6.0,434 탎,2462 MHz,11,-87 dBm,Wi-Fi 3 (802.11g),False,388,="",="2/4/2026 6:48:42.863181055 AM",
="",5721,6.0,482 탎,2462 MHz,11,-87 dBm,Wi-Fi 3 (802.11g),False,424,="",="2/4/2026 6:48:42.863664560 AM",
="",5722,6.0,1653 탎,2462 MHz,11,-88 dBm,Wi-Fi 3 (802.11g),False,229,="",="2/4/2026 6:48:42.865978110 AM",
="",5723,6.0,338 탎,2462 MHz,11,-76 dBm,Wi-Fi 3 (802.11g),False,316,="",="2/4/2026 6:48:42.869927720 AM",
="",5724,6.0,49 탎,2462 MHz,11,-87 dBm,Wi-Fi 3 (802.11g),False,99,="",="2/4/2026 6:48:42.870691405 AM",
="",5725,1.0,2208 탎,2462 MHz,11,-76 dBm,Wi-Fi 1 (802.11b),False,337,="",="2/4/2026 6:48:42.873929560 AM",
="",5726,1.0,848 탎,2462 MHz,11,-74 dBm,Wi-Fi 1 (802.11b),False,167,="",="2/4/2026 6:48:42.876193750 AM",
="",5727,1.0,848 탎,2462 MHz,11,-74 dBm,Wi-Fi 1 (802.11b),False,167,="",="2/4/2026 6:48:42.877530880 AM",
="",5728,24.0,37 탎,2462 MHz,11,-87 dBm,Wi-Fi 3 (802.11g),True,105,="",="2/4/2026 6:48:42.878827660 AM",
="",5729,6.0,49 탎,2462 MHz,11,-87 dBm,Wi-Fi 3 (802.11g),False,99,="",="2/4/2026 6:48:42.879057645 AM",
="",5730,1.0,848 탎,2462 MHz,11,-75 dBm,Wi-Fi 1 (802.11b),False,167,="",="2/4/2026 6:48:42.879106810 AM",
="",5731,24.0,35 탎,2462 MHz,11,-88 dBm,Wi-Fi 3 (802.11g),True,99,="",="2/4/2026 6:48:42.883205190 AM",
="",5732,6.0,73 탎,2462 MHz,11,-88 dBm,Wi-Fi 3 (802.11g),False,117,="",="2/4/2026 6:48:42.883362440 AM",
="",5733,1.0,304 탎,2462 MHz,11,-73 dBm,Wi-Fi 1 (802.11b),False,99,="",="2/4/2026 6:48:42.884387970 AM",
="",5734,1.0,2008 탎,2462 MHz,11,-77 dBm,Wi-Fi 1 (802.11b),False,312,="",="2/4/2026 6:48:42.896019300 AM",
="",5735,6.0,342 탎,2462 MHz,11,-78 dBm,Wi-Fi 3 (802.11g),False,319,="",="2/4/2026 6:48:42.900378335 AM",
="",5736,6.0,73 탎,2462 MHz,11,-88 dBm,Wi-Fi 3 (802.11g),False,117,="",="2/4/2026 6:48:42.902327080 AM",
="",5737,6.0,57 탎,2462 MHz,11,-87 dBm,Wi-Fi 3 (802.11g),False,105,="",="2/4/2026 6:48:42.902593065 AM",
="",5738,1.0,2208 탎,2462 MHz,11,-66 dBm,Wi-Fi 1 (802.11b),False,337,="",="2/4/2026 6:48:42.907338545 AM",
="",5739,6.0,513 탎,2462 MHz,11,-85 dBm,Wi-Fi 3 (802.11g),False,447,="",="2/4/2026 6:48:42.914940570 AM",
="",5740,6.0,434 탎,2462 MHz,11,-85 dBm,Wi-Fi 3 (802.11g),False,388,="",="2/4/2026 6:48:42.915486035 AM",
="",5741,6.0,454 탎,2462 MHz,11,-85 dBm,Wi-Fi 3 (802.11g),False,403,="",="2/4/2026 6:48:42.915937605 AM",
="",5742,6.0,338 탎,2462 MHz,11,-78 dBm,Wi-Fi 3 (802.11g),False,316,="",="2/4/2026 6:48:42.921129660 AM",
="",5743,11.0,401 탎,2462 MHz,11,-84 dBm,Wi-Fi 1 (802.11b),False,373,="",="2/4/2026 6:48:42.922204900 AM",
="",5745,11.0,418 탎,2462 MHz,11,-83 dBm,Wi-Fi 1 (802.11b),False,396,="",="2/4/2026 6:48:42.922620365 AM",
="",5751,72.2,39 탎,2462 MHz,11,-88 dBm,Wi-Fi 4 (802.11n),True,117,="",="2/4/2026 6:48:42.943300735 AM",
="",5752,1.0,2208 탎,2462 MHz,11,-77 dBm,Wi-Fi 1 (802.11b),False,337,="",="2/4/2026 6:48:42.947219530 AM",
="",5753,6.0,425 탎,2462 MHz,11,-73 dBm,Wi-Fi 3 (802.11g),False,381,="",="2/4/2026 6:48:42.949973440 AM",
="",5754,1.0,2008 탎,2462 MHz,11,-63 dBm,Wi-Fi 1 (802.11b),False,312,="",="2/4/2026 6:48:42.958540675 AM",
="",5755,1.0,2016 탎,2462 MHz,11,-85 dBm,Wi-Fi 1 (802.11b),False,313,="",="2/4/2026 6:48:42.960917990 AM",
="",5756,11.0,401 탎,2462 MHz,11,-84 dBm,Wi-Fi 1 (802.11b),False,373,="",="2/4/2026 6:48:42.962950555 AM",
="",5757,11.0,418 탎,2462 MHz,11,-84 dBm,Wi-Fi 1 (802.11b),True,396,="",="2/4/2026 6:48:42.963336230 AM",
="",5758,6.0,434 탎,2462 MHz,11,-88 dBm,Wi-Fi 3 (802.11g),False,388,="",="2/4/2026 6:48:42.965559335 AM",
="",5759,6.0,481 탎,2462 MHz,11,-89 dBm,Wi-Fi 3 (802.11g),False,423,="",="2/4/2026 6:48:42.966030290 AM",
="",5760,24.0,41 탎,2462 MHz,11,-89 dBm,Wi-Fi 3 (802.11g),True,117,="",="2/4/2026 6:48:42.967997190 AM",
="",5761,6.0,338 탎,2462 MHz,11,-79 dBm,Wi-Fi 3 (802.11g),False,316,="",="2/4/2026 6:48:42.972329615 AM",
="",5762,1.0,2208 탎,2462 MHz,11,-77 dBm,Wi-Fi 1 (802.11b),False,337,="",="2/4/2026 6:48:42.976329615 AM",
="",5763,1.0,2424 탎,2462 MHz,11,-86 dBm,Wi-Fi 1 (802.11b),False,364,="",="2/4/2026 6:48:42.990463795 AM",
="",5764,1.0,2008 탎,2462 MHz,11,-73 dBm,Wi-Fi 1 (802.11b),False,312,="",="2/4/2026 6:48:42.998419355 AM",
="",5765,6.0,342 탎,2462 MHz,11,-77 dBm,Wi-Fi 3 (802.11g),False,319,="",="2/4/2026 6:48:43.002778630 AM",
="",5766,1.0,2208 탎,2462 MHz,11,-64 dBm,Wi-Fi 1 (802.11b),False,337,="",="2/4/2026 6:48:43.009752440 AM",
="",5767,6.0,513 탎,2462 MHz,11,-85 dBm,Wi-Fi 3 (802.11g),False,447,="",="2/4/2026 6:48:43.017369745 AM",
="",5768,6.0,434 탎,2462 MHz,11,-85 dBm,Wi-Fi 3 (802.11g),False,388,="",="2/4/2026 6:48:43.017926305 AM",
="",5769,6.0,454 탎,2462 MHz,11,-85 dBm,Wi-Fi 3 (802.11g),False,403,="",="2/4/2026 6:48:43.018375715 AM",
="",5770,1.0,2016 탎,2462 MHz,11,-83 dBm,Wi-Fi 1 (802.11b),False,313,="",="2/4/2026 6:48:43.022574830 AM",
="",5771,11.0,401 탎,2462 MHz,11,-83 dBm,Wi-Fi 1 (802.11b),False,373,="",="2/4/2026 6:48:43.024604955 AM",
="",5772,11.0,418 탎,2462 MHz,11,-83 dBm,Wi-Fi 1 (802.11b),True,396,="",="2/4/2026 6:48:43.025001285 AM",
="",5776,1.0,2288 탎,2462 MHz,11,-86 dBm,Wi-Fi 1 (802.11b),False,347,="",="2/4/2026 6:48:43.035152430 AM",
="",5780,1.0,2208 탎,2462 MHz,11,-78 dBm,Wi-Fi 1 (802.11b),False,337,="",="2/4/2026 6:48:43.049619705 AM",
="",5781,6.0,425 탎,2462 MHz,11,-75 dBm,Wi-Fi 3 (802.11g),False,381,="",="2/4/2026 6:48:43.052501300 AM",
="",5782,1.0,2008 탎,2462 MHz,11,-66 dBm,Wi-Fi 1 (802.11b),False,312,="",="2/4/2026 6:48:43.060938090 AM",
="",5783,1.0,2016 탎,2462 MHz,11,-77 dBm,Wi-Fi 1 (802.11b),False,313,="",="2/4/2026 6:48:43.063328285 AM",
="",5784,11.0,401 탎,2462 MHz,11,-77 dBm,Wi-Fi 1 (802.11b),False,373,="",="2/4/2026 6:48:43.065351675 AM",
="",5785,11.0,418 탎,2462 MHz,11,-78 dBm,Wi-Fi 1 (802.11b),False,396,="",="2/4/2026 6:48:43.065766740 AM",
="",5786,6.0,434 탎,2462 MHz,11,-88 dBm,Wi-Fi 3 (802.11g),False,388,="",="2/4/2026 6:48:43.067970790 AM",
="",5787,6.0,481 탎,2462 MHz,11,-88 dBm,Wi-Fi 3 (802.11g),False,423,="",="2/4/2026 6:48:43.068433025 AM",
="",5791,6.0,338 탎,2462 MHz,11,-83 dBm,Wi-Fi 3 (802.11g),False,316,="",="2/4/2026 6:48:43.074735190 AM",
="",5792,1.0,2208 탎,2462 MHz,11,-76 dBm,Wi-Fi 1 (802.11b),False,337,="",="2/4/2026 6:48:43.078729990 AM",
="",5793,1.0,2424 탎,2462 MHz,11,-84 dBm,Wi-Fi 1 (802.11b),False,364,="",="2/4/2026 6:48:43.092864395 AM",
="",5794,1.0,2008 탎,2462 MHz,11,-79 dBm,Wi-Fi 1 (802.11b),False,312,="",="2/4/2026 6:48:43.100819555 AM",
="",5795,1.0,2096 탎,2462 MHz,11,-85 dBm,Wi-Fi 1 (802.11b),False,323,="",="2/4/2026 6:48:43.104053475 AM",
="",5797,6.0,513 탎,2462 MHz,11,-83 dBm,Wi-Fi 3 (802.11g),False,447,="",="2/4/2026 6:48:43.119762760 AM",
="",5798,6.0,434 탎,2462 MHz,11,-83 dBm,Wi-Fi 3 (802.11g),False,388,="",="2/4/2026 6:48:43.120317065 AM",
="",5799,6.0,454 탎,2462 MHz,11,-83 dBm,Wi-Fi 3 (802.11g),False,403,="",="2/4/2026 6:48:43.120786675 AM",
="",5800,6.0,599 탎,2462 MHz,11,-83 dBm,Wi-Fi 3 (802.11g),False,229,="",="2/4/2026 6:48:43.121241175 AM",
="",5801,6.0,626 탎,2462 MHz,11,-82 dBm,Wi-Fi 3 (802.11g),False,229,="",="2/4/2026 6:48:43.121866495 AM",
="",5802,6.0,338 탎,2462 MHz,11,-80 dBm,Wi-Fi 3 (802.11g),False,316,="",="2/4/2026 6:48:43.125932050 AM",
="",5806,11.0,415 탎,2462 MHz,11,-88 dBm,Wi-Fi 1 (802.11b),True,392,="",="2/4/2026 6:48:43.146767280 AM",
="",5811,1.0,2008 탎,2462 MHz,11,-70 dBm,Wi-Fi 1 (802.11b),False,312,="",="2/4/2026 6:48:43.163338370 AM",
="",5812,1.0,2016 탎,2462 MHz,11,-79 dBm,Wi-Fi 1 (802.11b),False,313,="",="2/4/2026 6:48:43.165719390 AM",
="",5813,11.0,401 탎,2462 MHz,11,-80 dBm,Wi-Fi 1 (802.11b),False,373,="",="2/4/2026 6:48:43.167754515 AM",
="",5814,11.0,418 탎,2462 MHz,11,-80 dBm,Wi-Fi 1 (802.11b),False,396,="",="2/4/2026 6:48:43.168169820 AM",
="",5815,11.0,358 탎,2462 MHz,11,-80 dBm,Wi-Fi 1 (802.11b),False,313,="",="2/4/2026 6:48:43.173303920 AM",
="",5816,11.0,415 탎,2462 MHz,11,-81 dBm,Wi-Fi 1 (802.11b),False,392,="",="2/4/2026 6:48:43.173677500 AM",
="",5817,11.0,443 탎,2462 MHz,11,-80 dBm,Wi-Fi 1 (802.11b),False,430,="",="2/4/2026 6:48:43.174111740 AM",
="",5818,6.0,338 탎,2462 MHz,11,-81 dBm,Wi-Fi 3 (802.11g),False,316,="",="2/4/2026 6:48:43.180318635 AM",
="",5819,1.0,2208 탎,2462 MHz,11,-73 dBm,Wi-Fi 1 (802.11b),False,337,="",="2/4/2026 6:48:43.181130150 AM",
="",5820,1.0,2424 탎,2462 MHz,11,-84 dBm,Wi-Fi 1 (802.11b),True,364,="",="2/4/2026 6:48:43.195253795 AM",
="",5821,1.0,2008 탎,2462 MHz,11,-78 dBm,Wi-Fi 1 (802.11b),False,312,="",="2/4/2026 6:48:43.203221835 AM",
="",5822,1.0,2096 탎,2462 MHz,11,-86 dBm,Wi-Fi 1 (802.11b),False,323,="",="2/4/2026 6:48:43.206446060 AM",
="",5823,6.0,342 탎,2462 MHz,11,-81 dBm,Wi-Fi 3 (802.11g),False,319,="",="2/4/2026 6:48:43.209041980 AM",
="",5828,1.0,2208 탎,2462 MHz,11,-64 dBm,Wi-Fi 1 (802.11b),False,337,="",="2/4/2026 6:48:43.214538705 AM",
="",5829,6.0,513 탎,2462 MHz,11,-84 dBm,Wi-Fi 3 (802.11g),False,447,="",="2/4/2026 6:48:43.222150985 AM",
="",5830,6.0,434 탎,2462 MHz,11,-84 dBm,Wi-Fi 3 (802.11g),False,388,="",="2/4/2026 6:48:43.222696970 AM",
="",5831,6.0,454 탎,2462 MHz,11,-84 dBm,Wi-Fi 3 (802.11g),False,403,="",="2/4/2026 6:48:43.223150460 AM",
="",5833,11.0,401 탎,2462 MHz,11,-83 dBm,Wi-Fi 1 (802.11b),False,373,="",="2/4/2026 6:48:43.229408595 AM",
="",5834,11.0,418 탎,2462 MHz,11,-83 dBm,Wi-Fi 1 (802.11b),False,396,="",="2/4/2026 6:48:43.229824085 AM",
="",5835,1.0,2008 탎,2462 MHz,11,-74 dBm,Wi-Fi 1 (802.11b),False,312,="",="2/4/2026 6:48:43.232329680 AM",
="",5839,1.0,2208 탎,2462 MHz,11,-73 dBm,Wi-Fi 1 (802.11b),False,337,="",="2/4/2026 6:48:43.254419305 AM",
="",5840,6.0,425 탎,2462 MHz,11,-73 dBm,Wi-Fi 3 (802.11g),False,381,="",="2/4/2026 6:48:43.257312620 AM",
="",5842,1.0,2008 탎,2462 MHz,11,-67 dBm,Wi-Fi 1 (802.11b),False,312,="",="2/4/2026 6:48:43.266213965 AM",
="",5843,1.0,2016 탎,2462 MHz,11,-82 dBm,Wi-Fi 1 (802.11b),False,313,="",="2/4/2026 6:48:43.268269850 AM",
="",5844,11.0,401 탎,2462 MHz,11,-82 dBm,Wi-Fi 1 (802.11b),False,373,="",="2/4/2026 6:48:43.270303815 AM",
="",5845,11.0,418 탎,2462 MHz,11,-82 dBm,Wi-Fi 1 (802.11b),False,396,="",="2/4/2026 6:48:43.270733280 AM",
="",5846,11.0,358 탎,2462 MHz,11,-79 dBm,Wi-Fi 1 (802.11b),False,313,="",="2/4/2026 6:48:43.275703960 AM",
="",5847,11.0,443 탎,2462 MHz,11,-80 dBm,Wi-Fi 1 (802.11b),False,430,="",="2/4/2026 6:48:43.276515085 AM",
="",5848,6.0,338 탎,2462 MHz,11,-78 dBm,Wi-Fi 3 (802.11g),False,316,="",="2/4/2026 6:48:43.279535135 AM",
="",5849,11.0,427 탎,2462 MHz,11,-90 dBm,Wi-Fi 1 (802.11b),True,408,="",="2/4/2026 6:48:43.285729365 AM",
="",5854,1.0,2208 탎,2462 MHz,11,-69 dBm,Wi-Fi 1 (802.11b),False,337,="",="2/4/2026 6:48:43.316939010 AM",
="",5855,11.0,439 탎,2462 MHz,11,-88 dBm,Wi-Fi 1 (802.11b),True,425,="",="2/4/2026 6:48:43.319944875 AM",
="",5856,6.0,513 탎,2462 MHz,11,-82 dBm,Wi-Fi 3 (802.11g),False,447,="",="2/4/2026 6:48:43.324560770 AM",
="",5857,6.0,434 탎,2462 MHz,11,-82 dBm,Wi-Fi 3 (802.11g),False,388,="",="2/4/2026 6:48:43.325115290 AM",
="",5858,6.0,454 탎,2462 MHz,11,-80 dBm,Wi-Fi 3 (802.11g),False,403,="",="2/4/2026 6:48:43.325575700 AM",
="",5859,1.0,2016 탎,2462 MHz,11,-85 dBm,Wi-Fi 1 (802.11b),False,313,="",="2/4/2026 6:48:43.329773855 AM",
="",5860,11.0,401 탎,2462 MHz,11,-85 dBm,Wi-Fi 1 (802.11b),True,373,="",="2/4/2026 6:48:43.331790355 AM",
="",5861,11.0,418 탎,2462 MHz,11,-85 dBm,Wi-Fi 1 (802.11b),True,396,="",="2/4/2026 6:48:43.332191655 AM",
="",5862,1.0,2008 탎,2462 MHz,11,-73 dBm,Wi-Fi 1 (802.11b),False,312,="",="2/4/2026 6:48:43.334729945 AM",
="",5869,11.0,415 탎,2462 MHz,11,-86 dBm,Wi-Fi 1 (802.11b),True,392,="",="2/4/2026 6:48:43.351568905 AM",
="",5870,1.0,2208 탎,2462 MHz,11,-75 dBm,Wi-Fi 1 (802.11b),False,337,="",="2/4/2026 6:48:43.356822690 AM",
="",5871,6.0,425 탎,2462 MHz,11,-74 dBm,Wi-Fi 3 (802.11g),False,381,="",="2/4/2026 6:48:43.359483555 AM",
="",5872,1.0,2136 탎,2462 MHz,11,-91 dBm,Wi-Fi 1 (802.11b),False,328,="",="2/4/2026 6:48:43.362982500 AM",
="",5873,1.0,2008 탎,2462 MHz,11,-75 dBm,Wi-Fi 1 (802.11b),False,312,="",="2/4/2026 6:48:43.368138500 AM",
="",5874,1.0,2016 탎,2462 MHz,11,-79 dBm,Wi-Fi 1 (802.11b),False,313,="",="2/4/2026 6:48:43.370520375 AM",
="",5875,11.0,401 탎,2462 MHz,11,-80 dBm,Wi-Fi 1 (802.11b),False,373,="",="2/4/2026 6:48:43.372552860 AM",
="",5876,11.0,418 탎,2462 MHz,11,-79 dBm,Wi-Fi 1 (802.11b),False,396,="",="2/4/2026 6:48:43.372970990 AM",
="",5877,11.0,415 탎,2462 MHz,11,-82 dBm,Wi-Fi 1 (802.11b),False,392,="",="2/4/2026 6:48:43.378481150 AM",
="",5878,6.0,338 탎,2462 MHz,11,-82 dBm,Wi-Fi 3 (802.11g),False,316,="",="2/4/2026 6:48:43.381937640 AM",
="",5879,1.0,2424 탎,2462 MHz,11,-86 dBm,Wi-Fi 1 (802.11b),False,364,="",="2/4/2026 6:48:43.400069485 AM",
="",5880,1.0,2008 탎,2462 MHz,11,-75 dBm,Wi-Fi 1 (802.11b),False,312,="",="2/4/2026 6:48:43.408019405 AM",
="",5881,1.0,2208 탎,2462 MHz,11,-65 dBm,Wi-Fi 1 (802.11b),False,337,="",="2/4/2026 6:48:43.419338930 AM",
="",5882,6.0,513 탎,2462 MHz,11,-80 dBm,Wi-Fi 3 (802.11g),False,447,="",="2/4/2026 6:48:43.426947595 AM",
="",5883,6.0,434 탎,2462 MHz,11,-81 dBm,Wi-Fi 3 (802.11g),False,388,="",="2/4/2026 6:48:43.427499875 AM",
="",5884,6.0,454 탎,2462 MHz,11,-81 dBm,Wi-Fi 3 (802.11g),False,403,="",="2/4/2026 6:48:43.427951550 AM",
="",5885,6.0,599 탎,2462 MHz,11,-81 dBm,Wi-Fi 3 (802.11g),False,229,="",="2/4/2026 6:48:43.428406050 AM",
="",5886,6.0,626 탎,2462 MHz,11,-80 dBm,Wi-Fi 3 (802.11g),False,229,="",="2/4/2026 6:48:43.429034210 AM",
="",5887,1.0,2008 탎,2462 MHz,11,-76 dBm,Wi-Fi 1 (802.11b),False,312,="",="2/4/2026 6:48:43.437133290 AM",
="",5891,1.0,2288 탎,2462 MHz,11,-86 dBm,Wi-Fi 1 (802.11b),False,347,="",="2/4/2026 6:48:43.444749575 AM",
="",5895,6.0,425 탎,2462 MHz,11,-76 dBm,Wi-Fi 3 (802.11g),False,381,="",="2/4/2026 6:48:43.461893995 AM",
="",5896,1.0,2008 탎,2462 MHz,11,-61 dBm,Wi-Fi 1 (802.11b),False,312,="",="2/4/2026 6:48:43.470541740 AM",
="",5897,1.0,2016 탎,2462 MHz,11,-78 dBm,Wi-Fi 1 (802.11b),False,313,="",="2/4/2026 6:48:43.472921175 AM",
="",5898,11.0,401 탎,2462 MHz,11,-79 dBm,Wi-Fi 1 (802.11b),False,373,="",="2/4/2026 6:48:43.474954180 AM",
="",5899,11.0,418 탎,2462 MHz,11,-78 dBm,Wi-Fi 1 (802.11b),False,396,="",="2/4/2026 6:48:43.475369470 AM",
="",5902,6.0,338 탎,2462 MHz,11,-81 dBm,Wi-Fi 3 (802.11g),False,316,="",="2/4/2026 6:48:43.484338440 AM",
="",5904,1.0,2208 탎,2462 MHz,11,-72 dBm,Wi-Fi 1 (802.11b),False,337,="",="2/4/2026 6:48:43.488330480 AM",
="",5905,1.0,2008 탎,2462 MHz,11,-76 dBm,Wi-Fi 1 (802.11b),False,312,="",="2/4/2026 6:48:43.510419460 AM",
="",5906,24.0,40 탎,2462 MHz,11,-85 dBm,Wi-Fi 3 (802.11g),False,115,="",="2/4/2026 6:48:43.519776520 AM",
="",5907,24.0,37 탎,2462 MHz,11,-82 dBm,Wi-Fi 3 (802.11g),True,105,="",="2/4/2026 6:48:43.519878055 AM",
="",5908,24.0,40 탎,2462 MHz,11,-85 dBm,Wi-Fi 3 (802.11g),False,115,="",="2/4/2026 6:48:43.520003770 AM",
="",5909,24.0,40 탎,2462 MHz,11,-84 dBm,Wi-Fi 3 (802.11g),False,115,="",="2/4/2026 6:48:43.520145270 AM",
="",5910,1.0,2208 탎,2462 MHz,11,-62 dBm,Wi-Fi 1 (802.11b),False,337,="",="2/4/2026 6:48:43.522295170 AM",
="",5911,6.0,513 탎,2462 MHz,11,-84 dBm,Wi-Fi 3 (802.11g),False,447,="",="2/4/2026 6:48:43.529480590 AM",
="",5912,6.0,434 탎,2462 MHz,11,-84 dBm,Wi-Fi 3 (802.11g),False,388,="",="2/4/2026 6:48:43.530013775 AM",
="",5913,6.0,454 탎,2462 MHz,11,-83 dBm,Wi-Fi 3 (802.11g),False,403,="",="2/4/2026 6:48:43.530492305 AM",
="",5914,6.0,49 탎,2462 MHz,11,-83 dBm,Wi-Fi 3 (802.11g),False,99,="",="2/4/2026 6:48:43.532587835 AM",
="",5915,6.0,70 탎,2462 MHz,11,-84 dBm,Wi-Fi 3 (802.11g),False,115,="",="2/4/2026 6:48:43.532856600 AM",
="",5916,6.0,49 탎,2462 MHz,11,-84 dBm,Wi-Fi 3 (802.11g),False,99,="",="2/4/2026 6:48:43.532984935 AM",
="",5917,6.0,338 탎,2462 MHz,11,-80 dBm,Wi-Fi 3 (802.11g),False,316,="",="2/4/2026 6:48:43.535540500 AM",
="",5918,24.0,35 탎,2462 MHz,11,-82 dBm,Wi-Fi 3 (802.11g),True,99,="",="2/4/2026 6:48:43.537091370 AM",
="",5919,24.0,37 탎,2462 MHz,11,-83 dBm,Wi-Fi 3 (802.11g),False,105,="",="2/4/2026 6:48:43.538994515 AM",
="",5920,24.0,37 탎,2462 MHz,11,-83 dBm,Wi-Fi 3 (802.11g),False,105,="",="2/4/2026 6:48:43.539238460 AM",
="",5921,1.0,1152 탎,2462 MHz,11,-69 dBm,Wi-Fi 1 (802.11b),False,205,="",="2/4/2026 6:48:43.542452870 AM",
="",5922,1.0,2160 탎,2462 MHz,11,-62 dBm,Wi-Fi 1 (802.11b),False,331,="",="2/4/2026 6:48:43.546493645 AM",
="",5923,1.0,2160 탎,2462 MHz,11,-70 dBm,Wi-Fi 1 (802.11b),False,331,="",="2/4/2026 6:48:43.548705510 AM",
="",5924,1.0,2160 탎,2462 MHz,11,-71 dBm,Wi-Fi 1 (802.11b),False,331,="",="2/4/2026 6:48:43.550991060 AM",
="",5928,1.0,1960 탎,2462 MHz,11,-70 dBm,Wi-Fi 1 (802.11b),False,306,="",="2/4/2026 6:48:43.557613380 AM",
="",5929,1.0,2160 탎,2462 MHz,11,-62 dBm,Wi-Fi 1 (802.11b),False,331,="",="2/4/2026 6:48:43.559935100 AM",
="",5930,11.0,414 탎,2462 MHz,11,-75 dBm,Wi-Fi 1 (802.11b),True,390,="",="2/4/2026 6:48:43.562171570 AM",
="",5931,1.0,2160 탎,2462 MHz,11,-61 dBm,Wi-Fi 1 (802.11b),False,331,="",="2/4/2026 6:48:43.564689300 AM",
="",5932,1.0,1960 탎,2462 MHz,11,-61 dBm,Wi-Fi 1 (802.11b),False,306,="",="2/4/2026 6:48:43.566987015 AM",
="",5933,1.0,1960 탎,2462 MHz,11,-61 dBm,Wi-Fi 1 (802.11b),False,306,="",="2/4/2026 6:48:43.569068620 AM",
="",5934,1.0,2008 탎,2462 MHz,11,-60 dBm,Wi-Fi 1 (802.11b),False,312,="",="2/4/2026 6:48:43.572939155 AM",
="",5935,1.0,1960 탎,2462 MHz,11,-60 dBm,Wi-Fi 1 (802.11b),False,306,="",="2/4/2026 6:48:43.574990370 AM",
="",5936,1.0,2016 탎,2462 MHz,11,-76 dBm,Wi-Fi 1 (802.11b),False,313,="",="2/4/2026 6:48:43.577289070 AM",
="",5937,11.0,401 탎,2462 MHz,11,-76 dBm,Wi-Fi 1 (802.11b),False,373,="",="2/4/2026 6:48:43.579321635 AM",
="",5938,11.0,418 탎,2462 MHz,11,-77 dBm,Wi-Fi 1 (802.11b),False,396,="",="2/4/2026 6:48:43.579739365 AM",
="",5939,6.0,49 탎,2462 MHz,11,-81 dBm,Wi-Fi 3 (802.11g),False,99,="",="2/4/2026 6:48:43.580753845 AM",
="",5940,6.0,481 탎,2462 MHz,11,-88 dBm,Wi-Fi 3 (802.11g),False,423,="",="2/4/2026 6:48:43.580983650 AM",
="",5941,11.0,415 탎,2462 MHz,11,-80 dBm,Wi-Fi 1 (802.11b),False,392,="",="2/4/2026 6:48:43.583279765 AM",
="",5942,6.0,338 탎,2462 MHz,11,-80 dBm,Wi-Fi 3 (802.11g),False,316,="",="2/4/2026 6:48:43.586742375 AM",
="",5943,1.0,2208 탎,2462 MHz,11,-75 dBm,Wi-Fi 1 (802.11b),False,337,="",="2/4/2026 6:48:43.590731095 AM",
="",5944,1.0,1152 탎,2462 MHz,11,-63 dBm,Wi-Fi 1 (802.11b),False,205,="",="2/4/2026 6:48:43.612184030 AM",
="",5945,1.0,2160 탎,2462 MHz,11,-59 dBm,Wi-Fi 1 (802.11b),False,331,="",="2/4/2026 6:48:43.613892225 AM",
="",5946,1.0,2160 탎,2462 MHz,11,-59 dBm,Wi-Fi 1 (802.11b),False,331,="",="2/4/2026 6:48:43.616178295 AM",
="",5950,1.0,304 탎,2462 MHz,11,-64 dBm,Wi-Fi 1 (802.11b),False,99,="",="2/4/2026 6:48:43.620620845 AM",
="",5951,1.0,1960 탎,2462 MHz,11,-59 dBm,Wi-Fi 1 (802.11b),False,306,="",="2/4/2026 6:48:43.621023770 AM",
="",5952,1.0,304 탎,2462 MHz,11,-65 dBm,Wi-Fi 1 (802.11b),False,99,="",="2/4/2026 6:48:43.622984270 AM",
="",5953,1.0,2208 탎,2462 MHz,11,-60 dBm,Wi-Fi 1 (802.11b),False,337,="",="2/4/2026 6:48:43.624139425 AM",
="",5954,6.0,511 탎,2462 MHz,11,-81 dBm,Wi-Fi 3 (802.11g),False,446,="",="2/4/2026 6:48:43.631766920 AM",
="",5955,6.0,434 탎,2462 MHz,11,-81 dBm,Wi-Fi 3 (802.11g),False,388,="",="2/4/2026 6:48:43.632294050 AM",
="",5956,6.0,454 탎,2462 MHz,11,-81 dBm,Wi-Fi 3 (802.11g),False,403,="",="2/4/2026 6:48:43.632745205 AM",
="",5957,6.0,599 탎,2462 MHz,11,-82 dBm,Wi-Fi 3 (802.11g),False,229,="",="2/4/2026 6:48:43.633199705 AM",
="",5958,6.0,626 탎,2462 MHz,11,-81 dBm,Wi-Fi 3 (802.11g),False,229,="",="2/4/2026 6:48:43.633825425 AM",
="",5959,6.0,627 탎,2462 MHz,11,-82 dBm,Wi-Fi 3 (802.11g),False,229,="",="2/4/2026 6:48:43.634479855 AM",
="",5960,6.0,654 탎,2462 MHz,11,-82 dBm,Wi-Fi 3 (802.11g),False,229,="",="2/4/2026 6:48:43.635134675 AM",
="",5961,6.0,338 탎,2462 MHz,11,-79 dBm,Wi-Fi 3 (802.11g),False,316,="",="2/4/2026 6:48:43.637944555 AM",
="",5962,11.0,401 탎,2462 MHz,11,-85 dBm,Wi-Fi 1 (802.11b),False,373,="",="2/4/2026 6:48:43.639006980 AM",
="",5963,11.0,418 탎,2462 MHz,11,-84 dBm,Wi-Fi 1 (802.11b),False,396,="",="2/4/2026 6:48:43.639422240 AM",
="",5964,1.0,2008 탎,2462 MHz,11,-74 dBm,Wi-Fi 1 (802.11b),False,312,="",="2/4/2026 6:48:43.641940745 AM",
="",5965,1.0,2288 탎,2462 MHz,11,-87 dBm,Wi-Fi 1 (802.11b),False,347,="",="2/4/2026 6:48:43.649555750 AM",
="",5969,11.0,431 탎,2462 MHz,11,-88 dBm,Wi-Fi 1 (802.11b),True,414,="",="2/4/2026 6:48:43.659200780 AM",
="",5970,1.0,2208 탎,2462 MHz,11,-76 dBm,Wi-Fi 1 (802.11b),False,337,="",="2/4/2026 6:48:43.664020290 AM",
="",5971,1.0,2008 탎,2462 MHz,11,-62 dBm,Wi-Fi 1 (802.11b),False,312,="",="2/4/2026 6:48:43.675352755 AM",
="",5972,1.0,2016 탎,2462 MHz,11,-81 dBm,Wi-Fi 1 (802.11b),False,313,="",="2/4/2026 6:48:43.677722695 AM",
="",5973,11.0,401 탎,2462 MHz,11,-82 dBm,Wi-Fi 1 (802.11b),False,373,="",="2/4/2026 6:48:43.679754940 AM",
="",5974,11.0,418 탎,2462 MHz,11,-81 dBm,Wi-Fi 1 (802.11b),False,396,="",="2/4/2026 6:48:43.680170205 AM",
="",5975,11.0,358 탎,2462 MHz,11,-80 dBm,Wi-Fi 1 (802.11b),False,313,="",="2/4/2026 6:48:43.685306465 AM",
="",5976,11.0,415 탎,2462 MHz,11,-80 dBm,Wi-Fi 1 (802.11b),False,392,="",="2/4/2026 6:48:43.685680045 AM",
="",5977,11.0,443 탎,2462 MHz,11,-80 dBm,Wi-Fi 1 (802.11b),False,430,="",="2/4/2026 6:48:43.686111085 AM",
="",5978,6.0,338 탎,2462 MHz,11,-79 dBm,Wi-Fi 3 (802.11g),False,316,="",="2/4/2026 6:48:43.689142815 AM",
="",5979,1.0,2208 탎,2462 MHz,11,-72 dBm,Wi-Fi 1 (802.11b),False,337,="",="2/4/2026 6:48:43.693133975 AM",
="",5980,1.0,2008 탎,2462 MHz,11,-73 dBm,Wi-Fi 1 (802.11b),False,312,="",="2/4/2026 6:48:43.715219620 AM",
="",5981,1.0,2096 탎,2462 MHz,11,-87 dBm,Wi-Fi 1 (802.11b),False,323,="",="2/4/2026 6:48:43.718439165 AM",
="",5982,6.0,342 탎,2462 MHz,11,-81 dBm,Wi-Fi 3 (802.11g),False,319,="",="2/4/2026 6:48:43.721020045 AM",
="",5986,1.0,2208 탎,2462 MHz,11,-67 dBm,Wi-Fi 1 (802.11b),False,337,="",="2/4/2026 6:48:43.726539505 AM",
="",5987,11.0,439 탎,2462 MHz,11,-88 dBm,Wi-Fi 1 (802.11b),True,425,="",="2/4/2026 6:48:43.729545755 AM",
="",5988,6.0,511 탎,2462 MHz,11,-80 dBm,Wi-Fi 3 (802.11g),False,446,="",="2/4/2026 6:48:43.734150225 AM",
="",5989,6.0,434 탎,2462 MHz,11,-81 dBm,Wi-Fi 3 (802.11g),False,388,="",="2/4/2026 6:48:43.734703610 AM",
="",5990,6.0,454 탎,2462 MHz,11,-81 dBm,Wi-Fi 3 (802.11g),False,403,="",="2/4/2026 6:48:43.735182500 AM",
="",5991,1.0,2008 탎,2462 MHz,11,-72 dBm,Wi-Fi 1 (802.11b),False,312,="",="2/4/2026 6:48:43.744333345 AM",
="",5992,1.0,2288 탎,2462 MHz,11,-88 dBm,Wi-Fi 1 (802.11b),False,347,="",="2/4/2026 6:48:43.751960070 AM",
="",6000,11.0,431 탎,2462 MHz,11,-89 dBm,Wi-Fi 1 (802.11b),True,414,="",="2/4/2026 6:48:43.761601180 AM",
="",6001,1.0,2208 탎,2462 MHz,11,-74 dBm,Wi-Fi 1 (802.11b),False,337,="",="2/4/2026 6:48:43.766420010 AM",
="",6002,6.0,425 탎,2462 MHz,11,-80 dBm,Wi-Fi 3 (802.11g),False,381,="",="2/4/2026 6:48:43.769116090 AM",
="",6003,1.0,2008 탎,2462 MHz,11,-61 dBm,Wi-Fi 1 (802.11b),False,312,="",="2/4/2026 6:48:43.777739475 AM",
="",6004,11.0,401 탎,2462 MHz,11,-80 dBm,Wi-Fi 1 (802.11b),False,373,="",="2/4/2026 6:48:43.782156180 AM",
="",6005,11.0,418 탎,2462 MHz,11,-81 dBm,Wi-Fi 1 (802.11b),False,396,="",="2/4/2026 6:48:43.782570805 AM",
="",6006,6.0,338 탎,2462 MHz,11,-81 dBm,Wi-Fi 3 (802.11g),False,316,="",="2/4/2026 6:48:43.791544415 AM",
="",6007,1.0,624 탎,2462 MHz,11,-84 dBm,Wi-Fi 1 (802.11b),False,139,="",="2/4/2026 6:48:43.792419150 AM",
="",6008,1.0,624 탎,2462 MHz,11,-83 dBm,Wi-Fi 1 (802.11b),False,139,="",="2/4/2026 6:48:43.793140665 AM",
="",6009,1.0,2208 탎,2462 MHz,11,-70 dBm,Wi-Fi 1 (802.11b),False,337,="",="2/4/2026 6:48:43.795533975 AM",
="",6010,1.0,1024 탎,2462 MHz,11,-44 dBm,Wi-Fi 1 (802.11b),False,189,="",="2/4/2026 6:48:43.806540525 AM",
="",6011,1.0,2008 탎,2462 MHz,11,-73 dBm,Wi-Fi 1 (802.11b),False,312,="",="2/4/2026 6:48:43.817620315 AM",
="",6012,6.0,342 탎,2462 MHz,11,-82 dBm,Wi-Fi 3 (802.11g),False,319,="",="2/4/2026 6:48:43.821984990 AM",
="",6013,1.0,2208 탎,2462 MHz,11,-64 dBm,Wi-Fi 1 (802.11b),False,337,="",="2/4/2026 6:48:43.828942425 AM",
="",6014,6.0,511 탎,2462 MHz,11,-77 dBm,Wi-Fi 3 (802.11g),False,446,="",="2/4/2026 6:48:43.836549120 AM",
="",6015,6.0,434 탎,2462 MHz,11,-77 dBm,Wi-Fi 3 (802.11g),False,388,="",="2/4/2026 6:48:43.837102850 AM",
="",6016,6.0,454 탎,2462 MHz,11,-78 dBm,Wi-Fi 3 (802.11g),False,403,="",="2/4/2026 6:48:43.837554300 AM",
="",6017,6.0,219 탎,2462 MHz,11,-77 dBm,Wi-Fi 3 (802.11g),False,227,="",="2/4/2026 6:48:43.838008800 AM",
="",6018,6.0,246 탎,2462 MHz,11,-77 dBm,Wi-Fi 3 (802.11g),False,229,="",="2/4/2026 6:48:43.838267310 AM",
="",6019,1.0,2008 탎,2462 MHz,11,-73 dBm,Wi-Fi 1 (802.11b),False,312,="",="2/4/2026 6:48:43.846731145 AM",
="",6023,1.0,2208 탎,2462 MHz,11,-72 dBm,Wi-Fi 1 (802.11b),False,337,="",="2/4/2026 6:48:43.868820305 AM",
="",6024,6.0,425 탎,2462 MHz,11,-78 dBm,Wi-Fi 3 (802.11g),False,381,="",="2/4/2026 6:48:43.871445035 AM",
="",6025,1.0,2008 탎,2462 MHz,11,-65 dBm,Wi-Fi 1 (802.11b),False,312,="",="2/4/2026 6:48:43.880139450 AM",
="",6026,11.0,401 탎,2462 MHz,11,-79 dBm,Wi-Fi 1 (802.11b),False,373,="",="2/4/2026 6:48:43.884556475 AM",
="",6027,11.0,418 탎,2462 MHz,11,-79 dBm,Wi-Fi 1 (802.11b),False,396,="",="2/4/2026 6:48:43.884971620 AM",
="",6028,6.0,338 탎,2462 MHz,11,-84 dBm,Wi-Fi 3 (802.11g),False,316,="",="2/4/2026 6:48:43.893947790 AM",
="",6029,1.0,2208 탎,2462 MHz,11,-73 dBm,Wi-Fi 1 (802.11b),False,337,="",="2/4/2026 6:48:43.897932990 AM",
="",6033,1.0,624 탎,2462 MHz,11,-86 dBm,Wi-Fi 1 (802.11b),False,139,="",="2/4/2026 6:48:43.907019655 AM",
="",6034,1.0,624 탎,2462 MHz,11,-86 dBm,Wi-Fi 1 (802.11b),False,139,="",="2/4/2026 6:48:43.907677780 AM",
="",6036,1.0,2424 탎,2462 MHz,11,-87 dBm,Wi-Fi 1 (802.11b),False,364,="",="2/4/2026 6:48:43.912081570 AM",
="",6037,1.0,2008 탎,2462 MHz,11,-74 dBm,Wi-Fi 1 (802.11b),False,312,="",="2/4/2026 6:48:43.920045145 AM",
="",6038,1.0,2208 탎,2462 MHz,11,-66 dBm,Wi-Fi 1 (802.11b),False,337,="",="2/4/2026 6:48:43.931339975 AM",
="",6039,6.0,511 탎,2462 MHz,11,-78 dBm,Wi-Fi 3 (802.11g),False,446,="",="2/4/2026 6:48:43.938956670 AM",
="",6040,6.0,434 탎,2462 MHz,11,-77 dBm,Wi-Fi 3 (802.11g),False,388,="",="2/4/2026 6:48:43.939513160 AM",
="",6041,6.0,454 탎,2462 MHz,11,-77 dBm,Wi-Fi 3 (802.11g),False,403,="",="2/4/2026 6:48:43.939979890 AM",
="",6042,6.0,242 탎,2462 MHz,11,-77 dBm,Wi-Fi 3 (802.11g),False,229,="",="2/4/2026 6:48:43.940480985 AM",
="",6043,6.0,269 탎,2462 MHz,11,-77 dBm,Wi-Fi 3 (802.11g),False,229,="",="2/4/2026 6:48:43.940723485 AM",
="",6044,11.0,401 탎,2462 MHz,11,-87 dBm,Wi-Fi 1 (802.11b),False,373,="",="2/4/2026 6:48:43.946207850 AM",
="",6045,11.0,418 탎,2462 MHz,11,-87 dBm,Wi-Fi 1 (802.11b),False,396,="",="2/4/2026 6:48:43.946623635 AM",
="",6046,1.0,2008 탎,2462 MHz,11,-73 dBm,Wi-Fi 1 (802.11b),False,312,="",="2/4/2026 6:48:43.949130735 AM",
="",6047,1.0,1024 탎,2462 MHz,11,-44 dBm,Wi-Fi 1 (802.11b),False,189,="",="2/4/2026 6:48:43.958075610 AM",
="",6050,6.0,338 탎,2462 MHz,11,-82 dBm,Wi-Fi 3 (802.11g),False,316,="",="2/4/2026 6:48:43.966008410 AM",
="",6054,1.0,2208 탎,2462 MHz,11,-75 dBm,Wi-Fi 1 (802.11b),False,337,="",="2/4/2026 6:48:43.971220815 AM",
="",6055,1.0,2136 탎,2462 MHz,11,-91 dBm,Wi-Fi 1 (802.11b),False,328,="",="2/4/2026 6:48:43.977355665 AM",
="",6056,1.0,2008 탎,2462 MHz,11,-67 dBm,Wi-Fi 1 (802.11b),False,312,="",="2/4/2026 6:48:43.982540040 AM",
="",6057,11.0,401 탎,2462 MHz,11,-82 dBm,Wi-Fi 1 (802.11b),False,373,="",="2/4/2026 6:48:43.986959080 AM",
="",6058,11.0,418 탎,2462 MHz,11,-82 dBm,Wi-Fi 1 (802.11b),False,396,="",="2/4/2026 6:48:43.987370290 AM",
="",6059,11.0,358 탎,2462 MHz,11,-81 dBm,Wi-Fi 1 (802.11b),False,313,="",="2/4/2026 6:48:43.992508125 AM",
="",6060,11.0,415 탎,2462 MHz,11,-82 dBm,Wi-Fi 1 (802.11b),False,392,="",="2/4/2026 6:48:43.992881850 AM",
="",6061,6.0,338 탎,2462 MHz,11,-82 dBm,Wi-Fi 3 (802.11g),False,316,="",="2/4/2026 6:48:43.996348460 AM",
="",6062,1.0,2208 탎,2462 MHz,11,-68 dBm,Wi-Fi 1 (802.11b),False,337,="",="2/4/2026 6:48:44.000331220 AM",
="",6067,1.0,2008 탎,2462 MHz,11,-75 dBm,Wi-Fi 1 (802.11b),False,312,="",="2/4/2026 6:48:44.022425320 AM",
="",6068,1.0,2208 탎,2462 MHz,11,-65 dBm,Wi-Fi 1 (802.11b),False,337,="",="2/4/2026 6:48:44.033740205 AM",
="",6069,11.0,415 탎,2462 MHz,11,-90 dBm,Wi-Fi 1 (802.11b),True,392,="",="2/4/2026 6:48:44.036318260 AM",
="",6070,6.0,511 탎,2462 MHz,11,-80 dBm,Wi-Fi 3 (802.11g),False,446,="",="2/4/2026 6:48:44.041377380 AM",
="",6071,6.0,434 탎,2462 MHz,11,-80 dBm,Wi-Fi 3 (802.11g),False,388,="",="2/4/2026 6:48:44.041927885 AM",
="",6072,6.0,454 탎,2462 MHz,11,-80 dBm,Wi-Fi 3 (802.11g),False,403,="",="2/4/2026 6:48:44.042406255 AM",
="",6073,6.0,1570 탎,2462 MHz,11,-80 dBm,Wi-Fi 3 (802.11g),False,229,="",="2/4/2026 6:48:44.042860755 AM",
="",6074,6.0,1597 탎,2462 MHz,11,-81 dBm,Wi-Fi 3 (802.11g),False,229,="",="2/4/2026 6:48:44.044456245 AM",
="",6077,1.0,2016 탎,2462 MHz,11,-83 dBm,Wi-Fi 1 (802.11b),False,313,="",="2/4/2026 6:48:44.046578170 AM",
="",6080,11.0,401 탎,2462 MHz,11,-83 dBm,Wi-Fi 1 (802.11b),False,373,="",="2/4/2026 6:48:44.048608495 AM",
="",6081,11.0,418 탎,2462 MHz,11,-83 dBm,Wi-Fi 1 (802.11b),False,396,="",="2/4/2026 6:48:44.049023665 AM",
="",6082,1.0,2008 탎,2462 MHz,11,-67 dBm,Wi-Fi 1 (802.11b),False,312,="",="2/4/2026 6:48:44.051531020 AM",
="",6083,1.0,2288 탎,2462 MHz,11,-87 dBm,Wi-Fi 1 (802.11b),False,347,="",="2/4/2026 6:48:44.059165025 AM",
="",6084,11.0,415 탎,2462 MHz,11,-89 dBm,Wi-Fi 1 (802.11b),True,392,="",="2/4/2026 6:48:44.064034760 AM",
="",6085,11.0,415 탎,2462 MHz,11,-89 dBm,Wi-Fi 1 (802.11b),True,392,="",="2/4/2026 6:48:44.068375260 AM",
="",6086,6.0,425 탎,2462 MHz,11,-78 dBm,Wi-Fi 3 (802.11g),False,381,="",="2/4/2026 6:48:44.076364995 AM",
="",6090,1.0,2008 탎,2462 MHz,11,-71 dBm,Wi-Fi 1 (802.11b),False,312,="",="2/4/2026 6:48:44.084939910 AM",
="",6091,1.0,2016 탎,2462 MHz,11,-82 dBm,Wi-Fi 1 (802.11b),False,313,="",="2/4/2026 6:48:44.087327985 AM",
="",6092,11.0,401 탎,2462 MHz,11,-83 dBm,Wi-Fi 1 (802.11b),False,373,="",="2/4/2026 6:48:44.089357150 AM",
="",6093,11.0,418 탎,2462 MHz,11,-83 dBm,Wi-Fi 1 (802.11b),False,396,="",="2/4/2026 6:48:44.089779160 AM",
="",6094,6.0,338 탎,2462 MHz,11,-83 dBm,Wi-Fi 3 (802.11g),False,316,="",="2/4/2026 6:48:44.098752305 AM",
="",6095,1.0,2424 탎,2462 MHz,11,-87 dBm,Wi-Fi 1 (802.11b),False,364,="",="2/4/2026 6:48:44.116881565 AM",
="",6096,1.0,2096 탎,2462 MHz,11,-88 dBm,Wi-Fi 1 (802.11b),False,323,="",="2/4/2026 6:48:44.125955370 AM",
="",6097,11.0,346 탎,2462 MHz,11,-78 dBm,Wi-Fi 1 (802.11b),False,229,="",="2/4/2026 6:48:44.130490265 AM",
="",6098,1.0,2208 탎,2462 MHz,11,-61 dBm,Wi-Fi 1 (802.11b),False,337,="",="2/4/2026 6:48:44.136140595 AM",
="",6099,6.0,511 탎,2462 MHz,11,-79 dBm,Wi-Fi 3 (802.11g),False,446,="",="2/4/2026 6:48:44.143783025 AM",
="",6100,6.0,434 탎,2462 MHz,11,-79 dBm,Wi-Fi 3 (802.11g),False,388,="",="2/4/2026 6:48:44.144294855 AM",
="",6101,6.0,454 탎,2462 MHz,11,-79 dBm,Wi-Fi 3 (802.11g),False,403,="",="2/4/2026 6:48:44.144758870 AM",
="",6102,24.0,40 탎,2462 MHz,11,-82 dBm,Wi-Fi 3 (802.11g),False,115,="",="2/4/2026 6:48:44.147639215 AM",
="",6103,24.0,37 탎,2462 MHz,11,-81 dBm,Wi-Fi 3 (802.11g),False,105,="",="2/4/2026 6:48:44.148661140 AM",
="",6104,24.0,37 탎,2462 MHz,11,-81 dBm,Wi-Fi 3 (802.11g),True,105,="",="2/4/2026 6:48:44.148936540 AM",
="",6105,1.0,2016 탎,2462 MHz,11,-84 dBm,Wi-Fi 1 (802.11b),False,313,="",="2/4/2026 6:48:44.148976120 AM",
="",6106,11.0,401 탎,2462 MHz,11,-84 dBm,Wi-Fi 1 (802.11b),True,373,="",="2/4/2026 6:48:44.150992620 AM",
="",6107,11.0,418 탎,2462 MHz,11,-84 dBm,Wi-Fi 1 (802.11b),True,396,="",="2/4/2026 6:48:44.151393720 AM",
="",6108,1.0,2208 탎,2462 MHz,11,-76 dBm,Wi-Fi 1 (802.11b),False,337,="",="2/4/2026 6:48:44.176020915 AM",
="",6112,6.0,425 탎,2462 MHz,11,-74 dBm,Wi-Fi 3 (802.11g),False,381,="",="2/4/2026 6:48:44.178694155 AM",
="",6116,1.0,2008 탎,2462 MHz,11,-59 dBm,Wi-Fi 1 (802.11b),False,312,="",="2/4/2026 6:48:44.187340460 AM",
="",6117,1.0,2016 탎,2462 MHz,11,-81 dBm,Wi-Fi 1 (802.11b),False,313,="",="2/4/2026 6:48:44.189725335 AM",
="",6118,11.0,401 탎,2462 MHz,11,-83 dBm,Wi-Fi 1 (802.11b),False,373,="",="2/4/2026 6:48:44.191760460 AM",
="",6119,11.0,418 탎,2462 MHz,11,-82 dBm,Wi-Fi 1 (802.11b),False,396,="",="2/4/2026 6:48:44.192173190 AM",
="",6120,11.0,358 탎,2462 MHz,11,-79 dBm,Wi-Fi 1 (802.11b),False,313,="",="2/4/2026 6:48:44.197311465 AM",
="",6121,11.0,415 탎,2462 MHz,11,-78 dBm,Wi-Fi 1 (802.11b),False,392,="",="2/4/2026 6:48:44.197682790 AM",
="",6122,11.0,443 탎,2462 MHz,11,-80 dBm,Wi-Fi 1 (802.11b),False,430,="",="2/4/2026 6:48:44.198114030 AM",
="",6123,6.0,338 탎,2462 MHz,11,-81 dBm,Wi-Fi 3 (802.11g),False,316,="",="2/4/2026 6:48:44.201151440 AM",
="",6124,1.0,2208 탎,2462 MHz,11,-70 dBm,Wi-Fi 1 (802.11b),False,337,="",="2/4/2026 6:48:44.205131640 AM",
="",6125,1.0,2008 탎,2462 MHz,11,-74 dBm,Wi-Fi 1 (802.11b),False,312,="",="2/4/2026 6:48:44.227223420 AM",
="",6126,1.0,2096 탎,2462 MHz,11,-87 dBm,Wi-Fi 1 (802.11b),False,323,="",="2/4/2026 6:48:44.230448085 AM",
="",6127,1.0,2208 탎,2462 MHz,11,-58 dBm,Wi-Fi 1 (802.11b),False,337,="",="2/4/2026 6:48:44.238579265 AM",
="",6128,6.0,511 탎,2462 MHz,11,-79 dBm,Wi-Fi 3 (802.11g),False,446,="",="2/4/2026 6:48:44.246175705 AM",
="",6129,6.0,434 탎,2462 MHz,11,-79 dBm,Wi-Fi 3 (802.11g),False,388,="",="2/4/2026 6:48:44.246729290 AM",
="",6130,6.0,454 탎,2462 MHz,11,-79 dBm,Wi-Fi 3 (802.11g),False,403,="",="2/4/2026 6:48:44.247208300 AM",
="",6131,1.0,2016 탎,2462 MHz,11,-84 dBm,Wi-Fi 1 (802.11b),False,313,="",="2/4/2026 6:48:44.251376175 AM",
="",6132,11.0,401 탎,2462 MHz,11,-84 dBm,Wi-Fi 1 (802.11b),False,373,="",="2/4/2026 6:48:44.253411620 AM",
="",6133,11.0,418 탎,2462 MHz,11,-83 dBm,Wi-Fi 1 (802.11b),False,396,="",="2/4/2026 6:48:44.253853765 AM",
="",6134,1.0,2008 탎,2462 MHz,11,-69 dBm,Wi-Fi 1 (802.11b),False,312,="",="2/4/2026 6:48:44.256331065 AM",
="",6135,1.0,872 탎,2462 MHz,11,-84 dBm,Wi-Fi 1 (802.11b),False,170,="",="2/4/2026 6:48:44.265561105 AM",
="",6136,1.0,2208 탎,2462 MHz,11,-74 dBm,Wi-Fi 1 (802.11b),False,337,="",="2/4/2026 6:48:44.278421250 AM",
="",6137,6.0,425 탎,2462 MHz,11,-74 dBm,Wi-Fi 3 (802.11g),False,381,="",="2/4/2026 6:48:44.281470520 AM",
="",6141,1.0,2008 탎,2462 MHz,11,-60 dBm,Wi-Fi 1 (802.11b),False,312,="",="2/4/2026 6:48:44.289740715 AM",
="",6142,1.0,2016 탎,2462 MHz,11,-84 dBm,Wi-Fi 1 (802.11b),False,313,="",="2/4/2026 6:48:44.292126655 AM",
="",6143,11.0,401 탎,2462 MHz,11,-85 dBm,Wi-Fi 1 (802.11b),False,373,="",="2/4/2026 6:48:44.294161580 AM",
="",6144,11.0,418 탎,2462 MHz,11,-85 dBm,Wi-Fi 1 (802.11b),False,396,="",="2/4/2026 6:48:44.294573965 AM",
="",6148,11.0,358 탎,2462 MHz,11,-81 dBm,Wi-Fi 1 (802.11b),False,313,="",="2/4/2026 6:48:44.299709585 AM",
="",6149,11.0,415 탎,2462 MHz,11,-81 dBm,Wi-Fi 1 (802.11b),False,392,="",="2/4/2026 6:48:44.300085725 AM",
="",6150,11.0,443 탎,2462 MHz,11,-81 dBm,Wi-Fi 1 (802.11b),False,430,="",="2/4/2026 6:48:44.300531245 AM",
="",6151,1.0,1416 탎,2462 MHz,11,-81 dBm,Wi-Fi 1 (802.11b),False,238,="",="2/4/2026 6:48:44.300992850 AM",
="",6152,6.0,338 탎,2462 MHz,11,-81 dBm,Wi-Fi 3 (802.11g),False,316,="",="2/4/2026 6:48:44.303553415 AM",
="",6153,1.0,2208 탎,2462 MHz,11,-66 dBm,Wi-Fi 1 (802.11b),False,337,="",="2/4/2026 6:48:44.307531975 AM",
="",6157,1.0,2008 탎,2462 MHz,11,-73 dBm,Wi-Fi 1 (802.11b),False,312,="",="2/4/2026 6:48:44.329623235 AM",
="",6158,1.0,2096 탎,2462 MHz,11,-86 dBm,Wi-Fi 1 (802.11b),False,323,="",="2/4/2026 6:48:44.332864860 AM",
="",6159,6.0,511 탎,2462 MHz,11,-80 dBm,Wi-Fi 3 (802.11g),False,446,="",="2/4/2026 6:48:44.348555040 AM",
="",6160,6.0,434 탎,2462 MHz,11,-79 dBm,Wi-Fi 3 (802.11g),False,388,="",="2/4/2026 6:48:44.349090290 AM",
="",6161,6.0,454 탎,2462 MHz,11,-80 dBm,Wi-Fi 3 (802.11g),False,403,="",="2/4/2026 6:48:44.349569180 AM",
="",6162,1.0,2016 탎,2462 MHz,11,-85 dBm,Wi-Fi 1 (802.11b),False,313,="",="2/4/2026 6:48:44.353776270 AM",
="",6163,11.0,401 탎,2462 MHz,11,-84 dBm,Wi-Fi 1 (802.11b),False,373,="",="2/4/2026 6:48:44.355811955 AM",
="",6164,11.0,418 탎,2462 MHz,11,-85 dBm,Wi-Fi 1 (802.11b),False,396,="",="2/4/2026 6:48:44.356224565 AM",
="",6165,1.0,2008 탎,2462 MHz,11,-65 dBm,Wi-Fi 1 (802.11b),False,312,="",="2/4/2026 6:48:44.358731600 AM",
="",6166,1.0,2016 탎,2462 MHz,11,-88 dBm,Wi-Fi 1 (802.11b),False,313,="",="2/4/2026 6:48:44.369233155 AM",
="",6167,1.0,2208 탎,2462 MHz,11,-74 dBm,Wi-Fi 1 (802.11b),False,337,="",="2/4/2026 6:48:44.380821305 AM",
="",6168,6.0,425 탎,2462 MHz,11,-73 dBm,Wi-Fi 3 (802.11g),False,381,="",="2/4/2026 6:48:44.383479090 AM",
="",6172,1.0,2008 탎,2462 MHz,11,-66 dBm,Wi-Fi 1 (802.11b),False,312,="",="2/4/2026 6:48:44.392140490 AM",
="",6173,1.0,2016 탎,2462 MHz,11,-84 dBm,Wi-Fi 1 (802.11b),False,313,="",="2/4/2026 6:48:44.394527085 AM",
="",6174,11.0,401 탎,2462 MHz,11,-85 dBm,Wi-Fi 1 (802.11b),False,373,="",="2/4/2026 6:48:44.396561810 AM",
="",6175,11.0,418 탎,2462 MHz,11,-84 dBm,Wi-Fi 1 (802.11b),True,396,="",="2/4/2026 6:48:44.396944445 AM",
="",6176,6.0,481 탎,2462 MHz,11,-87 dBm,Wi-Fi 3 (802.11g),False,423,="",="2/4/2026 6:48:44.399632265 AM",
="",6177,6.0,338 탎,2462 MHz,11,-84 dBm,Wi-Fi 3 (802.11g),False,316,="",="2/4/2026 6:48:44.405955350 AM",
="",6178,1.0,2208 탎,2462 MHz,11,-70 dBm,Wi-Fi 1 (802.11b),False,337,="",="2/4/2026 6:48:44.409931590 AM",
="",6179,1.0,2008 탎,2462 MHz,11,-77 dBm,Wi-Fi 1 (802.11b),False,312,="",="2/4/2026 6:48:44.432050465 AM",
="",6180,6.0,342 탎,2462 MHz,11,-83 dBm,Wi-Fi 3 (802.11g),False,319,="",="2/4/2026 6:48:44.436826040 AM",
="",6184,1.0,2208 탎,2462 MHz,11,-66 dBm,Wi-Fi 1 (802.11b),False,337,="",="2/4/2026 6:48:44.443340775 AM",
="",6185,11.0,415 탎,2462 MHz,11,-88 dBm,Wi-Fi 1 (802.11b),True,392,="",="2/4/2026 6:48:44.445918830 AM",
="",6186,6.0,511 탎,2462 MHz,11,-81 dBm,Wi-Fi 3 (802.11g),False,446,="",="2/4/2026 6:48:44.450957495 AM",
="",6187,6.0,434 탎,2462 MHz,11,-81 dBm,Wi-Fi 3 (802.11g),False,388,="",="2/4/2026 6:48:44.451510680 AM",
="",6188,6.0,454 탎,2462 MHz,11,-81 dBm,Wi-Fi 3 (802.11g),False,403,="",="2/4/2026 6:48:44.451989890 AM",
="",6189,1.0,2016 탎,2462 MHz,11,-83 dBm,Wi-Fi 1 (802.11b),False,313,="",="2/4/2026 6:48:44.456176485 AM",
="",6190,11.0,401 탎,2462 MHz,11,-84 dBm,Wi-Fi 1 (802.11b),False,373,="",="2/4/2026 6:48:44.458212170 AM",
="",6191,11.0,418 탎,2462 MHz,11,-83 dBm,Wi-Fi 1 (802.11b),False,396,="",="2/4/2026 6:48:44.458624555 AM",
="",6192,1.0,2008 탎,2462 MHz,11,-72 dBm,Wi-Fi 1 (802.11b),False,312,="",="2/4/2026 6:48:44.461131935 AM",
="",6193,1.0,2208 탎,2462 MHz,11,-75 dBm,Wi-Fi 1 (802.11b),False,337,="",="2/4/2026 6:48:44.483221255 AM",
="",6194,6.0,425 탎,2462 MHz,11,-75 dBm,Wi-Fi 3 (802.11g),False,381,="",="2/4/2026 6:48:44.486171640 AM",
="",6198,11.0,418 탎,2462 MHz,11,-82 dBm,Wi-Fi 1 (802.11b),False,396,="",="2/4/2026 6:48:44.499375570 AM",
="",6199,6.0,481 탎,2462 MHz,11,-87 dBm,Wi-Fi 3 (802.11g),False,423,="",="2/4/2026 6:48:44.502056335 AM",
="",6200,6.0,313 탎,2462 MHz,11,-87 dBm,Wi-Fi 3 (802.11g),False,229,="",="2/4/2026 6:48:44.502572725 AM",
="",6201,11.0,415 탎,2462 MHz,11,-84 dBm,Wi-Fi 1 (802.11b),False,392,="",="2/4/2026 6:48:44.504886890 AM",
="",6202,24.0,35 탎,2462 MHz,11,-86 dBm,Wi-Fi 3 (802.11g),True,99,="",="2/4/2026 6:48:44.506075240 AM",
="",6203,6.0,73 탎,2462 MHz,11,-87 dBm,Wi-Fi 3 (802.11g),False,117,="",="2/4/2026 6:48:44.506316960 AM",
="",6204,6.0,338 탎,2462 MHz,11,-82 dBm,Wi-Fi 3 (802.11g),False,316,="",="2/4/2026 6:48:44.508355860 AM",
="",6205,1.0,2208 탎,2462 MHz,11,-70 dBm,Wi-Fi 1 (802.11b),False,337,="",="2/4/2026 6:48:44.512331780 AM",
="",6206,24.0,35 탎,2462 MHz,11,-86 dBm,Wi-Fi 3 (802.11g),True,99,="",="2/4/2026 6:48:44.516804260 AM",
="",6207,6.0,73 탎,2462 MHz,11,-85 dBm,Wi-Fi 3 (802.11g),False,117,="",="2/4/2026 6:48:44.516944975 AM",
="",6208,6.0,73 탎,2462 MHz,11,-86 dBm,Wi-Fi 3 (802.11g),False,117,="",="2/4/2026 6:48:44.517100195 AM",
="",6209,6.0,342 탎,2462 MHz,11,-81 dBm,Wi-Fi 3 (802.11g),False,319,="",="2/4/2026 6:48:44.534307900 AM",
="",6210,24.0,39 탎,2462 MHz,11,-83 dBm,Wi-Fi 3 (802.11g),False,113,="",="2/4/2026 6:48:44.541496935 AM",
="",6211,24.0,39 탎,2462 MHz,11,-83 dBm,Wi-Fi 3 (802.11g),False,113,="",="2/4/2026 6:48:44.541826990 AM",
="",6212,24.0,39 탎,2462 MHz,11,-83 dBm,Wi-Fi 3 (802.11g),False,113,="",="2/4/2026 6:48:44.542315240 AM",
="",6213,1.0,2208 탎,2462 MHz,11,-70 dBm,Wi-Fi 1 (802.11b),False,337,="",="2/4/2026 6:48:44.545741070 AM",
="",6214,6.0,511 탎,2462 MHz,11,-81 dBm,Wi-Fi 3 (802.11g),True,446,="",="2/4/2026 6:48:44.553348150 AM",
="",6215,1.0,2016 탎,2462 MHz,11,-84 dBm,Wi-Fi 1 (802.11b),False,313,="",="2/4/2026 6:48:44.558576875 AM",
="",6216,11.0,401 탎,2462 MHz,11,-85 dBm,Wi-Fi 1 (802.11b),False,373,="",="2/4/2026 6:48:44.560612240 AM",
="",6217,11.0,418 탎,2462 MHz,11,-84 dBm,Wi-Fi 1 (802.11b),False,396,="",="2/4/2026 6:48:44.561027410 AM",
="",6218,24.0,37 탎,2462 MHz,11,-83 dBm,Wi-Fi 3 (802.11g),False,105,="",="2/4/2026 6:48:44.562815725 AM",
="",6219,24.0,37 탎,2462 MHz,11,-83 dBm,Wi-Fi 3 (802.11g),False,105,="",="2/4/2026 6:48:44.562956825 AM",
="",6220,72.2,39 탎,2462 MHz,11,-84 dBm,Wi-Fi 4 (802.11n),True,117,="",="2/4/2026 6:48:44.563052915 AM",
="",6222,24.0,35 탎,2462 MHz,11,-82 dBm,Wi-Fi 3 (802.11g),False,99,="",="2/4/2026 6:48:44.566406950 AM",
="",6223,24.0,41 탎,2462 MHz,11,-83 dBm,Wi-Fi 3 (802.11g),False,117,="",="2/4/2026 6:48:44.566568465 AM",
="",6224,24.0,37 탎,2462 MHz,11,-82 dBm,Wi-Fi 3 (802.11g),False,105,="",="2/4/2026 6:48:44.566872440 AM",
="",6226,11.0,415 탎,2462 MHz,11,-88 dBm,Wi-Fi 1 (802.11b),True,392,="",="2/4/2026 6:48:44.580382125 AM",
="",6231,24.0,35 탎,2462 MHz,11,-83 dBm,Wi-Fi 3 (802.11g),False,99,="",="2/4/2026 6:48:44.583861225 AM",
="",6233,24.0,35 탎,2462 MHz,11,-84 dBm,Wi-Fi 3 (802.11g),False,99,="",="2/4/2026 6:48:44.584084075 AM",
="",6234,24.0,41 탎,2462 MHz,11,-84 dBm,Wi-Fi 3 (802.11g),False,117,="",="2/4/2026 6:48:44.584225990 AM",
="",6237,1.0,2208 탎,2462 MHz,11,-75 dBm,Wi-Fi 1 (802.11b),False,337,="",="2/4/2026 6:48:44.585621030 AM",
="",6238,6.0,425 탎,2462 MHz,11,-74 dBm,Wi-Fi 3 (802.11g),False,381,="",="2/4/2026 6:48:44.588318390 AM",
="",6242,1.0,2008 탎,2462 MHz,11,-69 dBm,Wi-Fi 1 (802.11b),False,312,="",="2/4/2026 6:48:44.597203280 AM",
="",6243,11.0,401 탎,2462 MHz,11,-83 dBm,Wi-Fi 1 (802.11b),False,373,="",="2/4/2026 6:48:44.601384055 AM",
="",6244,11.0,418 탎,2462 MHz,11,-85 dBm,Wi-Fi 1 (802.11b),False,396,="",="2/4/2026 6:48:44.601786010 AM",
="",6247,6.0,434 탎,2462 MHz,11,-88 dBm,Wi-Fi 3 (802.11g),True,388,="",="2/4/2026 6:48:44.604216500 AM",
="",6249,6.0,153 탎,2462 MHz,11,-88 dBm,Wi-Fi 3 (802.11g),False,177,="",="2/4/2026 6:48:44.609229790 AM",
="",6250,6.0,338 탎,2462 MHz,11,-82 dBm,Wi-Fi 3 (802.11g),False,316,="",="2/4/2026 6:48:44.610760195 AM",
="",6251,1.0,2208 탎,2462 MHz,11,-73 dBm,Wi-Fi 1 (802.11b),False,337,="",="2/4/2026 6:48:44.614734395 AM",
="",6252,24.0,35 탎,2462 MHz,11,-83 dBm,Wi-Fi 3 (802.11g),False,99,="",="2/4/2026 6:48:44.617938960 AM",
="",6253,24.0,35 탎,2462 MHz,11,-83 dBm,Wi-Fi 3 (802.11g),False,99,="",="2/4/2026 6:48:44.618142730 AM",
="",6254,24.0,35 탎,2462 MHz,11,-82 dBm,Wi-Fi 3 (802.11g),False,99,="",="2/4/2026 6:48:44.618360540 AM",
="",6255,24.0,35 탎,2462 MHz,11,-83 dBm,Wi-Fi 3 (802.11g),False,99,="",="2/4/2026 6:48:44.618643915 AM",
="",6256,24.0,41 탎,2462 MHz,11,-83 dBm,Wi-Fi 3 (802.11g),False,117,="",="2/4/2026 6:48:44.618793175 AM",
="",6259,1.0,2008 탎,2462 MHz,11,-79 dBm,Wi-Fi 1 (802.11b),False,312,="",="2/4/2026 6:48:44.636823935 AM",
="",6260,1.0,2208 탎,2462 MHz,11,-67 dBm,Wi-Fi 1 (802.11b),False,337,="",="2/4/2026 6:48:44.648141125 AM",
="",6261,11.0,415 탎,2462 MHz,11,-88 dBm,Wi-Fi 1 (802.11b),True,392,="",="2/4/2026 6:48:44.650976540 AM",
="",6262,6.0,511 탎,2462 MHz,11,-82 dBm,Wi-Fi 3 (802.11g),False,446,="",="2/4/2026 6:48:44.655762660 AM",
="",6263,6.0,434 탎,2462 MHz,11,-82 dBm,Wi-Fi 3 (802.11g),False,388,="",="2/4/2026 6:48:44.656298670 AM",
="",6264,6.0,454 탎,2462 MHz,11,-82 dBm,Wi-Fi 3 (802.11g),False,403,="",="2/4/2026 6:48:44.656750345 AM",
="",6265,1.0,2016 탎,2462 MHz,11,-88 dBm,Wi-Fi 1 (802.11b),True,313,="",="2/4/2026 6:48:44.660950715 AM",
="",6266,11.0,401 탎,2462 MHz,11,-87 dBm,Wi-Fi 1 (802.11b),False,373,="",="2/4/2026 6:48:44.663012535 AM",
="",6267,11.0,418 탎,2462 MHz,11,-88 dBm,Wi-Fi 1 (802.11b),False,396,="",="2/4/2026 6:48:44.663425345 AM",
="",6268,1.0,2008 탎,2462 MHz,11,-66 dBm,Wi-Fi 1 (802.11b),False,312,="",="2/4/2026 6:48:44.665932205 AM",
="",6271,6.0,425 탎,2462 MHz,11,-73 dBm,Wi-Fi 3 (802.11g),False,381,="",="2/4/2026 6:48:44.690728605 AM",
="",6274,1.0,2008 탎,2462 MHz,11,-68 dBm,Wi-Fi 1 (802.11b),False,312,="",="2/4/2026 6:48:44.699341390 AM",
="",6275,1.0,2016 탎,2462 MHz,11,-85 dBm,Wi-Fi 1 (802.11b),False,313,="",="2/4/2026 6:48:44.701746945 AM",
="",6276,11.0,401 탎,2462 MHz,11,-85 dBm,Wi-Fi 1 (802.11b),False,373,="",="2/4/2026 6:48:44.703763750 AM",
="",6277,11.0,418 탎,2462 MHz,11,-85 dBm,Wi-Fi 1 (802.11b),False,396,="",="2/4/2026 6:48:44.704179000 AM",
="",6278,6.0,481 탎,2462 MHz,11,-89 dBm,Wi-Fi 3 (802.11g),False,423,="",="2/4/2026 6:48:44.705769140 AM",
="",6283,11.0,415 탎,2462 MHz,11,-84 dBm,Wi-Fi 1 (802.11b),True,392,="",="2/4/2026 6:48:44.709757870 AM",
="",6284,6.0,338 탎,2462 MHz,11,-84 dBm,Wi-Fi 3 (802.11g),False,316,="",="2/4/2026 6:48:44.713160370 AM",
="",6289,1.0,2208 탎,2462 MHz,11,-65 dBm,Wi-Fi 1 (802.11b),False,337,="",="2/4/2026 6:48:44.717130530 AM",
="",6290,1.0,2424 탎,2462 MHz,11,-90 dBm,Wi-Fi 1 (802.11b),False,364,="",="2/4/2026 6:48:44.731287310 AM",
="",6291,1.0,2008 탎,2462 MHz,11,-75 dBm,Wi-Fi 1 (802.11b),False,312,="",="2/4/2026 6:48:44.739220830 AM",
="",6293,1.0,2208 탎,2462 MHz,11,-68 dBm,Wi-Fi 1 (802.11b),False,337,="",="2/4/2026 6:48:44.750541340 AM",
="",6294,6.0,511 탎,2462 MHz,11,-84 dBm,Wi-Fi 3 (802.11g),False,446,="",="2/4/2026 6:48:44.758160595 AM",
="",6295,6.0,434 탎,2462 MHz,11,-84 dBm,Wi-Fi 3 (802.11g),False,388,="",="2/4/2026 6:48:44.758689325 AM",
="",6296,6.0,454 탎,2462 MHz,11,-84 dBm,Wi-Fi 3 (802.11g),False,403,="",="2/4/2026 6:48:44.759137840 AM",
="",6297,1.0,2016 탎,2462 MHz,11,-85 dBm,Wi-Fi 1 (802.11b),False,313,="",="2/4/2026 6:48:44.763377785 AM",
="",6298,11.0,401 탎,2462 MHz,11,-85 dBm,Wi-Fi 1 (802.11b),False,373,="",="2/4/2026 6:48:44.765412790 AM",
="",6299,11.0,418 탎,2462 MHz,11,-86 dBm,Wi-Fi 1 (802.11b),False,396,="",="2/4/2026 6:48:44.765825720 AM",
="",6300,1.0,2008 탎,2462 MHz,11,-66 dBm,Wi-Fi 1 (802.11b),False,312,="",="2/4/2026 6:48:44.768331755 AM",
="",6301,1.0,2288 탎,2462 MHz,11,-89 dBm,Wi-Fi 1 (802.11b),False,347,="",="2/4/2026 6:48:44.775971680 AM",
="",6302,11.0,415 탎,2462 MHz,11,-87 dBm,Wi-Fi 1 (802.11b),False,392,="",="2/4/2026 6:48:44.785210650 AM",
="",6303,11.0,431 탎,2462 MHz,11,-87 dBm,Wi-Fi 1 (802.11b),False,414,="",="2/4/2026 6:48:44.785640525 AM",
="",6304,1.0,2208 탎,2462 MHz,11,-77 dBm,Wi-Fi 1 (802.11b),False,337,="",="2/4/2026 6:48:44.790444115 AM",
="",6305,6.0,425 탎,2462 MHz,11,-79 dBm,Wi-Fi 3 (802.11g),False,381,="",="2/4/2026 6:48:44.793093900 AM",
="",6306,1.0,2008 탎,2462 MHz,11,-66 dBm,Wi-Fi 1 (802.11b),False,312,="",="2/4/2026 6:48:44.801741365 AM",
="",6307,1.0,2016 탎,2462 MHz,11,-83 dBm,Wi-Fi 1 (802.11b),False,313,="",="2/4/2026 6:48:44.804129320 AM",
="",6308,11.0,401 탎,2462 MHz,11,-83 dBm,Wi-Fi 1 (802.11b),False,373,="",="2/4/2026 6:48:44.806164885 AM",
="",6309,11.0,418 탎,2462 MHz,11,-83 dBm,Wi-Fi 1 (802.11b),False,396,="",="2/4/2026 6:48:44.806577375 AM",
="",6313,11.0,443 탎,2462 MHz,11,-84 dBm,Wi-Fi 1 (802.11b),True,430,="",="2/4/2026 6:48:44.812501775 AM",
="",6314,6.0,338 탎,2462 MHz,11,-82 dBm,Wi-Fi 3 (802.11g),False,316,="",="2/4/2026 6:48:44.815561200 AM",
="",6315,1.0,2208 탎,2462 MHz,11,-68 dBm,Wi-Fi 1 (802.11b),False,337,="",="2/4/2026 6:48:44.819532225 AM",
="",6316,24.0,40 탎,2462 MHz,11,-83 dBm,Wi-Fi 3 (802.11g),False,115,="",="2/4/2026 6:48:44.824378060 AM",
="",6317,1.0,2424 탎,2462 MHz,11,-89 dBm,Wi-Fi 1 (802.11b),False,364,="",="2/4/2026 6:48:44.833689645 AM",
="",6318,6.0,342 탎,2462 MHz,11,-84 dBm,Wi-Fi 3 (802.11g),False,319,="",="2/4/2026 6:48:44.841164010 AM",
="",6319,1.0,2008 탎,2462 MHz,11,-74 dBm,Wi-Fi 1 (802.11b),False,312,="",="2/4/2026 6:48:44.841624205 AM",
="",6323,1.0,2208 탎,2462 MHz,11,-61 dBm,Wi-Fi 1 (802.11b),False,337,="",="2/4/2026 6:48:44.852941835 AM",
="",6324,6.0,511 탎,2462 MHz,11,-83 dBm,Wi-Fi 3 (802.11g),False,446,="",="2/4/2026 6:48:44.861125465 AM",
="",6325,6.0,434 탎,2462 MHz,11,-84 dBm,Wi-Fi 3 (802.11g),False,388,="",="2/4/2026 6:48:44.861676195 AM",
="",6326,6.0,454 탎,2462 MHz,11,-83 dBm,Wi-Fi 3 (802.11g),False,403,="",="2/4/2026 6:48:44.862145885 AM",
="",6327,6.0,201 탎,2462 MHz,11,-83 dBm,Wi-Fi 3 (802.11g),False,213,="",="2/4/2026 6:48:44.862600385 AM",
="",6328,6.0,338 탎,2462 MHz,11,-82 dBm,Wi-Fi 3 (802.11g),False,316,="",="2/4/2026 6:48:44.867614035 AM",
="",6329,11.0,418 탎,2462 MHz,11,-86 dBm,Wi-Fi 1 (802.11b),True,396,="",="2/4/2026 6:48:44.868195895 AM",
="",6333,1.0,2008 탎,2462 MHz,11,-63 dBm,Wi-Fi 1 (802.11b),False,312,="",="2/4/2026 6:48:44.870735010 AM",
="",6334,11.0,415 탎,2462 MHz,11,-86 dBm,Wi-Fi 1 (802.11b),True,392,="",="2/4/2026 6:48:44.887701190 AM",
="",6335,11.0,431 탎,2462 MHz,11,-86 dBm,Wi-Fi 1 (802.11b),True,414,="",="2/4/2026 6:48:44.888130105 AM",
="",6336,1.0,2208 탎,2462 MHz,11,-70 dBm,Wi-Fi 1 (802.11b),False,337,="",="2/4/2026 6:48:44.892824675 AM",
="",6337,6.0,425 탎,2462 MHz,11,-74 dBm,Wi-Fi 3 (802.11g),False,381,="",="2/4/2026 6:48:44.895594240 AM",
="",6338,1.0,2136 탎,2462 MHz,11,-90 dBm,Wi-Fi 1 (802.11b),False,328,="",="2/4/2026 6:48:44.899009755 AM",
="",6339,1.0,2008 탎,2462 MHz,11,-61 dBm,Wi-Fi 1 (802.11b),False,312,="",="2/4/2026 6:48:44.904141860 AM",
="",6340,11.0,401 탎,2462 MHz,11,-85 dBm,Wi-Fi 1 (802.11b),True,373,="",="2/4/2026 6:48:44.908546060 AM",
="",6341,11.0,418 탎,2462 MHz,11,-82 dBm,Wi-Fi 1 (802.11b),True,396,="",="2/4/2026 6:48:44.909001845 AM",
="",6344,1.0,304 탎,2462 MHz,11,-86 dBm,Wi-Fi 1 (802.11b),False,99,="",="2/4/2026 6:48:44.911638005 AM",
="",6345,11.0,415 탎,2462 MHz,11,-85 dBm,Wi-Fi 1 (802.11b),True,392,="",="2/4/2026 6:48:44.914460150 AM",
="",6346,6.0,338 탎,2462 MHz,11,-84 dBm,Wi-Fi 3 (802.11g),False,316,="",="2/4/2026 6:48:44.917962575 AM",
="",6347,1.0,2208 탎,2462 MHz,11,-66 dBm,Wi-Fi 1 (802.11b),False,337,="",="2/4/2026 6:48:44.921932375 AM",
="",6348,1.0,2424 탎,2462 MHz,11,-89 dBm,Wi-Fi 1 (802.11b),False,364,="",="2/4/2026 6:48:44.936094515 AM",
="",6349,6.0,342 탎,2462 MHz,11,-83 dBm,Wi-Fi 3 (802.11g),False,319,="",="2/4/2026 6:48:44.943564480 AM",
="",6350,1.0,2008 탎,2462 MHz,11,-73 dBm,Wi-Fi 1 (802.11b),False,312,="",="2/4/2026 6:48:44.944021715 AM",
="",6351,1.0,3056 탎,2462 MHz,11,-84 dBm,Wi-Fi 1 (802.11b),False,443,="",="2/4/2026 6:48:44.952787410 AM",
="",6352,1.0,3056 탎,2462 MHz,11,-85 dBm,Wi-Fi 1 (802.11b),False,443,="",="2/4/2026 6:48:44.955962175 AM",
="",6353,1.0,416 탎,2462 MHz,11,-82 dBm,Wi-Fi 1 (802.11b),True,113,="",="2/4/2026 6:48:44.959018675 AM",
="",6354,1.0,2208 탎,2462 MHz,11,-66 dBm,Wi-Fi 1 (802.11b),False,337,="",="2/4/2026 6:48:44.959435175 AM",
="",6355,1.0,3056 탎,2462 MHz,11,-83 dBm,Wi-Fi 1 (802.11b),False,443,="",="2/4/2026 6:48:44.962529450 AM",
="",6356,1.0,2016 탎,2462 MHz,11,-81 dBm,Wi-Fi 1 (802.11b),False,313,="",="2/4/2026 6:48:44.968178350 AM",
="",6357,11.0,401 탎,2462 MHz,11,-82 dBm,Wi-Fi 1 (802.11b),False,373,="",="2/4/2026 6:48:44.970213475 AM",
="",6358,11.0,418 탎,2462 MHz,11,-81 dBm,Wi-Fi 1 (802.11b),False,396,="",="2/4/2026 6:48:44.970628565 AM",
="",6359,1.0,2008 탎,2462 MHz,11,-70 dBm,Wi-Fi 1 (802.11b),False,312,="",="2/4/2026 6:48:44.973132840 AM",
="",6360,1.0,2016 탎,2462 MHz,11,-90 dBm,Wi-Fi 1 (802.11b),True,313,="",="2/4/2026 6:48:44.983610875 AM",
="",6364,11.0,202 탎,2462 MHz,11,-82 dBm,Wi-Fi 1 (802.11b),False,99,="",="2/4/2026 6:48:44.994901290 AM",
="",6365,6.0,425 탎,2462 MHz,11,-76 dBm,Wi-Fi 3 (802.11g),False,381,="",="2/4/2026 6:48:44.997968615 AM",
="",6366,1.0,2008 탎,2462 MHz,11,-65 dBm,Wi-Fi 1 (802.11b),False,312,="",="2/4/2026 6:48:45.006545985 AM",
="",6367,6.0,434 탎,2462 MHz,11,-88 dBm,Wi-Fi 3 (802.11g),False,388,="",="2/4/2026 6:48:45.013569845 AM",
="",6368,6.0,481 탎,2462 MHz,11,-88 dBm,Wi-Fi 3 (802.11g),False,423,="",="2/4/2026 6:48:45.014023105 AM",
="",6369,6.0,153 탎,2462 MHz,11,-87 dBm,Wi-Fi 3 (802.11g),False,177,="",="2/4/2026 6:48:45.014611305 AM",
="",6370,6.0,702 탎,2462 MHz,11,-87 dBm,Wi-Fi 3 (802.11g),False,229,="",="2/4/2026 6:48:45.014916935 AM",
="",6374,6.0,342 탎,2462 MHz,11,-83 dBm,Wi-Fi 3 (802.11g),False,319,="",="2/4/2026 6:48:45.045965190 AM",
="",6378,1.0,2208 탎,2462 MHz,11,-65 dBm,Wi-Fi 1 (802.11b),False,337,="",="2/4/2026 6:48:45.057742175 AM",
="",6379,6.0,511 탎,2462 MHz,11,-83 dBm,Wi-Fi 3 (802.11g),False,446,="",="2/4/2026 6:48:45.065381710 AM",
="",6380,6.0,434 탎,2462 MHz,11,-83 dBm,Wi-Fi 3 (802.11g),False,388,="",="2/4/2026 6:48:45.065935935 AM",
="",6381,6.0,454 탎,2462 MHz,11,-83 dBm,Wi-Fi 3 (802.11g),False,403,="",="2/4/2026 6:48:45.066436800 AM",
="",6382,1.0,2016 탎,2462 MHz,11,-85 dBm,Wi-Fi 1 (802.11b),False,313,="",="2/4/2026 6:48:45.070578300 AM",
="",6383,11.0,401 탎,2462 MHz,11,-86 dBm,Wi-Fi 1 (802.11b),False,373,="",="2/4/2026 6:48:45.072611225 AM",
="",6384,11.0,418 탎,2462 MHz,11,-84 dBm,Wi-Fi 1 (802.11b),False,396,="",="2/4/2026 6:48:45.073037875 AM",
="",6385,1.0,2008 탎,2462 MHz,11,-67 dBm,Wi-Fi 1 (802.11b),False,312,="",="2/4/2026 6:48:45.075534950 AM",
="",6386,1.0,2288 탎,2462 MHz,11,-87 dBm,Wi-Fi 1 (802.11b),False,347,="",="2/4/2026 6:48:45.083183955 AM",
="",6387,11.0,431 탎,2462 MHz,11,-87 dBm,Wi-Fi 1 (802.11b),True,414,="",="2/4/2026 6:48:45.088469965 AM",
="",6388,11.0,415 탎,2462 MHz,11,-85 dBm,Wi-Fi 1 (802.11b),True,392,="",="2/4/2026 6:48:45.091061140 AM",
="",6389,11.0,431 탎,2462 MHz,11,-86 dBm,Wi-Fi 1 (802.11b),True,414,="",="2/4/2026 6:48:45.091489855 AM",
="",6390,1.0,2208 탎,2462 MHz,11,-76 dBm,Wi-Fi 1 (802.11b),False,337,="",="2/4/2026 6:48:45.097625095 AM",
="",6391,6.0,425 탎,2462 MHz,11,-73 dBm,Wi-Fi 3 (802.11g),False,381,="",="2/4/2026 6:48:45.100361310 AM",
="",6392,1.0,2008 탎,2462 MHz,11,-67 dBm,Wi-Fi 1 (802.11b),False,312,="",="2/4/2026 6:48:45.112161540 AM",
="",6393,6.0,481 탎,2462 MHz,11,-88 dBm,Wi-Fi 3 (802.11g),False,423,="",="2/4/2026 6:48:45.114941130 AM",
="",6397,6.0,338 탎,2462 MHz,11,-84 dBm,Wi-Fi 3 (802.11g),False,316,="",="2/4/2026 6:48:45.122766435 AM",
="",6401,1.0,2008 탎,2462 MHz,11,-73 dBm,Wi-Fi 1 (802.11b),True,312,="",="2/4/2026 6:48:45.148794505 AM",
="",6404,1.0,2208 탎,2462 MHz,11,-69 dBm,Wi-Fi 1 (802.11b),False,337,="",="2/4/2026 6:48:45.160142030 AM",
="",6406,6.0,511 탎,2462 MHz,11,-84 dBm,Wi-Fi 3 (802.11g),False,446,="",="2/4/2026 6:48:45.167784660 AM",
="",6407,6.0,434 탎,2462 MHz,11,-82 dBm,Wi-Fi 3 (802.11g),False,388,="",="2/4/2026 6:48:45.169315665 AM",
="",6408,6.0,454 탎,2462 MHz,11,-82 dBm,Wi-Fi 3 (802.11g),False,403,="",="2/4/2026 6:48:45.169767540 AM",
="",6409,1.0,2016 탎,2462 MHz,11,-82 dBm,Wi-Fi 1 (802.11b),False,313,="",="2/4/2026 6:48:45.172978915 AM",
="",6410,11.0,401 탎,2462 MHz,11,-82 dBm,Wi-Fi 1 (802.11b),False,373,="",="2/4/2026 6:48:45.175011600 AM",
="",6411,11.0,418 탎,2462 MHz,11,-83 dBm,Wi-Fi 1 (802.11b),False,396,="",="2/4/2026 6:48:45.175426545 AM",
="",6412,1.0,2008 탎,2462 MHz,11,-72 dBm,Wi-Fi 1 (802.11b),False,312,="",="2/4/2026 6:48:45.177935405 AM",
="",6413,11.0,431 탎,2462 MHz,11,-83 dBm,Wi-Fi 1 (802.11b),True,414,="",="2/4/2026 6:48:45.190870900 AM",
="",6414,11.0,431 탎,2462 MHz,11,-83 dBm,Wi-Fi 1 (802.11b),True,414,="",="2/4/2026 6:48:45.195213535 AM",
="",6415,1.0,2208 탎,2462 MHz,11,-77 dBm,Wi-Fi 1 (802.11b),False,337,="",="2/4/2026 6:48:45.200024645 AM",
="",6416,6.0,425 탎,2462 MHz,11,-74 dBm,Wi-Fi 3 (802.11g),False,381,="",="2/4/2026 6:48:45.202740445 AM",
="",6417,1.0,2008 탎,2462 MHz,11,-68 dBm,Wi-Fi 1 (802.11b),False,312,="",="2/4/2026 6:48:45.211359870 AM",
="",6418,1.0,2016 탎,2462 MHz,11,-80 dBm,Wi-Fi 1 (802.11b),False,313,="",="2/4/2026 6:48:45.213731410 AM",
="",6419,11.0,401 탎,2462 MHz,11,-80 dBm,Wi-Fi 1 (802.11b),False,373,="",="2/4/2026 6:48:45.215763975 AM",
="",6423,1.0,2208 탎,2462 MHz,11,-67 dBm,Wi-Fi 1 (802.11b),False,337,="",="2/4/2026 6:48:45.229133010 AM",
="",6424,1.0,2008 탎,2462 MHz,11,-73 dBm,Wi-Fi 1 (802.11b),False,312,="",="2/4/2026 6:48:45.251221790 AM",
="",6425,1.0,952 탎,2462 MHz,11,-41 dBm,Wi-Fi 1 (802.11b),False,180,="",="2/4/2026 6:48:45.253308960 AM",
="",6429,1.0,2208 탎,2462 MHz,11,-64 dBm,Wi-Fi 1 (802.11b),False,337,="",="2/4/2026 6:48:45.262542515 AM",
="",6430,11.0,415 탎,2462 MHz,11,-88 dBm,Wi-Fi 1 (802.11b),True,392,="",="2/4/2026 6:48:45.265119770 AM",
="",6431,6.0,434 탎,2462 MHz,11,-82 dBm,Wi-Fi 3 (802.11g),False,388,="",="2/4/2026 6:48:45.270751755 AM",
="",6432,1.0,2016 탎,2462 MHz,11,-81 dBm,Wi-Fi 1 (802.11b),False,313,="",="2/4/2026 6:48:45.275404240 AM",
="",6433,11.0,401 탎,2462 MHz,11,-83 dBm,Wi-Fi 1 (802.11b),True,373,="",="2/4/2026 6:48:45.277447700 AM",
="",6434,11.0,418 탎,2462 MHz,11,-84 dBm,Wi-Fi 1 (802.11b),True,396,="",="2/4/2026 6:48:45.277822575 AM",
="",6435,1.0,2008 탎,2462 MHz,11,-65 dBm,Wi-Fi 1 (802.11b),False,312,="",="2/4/2026 6:48:45.280356610 AM",
="",6436,11.0,431 탎,2462 MHz,11,-84 dBm,Wi-Fi 1 (802.11b),True,414,="",="2/4/2026 6:48:45.293271585 AM",
="",6437,1.0,2208 탎,2462 MHz,11,-75 dBm,Wi-Fi 1 (802.11b),False,337,="",="2/4/2026 6:48:45.302422035 AM",
="",6438,6.0,425 탎,2462 MHz,11,-76 dBm,Wi-Fi 3 (802.11g),False,381,="",="2/4/2026 6:48:45.305119075 AM",
="",6439,6.0,157 탎,2462 MHz,11,-39 dBm,Wi-Fi 3 (802.11g),False,180,="",="2/4/2026 6:48:45.313863935 AM",
="",6440,1.0,2016 탎,2462 MHz,11,-83 dBm,Wi-Fi 1 (802.11b),False,313,="",="2/4/2026 6:48:45.316132015 AM",
="",6441,11.0,401 탎,2462 MHz,11,-83 dBm,Wi-Fi 1 (802.11b),False,373,="",="2/4/2026 6:48:45.318164900 AM",
="",6442,11.0,418 탎,2462 MHz,11,-82 dBm,Wi-Fi 1 (802.11b),False,396,="",="2/4/2026 6:48:45.318579870 AM",
="",6443,11.0,415 탎,2462 MHz,11,-85 dBm,Wi-Fi 1 (802.11b),False,392,="",="2/4/2026 6:48:45.324088630 AM",
="",6444,6.0,338 탎,2462 MHz,11,-83 dBm,Wi-Fi 3 (802.11g),False,316,="",="2/4/2026 6:48:45.327570415 AM",
="",6445,1.0,2208 탎,2462 MHz,11,-72 dBm,Wi-Fi 1 (802.11b),False,337,="",="2/4/2026 6:48:45.331535760 AM",
="",6448,6.0,342 탎,2462 MHz,11,-81 dBm,Wi-Fi 3 (802.11g),False,319,="",="2/4/2026 6:48:45.353171480 AM",
="",6449,1.0,2008 탎,2462 MHz,11,-76 dBm,Wi-Fi 1 (802.11b),False,312,="",="2/4/2026 6:48:45.353621980 AM",
="",6450,1.0,2208 탎,2462 MHz,11,-64 dBm,Wi-Fi 1 (802.11b),False,337,="",="2/4/2026 6:48:45.364956665 AM",
="",6452,1.0,2008 탎,2462 MHz,11,-69 dBm,Wi-Fi 1 (802.11b),False,312,="",="2/4/2026 6:48:45.382733200 AM",
="",6454,1.0,1064 탎,2462 MHz,11,-69 dBm,Wi-Fi 1 (802.11b),False,194,="",="2/4/2026 6:48:45.394251985 AM",
="",6458,72.2,118 탎,2462 MHz,11,-80 dBm,Wi-Fi 4 (802.11n),True,832,="",="2/4/2026 6:48:45.399578345 AM",
="",6459,24.0,35 탎,2462 MHz,11,-71 dBm,Wi-Fi 3 (802.11g),False,99,="",="2/4/2026 6:48:45.399713195 AM",
="",6460,72.2,119 탎,2462 MHz,11,-74 dBm,Wi-Fi 4 (802.11n),True,229,="",="2/4/2026 6:48:45.399791680 AM",
="",6461,24.0,35 탎,2462 MHz,11,-71 dBm,Wi-Fi 3 (802.11g),False,99,="",="2/4/2026 6:48:45.399927285 AM",
="",6462,6.0,425 탎,2462 MHz,11,-75 dBm,Wi-Fi 3 (802.11g),False,381,="",="2/4/2026 6:48:45.407495705 AM",
="",6463,1.0,2008 탎,2462 MHz,11,-62 dBm,Wi-Fi 1 (802.11b),False,312,="",="2/4/2026 6:48:45.416155625 AM",
="",6464,1.0,2016 탎,2462 MHz,11,-83 dBm,Wi-Fi 1 (802.11b),True,313,="",="2/4/2026 6:48:45.418506285 AM",
="",6465,1.0,2208 탎,2462 MHz,11,-72 dBm,Wi-Fi 1 (802.11b),False,337,="",="2/4/2026 6:48:45.433936565 AM",
="",6473,1.0,2008 탎,2462 MHz,11,-76 dBm,Wi-Fi 1 (802.11b),False,312,="",="2/4/2026 6:48:45.456022160 AM",
="",6474,1.0,2208 탎,2462 MHz,11,-53 dBm,Wi-Fi 1 (802.11b),False,337,="",="2/4/2026 6:48:45.467345750 AM",
="",6475,6.0,511 탎,2462 MHz,11,-82 dBm,Wi-Fi 3 (802.11g),False,446,="",="2/4/2026 6:48:45.475470750 AM",
="",6476,6.0,434 탎,2462 MHz,11,-82 dBm,Wi-Fi 3 (802.11g),False,388,="",="2/4/2026 6:48:45.475997240 AM",
="",6477,1.0,2008 탎,2462 MHz,11,-68 dBm,Wi-Fi 1 (802.11b),False,312,="",="2/4/2026 6:48:45.485133205 AM",
="",6478,1.0,872 탎,2462 MHz,11,-84 dBm,Wi-Fi 1 (802.11b),False,170,="",="2/4/2026 6:48:45.498742775 AM",
="",6479,1.0,2208 탎,2462 MHz,11,-74 dBm,Wi-Fi 1 (802.11b),False,337,="",="2/4/2026 6:48:45.507222645 AM",
="",6480,6.0,425 탎,2462 MHz,11,-78 dBm,Wi-Fi 3 (802.11g),False,381,="",="2/4/2026 6:48:45.509977595 AM",
="",6481,1.0,2008 탎,2462 MHz,11,-65 dBm,Wi-Fi 1 (802.11b),False,312,="",="2/4/2026 6:48:45.518543030 AM",
="",6482,1.0,2016 탎,2462 MHz,11,-80 dBm,Wi-Fi 1 (802.11b),False,313,="",="2/4/2026 6:48:45.520933665 AM",
="",6483,11.0,401 탎,2462 MHz,11,-81 dBm,Wi-Fi 1 (802.11b),False,373,="",="2/4/2026 6:48:45.522966030 AM",
="",6484,11.0,418 탎,2462 MHz,11,-81 dBm,Wi-Fi 1 (802.11b),False,396,="",="2/4/2026 6:48:45.523381415 AM",
="",6489,11.0,415 탎,2462 MHz,11,-81 dBm,Wi-Fi 1 (802.11b),False,392,="",="2/4/2026 6:48:45.528889295 AM",
="",6490,1.0,952 탎,2462 MHz,11,-41 dBm,Wi-Fi 1 (802.11b),False,180,="",="2/4/2026 6:48:45.530964215 AM",
="",6491,1.0,2208 탎,2462 MHz,11,-76 dBm,Wi-Fi 1 (802.11b),False,337,="",="2/4/2026 6:48:45.536336545 AM",
="",6495,1.0,952 탎,2462 MHz,11,-44 dBm,Wi-Fi 1 (802.11b),False,180,="",="2/4/2026 6:48:45.551627750 AM",
="",6496,1.0,1184 탎,2462 MHz,11,-69 dBm,Wi-Fi 1 (802.11b),False,209,="",="2/4/2026 6:48:45.552633035 AM",
="",6497,1.0,2008 탎,2462 MHz,11,-75 dBm,Wi-Fi 1 (802.11b),False,312,="",="2/4/2026 6:48:45.558422125 AM",
="",6498,1.0,2208 탎,2462 MHz,11,-61 dBm,Wi-Fi 1 (802.11b),False,337,="",="2/4/2026 6:48:45.569745515 AM",
="",6499,6.0,511 탎,2462 MHz,11,-83 dBm,Wi-Fi 3 (802.11g),False,446,="",="2/4/2026 6:48:45.577435520 AM",
="",6500,6.0,434 탎,2462 MHz,11,-84 dBm,Wi-Fi 3 (802.11g),False,388,="",="2/4/2026 6:48:45.577947350 AM",
="",6501,6.0,454 탎,2462 MHz,11,-83 dBm,Wi-Fi 3 (802.11g),False,403,="",="2/4/2026 6:48:45.578381850 AM",
="",6502,6.0,345 탎,2462 MHz,11,-83 dBm,Wi-Fi 3 (802.11g),False,229,="",="2/4/2026 6:48:45.578836350 AM",
="",6503,6.0,627 탎,2462 MHz,11,-83 dBm,Wi-Fi 3 (802.11g),False,229,="",="2/4/2026 6:48:45.579203345 AM",
="",6504,6.0,654 탎,2462 MHz,11,-83 dBm,Wi-Fi 3 (802.11g),False,229,="",="2/4/2026 6:48:45.579858445 AM",
="",6505,1.0,2016 탎,2462 MHz,11,-83 dBm,Wi-Fi 1 (802.11b),False,313,="",="2/4/2026 6:48:45.582579640 AM",
="",6506,1.0,2008 탎,2462 MHz,11,-67 dBm,Wi-Fi 1 (802.11b),False,312,="",="2/4/2026 6:48:45.587533290 AM",
="",6507,1.0,2208 탎,2462 MHz,11,-73 dBm,Wi-Fi 1 (802.11b),False,337,="",="2/4/2026 6:48:45.609622690 AM",
="",6508,6.0,425 탎,2462 MHz,11,-76 dBm,Wi-Fi 3 (802.11g),False,381,="",="2/4/2026 6:48:45.612358905 AM",
="",6509,1.0,2008 탎,2462 MHz,11,-64 dBm,Wi-Fi 1 (802.11b),False,312,="",="2/4/2026 6:48:45.620942795 AM",
="",6510,1.0,2016 탎,2462 MHz,11,-86 dBm,Wi-Fi 1 (802.11b),False,313,="",="2/4/2026 6:48:45.623334255 AM",
="",6511,11.0,401 탎,2462 MHz,11,-85 dBm,Wi-Fi 1 (802.11b),False,373,="",="2/4/2026 6:48:45.625369515 AM",
="",6512,11.0,418 탎,2462 MHz,11,-85 dBm,Wi-Fi 1 (802.11b),False,396,="",="2/4/2026 6:48:45.625782125 AM",
="",6513,6.0,338 탎,2462 MHz,11,-84 dBm,Wi-Fi 3 (802.11g),False,316,="",="2/4/2026 6:48:45.634776070 AM",
="",6514,1.0,1880 탎,2462 MHz,11,-65 dBm,Wi-Fi 1 (802.11b),False,229,="",="2/4/2026 6:48:45.636662620 AM",
="",6515,1.0,2208 탎,2462 MHz,11,-66 dBm,Wi-Fi 1 (802.11b),False,337,="",="2/4/2026 6:48:45.638736295 AM",
="",6519,24.0,40 탎,2462 MHz,11,-86 dBm,Wi-Fi 3 (802.11g),False,115,="",="2/4/2026 6:48:45.648682760 AM",
="",6520,24.0,35 탎,2462 MHz,11,-88 dBm,Wi-Fi 3 (802.11g),True,99,="",="2/4/2026 6:48:45.648723260 AM",
="",6521,24.0,37 탎,2462 MHz,11,-85 dBm,Wi-Fi 3 (802.11g),True,105,="",="2/4/2026 6:48:45.648794215 AM",
="",6522,1.0,448 탎,2462 MHz,11,-84 dBm,Wi-Fi 1 (802.11b),False,117,="",="2/4/2026 6:48:45.649576875 AM",
="",6523,24.0,37 탎,2462 MHz,11,-86 dBm,Wi-Fi 3 (802.11g),False,105,="",="2/4/2026 6:48:45.650056875 AM",
="",6524,24.0,35 탎,2462 MHz,11,-85 dBm,Wi-Fi 3 (802.11g),False,99,="",="2/4/2026 6:48:45.650365650 AM",
="",6525,24.0,35 탎,2462 MHz,11,-86 dBm,Wi-Fi 3 (802.11g),True,99,="",="2/4/2026 6:48:45.650593995 AM",
="",6526,24.0,35 탎,2462 MHz,11,-86 dBm,Wi-Fi 3 (802.11g),False,99,="",="2/4/2026 6:48:45.650932290 AM",
="",6527,24.0,35 탎,2462 MHz,11,-85 dBm,Wi-Fi 3 (802.11g),True,99,="",="2/4/2026 6:48:45.651235625 AM",
="",6528,24.0,41 탎,2462 MHz,11,-85 dBm,Wi-Fi 3 (802.11g),True,117,="",="2/4/2026 6:48:45.651386700 AM",
="",6529,6.0,342 탎,2462 MHz,11,-83 dBm,Wi-Fi 3 (802.11g),False,319,="",="2/4/2026 6:48:45.660378520 AM",
="",6530,1.0,2008 탎,2462 MHz,11,-78 dBm,Wi-Fi 1 (802.11b),False,312,="",="2/4/2026 6:48:45.660824675 AM",
="",6532,24.0,35 탎,2462 MHz,11,-84 dBm,Wi-Fi 3 (802.11g),True,99,="",="2/4/2026 6:48:45.664742125 AM",
="",6534,24.0,35 탎,2462 MHz,11,-85 dBm,Wi-Fi 3 (802.11g),False,99,="",="2/4/2026 6:48:45.665363115 AM",
="",6536,24.0,35 탎,2462 MHz,11,-84 dBm,Wi-Fi 3 (802.11g),True,99,="",="2/4/2026 6:48:45.666043520 AM",
="",6537,12.0,51 탎,2462 MHz,11,-84 dBm,Wi-Fi 3 (802.11g),False,117,="",="2/4/2026 6:48:45.666236065 AM",
="",6538,1.0,2208 탎,2462 MHz,11,-62 dBm,Wi-Fi 1 (802.11b),False,337,="",="2/4/2026 6:48:45.672143480 AM",
="",6539,24.0,37 탎,2462 MHz,11,-85 dBm,Wi-Fi 3 (802.11g),False,105,="",="2/4/2026 6:48:45.678564320 AM",
="",6540,6.0,511 탎,2462 MHz,11,-81 dBm,Wi-Fi 3 (802.11g),False,446,="",="2/4/2026 6:48:45.679784055 AM",
="",6541,6.0,434 탎,2462 MHz,11,-81 dBm,Wi-Fi 3 (802.11g),False,388,="",="2/4/2026 6:48:45.680328480 AM",
="",6542,6.0,454 탎,2462 MHz,11,-81 dBm,Wi-Fi 3 (802.11g),False,403,="",="2/4/2026 6:48:45.680810170 AM",
="",6543,6.0,201 탎,2462 MHz,11,-81 dBm,Wi-Fi 3 (802.11g),False,213,="",="2/4/2026 6:48:45.681268750 AM",
="",6544,6.0,153 탎,2462 MHz,11,-81 dBm,Wi-Fi 3 (802.11g),False,177,="",="2/4/2026 6:48:45.681488625 AM",
="",6545,1.0,2016 탎,2462 MHz,11,-82 dBm,Wi-Fi 1 (802.11b),False,313,="",="2/4/2026 6:48:45.684980470 AM",
="",6546,11.0,401 탎,2462 MHz,11,-82 dBm,Wi-Fi 1 (802.11b),False,373,="",="2/4/2026 6:48:45.687026570 AM",
="",6547,11.0,418 탎,2462 MHz,11,-82 dBm,Wi-Fi 1 (802.11b),False,396,="",="2/4/2026 6:48:45.687428540 AM",
="",6548,1.0,2008 탎,2462 MHz,11,-72 dBm,Wi-Fi 1 (802.11b),False,312,="",="2/4/2026 6:48:45.689936560 AM",
="",6549,11.0,415 탎,2462 MHz,11,-88 dBm,Wi-Fi 1 (802.11b),True,392,="",="2/4/2026 6:48:45.706789710 AM",
="",6550,1.0,2208 탎,2462 MHz,11,-75 dBm,Wi-Fi 1 (802.11b),False,337,="",="2/4/2026 6:48:45.712022440 AM",
="",6551,6.0,425 탎,2462 MHz,11,-74 dBm,Wi-Fi 3 (802.11g),False,381,="",="2/4/2026 6:48:45.714759910 AM",
="",6552,1.0,2008 탎,2462 MHz,11,-64 dBm,Wi-Fi 1 (802.11b),False,312,="",="2/4/2026 6:48:45.723680255 AM",
="",6553,11.0,401 탎,2462 MHz,11,-86 dBm,Wi-Fi 1 (802.11b),False,373,="",="2/4/2026 6:48:45.727767545 AM",
="",6557,6.0,338 탎,2462 MHz,11,-84 dBm,Wi-Fi 3 (802.11g),False,316,="",="2/4/2026 6:48:45.737177315 AM",
="",6561,1.0,2008 탎,2462 MHz,11,-80 dBm,Wi-Fi 1 (802.11b),False,312,="",="2/4/2026 6:48:45.763222720 AM",
="",6562,1.0,1880 탎,2462 MHz,11,-75 dBm,Wi-Fi 1 (802.11b),False,229,="",="2/4/2026 6:48:45.765738835 AM",
="",6563,1.0,2208 탎,2462 MHz,11,-68 dBm,Wi-Fi 1 (802.11b),False,337,="",="2/4/2026 6:48:45.774543325 AM",
="",6564,6.0,511 탎,2462 MHz,11,-81 dBm,Wi-Fi 3 (802.11g),False,446,="",="2/4/2026 6:48:45.782194915 AM",
="",6565,6.0,434 탎,2462 MHz,11,-81 dBm,Wi-Fi 3 (802.11g),False,388,="",="2/4/2026 6:48:45.782732925 AM",
="",6566,6.0,454 탎,2462 MHz,11,-81 dBm,Wi-Fi 3 (802.11g),False,403,="",="2/4/2026 6:48:45.783194415 AM",
="",6567,1.0,2016 탎,2462 MHz,11,-85 dBm,Wi-Fi 1 (802.11b),False,313,="",="2/4/2026 6:48:45.787380730 AM",
="",6568,11.0,401 탎,2462 MHz,11,-84 dBm,Wi-Fi 1 (802.11b),True,373,="",="2/4/2026 6:48:45.789397230 AM",
="",6569,1.0,2008 탎,2462 MHz,11,-70 dBm,Wi-Fi 1 (802.11b),False,312,="",="2/4/2026 6:48:45.792333540 AM",
="",6573,1.0,2208 탎,2462 MHz,11,-74 dBm,Wi-Fi 1 (802.11b),False,337,="",="2/4/2026 6:48:45.814422740 AM",
="",6574,6.0,425 탎,2462 MHz,11,-78 dBm,Wi-Fi 3 (802.11g),False,381,="",="2/4/2026 6:48:45.817181770 AM",
="",6575,1.0,2008 탎,2462 MHz,11,-68 dBm,Wi-Fi 1 (802.11b),False,312,="",="2/4/2026 6:48:45.825743045 AM",
="",6576,11.0,401 탎,2462 MHz,11,-85 dBm,Wi-Fi 1 (802.11b),False,373,="",="2/4/2026 6:48:45.830168045 AM",
="",6577,6.0,338 탎,2462 MHz,11,-83 dBm,Wi-Fi 3 (802.11g),False,316,="",="2/4/2026 6:48:45.839578120 AM",
="",6578,1.0,2208 탎,2462 MHz,11,-76 dBm,Wi-Fi 1 (802.11b),False,337,="",="2/4/2026 6:48:45.843537080 AM",
="",6582,6.0,342 탎,2462 MHz,11,-81 dBm,Wi-Fi 3 (802.11g),False,319,="",="2/4/2026 6:48:45.865180065 AM",
="",6583,1.0,2008 탎,2462 MHz,11,-79 dBm,Wi-Fi 1 (802.11b),False,312,="",="2/4/2026 6:48:45.865622340 AM",
="",6584,1.0,1880 탎,2462 MHz,11,-75 dBm,Wi-Fi 1 (802.11b),False,229,="",="2/4/2026 6:48:45.876749760 AM",
="",6585,1.0,2208 탎,2462 MHz,11,-63 dBm,Wi-Fi 1 (802.11b),False,337,="",="2/4/2026 6:48:45.878695415 AM",
="",6586,6.0,511 탎,2462 MHz,11,-83 dBm,Wi-Fi 3 (802.11g),False,446,="",="2/4/2026 6:48:45.884576520 AM",
="",6587,6.0,434 탎,2462 MHz,11,-83 dBm,Wi-Fi 3 (802.11g),False,388,="",="2/4/2026 6:48:45.885103250 AM",
="",6588,6.0,454 탎,2462 MHz,11,-83 dBm,Wi-Fi 3 (802.11g),False,403,="",="2/4/2026 6:48:45.885575620 AM",
="",6589,6.0,219 탎,2462 MHz,11,-83 dBm,Wi-Fi 3 (802.11g),False,227,="",="2/4/2026 6:48:45.886030120 AM",
="",6590,6.0,246 탎,2462 MHz,11,-83 dBm,Wi-Fi 3 (802.11g),False,229,="",="2/4/2026 6:48:45.886273350 AM",
="",6591,1.0,2016 탎,2462 MHz,11,-86 dBm,Wi-Fi 1 (802.11b),False,313,="",="2/4/2026 6:48:45.889780910 AM",
="",6592,11.0,401 탎,2462 MHz,11,-84 dBm,Wi-Fi 1 (802.11b),False,373,="",="2/4/2026 6:48:45.891813275 AM",
="",6593,11.0,418 탎,2462 MHz,11,-85 dBm,Wi-Fi 1 (802.11b),False,396,="",="2/4/2026 6:48:45.892228885 AM",
="",6594,1.0,2008 탎,2462 MHz,11,-69 dBm,Wi-Fi 1 (802.11b),False,312,="",="2/4/2026 6:48:45.894733480 AM",
="",6595,1.0,2208 탎,2462 MHz,11,-75 dBm,Wi-Fi 1 (802.11b),False,337,="",="2/4/2026 6:48:45.916822600 AM",
="",6596,6.0,425 탎,2462 MHz,11,-74 dBm,Wi-Fi 3 (802.11g),False,381,="",="2/4/2026 6:48:45.919610725 AM",
="",6597,1.0,2008 탎,2462 MHz,11,-62 dBm,Wi-Fi 1 (802.11b),False,312,="",="2/4/2026 6:48:45.928143505 AM",
="",6598,11.0,418 탎,2462 MHz,11,-86 dBm,Wi-Fi 1 (802.11b),False,396,="",="2/4/2026 6:48:45.932984235 AM",
="",6600,11.0,358 탎,2462 MHz,11,-83 dBm,Wi-Fi 1 (802.11b),False,313,="",="2/4/2026 6:48:45.938117590 AM",
="",6603,6.0,338 탎,2462 MHz,11,-85 dBm,Wi-Fi 3 (802.11g),False,316,="",="2/4/2026 6:48:45.941983300 AM",
="",6604,1.0,2208 탎,2462 MHz,11,-69 dBm,Wi-Fi 1 (802.11b),False,337,="",="2/4/2026 6:48:45.945936620 AM",
="",6608,1.0,2008 탎,2462 MHz,11,-76 dBm,Wi-Fi 1 (802.11b),False,312,="",="2/4/2026 6:48:45.968025280 AM",
="",6609,1.0,2208 탎,2462 MHz,11,-66 dBm,Wi-Fi 1 (802.11b),False,337,="",="2/4/2026 6:48:45.979346645 AM",
="",6610,1.0,1880 탎,2462 MHz,11,-70 dBm,Wi-Fi 1 (802.11b),False,229,="",="2/4/2026 6:48:45.988771600 AM",
="",6611,11.0,401 탎,2462 MHz,11,-81 dBm,Wi-Fi 1 (802.11b),False,373,="",="2/4/2026 6:48:45.994220055 AM",
="",6612,11.0,418 탎,2462 MHz,11,-82 dBm,Wi-Fi 1 (802.11b),False,396,="",="2/4/2026 6:48:45.994633400 AM",
="",6613,1.0,2008 탎,2462 MHz,11,-69 dBm,Wi-Fi 1 (802.11b),False,312,="",="2/4/2026 6:48:45.997136620 AM",
="",6617,1.0,2208 탎,2462 MHz,11,-77 dBm,Wi-Fi 1 (802.11b),False,337,="",="2/4/2026 6:48:46.019223300 AM",
="",6618,6.0,425 탎,2462 MHz,11,-75 dBm,Wi-Fi 3 (802.11g),False,381,="",="2/4/2026 6:48:46.022666070 AM",
="",6619,1.0,2016 탎,2462 MHz,11,-83 dBm,Wi-Fi 1 (802.11b),False,313,="",="2/4/2026 6:48:46.032936135 AM",
="",6620,11.0,401 탎,2462 MHz,11,-83 dBm,Wi-Fi 1 (802.11b),False,373,="",="2/4/2026 6:48:46.034969260 AM",
="",6621,11.0,418 탎,2462 MHz,11,-82 dBm,Wi-Fi 1 (802.11b),False,396,="",="2/4/2026 6:48:46.035384110 AM",
="",6622,6.0,338 탎,2462 MHz,11,-83 dBm,Wi-Fi 3 (802.11g),False,316,="",="2/4/2026 6:48:46.044383055 AM",
="",6623,1.0,2208 탎,2462 MHz,11,-69 dBm,Wi-Fi 1 (802.11b),False,337,="",="2/4/2026 6:48:46.048336880 AM",
="",6627,6.0,342 탎,2462 MHz,11,-84 dBm,Wi-Fi 3 (802.11g),False,319,="",="2/4/2026 6:48:46.069981920 AM",
="",6631,1.0,2208 탎,2462 MHz,11,-64 dBm,Wi-Fi 1 (802.11b),False,337,="",="2/4/2026 6:48:46.081747800 AM",
="",6632,6.0,511 탎,2462 MHz,11,-84 dBm,Wi-Fi 3 (802.11g),False,446,="",="2/4/2026 6:48:46.089377495 AM",
="",6633,6.0,434 탎,2462 MHz,11,-84 dBm,Wi-Fi 3 (802.11g),False,388,="",="2/4/2026 6:48:46.089919185 AM",
="",6634,6.0,454 탎,2462 MHz,11,-83 dBm,Wi-Fi 3 (802.11g),False,403,="",="2/4/2026 6:48:46.090382995 AM",
="",6635,6.0,599 탎,2462 MHz,11,-83 dBm,Wi-Fi 3 (802.11g),False,229,="",="2/4/2026 6:48:46.090837495 AM",
="",6636,6.0,626 탎,2462 MHz,11,-84 dBm,Wi-Fi 3 (802.11g),True,229,="",="2/4/2026 6:48:46.091459495 AM",
="",6637,1.0,1768 탎,2462 MHz,11,-70 dBm,Wi-Fi 1 (802.11b),False,229,="",="2/4/2026 6:48:46.096024715 AM",
="",6638,1.0,2008 탎,2462 MHz,11,-68 dBm,Wi-Fi 1 (802.11b),False,312,="",="2/4/2026 6:48:46.099533600 AM",
="",6639,1.0,1768 탎,2462 MHz,11,-69 dBm,Wi-Fi 1 (802.11b),False,229,="",="2/4/2026 6:48:46.106394890 AM",
="",6641,1.0,2208 탎,2462 MHz,11,-77 dBm,Wi-Fi 1 (802.11b),False,337,="",="2/4/2026 6:48:46.121623280 AM",
="",6642,6.0,425 탎,2462 MHz,11,-76 dBm,Wi-Fi 3 (802.11g),False,381,="",="2/4/2026 6:48:46.124305480 AM",
="",6644,1.0,2008 탎,2462 MHz,11,-63 dBm,Wi-Fi 1 (802.11b),False,312,="",="2/4/2026 6:48:46.132946425 AM",
="",6645,11.0,401 탎,2462 MHz,11,-82 dBm,Wi-Fi 1 (802.11b),False,373,="",="2/4/2026 6:48:46.137369425 AM",
="",6646,11.0,358 탎,2462 MHz,11,-84 dBm,Wi-Fi 1 (802.11b),True,313,="",="2/4/2026 6:48:46.142892295 AM",
="",6647,6.0,338 탎,2462 MHz,11,-84 dBm,Wi-Fi 3 (802.11g),False,316,="",="2/4/2026 6:48:46.146785820 AM",
="",6648,1.0,2208 탎,2462 MHz,11,-71 dBm,Wi-Fi 1 (802.11b),False,337,="",="2/4/2026 6:48:46.150737180 AM",
="",6653,1.0,2208 탎,2462 MHz,11,-60 dBm,Wi-Fi 1 (802.11b),False,337,="",="2/4/2026 6:48:46.184144350 AM",
="",6654,11.0,439 탎,2462 MHz,11,-86 dBm,Wi-Fi 1 (802.11b),True,425,="",="2/4/2026 6:48:46.186491730 AM",
="",6656,6.0,511 탎,2462 MHz,11,-81 dBm,Wi-Fi 3 (802.11g),False,446,="",="2/4/2026 6:48:46.191780900 AM",
="",6657,6.0,434 탎,2462 MHz,11,-82 dBm,Wi-Fi 3 (802.11g),False,388,="",="2/4/2026 6:48:46.192325430 AM",
="",6658,6.0,454 탎,2462 MHz,11,-83 dBm,Wi-Fi 3 (802.11g),False,403,="",="2/4/2026 6:48:46.192805080 AM",
="",6659,1.0,1768 탎,2462 MHz,11,-72 dBm,Wi-Fi 1 (802.11b),False,229,="",="2/4/2026 6:48:46.196857390 AM",
="",6660,1.0,2016 탎,2462 MHz,11,-84 dBm,Wi-Fi 1 (802.11b),False,313,="",="2/4/2026 6:48:46.198687290 AM",
="",6661,11.0,401 탎,2462 MHz,11,-84 dBm,Wi-Fi 1 (802.11b),False,373,="",="2/4/2026 6:48:46.200708215 AM",
="",6662,11.0,418 탎,2462 MHz,11,-83 dBm,Wi-Fi 1 (802.11b),False,396,="",="2/4/2026 6:48:46.201123505 AM",
="",6663,1.0,2008 탎,2462 MHz,11,-73 dBm,Wi-Fi 1 (802.11b),False,312,="",="2/4/2026 6:48:46.201936765 AM",
="",6664,1.0,2288 탎,2462 MHz,11,-87 dBm,Wi-Fi 1 (802.11b),False,347,="",="2/4/2026 6:48:46.209604905 AM",
="",6666,1.0,1768 탎,2462 MHz,11,-72 dBm,Wi-Fi 1 (802.11b),False,229,="",="2/4/2026 6:48:46.215521470 AM",
="",6671,1.0,2208 탎,2462 MHz,11,-80 dBm,Wi-Fi 1 (802.11b),False,337,="",="2/4/2026 6:48:46.224023565 AM",
="",6672,6.0,425 탎,2462 MHz,11,-76 dBm,Wi-Fi 3 (802.11g),False,381,="",="2/4/2026 6:48:46.226803155 AM",
="",6673,1.0,2008 탎,2462 MHz,11,-62 dBm,Wi-Fi 1 (802.11b),False,312,="",="2/4/2026 6:48:46.235346510 AM",
="",6674,1.0,2016 탎,2462 MHz,11,-82 dBm,Wi-Fi 1 (802.11b),False,313,="",="2/4/2026 6:48:46.237737785 AM",
="",6675,11.0,418 탎,2462 MHz,11,-81 dBm,Wi-Fi 1 (802.11b),False,396,="",="2/4/2026 6:48:46.240185440 AM",
="",6676,6.0,481 탎,2462 MHz,11,-89 dBm,Wi-Fi 3 (802.11g),False,423,="",="2/4/2026 6:48:46.242826525 AM",
="",6677,6.0,338 탎,2462 MHz,11,-85 dBm,Wi-Fi 3 (802.11g),False,316,="",="2/4/2026 6:48:46.249185345 AM",
="",6678,1.0,2208 탎,2462 MHz,11,-71 dBm,Wi-Fi 1 (802.11b),False,337,="",="2/4/2026 6:48:46.253137570 AM",
="",6683,1.0,2208 탎,2462 MHz,11,-61 dBm,Wi-Fi 1 (802.11b),False,337,="",="2/4/2026 6:48:46.286547235 AM",
="",6684,11.0,358 탎,2462 MHz,11,-86 dBm,Wi-Fi 1 (802.11b),False,313,="",="2/4/2026 6:48:46.288777980 AM",
="",6685,11.0,415 탎,2462 MHz,11,-86 dBm,Wi-Fi 1 (802.11b),False,392,="",="2/4/2026 6:48:46.289151905 AM",
="",6686,11.0,439 탎,2462 MHz,11,-87 dBm,Wi-Fi 1 (802.11b),False,425,="",="2/4/2026 6:48:46.289581460 AM",
="",6687,6.0,511 탎,2462 MHz,11,-82 dBm,Wi-Fi 3 (802.11g),False,446,="",="2/4/2026 6:48:46.294198825 AM",
="",6688,6.0,434 탎,2462 MHz,11,-82 dBm,Wi-Fi 3 (802.11g),False,388,="",="2/4/2026 6:48:46.294733755 AM",
="",6689,6.0,454 탎,2462 MHz,11,-83 dBm,Wi-Fi 3 (802.11g),False,403,="",="2/4/2026 6:48:46.295200685 AM",
="",6690,1.0,2016 탎,2462 MHz,11,-80 dBm,Wi-Fi 1 (802.11b),False,313,="",="2/4/2026 6:48:46.299384640 AM",
="",6691,11.0,401 탎,2462 MHz,11,-80 dBm,Wi-Fi 1 (802.11b),False,373,="",="2/4/2026 6:48:46.301414565 AM",
="",6692,11.0,418 탎,2462 MHz,11,-81 dBm,Wi-Fi 1 (802.11b),False,396,="",="2/4/2026 6:48:46.301845510 AM",
="",6696,1.0,2008 탎,2462 MHz,11,-66 dBm,Wi-Fi 1 (802.11b),False,312,="",="2/4/2026 6:48:46.304334330 AM",
="",6697,1.0,2208 탎,2462 MHz,11,-76 dBm,Wi-Fi 1 (802.11b),False,337,="",="2/4/2026 6:48:46.326423130 AM",
="",6698,6.0,425 탎,2462 MHz,11,-74 dBm,Wi-Fi 3 (802.11g),False,381,="",="2/4/2026 6:48:46.329170425 AM",
="",6699,1.0,2008 탎,2462 MHz,11,-67 dBm,Wi-Fi 1 (802.11b),False,312,="",="2/4/2026 6:48:46.337744275 AM",
="",6700,1.0,2016 탎,2462 MHz,11,-81 dBm,Wi-Fi 1 (802.11b),False,313,="",="2/4/2026 6:48:46.340140990 AM",
="",6701,11.0,401 탎,2462 MHz,11,-81 dBm,Wi-Fi 1 (802.11b),False,373,="",="2/4/2026 6:48:46.342170795 AM",
="",6702,11.0,418 탎,2462 MHz,11,-81 dBm,Wi-Fi 1 (802.11b),False,396,="",="2/4/2026 6:48:46.342586605 AM",
="",6703,6.0,481 탎,2462 MHz,11,-86 dBm,Wi-Fi 3 (802.11g),False,423,="",="2/4/2026 6:48:46.345250225 AM",
="",6704,11.0,443 탎,2462 MHz,11,-86 dBm,Wi-Fi 1 (802.11b),False,430,="",="2/4/2026 6:48:46.348524685 AM",
="",6707,1.0,2208 탎,2462 MHz,11,-69 dBm,Wi-Fi 1 (802.11b),False,337,="",="2/4/2026 6:48:46.355534575 AM",
="",6709,1.0,1064 탎,2462 MHz,11,-68 dBm,Wi-Fi 1 (802.11b),False,194,="",="2/4/2026 6:48:46.372231200 AM",
="",6710,72.2,118 탎,2462 MHz,11,-74 dBm,Wi-Fi 4 (802.11n),True,832,="",="2/4/2026 6:48:46.377182035 AM",
="",6711,24.0,35 탎,2462 MHz,11,-70 dBm,Wi-Fi 3 (802.11g),False,99,="",="2/4/2026 6:48:46.377313550 AM",
="",6712,72.2,119 탎,2462 MHz,11,-70 dBm,Wi-Fi 4 (802.11n),True,837,="",="2/4/2026 6:48:46.377406450 AM",
="",6713,24.0,35 탎,2462 MHz,11,-70 dBm,Wi-Fi 3 (802.11g),False,99,="",="2/4/2026 6:48:46.377525830 AM",
="",6717,1.0,2208 탎,2462 MHz,11,-64 dBm,Wi-Fi 1 (802.11b),False,337,="",="2/4/2026 6:48:46.388944960 AM",
="",6718,6.0,511 탎,2462 MHz,11,-84 dBm,Wi-Fi 3 (802.11g),False,446,="",="2/4/2026 6:48:46.396593870 AM",
="",6719,6.0,434 탎,2462 MHz,11,-84 dBm,Wi-Fi 3 (802.11g),False,388,="",="2/4/2026 6:48:46.397128720 AM",
="",6720,6.0,454 탎,2462 MHz,11,-84 dBm,Wi-Fi 3 (802.11g),False,403,="",="2/4/2026 6:48:46.397589370 AM",
="",6721,6.0,599 탎,2462 MHz,11,-84 dBm,Wi-Fi 3 (802.11g),False,229,="",="2/4/2026 6:48:46.398043870 AM",
="",6722,6.0,626 탎,2462 MHz,11,-85 dBm,Wi-Fi 3 (802.11g),True,229,="",="2/4/2026 6:48:46.398669190 AM",
="",6723,1.0,2008 탎,2462 MHz,11,-67 dBm,Wi-Fi 1 (802.11b),False,312,="",="2/4/2026 6:48:46.406734535 AM",
="",6724,1.0,832 탎,2462 MHz,11,-68 dBm,Wi-Fi 1 (802.11b),False,165,="",="2/4/2026 6:48:46.414231345 AM",
="",6725,1.0,848 탎,2462 MHz,11,-73 dBm,Wi-Fi 1 (802.11b),False,167,="",="2/4/2026 6:48:46.416176985 AM",
="",6726,1.0,304 탎,2462 MHz,11,-70 dBm,Wi-Fi 1 (802.11b),False,99,="",="2/4/2026 6:48:46.417041680 AM",
="",6727,1.0,3056 탎,2462 MHz,11,-84 dBm,Wi-Fi 1 (802.11b),False,443,="",="2/4/2026 6:48:46.420823380 AM",
="",6728,6.0,57 탎,2462 MHz,11,-70 dBm,Wi-Fi 3 (802.11g),False,105,="",="2/4/2026 6:48:46.431076950 AM",
="",6729,6.0,49 탎,2462 MHz,11,-72 dBm,Wi-Fi 3 (802.11g),False,99,="",="2/4/2026 6:48:46.431136285 AM",
="",6730,14.4,83 탎,2462 MHz,11,-70 dBm,Wi-Fi 4 (802.11n),False,173,="",="2/4/2026 6:48:46.431218025 AM",
="",6731,12.0,51 탎,2462 MHz,11,-72 dBm,Wi-Fi 3 (802.11g),False,117,="",="2/4/2026 6:48:46.431320430 AM",
="",6732,6.0,425 탎,2462 MHz,11,-78 dBm,Wi-Fi 3 (802.11g),False,381,="",="2/4/2026 6:48:46.431506815 AM",
="",6733,72.2,48 탎,2462 MHz,11,-75 dBm,Wi-Fi 4 (802.11n),False,199,="",="2/4/2026 6:48:46.432376225 AM",
="",6734,24.0,35 탎,2462 MHz,11,-70 dBm,Wi-Fi 3 (802.11g),False,99,="",="2/4/2026 6:48:46.432448775 AM",
="",6735,1.0,2008 탎,2462 MHz,11,-65 dBm,Wi-Fi 1 (802.11b),False,312,="",="2/4/2026 6:48:46.440144680 AM",
="",6736,1.0,2016 탎,2462 MHz,11,-84 dBm,Wi-Fi 1 (802.11b),False,313,="",="2/4/2026 6:48:46.442538715 AM",
="",6737,6.0,338 탎,2462 MHz,11,-84 dBm,Wi-Fi 3 (802.11g),False,316,="",="2/4/2026 6:48:46.453988850 AM",
="",6738,1.0,2208 탎,2462 MHz,11,-65 dBm,Wi-Fi 1 (802.11b),False,337,="",="2/4/2026 6:48:46.457934780 AM",
="",6739,1.0,2008 탎,2462 MHz,11,-73 dBm,Wi-Fi 1 (802.11b),True,312,="",="2/4/2026 6:48:46.479996040 AM",
="",6746,1.0,2208 탎,2462 MHz,11,-71 dBm,Wi-Fi 1 (802.11b),False,337,="",="2/4/2026 6:48:46.491344605 AM",
="",6747,6.0,511 탎,2462 MHz,11,-82 dBm,Wi-Fi 3 (802.11g),False,446,="",="2/4/2026 6:48:46.498982235 AM",
="",6748,6.0,434 탎,2462 MHz,11,-83 dBm,Wi-Fi 3 (802.11g),False,388,="",="2/4/2026 6:48:46.499532645 AM",
="",6749,6.0,454 탎,2462 MHz,11,-82 dBm,Wi-Fi 3 (802.11g),False,403,="",="2/4/2026 6:48:46.500002255 AM",
="",6750,1.0,2016 탎,2462 MHz,11,-77 dBm,Wi-Fi 1 (802.11b),False,313,="",="2/4/2026 6:48:46.504185370 AM",
="",6751,11.0,401 탎,2462 MHz,11,-78 dBm,Wi-Fi 1 (802.11b),False,373,="",="2/4/2026 6:48:46.506215575 AM",
="",6752,11.0,418 탎,2462 MHz,11,-77 dBm,Wi-Fi 1 (802.11b),False,396,="",="2/4/2026 6:48:46.506630640 AM",
="",6753,1.0,2008 탎,2462 MHz,11,-68 dBm,Wi-Fi 1 (802.11b),False,312,="",="2/4/2026 6:48:46.509134820 AM",
="",6754,1.0,2208 탎,2462 MHz,11,-80 dBm,Wi-Fi 1 (802.11b),False,337,="",="2/4/2026 6:48:46.531223420 AM",
="",6755,6.0,425 탎,2462 MHz,11,-78 dBm,Wi-Fi 3 (802.11g),False,381,="",="2/4/2026 6:48:46.535370835 AM",
="",6756,1.0,2008 탎,2462 MHz,11,-70 dBm,Wi-Fi 1 (802.11b),False,312,="",="2/4/2026 6:48:46.542544685 AM",
="",6757,1.0,2016 탎,2462 MHz,11,-82 dBm,Wi-Fi 1 (802.11b),False,313,="",="2/4/2026 6:48:46.544939800 AM",
="",6758,11.0,401 탎,2462 MHz,11,-82 dBm,Wi-Fi 1 (802.11b),False,373,="",="2/4/2026 6:48:46.546975125 AM",
="",6759,11.0,418 탎,2462 MHz,11,-82 dBm,Wi-Fi 1 (802.11b),False,396,="",="2/4/2026 6:48:46.547387615 AM",
="",6760,6.0,434 탎,2462 MHz,11,-87 dBm,Wi-Fi 3 (802.11g),False,388,="",="2/4/2026 6:48:46.549588800 AM",
="",6761,6.0,481 탎,2462 MHz,11,-88 dBm,Wi-Fi 3 (802.11g),False,423,="",="2/4/2026 6:48:46.550049660 AM",
="",6762,6.0,338 탎,2462 MHz,11,-85 dBm,Wi-Fi 3 (802.11g),False,316,="",="2/4/2026 6:48:46.556390440 AM",
="",6763,1.0,2208 탎,2462 MHz,11,-71 dBm,Wi-Fi 1 (802.11b),False,337,="",="2/4/2026 6:48:46.560334785 AM",
="",6764,1.0,2008 탎,2462 MHz,11,-75 dBm,Wi-Fi 1 (802.11b),False,312,="",="2/4/2026 6:48:46.582423685 AM",
="",6771,6.0,511 탎,2462 MHz,11,-84 dBm,Wi-Fi 3 (802.11g),False,446,="",="2/4/2026 6:48:46.601389600 AM",
="",6772,6.0,434 탎,2462 MHz,11,-84 dBm,Wi-Fi 3 (802.11g),False,388,="",="2/4/2026 6:48:46.601918435 AM",
="",6773,6.0,454 탎,2462 MHz,11,-84 dBm,Wi-Fi 3 (802.11g),False,403,="",="2/4/2026 6:48:46.602385925 AM",
="",6774,6.0,599 탎,2462 MHz,11,-84 dBm,Wi-Fi 3 (802.11g),False,229,="",="2/4/2026 6:48:46.602840425 AM",
="",6775,6.0,626 탎,2462 MHz,11,-83 dBm,Wi-Fi 3 (802.11g),False,229,="",="2/4/2026 6:48:46.603466225 AM",
="",6776,6.0,627 탎,2462 MHz,11,-84 dBm,Wi-Fi 3 (802.11g),False,229,="",="2/4/2026 6:48:46.604122615 AM",
="",6777,6.0,654 탎,2462 MHz,11,-83 dBm,Wi-Fi 3 (802.11g),False,229,="",="2/4/2026 6:48:46.604774410 AM",
="",6778,1.0,2016 탎,2462 MHz,11,-82 dBm,Wi-Fi 1 (802.11b),False,313,="",="2/4/2026 6:48:46.606584695 AM",
="",6779,11.0,401 탎,2462 MHz,11,-83 dBm,Wi-Fi 1 (802.11b),False,373,="",="2/4/2026 6:48:46.608615340 AM",
="",6780,11.0,418 탎,2462 MHz,11,-82 dBm,Wi-Fi 1 (802.11b),False,396,="",="2/4/2026 6:48:46.609030830 AM",
="",6784,1.0,2208 탎,2462 MHz,11,-74 dBm,Wi-Fi 1 (802.11b),False,337,="",="2/4/2026 6:48:46.633623930 AM",
="",6785,6.0,425 탎,2462 MHz,11,-83 dBm,Wi-Fi 3 (802.11g),False,381,="",="2/4/2026 6:48:46.636318945 AM",
="",6786,1.0,2008 탎,2462 MHz,11,-70 dBm,Wi-Fi 1 (802.11b),False,312,="",="2/4/2026 6:48:46.644944970 AM",
="",6787,1.0,2016 탎,2462 MHz,11,-84 dBm,Wi-Fi 1 (802.11b),False,313,="",="2/4/2026 6:48:46.647340085 AM",
="",6788,11.0,418 탎,2462 MHz,11,-84 dBm,Wi-Fi 1 (802.11b),False,396,="",="2/4/2026 6:48:46.649788260 AM",
="",6789,6.0,338 탎,2462 MHz,11,-85 dBm,Wi-Fi 3 (802.11g),False,316,="",="2/4/2026 6:48:46.658793405 AM",
="",6790,1.0,2208 탎,2462 MHz,11,-72 dBm,Wi-Fi 1 (802.11b),False,337,="",="2/4/2026 6:48:46.662735190 AM",
="",6794,1.0,2208 탎,2462 MHz,11,-69 dBm,Wi-Fi 1 (802.11b),False,337,="",="2/4/2026 6:48:46.696156735 AM",
="",6795,24.0,40 탎,2462 MHz,11,-85 dBm,Wi-Fi 3 (802.11g),False,115,="",="2/4/2026 6:48:46.703030480 AM",
="",6796,24.0,37 탎,2462 MHz,11,-85 dBm,Wi-Fi 3 (802.11g),True,105,="",="2/4/2026 6:48:46.703142015 AM",
="",6797,6.0,511 탎,2462 MHz,11,-84 dBm,Wi-Fi 3 (802.11g),False,446,="",="2/4/2026 6:48:46.703802045 AM",
="",6798,6.0,434 탎,2462 MHz,11,-85 dBm,Wi-Fi 3 (802.11g),False,388,="",="2/4/2026 6:48:46.704328775 AM",
="",6799,24.0,41 탎,2462 MHz,11,-85 dBm,Wi-Fi 3 (802.11g),True,117,="",="2/4/2026 6:48:46.705552210 AM",
="",6800,1.0,2016 탎,2462 MHz,11,-81 dBm,Wi-Fi 1 (802.11b),False,313,="",="2/4/2026 6:48:46.708983180 AM",
="",6801,11.0,418 탎,2462 MHz,11,-82 dBm,Wi-Fi 1 (802.11b),False,396,="",="2/4/2026 6:48:46.711430835 AM",
="",6802,24.0,35 탎,2462 MHz,11,-84 dBm,Wi-Fi 3 (802.11g),True,99,="",="2/4/2026 6:48:46.718215390 AM",
="",6803,24.0,41 탎,2462 MHz,11,-85 dBm,Wi-Fi 3 (802.11g),True,117,="",="2/4/2026 6:48:46.718353170 AM",
="",6804,24.0,37 탎,2462 MHz,11,-85 dBm,Wi-Fi 3 (802.11g),True,105,="",="2/4/2026 6:48:46.735493190 AM",
="",6805,1.0,2208 탎,2462 MHz,11,-74 dBm,Wi-Fi 1 (802.11b),False,337,="",="2/4/2026 6:48:46.736217825 AM",
="",6806,6.0,425 탎,2462 MHz,11,-76 dBm,Wi-Fi 3 (802.11g),False,381,="",="2/4/2026 6:48:46.738777045 AM",
="",6807,1.0,2008 탎,2462 MHz,11,-70 dBm,Wi-Fi 1 (802.11b),False,312,="",="2/4/2026 6:48:46.747346320 AM",
="",6808,1.0,2016 탎,2462 MHz,11,-85 dBm,Wi-Fi 1 (802.11b),False,313,="",="2/4/2026 6:48:46.749743235 AM",
="",6809,11.0,401 탎,2462 MHz,11,-85 dBm,Wi-Fi 1 (802.11b),True,373,="",="2/4/2026 6:48:46.751759735 AM",
="",6810,11.0,418 탎,2462 MHz,11,-86 dBm,Wi-Fi 1 (802.11b),True,396,="",="2/4/2026 6:48:46.752158810 AM",
="",6811,6.0,434 탎,2462 MHz,11,-89 dBm,Wi-Fi 3 (802.11g),False,388,="",="2/4/2026 6:48:46.754366115 AM",
="",6812,6.0,338 탎,2462 MHz,11,-86 dBm,Wi-Fi 3 (802.11g),False,316,="",="2/4/2026 6:48:46.761195290 AM",
="",6815,1.0,2208 탎,2462 MHz,11,-71 dBm,Wi-Fi 1 (802.11b),False,337,="",="2/4/2026 6:48:46.765137595 AM",
="",6817,1.0,2008 탎,2462 MHz,11,-82 dBm,Wi-Fi 1 (802.11b),False,312,="",="2/4/2026 6:48:46.787223535 AM",
="",6821,1.0,2208 탎,2462 MHz,11,-69 dBm,Wi-Fi 1 (802.11b),False,337,="",="2/4/2026 6:48:46.798545405 AM",
="",6822,6.0,511 탎,2462 MHz,11,-84 dBm,Wi-Fi 3 (802.11g),False,446,="",="2/4/2026 6:48:46.806186435 AM",
="",6823,6.0,434 탎,2462 MHz,11,-84 dBm,Wi-Fi 3 (802.11g),False,388,="",="2/4/2026 6:48:46.806730765 AM",
="",6824,6.0,454 탎,2462 MHz,11,-83 dBm,Wi-Fi 3 (802.11g),False,403,="",="2/4/2026 6:48:46.807182015 AM",
="",6825,6.0,219 탎,2462 MHz,11,-84 dBm,Wi-Fi 3 (802.11g),False,227,="",="2/4/2026 6:48:46.807649545 AM",
="",6826,6.0,246 탎,2462 MHz,11,-83 dBm,Wi-Fi 3 (802.11g),False,229,="",="2/4/2026 6:48:46.807882745 AM",
="",6827,1.0,2016 탎,2462 MHz,11,-79 dBm,Wi-Fi 1 (802.11b),False,313,="",="2/4/2026 6:48:46.811383490 AM",
="",6828,11.0,401 탎,2462 MHz,11,-79 dBm,Wi-Fi 1 (802.11b),False,373,="",="2/4/2026 6:48:46.813418495 AM",
="",6829,11.0,418 탎,2462 MHz,11,-79 dBm,Wi-Fi 1 (802.11b),False,396,="",="2/4/2026 6:48:46.813831120 AM",
="",6830,1.0,2008 탎,2462 MHz,11,-73 dBm,Wi-Fi 1 (802.11b),False,312,="",="2/4/2026 6:48:46.816335300 AM",
="",6832,1.0,2208 탎,2462 MHz,11,-76 dBm,Wi-Fi 1 (802.11b),False,337,="",="2/4/2026 6:48:46.838424420 AM",
="",6833,6.0,425 탎,2462 MHz,11,-76 dBm,Wi-Fi 3 (802.11g),False,381,="",="2/4/2026 6:48:46.841112260 AM",
="",6834,1.0,2008 탎,2462 MHz,11,-71 dBm,Wi-Fi 1 (802.11b),False,312,="",="2/4/2026 6:48:46.849745325 AM",
="",6835,1.0,848 탎,2462 MHz,11,-86 dBm,Wi-Fi 1 (802.11b),False,167,="",="2/4/2026 6:48:46.851777940 AM",
="",6836,11.0,401 탎,2462 MHz,11,-84 dBm,Wi-Fi 1 (802.11b),False,373,="",="2/4/2026 6:48:46.854189685 AM",
="",6837,6.0,434 탎,2462 MHz,11,-88 dBm,Wi-Fi 3 (802.11g),False,388,="",="2/4/2026 6:48:46.856764945 AM",
="",6838,11.0,358 탎,2462 MHz,11,-82 dBm,Wi-Fi 1 (802.11b),False,313,="",="2/4/2026 6:48:46.861220975 AM",
="",6839,11.0,415 탎,2462 MHz,11,-83 dBm,Wi-Fi 1 (802.11b),False,392,="",="2/4/2026 6:48:46.861592220 AM",
="",6840,11.0,443 탎,2462 MHz,11,-84 dBm,Wi-Fi 1 (802.11b),False,430,="",="2/4/2026 6:48:46.862023140 AM",
="",6841,6.0,338 탎,2462 MHz,11,-85 dBm,Wi-Fi 3 (802.11g),False,316,="",="2/4/2026 6:48:46.863952925 AM",
="",6842,1.0,2208 탎,2462 MHz,11,-73 dBm,Wi-Fi 1 (802.11b),False,337,="",="2/4/2026 6:48:46.867535425 AM",
="",6856,6.0,511 탎,2462 MHz,11,-82 dBm,Wi-Fi 3 (802.11g),False,446,="",="2/4/2026 6:48:46.908587920 AM",
="",6857,6.0,434 탎,2462 MHz,11,-82 dBm,Wi-Fi 3 (802.11g),False,388,="",="2/4/2026 6:48:46.909123410 AM",
="",6858,6.0,454 탎,2462 MHz,11,-83 dBm,Wi-Fi 3 (802.11g),False,403,="",="2/4/2026 6:48:46.909602260 AM",
="",6859,6.0,242 탎,2462 MHz,11,-83 dBm,Wi-Fi 3 (802.11g),False,229,="",="2/4/2026 6:48:46.910064405 AM",
="",6860,6.0,269 탎,2462 MHz,11,-82 dBm,Wi-Fi 3 (802.11g),False,229,="",="2/4/2026 6:48:46.910322935 AM",
="",6861,1.0,2016 탎,2462 MHz,11,-79 dBm,Wi-Fi 1 (802.11b),False,313,="",="2/4/2026 6:48:46.913784015 AM",
="",6862,1.0,2008 탎,2462 MHz,11,-70 dBm,Wi-Fi 1 (802.11b),False,312,="",="2/4/2026 6:48:46.918735065 AM",
="",6867,11.0,415 탎,2462 MHz,11,-88 dBm,Wi-Fi 1 (802.11b),True,392,="",="2/4/2026 6:48:46.935608040 AM",
="",6869,1.0,2208 탎,2462 MHz,11,-74 dBm,Wi-Fi 1 (802.11b),True,337,="",="2/4/2026 6:48:46.940796490 AM",
="",6871,6.0,425 탎,2462 MHz,11,-83 dBm,Wi-Fi 3 (802.11g),False,381,="",="2/4/2026 6:48:46.943525185 AM",
="",6872,1.0,832 탎,2462 MHz,11,-73 dBm,Wi-Fi 1 (802.11b),False,165,="",="2/4/2026 6:48:46.948493085 AM",
="",6873,1.0,848 탎,2462 MHz,11,-77 dBm,Wi-Fi 1 (802.11b),False,167,="",="2/4/2026 6:48:46.950284705 AM",
="",6874,1.0,304 탎,2462 MHz,11,-75 dBm,Wi-Fi 1 (802.11b),False,99,="",="2/4/2026 6:48:46.951152160 AM",
="",6875,1.0,2016 탎,2462 MHz,11,-84 dBm,Wi-Fi 1 (802.11b),True,313,="",="2/4/2026 6:48:46.954515550 AM",
="",6877,11.0,401 탎,2462 MHz,11,-84 dBm,Wi-Fi 1 (802.11b),False,373,="",="2/4/2026 6:48:46.956577090 AM",
="",6878,11.0,418 탎,2462 MHz,11,-84 dBm,Wi-Fi 1 (802.11b),False,396,="",="2/4/2026 6:48:46.956992660 AM",
="",6879,6.0,434 탎,2462 MHz,11,-88 dBm,Wi-Fi 3 (802.11g),False,388,="",="2/4/2026 6:48:46.959182325 AM",
="",6880,14.4,83 탎,2462 MHz,11,-76 dBm,Wi-Fi 4 (802.11n),False,173,="",="2/4/2026 6:48:46.960456205 AM",
="",6881,12.0,51 탎,2462 MHz,11,-76 dBm,Wi-Fi 3 (802.11g),False,117,="",="2/4/2026 6:48:46.960579145 AM",
="",6882,72.2,48 탎,2462 MHz,11,-78 dBm,Wi-Fi 4 (802.11n),True,199,="",="2/4/2026 6:48:46.961650540 AM",
="",6883,24.0,35 탎,2462 MHz,11,-76 dBm,Wi-Fi 3 (802.11g),False,99,="",="2/4/2026 6:48:46.961712050 AM",
="",6884,11.0,358 탎,2462 MHz,11,-84 dBm,Wi-Fi 1 (802.11b),False,313,="",="2/4/2026 6:48:46.962123135 AM",
="",6885,6.0,338 탎,2462 MHz,11,-84 dBm,Wi-Fi 3 (802.11g),False,316,="",="2/4/2026 6:48:46.965998445 AM",
="",6886,1.0,2208 탎,2462 MHz,11,-70 dBm,Wi-Fi 1 (802.11b),False,337,="",="2/4/2026 6:48:46.969935750 AM",
="",6890,1.0,2208 탎,2462 MHz,11,-67 dBm,Wi-Fi 1 (802.11b),False,337,="",="2/4/2026 6:48:47.003346055 AM",
="",6891,6.0,511 탎,2462 MHz,11,-81 dBm,Wi-Fi 3 (802.11g),False,446,="",="2/4/2026 6:48:47.011000525 AM",
="",6892,6.0,434 탎,2462 MHz,11,-81 dBm,Wi-Fi 3 (802.11g),False,388,="",="2/4/2026 6:48:47.011527015 AM",
="",6893,6.0,454 탎,2462 MHz,11,-82 dBm,Wi-Fi 3 (802.11g),False,403,="",="2/4/2026 6:48:47.011978185 AM",
="",6894,6.0,1570 탎,2462 MHz,11,-81 dBm,Wi-Fi 3 (802.11g),False,229,="",="2/4/2026 6:48:47.012432685 AM",
="",6895,6.0,1597 탎,2462 MHz,11,-81 dBm,Wi-Fi 3 (802.11g),False,229,="",="2/4/2026 6:48:47.014027560 AM",
="",6896,1.0,2016 탎,2462 MHz,11,-78 dBm,Wi-Fi 1 (802.11b),False,313,="",="2/4/2026 6:48:47.016184220 AM",
="",6897,11.0,401 탎,2462 MHz,11,-78 dBm,Wi-Fi 1 (802.11b),False,373,="",="2/4/2026 6:48:47.018219465 AM",
="",6898,11.0,418 탎,2462 MHz,11,-78 dBm,Wi-Fi 1 (802.11b),False,396,="",="2/4/2026 6:48:47.018632090 AM",
="",6899,1.0,2008 탎,2462 MHz,11,-76 dBm,Wi-Fi 1 (802.11b),False,312,="",="2/4/2026 6:48:47.021135630 AM",
="",6905,1.0,2208 탎,2462 MHz,11,-77 dBm,Wi-Fi 1 (802.11b),False,337,="",="2/4/2026 6:48:47.043224350 AM",
="",6906,6.0,425 탎,2462 MHz,11,-79 dBm,Wi-Fi 3 (802.11g),False,381,="",="2/4/2026 6:48:47.046029195 AM",
="",6907,1.0,2008 탎,2462 MHz,11,-75 dBm,Wi-Fi 1 (802.11b),False,312,="",="2/4/2026 6:48:47.054545815 AM",
="",6908,1.0,2016 탎,2462 MHz,11,-83 dBm,Wi-Fi 1 (802.11b),False,313,="",="2/4/2026 6:48:47.056942930 AM",
="",6909,11.0,418 탎,2462 MHz,11,-85 dBm,Wi-Fi 1 (802.11b),False,396,="",="2/4/2026 6:48:47.059393265 AM",
="",6913,11.0,358 탎,2462 MHz,11,-85 dBm,Wi-Fi 1 (802.11b),False,313,="",="2/4/2026 6:48:47.064523740 AM",
="",6914,11.0,415 탎,2462 MHz,11,-84 dBm,Wi-Fi 1 (802.11b),False,392,="",="2/4/2026 6:48:47.064900185 AM",
="",6915,11.0,443 탎,2462 MHz,11,-84 dBm,Wi-Fi 1 (802.11b),False,430,="",="2/4/2026 6:48:47.065331225 AM",
="",6916,11.0,276 탎,2462 MHz,11,-84 dBm,Wi-Fi 1 (802.11b),False,200,="",="2/4/2026 6:48:47.065792750 AM",
="",6917,6.0,338 탎,2462 MHz,11,-86 dBm,Wi-Fi 3 (802.11g),False,316,="",="2/4/2026 6:48:47.068400330 AM",
="",6921,6.0,511 탎,2462 MHz,11,-81 dBm,Wi-Fi 3 (802.11g),False,446,="",="2/4/2026 6:48:47.113400275 AM",
="",6922,6.0,434 탎,2462 MHz,11,-81 dBm,Wi-Fi 3 (802.11g),False,388,="",="2/4/2026 6:48:47.113921765 AM",
="",6923,6.0,454 탎,2462 MHz,11,-81 dBm,Wi-Fi 3 (802.11g),False,403,="",="2/4/2026 6:48:47.114373255 AM",
="",6924,11.0,401 탎,2462 MHz,11,-83 dBm,Wi-Fi 1 (802.11b),False,373,="",="2/4/2026 6:48:47.120619455 AM",
="",6925,1.0,2008 탎,2462 MHz,11,-72 dBm,Wi-Fi 1 (802.11b),False,312,="",="2/4/2026 6:48:47.123535180 AM",
="",6927,1.0,2208 탎,2462 MHz,11,-74 dBm,Wi-Fi 1 (802.11b),False,337,="",="2/4/2026 6:48:47.146147645 AM",
="",6928,6.0,425 탎,2462 MHz,11,-80 dBm,Wi-Fi 3 (802.11g),False,381,="",="2/4/2026 6:48:47.148554445 AM",
="",6929,1.0,2008 탎,2462 MHz,11,-70 dBm,Wi-Fi 1 (802.11b),False,312,="",="2/4/2026 6:48:47.156959045 AM",
="",6930,11.0,401 탎,2462 MHz,11,-82 dBm,Wi-Fi 1 (802.11b),False,373,="",="2/4/2026 6:48:47.161375925 AM",
="",6937,6.0,338 탎,2462 MHz,11,-84 dBm,Wi-Fi 3 (802.11g),False,316,="",="2/4/2026 6:48:47.170800655 AM",
="",6938,1.0,2160 탎,2462 MHz,11,-70 dBm,Wi-Fi 1 (802.11b),False,331,="",="2/4/2026 6:48:47.172250905 AM",
="",6939,1.0,2160 탎,2462 MHz,11,-69 dBm,Wi-Fi 1 (802.11b),False,331,="",="2/4/2026 6:48:47.176950875 AM",
="",6940,1.0,1960 탎,2462 MHz,11,-70 dBm,Wi-Fi 1 (802.11b),False,306,="",="2/4/2026 6:48:47.179249350 AM",
="",6941,1.0,1960 탎,2462 MHz,11,-69 dBm,Wi-Fi 1 (802.11b),False,306,="",="2/4/2026 6:48:47.181332915 AM",
="",6942,1.0,1960 탎,2462 MHz,11,-69 dBm,Wi-Fi 1 (802.11b),False,306,="",="2/4/2026 6:48:47.183414295 AM",
="",6943,1.0,2208 탎,2462 MHz,11,-72 dBm,Wi-Fi 1 (802.11b),False,337,="",="2/4/2026 6:48:47.185715670 AM",
="",6945,1.0,2208 탎,2462 MHz,11,-66 dBm,Wi-Fi 1 (802.11b),False,337,="",="2/4/2026 6:48:47.208148810 AM",
="",6948,6.0,511 탎,2462 MHz,11,-81 dBm,Wi-Fi 3 (802.11g),False,446,="",="2/4/2026 6:48:47.215789840 AM",
="",6949,6.0,434 탎,2462 MHz,11,-80 dBm,Wi-Fi 3 (802.11g),False,388,="",="2/4/2026 6:48:47.216325290 AM",
="",6950,6.0,454 탎,2462 MHz,11,-81 dBm,Wi-Fi 3 (802.11g),False,403,="",="2/4/2026 6:48:47.216803780 AM",
="",6951,1.0,2016 탎,2462 MHz,11,-82 dBm,Wi-Fi 1 (802.11b),False,313,="",="2/4/2026 6:48:47.220984335 AM",
="",6952,11.0,401 탎,2462 MHz,11,-83 dBm,Wi-Fi 1 (802.11b),False,373,="",="2/4/2026 6:48:47.223019660 AM",
="",6953,11.0,418 탎,2462 MHz,11,-82 dBm,Wi-Fi 1 (802.11b),False,396,="",="2/4/2026 6:48:47.223432270 AM",
="",6954,1.0,2008 탎,2462 MHz,11,-70 dBm,Wi-Fi 1 (802.11b),False,312,="",="2/4/2026 6:48:47.225935305 AM",
="",6955,1.0,2208 탎,2462 MHz,11,-76 dBm,Wi-Fi 1 (802.11b),False,337,="",="2/4/2026 6:48:47.248026970 AM",
="",6956,6.0,425 탎,2462 MHz,11,-78 dBm,Wi-Fi 3 (802.11g),False,381,="",="2/4/2026 6:48:47.250691075 AM",
="",6957,1.0,2008 탎,2462 MHz,11,-69 dBm,Wi-Fi 1 (802.11b),False,312,="",="2/4/2026 6:48:47.259345675 AM",
="",6958,1.0,2016 탎,2462 MHz,11,-77 dBm,Wi-Fi 1 (802.11b),False,313,="",="2/4/2026 6:48:47.261746230 AM",
="",6959,11.0,401 탎,2462 MHz,11,-79 dBm,Wi-Fi 1 (802.11b),False,373,="",="2/4/2026 6:48:47.263779355 AM",
="",6960,11.0,418 탎,2462 MHz,11,-78 dBm,Wi-Fi 1 (802.11b),False,396,="",="2/4/2026 6:48:47.264205820 AM",
="",6961,6.0,434 탎,2462 MHz,11,-87 dBm,Wi-Fi 3 (802.11g),False,388,="",="2/4/2026 6:48:47.266375310 AM",
="",6962,6.0,481 탎,2462 MHz,11,-87 dBm,Wi-Fi 3 (802.11g),False,423,="",="2/4/2026 6:48:47.266847025 AM",
="",6963,11.0,415 탎,2462 MHz,11,-85 dBm,Wi-Fi 1 (802.11b),True,392,="",="2/4/2026 6:48:47.269668845 AM",
="",6964,6.0,338 탎,2462 MHz,11,-84 dBm,Wi-Fi 3 (802.11g),False,316,="",="2/4/2026 6:48:47.273203725 AM",
="",6965,1.0,2208 탎,2462 MHz,11,-72 dBm,Wi-Fi 1 (802.11b),False,337,="",="2/4/2026 6:48:47.277135895 AM",
="",6967,1.0,2008 탎,2462 MHz,11,-78 dBm,Wi-Fi 1 (802.11b),False,312,="",="2/4/2026 6:48:47.299227395 AM",
="",6971,11.0,358 탎,2462 MHz,11,-87 dBm,Wi-Fi 1 (802.11b),True,313,="",="2/4/2026 6:48:47.312753490 AM",
="",6975,6.0,511 탎,2462 MHz,11,-81 dBm,Wi-Fi 3 (802.11g),False,446,="",="2/4/2026 6:48:47.318194790 AM",
="",6976,6.0,434 탎,2462 MHz,11,-81 dBm,Wi-Fi 3 (802.11g),False,388,="",="2/4/2026 6:48:47.318720985 AM",
="",6977,6.0,454 탎,2462 MHz,11,-81 dBm,Wi-Fi 3 (802.11g),False,403,="",="2/4/2026 6:48:47.319190795 AM",
="",6978,1.0,2016 탎,2462 MHz,11,-83 dBm,Wi-Fi 1 (802.11b),False,313,="",="2/4/2026 6:48:47.323385125 AM",
="",6979,11.0,401 탎,2462 MHz,11,-82 dBm,Wi-Fi 1 (802.11b),False,373,="",="2/4/2026 6:48:47.325420130 AM",
="",6980,11.0,418 탎,2462 MHz,11,-82 dBm,Wi-Fi 1 (802.11b),False,396,="",="2/4/2026 6:48:47.325832660 AM",
="",6981,1.0,2008 탎,2462 MHz,11,-72 dBm,Wi-Fi 1 (802.11b),False,312,="",="2/4/2026 6:48:47.328335880 AM",
="",6982,1.0,2208 탎,2462 MHz,11,-77 dBm,Wi-Fi 1 (802.11b),False,337,="",="2/4/2026 6:48:47.350425040 AM",
="",6983,6.0,425 탎,2462 MHz,11,-75 dBm,Wi-Fi 3 (802.11g),False,381,="",="2/4/2026 6:48:47.353339050 AM",
="",6984,1.0,2008 탎,2462 MHz,11,-66 dBm,Wi-Fi 1 (802.11b),False,312,="",="2/4/2026 6:48:47.361745745 AM",
="",6985,1.0,2016 탎,2462 MHz,11,-80 dBm,Wi-Fi 1 (802.11b),False,313,="",="2/4/2026 6:48:47.364144500 AM",
="",6986,11.0,418 탎,2462 MHz,11,-81 dBm,Wi-Fi 1 (802.11b),False,396,="",="2/4/2026 6:48:47.366595235 AM",
="",6987,6.0,434 탎,2462 MHz,11,-88 dBm,Wi-Fi 3 (802.11g),False,388,="",="2/4/2026 6:48:47.368775925 AM",
="",6988,6.0,481 탎,2462 MHz,11,-87 dBm,Wi-Fi 3 (802.11g),False,423,="",="2/4/2026 6:48:47.369228985 AM",
="",6989,1.0,2208 탎,2462 MHz,11,-70 dBm,Wi-Fi 1 (802.11b),False,337,="",="2/4/2026 6:48:47.379536525 AM",
="",6990,6.0,342 탎,2462 MHz,11,-84 dBm,Wi-Fi 3 (802.11g),False,319,="",="2/4/2026 6:48:47.401207245 AM",
="",6991,1.0,2008 탎,2462 MHz,11,-79 dBm,Wi-Fi 1 (802.11b),False,312,="",="2/4/2026 6:48:47.401624250 AM",
="",6994,11.0,401 탎,2462 MHz,11,-85 dBm,Wi-Fi 1 (802.11b),False,373,="",="2/4/2026 6:48:47.427835665 AM",
="",6995,11.0,418 탎,2462 MHz,11,-83 dBm,Wi-Fi 1 (802.11b),False,396,="",="2/4/2026 6:48:47.428237620 AM",
="",6996,1.0,2008 탎,2462 MHz,11,-72 dBm,Wi-Fi 1 (802.11b),False,312,="",="2/4/2026 6:48:47.430748750 AM",
="",7003,6.0,425 탎,2462 MHz,11,-75 dBm,Wi-Fi 3 (802.11g),False,381,="",="2/4/2026 6:48:47.455559230 AM",
="",7004,1.0,2008 탎,2462 MHz,11,-71 dBm,Wi-Fi 1 (802.11b),False,312,="",="2/4/2026 6:48:47.464146440 AM",
="",7005,11.0,401 탎,2462 MHz,11,-78 dBm,Wi-Fi 1 (802.11b),False,373,="",="2/4/2026 6:48:47.468578040 AM",
="",7006,6.0,482 탎,2462 MHz,11,-89 dBm,Wi-Fi 3 (802.11g),False,424,="",="2/4/2026 6:48:47.471649420 AM",
="",7007,11.0,358 탎,2462 MHz,11,-81 dBm,Wi-Fi 1 (802.11b),False,313,="",="2/4/2026 6:48:47.474125525 AM",
="",7008,11.0,415 탎,2462 MHz,11,-82 dBm,Wi-Fi 1 (802.11b),False,392,="",="2/4/2026 6:48:47.474516185 AM",
="",7009,11.0,394 탎,2462 MHz,11,-82 dBm,Wi-Fi 1 (802.11b),False,229,="",="2/4/2026 6:48:47.475392210 AM",
="",7010,6.0,338 탎,2462 MHz,11,-85 dBm,Wi-Fi 3 (802.11g),False,316,="",="2/4/2026 6:48:47.478005850 AM",
="",7011,1.0,2208 탎,2462 MHz,11,-68 dBm,Wi-Fi 1 (802.11b),True,337,="",="2/4/2026 6:48:47.481908580 AM",
="",7014,11.0,358 탎,2462 MHz,11,-85 dBm,Wi-Fi 1 (802.11b),False,313,="",="2/4/2026 6:48:47.517582685 AM",
="",7015,11.0,439 탎,2462 MHz,11,-81 dBm,Wi-Fi 1 (802.11b),True,425,="",="2/4/2026 6:48:47.518352750 AM",
="",7019,6.0,511 탎,2462 MHz,11,-81 dBm,Wi-Fi 3 (802.11g),False,446,="",="2/4/2026 6:48:47.523427390 AM",
="",7020,6.0,434 탎,2462 MHz,11,-81 dBm,Wi-Fi 3 (802.11g),False,388,="",="2/4/2026 6:48:47.523939220 AM",
="",7021,6.0,454 탎,2462 MHz,11,-81 dBm,Wi-Fi 3 (802.11g),False,403,="",="2/4/2026 6:48:47.524388435 AM",
="",7023,11.0,401 탎,2462 MHz,11,-80 dBm,Wi-Fi 1 (802.11b),False,373,="",="2/4/2026 6:48:47.530217775 AM",
="",7024,11.0,418 탎,2462 MHz,11,-80 dBm,Wi-Fi 1 (802.11b),False,396,="",="2/4/2026 6:48:47.530636120 AM",
="",7025,1.0,2008 탎,2462 MHz,11,-64 dBm,Wi-Fi 1 (802.11b),False,312,="",="2/4/2026 6:48:47.533136060 AM",
="",7026,24.0,35 탎,2462 MHz,11,-87 dBm,Wi-Fi 3 (802.11g),False,99,="",="2/4/2026 6:48:47.538294050 AM",
="",7028,1.0,2208 탎,2462 MHz,11,-82 dBm,Wi-Fi 1 (802.11b),False,337,="",="2/4/2026 6:48:47.555225060 AM",
="",7029,6.0,425 탎,2462 MHz,11,-78 dBm,Wi-Fi 3 (802.11g),False,381,="",="2/4/2026 6:48:47.557960835 AM",
="",7030,1.0,2008 탎,2462 MHz,11,-70 dBm,Wi-Fi 1 (802.11b),False,312,="",="2/4/2026 6:48:47.566552725 AM",
="",7031,1.0,2016 탎,2462 MHz,11,-85 dBm,Wi-Fi 1 (802.11b),False,313,="",="2/4/2026 6:48:47.568946000 AM",
="",7032,11.0,401 탎,2462 MHz,11,-85 dBm,Wi-Fi 1 (802.11b),True,373,="",="2/4/2026 6:48:47.570962500 AM",
="",7033,11.0,418 탎,2462 MHz,11,-85 dBm,Wi-Fi 1 (802.11b),True,396,="",="2/4/2026 6:48:47.571366695 AM",
="",7034,11.0,358 탎,2462 MHz,11,-85 dBm,Wi-Fi 1 (802.11b),False,313,="",="2/4/2026 6:48:47.576525610 AM",
="",7035,6.0,338 탎,2462 MHz,11,-85 dBm,Wi-Fi 3 (802.11g),False,316,="",="2/4/2026 6:48:47.580407975 AM",
="",7040,6.0,73 탎,2462 MHz,11,-88 dBm,Wi-Fi 3 (802.11g),False,117,="",="2/4/2026 6:48:47.589002810 AM",
="",7042,6.0,342 탎,2462 MHz,11,-84 dBm,Wi-Fi 3 (802.11g),False,319,="",="2/4/2026 6:48:47.606009800 AM",
="",7043,1.0,2008 탎,2462 MHz,11,-81 dBm,Wi-Fi 1 (802.11b),False,312,="",="2/4/2026 6:48:47.606427220 AM",
="",7045,1.0,2208 탎,2462 MHz,11,-67 dBm,Wi-Fi 1 (802.11b),False,337,="",="2/4/2026 6:48:47.617767705 AM",
="",7049,6.0,454 탎,2462 MHz,11,-83 dBm,Wi-Fi 3 (802.11g),False,403,="",="2/4/2026 6:48:47.626447610 AM",
="",7052,11.0,401 탎,2462 MHz,11,-76 dBm,Wi-Fi 1 (802.11b),False,373,="",="2/4/2026 6:48:47.632618475 AM",
="",7053,11.0,418 탎,2462 MHz,11,-76 dBm,Wi-Fi 1 (802.11b),False,396,="",="2/4/2026 6:48:47.633040245 AM",
="",7054,1.0,2008 탎,2462 MHz,11,-65 dBm,Wi-Fi 1 (802.11b),False,312,="",="2/4/2026 6:48:47.635536440 AM",
="",7055,6.0,425 탎,2462 MHz,11,-80 dBm,Wi-Fi 3 (802.11g),False,381,="",="2/4/2026 6:48:47.660424485 AM",
="",7057,1.0,2016 탎,2462 MHz,11,-81 dBm,Wi-Fi 1 (802.11b),False,313,="",="2/4/2026 6:48:47.671362620 AM",
="",7058,11.0,401 탎,2462 MHz,11,-82 dBm,Wi-Fi 1 (802.11b),False,373,="",="2/4/2026 6:48:47.673388585 AM",
="",7059,11.0,418 탎,2462 MHz,11,-81 dBm,Wi-Fi 1 (802.11b),False,396,="",="2/4/2026 6:48:47.673794475 AM",
="",7060,6.0,201 탎,2462 MHz,11,-88 dBm,Wi-Fi 3 (802.11g),False,213,="",="2/4/2026 6:48:47.676955785 AM",
="",7061,6.0,878 탎,2462 MHz,11,-88 dBm,Wi-Fi 3 (802.11g),False,229,="",="2/4/2026 6:48:47.677526580 AM",
="",7062,6.0,905 탎,2462 MHz,11,-88 dBm,Wi-Fi 3 (802.11g),False,229,="",="2/4/2026 6:48:47.678523040 AM",
="",7063,11.0,358 탎,2462 MHz,11,-82 dBm,Wi-Fi 1 (802.11b),False,313,="",="2/4/2026 6:48:47.679482310 AM",
="",7064,11.0,415 탎,2462 MHz,11,-82 dBm,Wi-Fi 1 (802.11b),False,392,="",="2/4/2026 6:48:47.679853315 AM",
="",7065,11.0,443 탎,2462 MHz,11,-81 dBm,Wi-Fi 1 (802.11b),False,430,="",="2/4/2026 6:48:47.680284555 AM",
="",7067,6.0,246 탎,2462 MHz,11,-89 dBm,Wi-Fi 3 (802.11g),False,229,="",="2/4/2026 6:48:47.682087875 AM",
="",7068,6.0,338 탎,2462 MHz,11,-86 dBm,Wi-Fi 3 (802.11g),False,316,="",="2/4/2026 6:48:47.682810395 AM",
="",7070,1.0,2208 탎,2462 MHz,11,-67 dBm,Wi-Fi 1 (802.11b),False,337,="",="2/4/2026 6:48:47.686736485 AM",
="",7071,1.0,2208 탎,2462 MHz,11,-68 dBm,Wi-Fi 1 (802.11b),False,337,="",="2/4/2026 6:48:47.720147190 AM",
="",7076,11.0,415 탎,2462 MHz,11,-88 dBm,Wi-Fi 1 (802.11b),True,392,="",="2/4/2026 6:48:47.722724700 AM",
="",7077,6.0,511 탎,2462 MHz,11,-80 dBm,Wi-Fi 3 (802.11g),False,446,="",="2/4/2026 6:48:47.727814795 AM",
="",7078,6.0,434 탎,2462 MHz,11,-81 dBm,Wi-Fi 3 (802.11g),False,388,="",="2/4/2026 6:48:47.728350485 AM",
="",7079,6.0,454 탎,2462 MHz,11,-80 dBm,Wi-Fi 3 (802.11g),False,403,="",="2/4/2026 6:48:47.728801920 AM",
="",7083,1.0,2016 탎,2462 MHz,11,-75 dBm,Wi-Fi 1 (802.11b),False,313,="",="2/4/2026 6:48:47.732986435 AM",
="",7084,11.0,401 탎,2462 MHz,11,-77 dBm,Wi-Fi 1 (802.11b),False,373,="",="2/4/2026 6:48:47.735018360 AM",
="",7085,11.0,418 탎,2462 MHz,11,-77 dBm,Wi-Fi 1 (802.11b),False,396,="",="2/4/2026 6:48:47.735435465 AM",
="",7089,1.0,2008 탎,2462 MHz,11,-63 dBm,Wi-Fi 1 (802.11b),False,312,="",="2/4/2026 6:48:47.737938885 AM",
="",7090,11.0,415 탎,2462 MHz,11,-88 dBm,Wi-Fi 1 (802.11b),True,392,="",="2/4/2026 6:48:47.754807995 AM",
="",7091,1.0,2208 탎,2462 MHz,11,-81 dBm,Wi-Fi 1 (802.11b),False,337,="",="2/4/2026 6:48:47.760028245 AM",
="",7092,6.0,425 탎,2462 MHz,11,-76 dBm,Wi-Fi 3 (802.11g),False,381,="",="2/4/2026 6:48:47.762814650 AM",
="",7093,1.0,2008 탎,2462 MHz,11,-69 dBm,Wi-Fi 1 (802.11b),False,312,="",="2/4/2026 6:48:47.771346830 AM",
="",7094,1.0,2016 탎,2462 MHz,11,-79 dBm,Wi-Fi 1 (802.11b),False,313,="",="2/4/2026 6:48:47.773746825 AM",
="",7095,11.0,401 탎,2462 MHz,11,-80 dBm,Wi-Fi 1 (802.11b),False,373,="",="2/4/2026 6:48:47.775779070 AM",
="",7096,11.0,418 탎,2462 MHz,11,-79 dBm,Wi-Fi 1 (802.11b),False,396,="",="2/4/2026 6:48:47.776194575 AM",
="",7097,6.0,338 탎,2462 MHz,11,-86 dBm,Wi-Fi 3 (802.11g),False,316,="",="2/4/2026 6:48:47.785211240 AM",
="",7098,1.0,2208 탎,2462 MHz,11,-66 dBm,Wi-Fi 1 (802.11b),False,337,="",="2/4/2026 6:48:47.789136585 AM",
="",7099,24.0,40 탎,2462 MHz,11,-89 dBm,Wi-Fi 3 (802.11g),True,115,="",="2/4/2026 6:48:47.798527530 AM",
="",7100,24.0,35 탎,2462 MHz,11,-88 dBm,Wi-Fi 3 (802.11g),True,99,="",="2/4/2026 6:48:47.798978535 AM",
="",7101,24.0,37 탎,2462 MHz,11,-88 dBm,Wi-Fi 3 (802.11g),True,105,="",="2/4/2026 6:48:47.799611925 AM",
="",7102,24.0,37 탎,2462 MHz,11,-88 dBm,Wi-Fi 3 (802.11g),True,105,="",="2/4/2026 6:48:47.800280090 AM",
="",7103,12.0,51 탎,2462 MHz,11,-87 dBm,Wi-Fi 3 (802.11g),True,117,="",="2/4/2026 6:48:47.801234725 AM",
="",7104,1.0,2008 탎,2462 MHz,11,-81 dBm,Wi-Fi 1 (802.11b),False,312,="",="2/4/2026 6:48:47.811224845 AM",
="",7105,24.0,35 탎,2462 MHz,11,-86 dBm,Wi-Fi 3 (802.11g),True,99,="",="2/4/2026 6:48:47.816445145 AM",
="",7106,24.0,35 탎,2462 MHz,11,-86 dBm,Wi-Fi 3 (802.11g),False,99,="",="2/4/2026 6:48:47.816743425 AM",
="",7107,24.0,35 탎,2462 MHz,11,-86 dBm,Wi-Fi 3 (802.11g),True,99,="",="2/4/2026 6:48:47.817117750 AM",
="",7108,24.0,35 탎,2462 MHz,11,-86 dBm,Wi-Fi 3 (802.11g),False,99,="",="2/4/2026 6:48:47.817389390 AM",
="",7109,24.0,35 탎,2462 MHz,11,-86 dBm,Wi-Fi 3 (802.11g),False,99,="",="2/4/2026 6:48:47.817498475 AM",
="",7110,24.0,35 탎,2462 MHz,11,-86 dBm,Wi-Fi 3 (802.11g),False,99,="",="2/4/2026 6:48:47.817849745 AM",
="",7111,24.0,41 탎,2462 MHz,11,-85 dBm,Wi-Fi 3 (802.11g),False,117,="",="2/4/2026 6:48:47.818478935 AM",
="",7112,24.0,37 탎,2462 MHz,11,-84 dBm,Wi-Fi 3 (802.11g),True,105,="",="2/4/2026 6:48:47.820088145 AM",
="",7113,24.0,37 탎,2462 MHz,11,-85 dBm,Wi-Fi 3 (802.11g),True,105,="",="2/4/2026 6:48:47.820321970 AM",
="",7114,24.0,37 탎,2462 MHz,11,-85 dBm,Wi-Fi 3 (802.11g),False,105,="",="2/4/2026 6:48:47.821017670 AM",
="",7115,24.0,37 탎,2462 MHz,11,-85 dBm,Wi-Fi 3 (802.11g),False,105,="",="2/4/2026 6:48:47.822051680 AM",
="",7116,1.0,2208 탎,2462 MHz,11,-68 dBm,Wi-Fi 1 (802.11b),False,337,="",="2/4/2026 6:48:47.822557970 AM",
="",7117,11.0,439 탎,2462 MHz,11,-86 dBm,Wi-Fi 1 (802.11b),True,425,="",="2/4/2026 6:48:47.824950765 AM",
="",7118,6.0,511 탎,2462 MHz,11,-82 dBm,Wi-Fi 3 (802.11g),False,446,="",="2/4/2026 6:48:47.830210840 AM",
="",7119,6.0,434 탎,2462 MHz,11,-81 dBm,Wi-Fi 3 (802.11g),False,388,="",="2/4/2026 6:48:47.830746425 AM",
="",7120,6.0,454 탎,2462 MHz,11,-80 dBm,Wi-Fi 3 (802.11g),False,403,="",="2/4/2026 6:48:47.831200980 AM",
="",7121,1.0,2016 탎,2462 MHz,11,-79 dBm,Wi-Fi 1 (802.11b),False,313,="",="2/4/2026 6:48:47.835386615 AM",
="",7122,11.0,401 탎,2462 MHz,11,-78 dBm,Wi-Fi 1 (802.11b),False,373,="",="2/4/2026 6:48:47.837421020 AM",
="",7123,11.0,418 탎,2462 MHz,11,-78 dBm,Wi-Fi 1 (802.11b),False,396,="",="2/4/2026 6:48:47.837838445 AM",
="",7127,1.0,2008 탎,2462 MHz,11,-64 dBm,Wi-Fi 1 (802.11b),False,312,="",="2/4/2026 6:48:47.840338985 AM",
="",7128,1.0,2016 탎,2462 MHz,11,-89 dBm,Wi-Fi 1 (802.11b),False,313,="",="2/4/2026 6:48:47.855205350 AM",
="",7129,11.0,415 탎,2462 MHz,11,-88 dBm,Wi-Fi 1 (802.11b),False,392,="",="2/4/2026 6:48:47.857238175 AM",
="",7130,11.0,431 탎,2462 MHz,11,-87 dBm,Wi-Fi 1 (802.11b),True,414,="",="2/4/2026 6:48:47.857637035 AM",
="",7134,1.0,2208 탎,2462 MHz,11,-82 dBm,Wi-Fi 1 (802.11b),False,337,="",="2/4/2026 6:48:47.862425465 AM",
="",7135,6.0,425 탎,2462 MHz,11,-79 dBm,Wi-Fi 3 (802.11g),False,381,="",="2/4/2026 6:48:47.865255925 AM",
="",7136,1.0,2008 탎,2462 MHz,11,-68 dBm,Wi-Fi 1 (802.11b),False,312,="",="2/4/2026 6:48:47.873750010 AM",
="",7137,1.0,2016 탎,2462 MHz,11,-79 dBm,Wi-Fi 1 (802.11b),False,313,="",="2/4/2026 6:48:47.876147805 AM",
="",7138,11.0,401 탎,2462 MHz,11,-80 dBm,Wi-Fi 1 (802.11b),False,373,="",="2/4/2026 6:48:47.878180170 AM",
="",7139,11.0,418 탎,2462 MHz,11,-80 dBm,Wi-Fi 1 (802.11b),False,396,="",="2/4/2026 6:48:47.878595100 AM",
="",7140,1.0,1024 탎,2462 MHz,11,-44 dBm,Wi-Fi 1 (802.11b),False,189,="",="2/4/2026 6:48:47.879085405 AM",
="",7141,11.0,415 탎,2462 MHz,11,-85 dBm,Wi-Fi 1 (802.11b),False,392,="",="2/4/2026 6:48:47.884101300 AM",
="",7142,6.0,338 탎,2462 MHz,11,-86 dBm,Wi-Fi 3 (802.11g),False,316,="",="2/4/2026 6:48:47.887615620 AM",
="",7143,1.0,2208 탎,2462 MHz,11,-69 dBm,Wi-Fi 1 (802.11b),False,337,="",="2/4/2026 6:48:47.891540550 AM",
="",7144,1.0,2008 탎,2462 MHz,11,-74 dBm,Wi-Fi 1 (802.11b),False,312,="",="2/4/2026 6:48:47.913625410 AM",
="",7145,1.0,2208 탎,2462 MHz,11,-68 dBm,Wi-Fi 1 (802.11b),False,337,="",="2/4/2026 6:48:47.924947735 AM",
="",7146,6.0,511 탎,2462 MHz,11,-83 dBm,Wi-Fi 3 (802.11g),False,446,="",="2/4/2026 6:48:47.932621300 AM",
="",7147,6.0,434 탎,2462 MHz,11,-83 dBm,Wi-Fi 3 (802.11g),False,388,="",="2/4/2026 6:48:47.933177590 AM",
="",7148,6.0,454 탎,2462 MHz,11,-84 dBm,Wi-Fi 3 (802.11g),False,403,="",="2/4/2026 6:48:47.933622640 AM",
="",7149,1.0,2016 탎,2462 MHz,11,-77 dBm,Wi-Fi 1 (802.11b),False,313,="",="2/4/2026 6:48:47.937789220 AM",
="",7150,11.0,401 탎,2462 MHz,11,-78 dBm,Wi-Fi 1 (802.11b),False,373,="",="2/4/2026 6:48:47.939818705 AM",
="",7151,11.0,418 탎,2462 MHz,11,-78 dBm,Wi-Fi 1 (802.11b),False,396,="",="2/4/2026 6:48:47.940234635 AM",
="",7155,6.0,425 탎,2462 MHz,11,-79 dBm,Wi-Fi 3 (802.11g),False,381,="",="2/4/2026 6:48:47.967563485 AM",
="",7156,1.0,2008 탎,2462 MHz,11,-67 dBm,Wi-Fi 1 (802.11b),False,312,="",="2/4/2026 6:48:47.976149935 AM",
="",7157,1.0,2016 탎,2462 MHz,11,-82 dBm,Wi-Fi 1 (802.11b),False,313,="",="2/4/2026 6:48:47.978547850 AM",
="",7158,11.0,401 탎,2462 MHz,11,-83 dBm,Wi-Fi 1 (802.11b),False,373,="",="2/4/2026 6:48:47.980580415 AM",
="",7159,11.0,418 탎,2462 MHz,11,-83 dBm,Wi-Fi 1 (802.11b),False,396,="",="2/4/2026 6:48:47.980996425 AM",
="",7160,6.0,338 탎,2462 MHz,11,-85 dBm,Wi-Fi 3 (802.11g),False,316,="",="2/4/2026 6:48:47.990018225 AM",
="",7161,1.0,2208 탎,2462 MHz,11,-73 dBm,Wi-Fi 1 (802.11b),False,337,="",="2/4/2026 6:48:47.993954770 AM",
="",7165,1.0,2008 탎,2462 MHz,11,-79 dBm,Wi-Fi 1 (802.11b),False,312,="",="2/4/2026 6:48:48.016025030 AM",
="",7169,1.0,2208 탎,2462 MHz,11,-72 dBm,Wi-Fi 1 (802.11b),False,337,="",="2/4/2026 6:48:48.027347780 AM",
="",7170,11.0,358 탎,2462 MHz,11,-88 dBm,Wi-Fi 1 (802.11b),True,313,="",="2/4/2026 6:48:48.029566765 AM",
="",7171,6.0,511 탎,2462 MHz,11,-82 dBm,Wi-Fi 3 (802.11g),False,446,="",="2/4/2026 6:48:48.035031905 AM",
="",7172,6.0,434 탎,2462 MHz,11,-81 dBm,Wi-Fi 3 (802.11g),False,388,="",="2/4/2026 6:48:48.035574610 AM",
="",7173,6.0,454 탎,2462 MHz,11,-81 dBm,Wi-Fi 3 (802.11g),False,403,="",="2/4/2026 6:48:48.036041340 AM",
="",7174,6.0,1570 탎,2462 MHz,11,-82 dBm,Wi-Fi 3 (802.11g),False,229,="",="2/4/2026 6:48:48.036495840 AM",
="",7175,6.0,1597 탎,2462 MHz,11,-81 dBm,Wi-Fi 3 (802.11g),False,229,="",="2/4/2026 6:48:48.038090195 AM",
="",7176,1.0,2016 탎,2462 MHz,11,-82 dBm,Wi-Fi 1 (802.11b),False,313,="",="2/4/2026 6:48:48.040189345 AM",
="",7177,11.0,401 탎,2462 MHz,11,-83 dBm,Wi-Fi 1 (802.11b),False,373,="",="2/4/2026 6:48:48.042219470 AM",
="",7178,11.0,418 탎,2462 MHz,11,-81 dBm,Wi-Fi 1 (802.11b),False,396,="",="2/4/2026 6:48:48.042634855 AM",
="",7182,1.0,2016 탎,2462 MHz,11,-89 dBm,Wi-Fi 1 (802.11b),False,313,="",="2/4/2026 6:48:48.060006560 AM",
="",7183,1.0,2208 탎,2462 MHz,11,-76 dBm,Wi-Fi 1 (802.11b),False,337,="",="2/4/2026 6:48:48.067225795 AM",
="",7184,6.0,425 탎,2462 MHz,11,-79 dBm,Wi-Fi 3 (802.11g),False,381,="",="2/4/2026 6:48:48.070001265 AM",
="",7185,6.0,73 탎,2462 MHz,11,-87 dBm,Wi-Fi 3 (802.11g),False,117,="",="2/4/2026 6:48:48.077844250 AM",
="",7186,1.0,2016 탎,2462 MHz,11,-81 dBm,Wi-Fi 1 (802.11b),False,313,="",="2/4/2026 6:48:48.080948455 AM",
="",7187,11.0,401 탎,2462 MHz,11,-81 dBm,Wi-Fi 1 (802.11b),False,373,="",="2/4/2026 6:48:48.082981060 AM",
="",7188,11.0,418 탎,2462 MHz,11,-81 dBm,Wi-Fi 1 (802.11b),False,396,="",="2/4/2026 6:48:48.083396445 AM",
="",7189,11.0,443 탎,2462 MHz,11,-83 dBm,Wi-Fi 1 (802.11b),True,430,="",="2/4/2026 6:48:48.089301510 AM",
="",7190,6.0,338 탎,2462 MHz,11,-86 dBm,Wi-Fi 3 (802.11g),False,316,="",="2/4/2026 6:48:48.092419710 AM",
="",7191,1.0,2208 탎,2462 MHz,11,-68 dBm,Wi-Fi 1 (802.11b),False,337,="",="2/4/2026 6:48:48.096368855 AM",
="",7192,1.0,2008 탎,2462 MHz,11,-75 dBm,Wi-Fi 1 (802.11b),False,312,="",="2/4/2026 6:48:48.118425020 AM",
="",7193,1.0,2208 탎,2462 MHz,11,-72 dBm,Wi-Fi 1 (802.11b),False,337,="",="2/4/2026 6:48:48.129747865 AM",
="",7197,6.0,511 탎,2462 MHz,11,-82 dBm,Wi-Fi 3 (802.11g),False,446,="",="2/4/2026 6:48:48.137400415 AM",
="",7198,6.0,434 탎,2462 MHz,11,-82 dBm,Wi-Fi 3 (802.11g),False,388,="",="2/4/2026 6:48:48.137938545 AM",
="",7199,6.0,454 탎,2462 MHz,11,-83 dBm,Wi-Fi 3 (802.11g),False,403,="",="2/4/2026 6:48:48.138399515 AM",
="",7200,1.0,2016 탎,2462 MHz,11,-79 dBm,Wi-Fi 1 (802.11b),False,313,="",="2/4/2026 6:48:48.142587230 AM",
="",7201,11.0,401 탎,2462 MHz,11,-80 dBm,Wi-Fi 1 (802.11b),False,373,="",="2/4/2026 6:48:48.144619595 AM",
="",7202,11.0,418 탎,2462 MHz,11,-80 dBm,Wi-Fi 1 (802.11b),True,396,="",="2/4/2026 6:48:48.145004845 AM",
="",7203,1.0,2008 탎,2462 MHz,11,-67 dBm,Wi-Fi 1 (802.11b),False,312,="",="2/4/2026 6:48:48.147539880 AM",
="",7207,11.0,415 탎,2462 MHz,11,-91 dBm,Wi-Fi 1 (802.11b),True,392,="",="2/4/2026 6:48:48.160061715 AM",
="",7208,1.0,2208 탎,2462 MHz,11,-75 dBm,Wi-Fi 1 (802.11b),False,337,="",="2/4/2026 6:48:48.169628280 AM",
="",7209,6.0,425 탎,2462 MHz,11,-76 dBm,Wi-Fi 3 (802.11g),False,381,="",="2/4/2026 6:48:48.172339280 AM",
="",7210,1.0,2008 탎,2462 MHz,11,-72 dBm,Wi-Fi 1 (802.11b),False,312,="",="2/4/2026 6:48:48.180950705 AM",
="",7211,1.0,2016 탎,2462 MHz,11,-84 dBm,Wi-Fi 1 (802.11b),False,313,="",="2/4/2026 6:48:48.183349540 AM",
="",7212,11.0,401 탎,2462 MHz,11,-84 dBm,Wi-Fi 1 (802.11b),False,373,="",="2/4/2026 6:48:48.185382105 AM",
="",7213,11.0,418 탎,2462 MHz,11,-84 dBm,Wi-Fi 1 (802.11b),False,396,="",="2/4/2026 6:48:48.185797595 AM",
="",7214,11.0,358 탎,2462 MHz,11,-84 dBm,Wi-Fi 1 (802.11b),True,313,="",="2/4/2026 6:48:48.190902815 AM",
="",7215,11.0,415 탎,2462 MHz,11,-84 dBm,Wi-Fi 1 (802.11b),False,392,="",="2/4/2026 6:48:48.191302955 AM",
="",7216,11.0,443 탎,2462 MHz,11,-84 dBm,Wi-Fi 1 (802.11b),True,430,="",="2/4/2026 6:48:48.191702235 AM",
="",7217,6.0,338 탎,2462 MHz,11,-86 dBm,Wi-Fi 3 (802.11g),False,316,="",="2/4/2026 6:48:48.194817915 AM",
="",7218,1.0,2208 탎,2462 MHz,11,-71 dBm,Wi-Fi 1 (802.11b),False,337,="",="2/4/2026 6:48:48.198737285 AM",
="",7219,1.0,968 탎,2462 MHz,11,-88 dBm,Wi-Fi 1 (802.11b),False,182,="",="2/4/2026 6:48:48.216296665 AM",
="",7220,1.0,2160 탎,2462 MHz,11,-70 dBm,Wi-Fi 1 (802.11b),False,331,="",="2/4/2026 6:48:48.220732415 AM",
="",7221,1.0,2160 탎,2462 MHz,11,-68 dBm,Wi-Fi 1 (802.11b),False,331,="",="2/4/2026 6:48:48.223016830 AM",
="",7222,1.0,2160 탎,2462 MHz,11,-69 dBm,Wi-Fi 1 (802.11b),False,331,="",="2/4/2026 6:48:48.225301100 AM",
="",7223,6.0,169 탎,2462 MHz,11,-39 dBm,Wi-Fi 3 (802.11g),False,189,="",="2/4/2026 6:48:48.227564230 AM",
="",7224,1.0,1960 탎,2462 MHz,11,-70 dBm,Wi-Fi 1 (802.11b),False,306,="",="2/4/2026 6:48:48.229685860 AM",
="",7225,1.0,304 탎,2462 MHz,11,-86 dBm,Wi-Fi 1 (802.11b),False,99,="",="2/4/2026 6:48:48.231646360 AM",
="",7226,1.0,2208 탎,2462 MHz,11,-71 dBm,Wi-Fi 1 (802.11b),False,337,="",="2/4/2026 6:48:48.232156190 AM",
="",7227,1.0,1024 탎,2462 MHz,11,-41 dBm,Wi-Fi 1 (802.11b),False,189,="",="2/4/2026 6:48:48.234461070 AM",
="",7228,1.0,2160 탎,2462 MHz,11,-73 dBm,Wi-Fi 1 (802.11b),False,331,="",="2/4/2026 6:48:48.236025360 AM",
="",7229,1.0,2160 탎,2462 MHz,11,-74 dBm,Wi-Fi 1 (802.11b),False,331,="",="2/4/2026 6:48:48.240591565 AM",
="",7230,1.0,1960 탎,2462 MHz,11,-74 dBm,Wi-Fi 1 (802.11b),False,306,="",="2/4/2026 6:48:48.242893105 AM",
="",7231,1.0,1960 탎,2462 MHz,11,-72 dBm,Wi-Fi 1 (802.11b),False,306,="",="2/4/2026 6:48:48.244982925 AM",
="",7232,1.0,2008 탎,2462 MHz,11,-69 dBm,Wi-Fi 1 (802.11b),False,312,="",="2/4/2026 6:48:48.249940005 AM",
="",7236,1.0,2208 탎,2462 MHz,11,-74 dBm,Wi-Fi 1 (802.11b),False,337,="",="2/4/2026 6:48:48.272045005 AM",
="",7240,11.0,401 탎,2462 MHz,11,-84 dBm,Wi-Fi 1 (802.11b),False,373,="",="2/4/2026 6:48:48.287807605 AM",
="",7242,1.0,2208 탎,2462 MHz,11,-73 dBm,Wi-Fi 1 (802.11b),False,337,="",="2/4/2026 6:48:48.301137370 AM",
="",7247,1.0,2008 탎,2462 MHz,11,-74 dBm,Wi-Fi 1 (802.11b),False,312,="",="2/4/2026 6:48:48.323225525 AM",
="",7249,1.0,2208 탎,2462 MHz,11,-70 dBm,Wi-Fi 1 (802.11b),False,337,="",="2/4/2026 6:48:48.334548595 AM",
="",7251,6.0,454 탎,2462 MHz,11,-83 dBm,Wi-Fi 3 (802.11g),False,403,="",="2/4/2026 6:48:48.343199285 AM",
="",7253,11.0,401 탎,2462 MHz,11,-82 dBm,Wi-Fi 1 (802.11b),False,373,="",="2/4/2026 6:48:48.349420500 AM",
="",7254,1.0,2008 탎,2462 MHz,11,-74 dBm,Wi-Fi 1 (802.11b),False,312,="",="2/4/2026 6:48:48.352340090 AM",
="",7255,1.0,2016 탎,2462 MHz,11,-90 dBm,Wi-Fi 1 (802.11b),False,313,="",="2/4/2026 6:48:48.362861875 AM",
="",7256,1.0,872 탎,2462 MHz,11,-78 dBm,Wi-Fi 1 (802.11b),False,170,="",="2/4/2026 6:48:48.365460905 AM",
="",7260,1.0,2208 탎,2462 MHz,11,-74 dBm,Wi-Fi 1 (802.11b),True,337,="",="2/4/2026 6:48:48.374400970 AM",
="",7262,1.0,2016 탎,2462 MHz,11,-79 dBm,Wi-Fi 1 (802.11b),False,313,="",="2/4/2026 6:48:48.388150445 AM",
="",7264,11.0,401 탎,2462 MHz,11,-78 dBm,Wi-Fi 1 (802.11b),False,373,="",="2/4/2026 6:48:48.390183050 AM",
="",7265,11.0,418 탎,2462 MHz,11,-79 dBm,Wi-Fi 1 (802.11b),False,396,="",="2/4/2026 6:48:48.390598100 AM",
="",7266,6.0,338 탎,2462 MHz,11,-86 dBm,Wi-Fi 3 (802.11g),False,316,="",="2/4/2026 6:48:48.399828230 AM",
="",7271,1.0,2208 탎,2462 MHz,11,-71 dBm,Wi-Fi 1 (802.11b),False,337,="",="2/4/2026 6:48:48.436948375 AM",
="",7272,6.0,511 탎,2462 MHz,11,-81 dBm,Wi-Fi 3 (802.11g),False,446,="",="2/4/2026 6:48:48.444609325 AM",
="",7273,6.0,434 탎,2462 MHz,11,-81 dBm,Wi-Fi 3 (802.11g),False,388,="",="2/4/2026 6:48:48.445144815 AM",
="",7274,6.0,454 탎,2462 MHz,11,-81 dBm,Wi-Fi 3 (802.11g),False,403,="",="2/4/2026 6:48:48.445595090 AM",
="",7276,11.0,418 탎,2462 MHz,11,-83 dBm,Wi-Fi 1 (802.11b),False,396,="",="2/4/2026 6:48:48.452235955 AM",
="",7277,1.0,2008 탎,2462 MHz,11,-73 dBm,Wi-Fi 1 (802.11b),False,312,="",="2/4/2026 6:48:48.454744950 AM",
="",7281,1.0,2208 탎,2462 MHz,11,-76 dBm,Wi-Fi 1 (802.11b),False,337,="",="2/4/2026 6:48:48.476828535 AM",
="",7284,6.0,425 탎,2462 MHz,11,-81 dBm,Wi-Fi 3 (802.11g),False,381,="",="2/4/2026 6:48:48.479570390 AM",
="",7285,1.0,2008 탎,2462 MHz,11,-73 dBm,Wi-Fi 1 (802.11b),False,312,="",="2/4/2026 6:48:48.488151280 AM",
="",7286,1.0,2016 탎,2462 MHz,11,-77 dBm,Wi-Fi 1 (802.11b),False,313,="",="2/4/2026 6:48:48.490551075 AM",
="",7287,11.0,401 탎,2462 MHz,11,-79 dBm,Wi-Fi 1 (802.11b),False,373,="",="2/4/2026 6:48:48.492583960 AM",
="",7288,11.0,418 탎,2462 MHz,11,-78 dBm,Wi-Fi 1 (802.11b),False,396,="",="2/4/2026 6:48:48.492998705 AM",
="",7289,6.0,481 탎,2462 MHz,11,-88 dBm,Wi-Fi 3 (802.11g),False,423,="",="2/4/2026 6:48:48.495655710 AM",
="",7290,6.0,338 탎,2462 MHz,11,-85 dBm,Wi-Fi 3 (802.11g),False,316,="",="2/4/2026 6:48:48.502026050 AM",
="",7291,1.0,2208 탎,2462 MHz,11,-71 dBm,Wi-Fi 1 (802.11b),False,337,="",="2/4/2026 6:48:48.505937740 AM",
="",7292,6.0,313 탎,2462 MHz,11,-80 dBm,Wi-Fi 3 (802.11g),False,229,="",="2/4/2026 6:48:48.512544855 AM",
="",7293,1.0,2008 탎,2462 MHz,11,-75 dBm,Wi-Fi 1 (802.11b),False,312,="",="2/4/2026 6:48:48.528025680 AM",
="",7297,1.0,2208 탎,2462 MHz,11,-72 dBm,Wi-Fi 1 (802.11b),False,337,="",="2/4/2026 6:48:48.539348765 AM",
="",7298,6.0,511 탎,2462 MHz,11,-81 dBm,Wi-Fi 3 (802.11g),False,446,="",="2/4/2026 6:48:48.547006875 AM",
="",7299,6.0,434 탎,2462 MHz,11,-81 dBm,Wi-Fi 3 (802.11g),False,388,="",="2/4/2026 6:48:48.547551605 AM",
="",7300,6.0,454 탎,2462 MHz,11,-80 dBm,Wi-Fi 3 (802.11g),False,403,="",="2/4/2026 6:48:48.548030935 AM",
="",7301,6.0,345 탎,2462 MHz,11,-80 dBm,Wi-Fi 3 (802.11g),False,229,="",="2/4/2026 6:48:48.548485435 AM",
="",7302,6.0,627 탎,2462 MHz,11,-80 dBm,Wi-Fi 3 (802.11g),False,229,="",="2/4/2026 6:48:48.548856355 AM",
="",7303,6.0,654 탎,2462 MHz,11,-81 dBm,Wi-Fi 3 (802.11g),False,229,="",="2/4/2026 6:48:48.549510990 AM",
="",7304,1.0,2016 탎,2462 MHz,11,-78 dBm,Wi-Fi 1 (802.11b),False,313,="",="2/4/2026 6:48:48.552188010 AM",
="",7305,11.0,401 탎,2462 MHz,11,-79 dBm,Wi-Fi 1 (802.11b),False,373,="",="2/4/2026 6:48:48.554221095 AM",
="",7306,11.0,418 탎,2462 MHz,11,-78 dBm,Wi-Fi 1 (802.11b),False,396,="",="2/4/2026 6:48:48.554636185 AM",
="",7307,1.0,2008 탎,2462 MHz,11,-72 dBm,Wi-Fi 1 (802.11b),False,312,="",="2/4/2026 6:48:48.557140165 AM",
="",7308,1.0,2208 탎,2462 MHz,11,-73 dBm,Wi-Fi 1 (802.11b),False,337,="",="2/4/2026 6:48:48.579229365 AM",
="",7309,6.0,425 탎,2462 MHz,11,-78 dBm,Wi-Fi 3 (802.11g),False,381,="",="2/4/2026 6:48:48.581938365 AM",
="",7313,1.0,2008 탎,2462 MHz,11,-73 dBm,Wi-Fi 1 (802.11b),False,312,="",="2/4/2026 6:48:48.590587205 AM",
="",7314,1.0,2016 탎,2462 MHz,11,-82 dBm,Wi-Fi 1 (802.11b),False,313,="",="2/4/2026 6:48:48.592952145 AM",
="",7315,11.0,401 탎,2462 MHz,11,-83 dBm,Wi-Fi 1 (802.11b),False,373,="",="2/4/2026 6:48:48.594984510 AM",
="",7316,11.0,418 탎,2462 MHz,11,-83 dBm,Wi-Fi 1 (802.11b),False,396,="",="2/4/2026 6:48:48.595399360 AM",
="",7320,6.0,338 탎,2462 MHz,11,-85 dBm,Wi-Fi 3 (802.11g),False,316,="",="2/4/2026 6:48:48.604428920 AM",
="",7321,1.0,2208 탎,2462 MHz,11,-76 dBm,Wi-Fi 1 (802.11b),False,337,="",="2/4/2026 6:48:48.608337970 AM",
="",7322,6.0,342 탎,2462 MHz,11,-83 dBm,Wi-Fi 3 (802.11g),False,319,="",="2/4/2026 6:48:48.630027025 AM",
="",7323,1.0,2008 탎,2462 MHz,11,-73 dBm,Wi-Fi 1 (802.11b),False,312,="",="2/4/2026 6:48:48.630426230 AM",
="",7324,1.0,2208 탎,2462 MHz,11,-71 dBm,Wi-Fi 1 (802.11b),False,337,="",="2/4/2026 6:48:48.641749075 AM",
="",7325,6.0,511 탎,2462 MHz,11,-80 dBm,Wi-Fi 3 (802.11g),False,446,="",="2/4/2026 6:48:48.649403545 AM",
="",7326,6.0,434 탎,2462 MHz,11,-80 dBm,Wi-Fi 3 (802.11g),False,388,="",="2/4/2026 6:48:48.649957795 AM",
="",7327,6.0,454 탎,2462 MHz,11,-80 dBm,Wi-Fi 3 (802.11g),False,403,="",="2/4/2026 6:48:48.650411725 AM",
="",7328,6.0,201 탎,2462 MHz,11,-80 dBm,Wi-Fi 3 (802.11g),False,213,="",="2/4/2026 6:48:48.650866225 AM",
="",7329,6.0,153 탎,2462 MHz,11,-80 dBm,Wi-Fi 3 (802.11g),False,177,="",="2/4/2026 6:48:48.651090420 AM",
="",7330,6.0,338 탎,2462 MHz,11,-83 dBm,Wi-Fi 3 (802.11g),True,316,="",="2/4/2026 6:48:48.655599060 AM",
="",7331,11.0,401 탎,2462 MHz,11,-86 dBm,Wi-Fi 1 (802.11b),True,229,="",="2/4/2026 6:48:48.656592990 AM",
="",7335,6.0,73 탎,2462 MHz,11,-89 dBm,Wi-Fi 3 (802.11g),False,117,="",="2/4/2026 6:48:48.678546115 AM",
="",7336,1.0,2208 탎,2462 MHz,11,-75 dBm,Wi-Fi 1 (802.11b),False,337,="",="2/4/2026 6:48:48.681629155 AM",
="",7337,6.0,425 탎,2462 MHz,11,-77 dBm,Wi-Fi 3 (802.11g),False,381,="",="2/4/2026 6:48:48.686250300 AM",
="",7341,1.0,2008 탎,2462 MHz,11,-73 dBm,Wi-Fi 1 (802.11b),False,312,="",="2/4/2026 6:48:48.692952220 AM",
="",7342,1.0,2016 탎,2462 MHz,11,-81 dBm,Wi-Fi 1 (802.11b),False,313,="",="2/4/2026 6:48:48.695352375 AM",
="",7343,11.0,401 탎,2462 MHz,11,-81 dBm,Wi-Fi 1 (802.11b),False,373,="",="2/4/2026 6:48:48.697384700 AM",
="",7344,11.0,418 탎,2462 MHz,11,-81 dBm,Wi-Fi 1 (802.11b),False,396,="",="2/4/2026 6:48:48.697799990 AM",
="",7345,11.0,358 탎,2462 MHz,11,-83 dBm,Wi-Fi 1 (802.11b),False,313,="",="2/4/2026 6:48:48.702931745 AM",
="",7346,11.0,415 탎,2462 MHz,11,-83 dBm,Wi-Fi 1 (802.11b),False,392,="",="2/4/2026 6:48:48.703305470 AM",
="",7347,11.0,443 탎,2462 MHz,11,-83 dBm,Wi-Fi 1 (802.11b),False,430,="",="2/4/2026 6:48:48.703736470 AM",
="",7348,6.0,338 탎,2462 MHz,11,-85 dBm,Wi-Fi 3 (802.11g),False,316,="",="2/4/2026 6:48:48.706830950 AM",
="",7349,6.0,49 탎,2462 MHz,11,-84 dBm,Wi-Fi 3 (802.11g),False,99,="",="2/4/2026 6:48:48.708592230 AM",
="",7350,1.0,2208 탎,2462 MHz,11,-71 dBm,Wi-Fi 1 (802.11b),False,337,="",="2/4/2026 6:48:48.710738080 AM",
="",7351,1.0,2008 탎,2462 MHz,11,-72 dBm,Wi-Fi 1 (802.11b),False,312,="",="2/4/2026 6:48:48.732835300 AM",
="",7352,1.0,2208 탎,2462 MHz,11,-73 dBm,Wi-Fi 1 (802.11b),False,337,="",="2/4/2026 6:48:48.744149210 AM",
="",7353,6.0,511 탎,2462 MHz,11,-79 dBm,Wi-Fi 3 (802.11g),False,446,="",="2/4/2026 6:48:48.751825935 AM",
="",7354,6.0,434 탎,2462 MHz,11,-79 dBm,Wi-Fi 3 (802.11g),False,388,="",="2/4/2026 6:48:48.752361425 AM",
="",7355,6.0,454 탎,2462 MHz,11,-78 dBm,Wi-Fi 3 (802.11g),False,403,="",="2/4/2026 6:48:48.752812995 AM",
="",7356,1.0,2016 탎,2462 MHz,11,-82 dBm,Wi-Fi 1 (802.11b),False,313,="",="2/4/2026 6:48:48.756989175 AM",
="",7357,11.0,401 탎,2462 MHz,11,-82 dBm,Wi-Fi 1 (802.11b),False,373,="",="2/4/2026 6:48:48.759021100 AM",
="",7358,11.0,418 탎,2462 MHz,11,-82 dBm,Wi-Fi 1 (802.11b),False,396,="",="2/4/2026 6:48:48.759436485 AM",
="",7359,6.0,49 탎,2462 MHz,11,-83 dBm,Wi-Fi 3 (802.11g),False,99,="",="2/4/2026 6:48:48.760716510 AM",
="",7360,1.0,2008 탎,2462 MHz,11,-72 dBm,Wi-Fi 1 (802.11b),False,312,="",="2/4/2026 6:48:48.761941105 AM",
="",7361,1.0,2208 탎,2462 MHz,11,-72 dBm,Wi-Fi 1 (802.11b),False,337,="",="2/4/2026 6:48:48.784029145 AM",
="",7362,6.0,425 탎,2462 MHz,11,-81 dBm,Wi-Fi 3 (802.11g),False,381,="",="2/4/2026 6:48:48.786811015 AM",
="",7366,1.0,2008 탎,2462 MHz,11,-73 dBm,Wi-Fi 1 (802.11b),False,312,="",="2/4/2026 6:48:48.795377385 AM",
="",7367,1.0,2016 탎,2462 MHz,11,-78 dBm,Wi-Fi 1 (802.11b),False,313,="",="2/4/2026 6:48:48.797753205 AM",
="",7368,11.0,401 탎,2462 MHz,11,-78 dBm,Wi-Fi 1 (802.11b),False,373,="",="2/4/2026 6:48:48.799785890 AM",
="",7369,11.0,418 탎,2462 MHz,11,-77 dBm,Wi-Fi 1 (802.11b),False,396,="",="2/4/2026 6:48:48.800201060 AM",
="",7370,11.0,443 탎,2462 MHz,11,-84 dBm,Wi-Fi 1 (802.11b),False,430,="",="2/4/2026 6:48:48.806166755 AM",
="",7372,6.0,338 탎,2462 MHz,11,-83 dBm,Wi-Fi 3 (802.11g),False,316,="",="2/4/2026 6:48:48.809231820 AM",
="",7375,1.0,2208 탎,2462 MHz,11,-70 dBm,Wi-Fi 1 (802.11b),False,337,="",="2/4/2026 6:48:48.813137870 AM",
="",7376,1.0,2008 탎,2462 MHz,11,-74 dBm,Wi-Fi 1 (802.11b),False,312,="",="2/4/2026 6:48:48.835228770 AM",
="",7377,6.0,511 탎,2462 MHz,11,-80 dBm,Wi-Fi 3 (802.11g),False,446,="",="2/4/2026 6:48:48.854212910 AM",
="",7378,6.0,434 탎,2462 MHz,11,-80 dBm,Wi-Fi 3 (802.11g),False,388,="",="2/4/2026 6:48:48.854751815 AM",
="",7379,6.0,454 탎,2462 MHz,11,-80 dBm,Wi-Fi 3 (802.11g),False,403,="",="2/4/2026 6:48:48.855221225 AM",
="",7380,6.0,219 탎,2462 MHz,11,-81 dBm,Wi-Fi 3 (802.11g),False,227,="",="2/4/2026 6:48:48.855675725 AM",
="",7381,6.0,246 탎,2462 MHz,11,-80 dBm,Wi-Fi 3 (802.11g),False,229,="",="2/4/2026 6:48:48.855920795 AM",
="",7382,1.0,2016 탎,2462 MHz,11,-79 dBm,Wi-Fi 1 (802.11b),False,313,="",="2/4/2026 6:48:48.859389285 AM",
="",7383,11.0,401 탎,2462 MHz,11,-81 dBm,Wi-Fi 1 (802.11b),False,373,="",="2/4/2026 6:48:48.861421650 AM",
="",7384,11.0,418 탎,2462 MHz,11,-80 dBm,Wi-Fi 1 (802.11b),False,396,="",="2/4/2026 6:48:48.861837460 AM",
="",7385,1.0,2008 탎,2462 MHz,11,-75 dBm,Wi-Fi 1 (802.11b),False,312,="",="2/4/2026 6:48:48.864360415 AM",
="",7386,11.0,415 탎,2462 MHz,11,-90 dBm,Wi-Fi 1 (802.11b),True,392,="",="2/4/2026 6:48:48.876866715 AM",
="",7390,6.0,425 탎,2462 MHz,11,-84 dBm,Wi-Fi 3 (802.11g),False,381,="",="2/4/2026 6:48:48.889582955 AM",
="",7391,1.0,2008 탎,2462 MHz,11,-69 dBm,Wi-Fi 1 (802.11b),False,312,="",="2/4/2026 6:48:48.897748785 AM",
="",7395,1.0,2016 탎,2462 MHz,11,-77 dBm,Wi-Fi 1 (802.11b),False,313,="",="2/4/2026 6:48:48.900153700 AM",
="",7396,11.0,401 탎,2462 MHz,11,-78 dBm,Wi-Fi 1 (802.11b),False,373,="",="2/4/2026 6:48:48.902186505 AM",
="",7397,11.0,418 탎,2462 MHz,11,-78 dBm,Wi-Fi 1 (802.11b),False,396,="",="2/4/2026 6:48:48.902601570 AM",
="",7398,6.0,338 탎,2462 MHz,11,-85 dBm,Wi-Fi 3 (802.11g),False,316,="",="2/4/2026 6:48:48.911634650 AM",
="",7399,1.0,2208 탎,2462 MHz,11,-75 dBm,Wi-Fi 1 (802.11b),False,337,="",="2/4/2026 6:48:48.915538245 AM",
="",7400,1.0,2208 탎,2462 MHz,11,-73 dBm,Wi-Fi 1 (802.11b),False,337,="",="2/4/2026 6:48:48.948950030 AM",
="",7404,6.0,511 탎,2462 MHz,11,-82 dBm,Wi-Fi 3 (802.11g),False,446,="",="2/4/2026 6:48:48.956633395 AM",
="",7405,6.0,434 탎,2462 MHz,11,-83 dBm,Wi-Fi 3 (802.11g),False,388,="",="2/4/2026 6:48:48.957180180 AM",
="",7406,6.0,454 탎,2462 MHz,11,-82 dBm,Wi-Fi 3 (802.11g),False,403,="",="2/4/2026 6:48:48.957641775 AM",
="",7407,1.0,2016 탎,2462 MHz,11,-82 dBm,Wi-Fi 1 (802.11b),False,313,="",="2/4/2026 6:48:48.961789675 AM",
="",7408,11.0,401 탎,2462 MHz,11,-83 dBm,Wi-Fi 1 (802.11b),False,373,="",="2/4/2026 6:48:48.963821720 AM",
="",7409,11.0,418 탎,2462 MHz,11,-82 dBm,Wi-Fi 1 (802.11b),False,396,="",="2/4/2026 6:48:48.964237425 AM",
="",7410,1.0,2008 탎,2462 MHz,11,-73 dBm,Wi-Fi 1 (802.11b),False,312,="",="2/4/2026 6:48:48.966741285 AM",
="",7411,1.0,2208 탎,2462 MHz,11,-76 dBm,Wi-Fi 1 (802.11b),False,337,="",="2/4/2026 6:48:48.988829565 AM",
="",7412,6.0,425 탎,2462 MHz,11,-80 dBm,Wi-Fi 3 (802.11g),False,381,="",="2/4/2026 6:48:48.991625690 AM",
="",7413,1.0,2008 탎,2462 MHz,11,-73 dBm,Wi-Fi 1 (802.11b),False,312,="",="2/4/2026 6:48:49.000152310 AM",
="",7414,1.0,2016 탎,2462 MHz,11,-79 dBm,Wi-Fi 1 (802.11b),True,313,="",="2/4/2026 6:48:49.002527545 AM",
="",7418,11.0,401 탎,2462 MHz,11,-79 dBm,Wi-Fi 1 (802.11b),False,373,="",="2/4/2026 6:48:49.004586910 AM",
="",7419,11.0,418 탎,2462 MHz,11,-79 dBm,Wi-Fi 1 (802.11b),False,396,="",="2/4/2026 6:48:49.005001855 AM",
="",7420,6.0,338 탎,2462 MHz,11,-86 dBm,Wi-Fi 3 (802.11g),False,316,="",="2/4/2026 6:48:49.014035695 AM",
="",7421,1.0,2208 탎,2462 MHz,11,-74 dBm,Wi-Fi 1 (802.11b),False,337,="",="2/4/2026 6:48:49.017938130 AM",
="",7422,1.0,2424 탎,2462 MHz,11,-88 dBm,Wi-Fi 1 (802.11b),False,364,="",="2/4/2026 6:48:49.032154955 AM",
="",7423,1.0,2008 탎,2462 MHz,11,-79 dBm,Wi-Fi 1 (802.11b),False,312,="",="2/4/2026 6:48:49.040026070 AM",
="",7424,1.0,2208 탎,2462 MHz,11,-72 dBm,Wi-Fi 1 (802.11b),False,337,="",="2/4/2026 6:48:49.051349555 AM",
="",7425,11.0,439 탎,2462 MHz,11,-90 dBm,Wi-Fi 1 (802.11b),True,425,="",="2/4/2026 6:48:49.054358060 AM",
="",7426,6.0,511 탎,2462 MHz,11,-82 dBm,Wi-Fi 3 (802.11g),False,446,="",="2/4/2026 6:48:49.059014145 AM",
="",7427,6.0,434 탎,2462 MHz,11,-82 dBm,Wi-Fi 3 (802.11g),False,388,="",="2/4/2026 6:48:49.059538635 AM",
="",7428,6.0,454 탎,2462 MHz,11,-83 dBm,Wi-Fi 3 (802.11g),False,403,="",="2/4/2026 6:48:49.060001965 AM",
="",7429,6.0,599 탎,2462 MHz,11,-82 dBm,Wi-Fi 3 (802.11g),False,229,="",="2/4/2026 6:48:49.060456465 AM",
="",7430,6.0,626 탎,2462 MHz,11,-82 dBm,Wi-Fi 3 (802.11g),False,229,="",="2/4/2026 6:48:49.061078825 AM",
="",7434,1.0,2016 탎,2462 MHz,11,-74 dBm,Wi-Fi 1 (802.11b),False,313,="",="2/4/2026 6:48:49.064189760 AM",
="",7435,11.0,401 탎,2462 MHz,11,-76 dBm,Wi-Fi 1 (802.11b),False,373,="",="2/4/2026 6:48:49.066222325 AM",
="",7436,11.0,418 탎,2462 MHz,11,-77 dBm,Wi-Fi 1 (802.11b),False,396,="",="2/4/2026 6:48:49.066637495 AM",
="",7437,1.0,2008 탎,2462 MHz,11,-74 dBm,Wi-Fi 1 (802.11b),False,312,="",="2/4/2026 6:48:49.069138490 AM",
="",7443,1.0,2208 탎,2462 MHz,11,-74 dBm,Wi-Fi 1 (802.11b),False,337,="",="2/4/2026 6:48:49.091227195 AM",
="",7446,6.0,425 탎,2462 MHz,11,-81 dBm,Wi-Fi 3 (802.11g),False,381,="",="2/4/2026 6:48:49.094582880 AM",
="",7447,1.0,2016 탎,2462 MHz,11,-78 dBm,Wi-Fi 1 (802.11b),False,313,="",="2/4/2026 6:48:49.104963150 AM",
="",7448,11.0,401 탎,2462 MHz,11,-79 dBm,Wi-Fi 1 (802.11b),False,373,="",="2/4/2026 6:48:49.106987515 AM",
="",7450,11.0,418 탎,2462 MHz,11,-77 dBm,Wi-Fi 1 (802.11b),True,396,="",="2/4/2026 6:48:49.107372910 AM",
="",7453,6.0,338 탎,2462 MHz,11,-82 dBm,Wi-Fi 3 (802.11g),False,316,="",="2/4/2026 6:48:49.116436965 AM",
="",7454,1.0,2208 탎,2462 MHz,11,-70 dBm,Wi-Fi 1 (802.11b),False,337,="",="2/4/2026 6:48:49.120341415 AM",
="",7455,1.0,2424 탎,2462 MHz,11,-89 dBm,Wi-Fi 1 (802.11b),False,364,="",="2/4/2026 6:48:49.134557745 AM",
="",7456,1.0,2008 탎,2462 MHz,11,-79 dBm,Wi-Fi 1 (802.11b),False,312,="",="2/4/2026 6:48:49.142426795 AM",
="",7457,1.0,2208 탎,2462 MHz,11,-73 dBm,Wi-Fi 1 (802.11b),False,337,="",="2/4/2026 6:48:49.153749865 AM",
="",7459,6.0,511 탎,2462 MHz,11,-81 dBm,Wi-Fi 3 (802.11g),False,446,="",="2/4/2026 6:48:49.161420230 AM",
="",7460,6.0,434 탎,2462 MHz,11,-81 dBm,Wi-Fi 3 (802.11g),False,388,="",="2/4/2026 6:48:49.161973920 AM",
="",7461,6.0,454 탎,2462 MHz,11,-81 dBm,Wi-Fi 3 (802.11g),False,403,="",="2/4/2026 6:48:49.162451945 AM",
="",7462,1.0,2016 탎,2462 MHz,11,-83 dBm,Wi-Fi 1 (802.11b),True,313,="",="2/4/2026 6:48:49.166563470 AM",
="",7464,11.0,401 탎,2462 MHz,11,-82 dBm,Wi-Fi 1 (802.11b),False,373,="",="2/4/2026 6:48:49.168622315 AM",
="",7465,11.0,418 탎,2462 MHz,11,-83 dBm,Wi-Fi 1 (802.11b),False,396,="",="2/4/2026 6:48:49.169038220 AM",
="",7466,1.0,2008 탎,2462 MHz,11,-70 dBm,Wi-Fi 1 (802.11b),False,312,="",="2/4/2026 6:48:49.171537920 AM",
="",7471,11.0,415 탎,2462 MHz,11,-90 dBm,Wi-Fi 1 (802.11b),True,392,="",="2/4/2026 6:48:49.184068475 AM",
="",7473,6.0,425 탎,2462 MHz,11,-80 dBm,Wi-Fi 3 (802.11g),False,381,="",="2/4/2026 6:48:49.196449325 AM",
="",7477,1.0,2008 탎,2462 MHz,11,-70 dBm,Wi-Fi 1 (802.11b),False,312,="",="2/4/2026 6:48:49.204949905 AM",
="",7478,1.0,2016 탎,2462 MHz,11,-77 dBm,Wi-Fi 1 (802.11b),False,313,="",="2/4/2026 6:48:49.207358020 AM",
="",7482,6.0,338 탎,2462 MHz,11,-86 dBm,Wi-Fi 3 (802.11g),False,316,="",="2/4/2026 6:48:49.218835875 AM",
="",7486,1.0,2208 탎,2462 MHz,11,-72 dBm,Wi-Fi 1 (802.11b),False,337,="",="2/4/2026 6:48:49.222741805 AM",
="",7487,1.0,1152 탎,2462 MHz,11,-81 dBm,Wi-Fi 1 (802.11b),False,205,="",="2/4/2026 6:48:49.242303330 AM",
="",7488,1.0,2160 탎,2462 MHz,11,-71 dBm,Wi-Fi 1 (802.11b),False,331,="",="2/4/2026 6:48:49.244036275 AM",
="",7489,1.0,304 탎,2462 MHz,11,-80 dBm,Wi-Fi 1 (802.11b),False,99,="",="2/4/2026 6:48:49.246196775 AM",
="",7490,1.0,2160 탎,2462 MHz,11,-73 dBm,Wi-Fi 1 (802.11b),False,331,="",="2/4/2026 6:48:49.246588810 AM",
="",7491,1.0,2160 탎,2462 MHz,11,-71 dBm,Wi-Fi 1 (802.11b),False,331,="",="2/4/2026 6:48:49.248842810 AM",
="",7492,1.0,2160 탎,2462 MHz,11,-71 dBm,Wi-Fi 1 (802.11b),False,331,="",="2/4/2026 6:48:49.251124760 AM",
="",7493,1.0,304 탎,2462 MHz,11,-81 dBm,Wi-Fi 1 (802.11b),False,99,="",="2/4/2026 6:48:49.253285260 AM",
="",7494,1.0,1960 탎,2462 MHz,11,-73 dBm,Wi-Fi 1 (802.11b),False,306,="",="2/4/2026 6:48:49.253651365 AM",
="",7495,1.0,1960 탎,2462 MHz,11,-73 dBm,Wi-Fi 1 (802.11b),False,306,="",="2/4/2026 6:48:49.255730090 AM",
="",7496,1.0,1960 탎,2462 MHz,11,-72 dBm,Wi-Fi 1 (802.11b),False,306,="",="2/4/2026 6:48:49.257815150 AM",
="",7497,1.0,304 탎,2462 MHz,11,-81 dBm,Wi-Fi 1 (802.11b),False,99,="",="2/4/2026 6:48:49.259775650 AM",
="",7498,1.0,2208 탎,2462 MHz,11,-73 dBm,Wi-Fi 1 (802.11b),False,337,="",="2/4/2026 6:48:49.260121485 AM",
="",7499,1.0,1960 탎,2462 MHz,11,-72 dBm,Wi-Fi 1 (802.11b),False,306,="",="2/4/2026 6:48:49.262370275 AM",
="",7500,1.0,304 탎,2462 MHz,11,-81 dBm,Wi-Fi 1 (802.11b),False,99,="",="2/4/2026 6:48:49.264330775 AM",
="",7501,6.0,454 탎,2462 MHz,11,-81 dBm,Wi-Fi 3 (802.11g),False,403,="",="2/4/2026 6:48:49.264889510 AM",
="",7502,6.0,153 탎,2462 MHz,11,-80 dBm,Wi-Fi 3 (802.11g),False,177,="",="2/4/2026 6:48:49.265344010 AM",
="",7503,1.0,2016 탎,2462 MHz,11,-84 dBm,Wi-Fi 1 (802.11b),False,313,="",="2/4/2026 6:48:49.268990675 AM",
="",7504,11.0,401 탎,2462 MHz,11,-83 dBm,Wi-Fi 1 (802.11b),True,373,="",="2/4/2026 6:48:49.271007175 AM",
="",7505,1.0,2008 탎,2462 MHz,11,-73 dBm,Wi-Fi 1 (802.11b),False,312,="",="2/4/2026 6:48:49.273938550 AM",
="",7506,1.0,1152 탎,2462 MHz,11,-83 dBm,Wi-Fi 1 (802.11b),False,205,="",="2/4/2026 6:48:49.283924000 AM",
="",7507,1.0,2160 탎,2462 MHz,11,-73 dBm,Wi-Fi 1 (802.11b),False,331,="",="2/4/2026 6:48:49.290236710 AM",
="",7508,1.0,1960 탎,2462 MHz,11,-74 dBm,Wi-Fi 1 (802.11b),False,306,="",="2/4/2026 6:48:49.292532385 AM",
="",7509,1.0,2160 탎,2462 MHz,11,-70 dBm,Wi-Fi 1 (802.11b),False,331,="",="2/4/2026 6:48:49.296828760 AM",
="",7510,1.0,2160 탎,2462 MHz,11,-67 dBm,Wi-Fi 1 (802.11b),False,331,="",="2/4/2026 6:48:49.299116335 AM",
="",7511,1.0,1960 탎,2462 MHz,11,-69 dBm,Wi-Fi 1 (802.11b),False,306,="",="2/4/2026 6:48:49.301415530 AM",
="",7512,1.0,1960 탎,2462 MHz,11,-69 dBm,Wi-Fi 1 (802.11b),False,306,="",="2/4/2026 6:48:49.303502375 AM",
="",7513,1.0,1960 탎,2462 MHz,11,-77 dBm,Wi-Fi 1 (802.11b),False,306,="",="2/4/2026 6:48:49.305862955 AM",
="",7514,1.0,304 탎,2462 MHz,11,-84 dBm,Wi-Fi 1 (802.11b),False,99,="",="2/4/2026 6:48:49.307823455 AM",
="",7515,1.0,2008 탎,2462 MHz,11,-70 dBm,Wi-Fi 1 (802.11b),False,312,="",="2/4/2026 6:48:49.308163455 AM",
="",7516,1.0,1960 탎,2462 MHz,11,-69 dBm,Wi-Fi 1 (802.11b),False,306,="",="2/4/2026 6:48:49.310249725 AM",
="",7517,11.0,401 탎,2462 MHz,11,-78 dBm,Wi-Fi 1 (802.11b),True,373,="",="2/4/2026 6:48:49.312210225 AM",
="",7518,11.0,418 탎,2462 MHz,11,-79 dBm,Wi-Fi 1 (802.11b),False,396,="",="2/4/2026 6:48:49.312643835 AM",
="",7522,6.0,338 탎,2462 MHz,11,-86 dBm,Wi-Fi 3 (802.11g),False,316,="",="2/4/2026 6:48:49.321238520 AM",
="",7523,1.0,2208 탎,2462 MHz,11,-75 dBm,Wi-Fi 1 (802.11b),False,337,="",="2/4/2026 6:48:49.325142130 AM",
="",7524,1.0,2008 탎,2462 MHz,11,-75 dBm,Wi-Fi 1 (802.11b),False,312,="",="2/4/2026 6:48:49.347226750 AM",
="",7525,1.0,448 탎,2462 MHz,11,-88 dBm,Wi-Fi 1 (802.11b),False,117,="",="2/4/2026 6:48:49.358450145 AM",
="",7526,1.0,2208 탎,2462 MHz,11,-68 dBm,Wi-Fi 1 (802.11b),False,337,="",="2/4/2026 6:48:49.358918905 AM",
="",7527,11.0,415 탎,2462 MHz,11,-86 dBm,Wi-Fi 1 (802.11b),True,392,="",="2/4/2026 6:48:49.361496800 AM",
="",7531,6.0,511 탎,2462 MHz,11,-79 dBm,Wi-Fi 3 (802.11g),False,446,="",="2/4/2026 6:48:49.366353110 AM",
="",7532,6.0,434 탎,2462 MHz,11,-79 dBm,Wi-Fi 3 (802.11g),False,388,="",="2/4/2026 6:48:49.366879400 AM",
="",7533,6.0,626 탎,2462 MHz,11,-79 dBm,Wi-Fi 3 (802.11g),False,229,="",="2/4/2026 6:48:49.368437990 AM",
="",7534,1.0,2016 탎,2462 MHz,11,-79 dBm,Wi-Fi 1 (802.11b),False,313,="",="2/4/2026 6:48:49.371392785 AM",
="",7535,11.0,401 탎,2462 MHz,11,-80 dBm,Wi-Fi 1 (802.11b),False,373,="",="2/4/2026 6:48:49.373423110 AM",
="",7536,11.0,418 탎,2462 MHz,11,-79 dBm,Wi-Fi 1 (802.11b),False,396,="",="2/4/2026 6:48:49.373838640 AM",
="",7537,1.0,2008 탎,2462 MHz,11,-70 dBm,Wi-Fi 1 (802.11b),False,312,="",="2/4/2026 6:48:49.376338955 AM",
="",7538,24.0,35 탎,2462 MHz,11,-87 dBm,Wi-Fi 3 (802.11g),True,99,="",="2/4/2026 6:48:49.381457115 AM",
="",7539,24.0,35 탎,2462 MHz,11,-85 dBm,Wi-Fi 3 (802.11g),True,99,="",="2/4/2026 6:48:49.383786800 AM",
="",7540,24.0,41 탎,2462 MHz,11,-86 dBm,Wi-Fi 3 (802.11g),True,117,="",="2/4/2026 6:48:49.386535305 AM",
="",7541,72.2,39 탎,2462 MHz,11,-88 dBm,Wi-Fi 4 (802.11n),True,119,="",="2/4/2026 6:48:49.388168795 AM",
="",7542,1.0,2208 탎,2462 MHz,11,-77 dBm,Wi-Fi 1 (802.11b),False,337,="",="2/4/2026 6:48:49.398426900 AM",
="",7543,6.0,425 탎,2462 MHz,11,-80 dBm,Wi-Fi 3 (802.11g),False,381,="",="2/4/2026 6:48:49.401488545 AM",
="",7544,1.0,2008 탎,2462 MHz,11,-71 dBm,Wi-Fi 1 (802.11b),False,312,="",="2/4/2026 6:48:49.409749965 AM",
="",7545,1.0,2016 탎,2462 MHz,11,-73 dBm,Wi-Fi 1 (802.11b),False,313,="",="2/4/2026 6:48:49.412160040 AM",
="",7546,11.0,401 탎,2462 MHz,11,-73 dBm,Wi-Fi 1 (802.11b),False,373,="",="2/4/2026 6:48:49.414189405 AM",
="",7547,11.0,418 탎,2462 MHz,11,-74 dBm,Wi-Fi 1 (802.11b),False,396,="",="2/4/2026 6:48:49.414604550 AM",
="",7548,11.0,415 탎,2462 MHz,11,-85 dBm,Wi-Fi 1 (802.11b),True,392,="",="2/4/2026 6:48:49.420080095 AM",
="",7552,6.0,338 탎,2462 MHz,11,-85 dBm,Wi-Fi 3 (802.11g),False,316,="",="2/4/2026 6:48:49.423638935 AM",
="",7553,1.0,2208 탎,2462 MHz,11,-73 dBm,Wi-Fi 1 (802.11b),False,337,="",="2/4/2026 6:48:49.427541785 AM",
="",7557,1.0,2208 탎,2462 MHz,11,-72 dBm,Wi-Fi 1 (802.11b),False,337,="",="2/4/2026 6:48:49.460953435 AM",
="",7558,6.0,511 탎,2462 MHz,11,-81 dBm,Wi-Fi 3 (802.11g),False,446,="",="2/4/2026 6:48:49.468616225 AM",
="",7559,6.0,434 탎,2462 MHz,11,-81 dBm,Wi-Fi 3 (802.11g),False,388,="",="2/4/2026 6:48:49.469169610 AM",
="",7560,6.0,454 탎,2462 MHz,11,-80 dBm,Wi-Fi 3 (802.11g),False,403,="",="2/4/2026 6:48:49.469618645 AM",
="",7561,1.0,2016 탎,2462 MHz,11,-82 dBm,Wi-Fi 1 (802.11b),False,313,="",="2/4/2026 6:48:49.473790560 AM",
="",7562,11.0,401 탎,2462 MHz,11,-82 dBm,Wi-Fi 1 (802.11b),False,373,="",="2/4/2026 6:48:49.475823205 AM",
="",7563,11.0,418 탎,2462 MHz,11,-81 dBm,Wi-Fi 1 (802.11b),False,396,="",="2/4/2026 6:48:49.476239255 AM",
="",7564,1.0,2008 탎,2462 MHz,11,-72 dBm,Wi-Fi 1 (802.11b),False,312,="",="2/4/2026 6:48:49.478739370 AM",
="",7567,1.0,2208 탎,2462 MHz,11,-79 dBm,Wi-Fi 1 (802.11b),False,337,="",="2/4/2026 6:48:49.500827315 AM",
="",7570,6.0,425 탎,2462 MHz,11,-82 dBm,Wi-Fi 3 (802.11g),False,381,="",="2/4/2026 6:48:49.503739325 AM",
="",7571,1.0,2008 탎,2462 MHz,11,-71 dBm,Wi-Fi 1 (802.11b),False,312,="",="2/4/2026 6:48:49.512152860 AM",
="",7572,11.0,401 탎,2462 MHz,11,-80 dBm,Wi-Fi 1 (802.11b),False,373,="",="2/4/2026 6:48:49.516590140 AM",
="",7573,11.0,418 탎,2462 MHz,11,-79 dBm,Wi-Fi 1 (802.11b),False,396,="",="2/4/2026 6:48:49.517007950 AM",
="",7574,6.0,434 탎,2462 MHz,11,-88 dBm,Wi-Fi 3 (802.11g),False,388,="",="2/4/2026 6:48:49.519170400 AM",
="",7575,6.0,481 탎,2462 MHz,11,-88 dBm,Wi-Fi 3 (802.11g),False,423,="",="2/4/2026 6:48:49.519635860 AM",
="",7579,6.0,338 탎,2462 MHz,11,-87 dBm,Wi-Fi 3 (802.11g),False,316,="",="2/4/2026 6:48:49.526045870 AM",
="",7580,1.0,2208 탎,2462 MHz,11,-76 dBm,Wi-Fi 1 (802.11b),False,337,="",="2/4/2026 6:48:49.529939545 AM",
="",7581,1.0,2208 탎,2462 MHz,11,-71 dBm,Wi-Fi 1 (802.11b),False,337,="",="2/4/2026 6:48:49.563350355 AM",
="",7582,6.0,511 탎,2462 MHz,11,-80 dBm,Wi-Fi 3 (802.11g),False,446,="",="2/4/2026 6:48:49.571027080 AM",
="",7583,6.0,434 탎,2462 MHz,11,-80 dBm,Wi-Fi 3 (802.11g),False,388,="",="2/4/2026 6:48:49.571571210 AM",
="",7584,6.0,454 탎,2462 MHz,11,-80 dBm,Wi-Fi 3 (802.11g),False,403,="",="2/4/2026 6:48:49.572059155 AM",
="",7585,6.0,627 탎,2462 MHz,11,-81 dBm,Wi-Fi 3 (802.11g),False,229,="",="2/4/2026 6:48:49.572513655 AM",
="",7586,6.0,654 탎,2462 MHz,11,-80 dBm,Wi-Fi 3 (802.11g),False,229,="",="2/4/2026 6:48:49.573158350 AM",
="",7587,6.0,599 탎,2462 MHz,11,-80 dBm,Wi-Fi 3 (802.11g),False,229,="",="2/4/2026 6:48:49.573837885 AM",
="",7588,6.0,626 탎,2462 MHz,11,-80 dBm,Wi-Fi 3 (802.11g),False,229,="",="2/4/2026 6:48:49.574464105 AM",
="",7589,1.0,2016 탎,2462 MHz,11,-79 dBm,Wi-Fi 1 (802.11b),False,313,="",="2/4/2026 6:48:49.576191480 AM",
="",7590,11.0,401 탎,2462 MHz,11,-79 dBm,Wi-Fi 1 (802.11b),False,373,="",="2/4/2026 6:48:49.578223845 AM",
="",7591,11.0,418 탎,2462 MHz,11,-79 dBm,Wi-Fi 1 (802.11b),False,396,="",="2/4/2026 6:48:49.578639455 AM",
="",7592,1.0,2008 탎,2462 MHz,11,-76 dBm,Wi-Fi 1 (802.11b),False,312,="",="2/4/2026 6:48:49.581142010 AM",
="",7593,1.0,872 탎,2462 MHz,11,-82 dBm,Wi-Fi 1 (802.11b),False,170,="",="2/4/2026 6:48:49.598646685 AM",
="",7594,1.0,2208 탎,2462 MHz,11,-74 dBm,Wi-Fi 1 (802.11b),False,337,="",="2/4/2026 6:48:49.603228155 AM",
="",7595,6.0,425 탎,2462 MHz,11,-79 dBm,Wi-Fi 3 (802.11g),False,381,="",="2/4/2026 6:48:49.606063655 AM",
="",7596,1.0,2136 탎,2462 MHz,11,-89 dBm,Wi-Fi 1 (802.11b),False,328,="",="2/4/2026 6:48:49.609400460 AM",
="",7597,1.0,2008 탎,2462 MHz,11,-75 dBm,Wi-Fi 1 (802.11b),False,312,="",="2/4/2026 6:48:49.614553580 AM",
="",7598,1.0,2016 탎,2462 MHz,11,-79 dBm,Wi-Fi 1 (802.11b),False,313,="",="2/4/2026 6:48:49.617124170 AM",
="",7599,11.0,401 탎,2462 MHz,11,-78 dBm,Wi-Fi 1 (802.11b),False,373,="",="2/4/2026 6:48:49.619153295 AM",
="",7600,11.0,418 탎,2462 MHz,11,-78 dBm,Wi-Fi 1 (802.11b),False,396,="",="2/4/2026 6:48:49.619568705 AM",
="",7604,6.0,338 탎,2462 MHz,11,-87 dBm,Wi-Fi 3 (802.11g),False,316,="",="2/4/2026 6:48:49.628446150 AM",
="",7605,1.0,2208 탎,2462 MHz,11,-73 dBm,Wi-Fi 1 (802.11b),False,337,="",="2/4/2026 6:48:49.632339400 AM",
="",7609,1.0,2008 탎,2462 MHz,11,-72 dBm,Wi-Fi 1 (802.11b),False,312,="",="2/4/2026 6:48:49.654427020 AM",
="",7610,1.0,2208 탎,2462 MHz,11,-71 dBm,Wi-Fi 1 (802.11b),False,337,="",="2/4/2026 6:48:49.665755970 AM",
="",7611,11.0,358 탎,2462 MHz,11,-88 dBm,Wi-Fi 1 (802.11b),False,313,="",="2/4/2026 6:48:49.670058655 AM",
="",7612,11.0,415 탎,2462 MHz,11,-87 dBm,Wi-Fi 1 (802.11b),True,392,="",="2/4/2026 6:48:49.670400125 AM",
="",7613,11.0,439 탎,2462 MHz,11,-87 dBm,Wi-Fi 1 (802.11b),True,425,="",="2/4/2026 6:48:49.670829000 AM",
="",7614,6.0,511 탎,2462 MHz,11,-78 dBm,Wi-Fi 3 (802.11g),False,446,="",="2/4/2026 6:48:49.673418535 AM",
="",7615,6.0,434 탎,2462 MHz,11,-77 dBm,Wi-Fi 3 (802.11g),False,388,="",="2/4/2026 6:48:49.673945065 AM",
="",7616,6.0,454 탎,2462 MHz,11,-77 dBm,Wi-Fi 3 (802.11g),False,403,="",="2/4/2026 6:48:49.674420835 AM",
="",7617,1.0,2016 탎,2462 MHz,11,-85 dBm,Wi-Fi 1 (802.11b),False,313,="",="2/4/2026 6:48:49.678591135 AM",
="",7618,11.0,401 탎,2462 MHz,11,-84 dBm,Wi-Fi 1 (802.11b),False,373,="",="2/4/2026 6:48:49.680623700 AM",
="",7619,11.0,418 탎,2462 MHz,11,-84 dBm,Wi-Fi 1 (802.11b),False,396,="",="2/4/2026 6:48:49.681041565 AM",
="",7620,1.0,2008 탎,2462 MHz,11,-74 dBm,Wi-Fi 1 (802.11b),False,312,="",="2/4/2026 6:48:49.683539545 AM",
="",7621,1.0,2208 탎,2462 MHz,11,-73 dBm,Wi-Fi 1 (802.11b),False,337,="",="2/4/2026 6:48:49.705627730 AM",
="",7622,6.0,425 탎,2462 MHz,11,-83 dBm,Wi-Fi 3 (802.11g),False,381,="",="2/4/2026 6:48:49.709376075 AM",
="",7623,1.0,2008 탎,2462 MHz,11,-73 dBm,Wi-Fi 1 (802.11b),False,312,="",="2/4/2026 6:48:49.717285585 AM",
="",7624,1.0,2016 탎,2462 MHz,11,-78 dBm,Wi-Fi 1 (802.11b),False,313,="",="2/4/2026 6:48:49.719362325 AM",
="",7625,11.0,401 탎,2462 MHz,11,-78 dBm,Wi-Fi 1 (802.11b),False,373,="",="2/4/2026 6:48:49.721391370 AM",
="",7626,11.0,418 탎,2462 MHz,11,-78 dBm,Wi-Fi 1 (802.11b),False,396,="",="2/4/2026 6:48:49.721830955 AM",
="",7627,6.0,434 탎,2462 MHz,11,-89 dBm,Wi-Fi 3 (802.11g),False,388,="",="2/4/2026 6:48:49.724316940 AM",
="",7631,6.0,338 탎,2462 MHz,11,-86 dBm,Wi-Fi 3 (802.11g),False,316,="",="2/4/2026 6:48:49.730844420 AM",
="",7633,1.0,2208 탎,2462 MHz,11,-70 dBm,Wi-Fi 1 (802.11b),False,337,="",="2/4/2026 6:48:49.734742175 AM",
="",7639,1.0,2008 탎,2462 MHz,11,-74 dBm,Wi-Fi 1 (802.11b),False,312,="",="2/4/2026 6:48:49.756827555 AM",
="",7641,1.0,2208 탎,2462 MHz,11,-70 dBm,Wi-Fi 1 (802.11b),False,337,="",="2/4/2026 6:48:49.768153600 AM",
="",7642,11.0,358 탎,2462 MHz,11,-84 dBm,Wi-Fi 1 (802.11b),False,313,="",="2/4/2026 6:48:49.770383825 AM",
="",7643,11.0,415 탎,2462 MHz,11,-84 dBm,Wi-Fi 1 (802.11b),False,392,="",="2/4/2026 6:48:49.770757430 AM",
="",7644,11.0,439 탎,2462 MHz,11,-84 dBm,Wi-Fi 1 (802.11b),False,425,="",="2/4/2026 6:48:49.771186985 AM",
="",7645,6.0,511 탎,2462 MHz,11,-79 dBm,Wi-Fi 3 (802.11g),False,446,="",="2/4/2026 6:48:49.775819710 AM",
="",7646,6.0,434 탎,2462 MHz,11,-79 dBm,Wi-Fi 3 (802.11g),False,388,="",="2/4/2026 6:48:49.776355360 AM",
="",7647,6.0,454 탎,2462 MHz,11,-79 dBm,Wi-Fi 3 (802.11g),False,403,="",="2/4/2026 6:48:49.776813450 AM",
="",7648,6.0,219 탎,2462 MHz,11,-79 dBm,Wi-Fi 3 (802.11g),False,227,="",="2/4/2026 6:48:49.777267950 AM",
="",7649,6.0,246 탎,2462 MHz,11,-79 dBm,Wi-Fi 3 (802.11g),False,229,="",="2/4/2026 6:48:49.777513780 AM",
="",7651,1.0,2016 탎,2462 MHz,11,-83 dBm,Wi-Fi 1 (802.11b),False,313,="",="2/4/2026 6:48:49.780991325 AM",
="",7654,11.0,401 탎,2462 MHz,11,-82 dBm,Wi-Fi 1 (802.11b),False,373,="",="2/4/2026 6:48:49.783027010 AM",
="",7655,11.0,418 탎,2462 MHz,11,-82 dBm,Wi-Fi 1 (802.11b),False,396,="",="2/4/2026 6:48:49.783439700 AM",
="",7656,1.0,2008 탎,2462 MHz,11,-75 dBm,Wi-Fi 1 (802.11b),False,312,="",="2/4/2026 6:48:49.785939655 AM",
="",7659,1.0,2208 탎,2462 MHz,11,-75 dBm,Wi-Fi 1 (802.11b),False,337,="",="2/4/2026 6:48:49.808027920 AM",
="",7660,6.0,425 탎,2462 MHz,11,-83 dBm,Wi-Fi 3 (802.11g),False,381,="",="2/4/2026 6:48:49.811674180 AM",
="",7662,1.0,2008 탎,2462 MHz,11,-68 dBm,Wi-Fi 1 (802.11b),False,312,="",="2/4/2026 6:48:49.819350625 AM",
="",7663,1.0,2016 탎,2462 MHz,11,-78 dBm,Wi-Fi 1 (802.11b),False,313,="",="2/4/2026 6:48:49.821761875 AM",
="",7664,11.0,401 탎,2462 MHz,11,-79 dBm,Wi-Fi 1 (802.11b),False,373,="",="2/4/2026 6:48:49.823791680 AM",
="",7665,11.0,418 탎,2462 MHz,11,-79 dBm,Wi-Fi 1 (802.11b),False,396,="",="2/4/2026 6:48:49.824207250 AM",
="",7668,11.0,358 탎,2462 MHz,11,-82 dBm,Wi-Fi 1 (802.11b),False,313,="",="2/4/2026 6:48:49.829748185 AM",
="",7669,11.0,415 탎,2462 MHz,11,-82 dBm,Wi-Fi 1 (802.11b),False,392,="",="2/4/2026 6:48:49.830122230 AM",
="",7670,11.0,443 탎,2462 MHz,11,-81 dBm,Wi-Fi 1 (802.11b),False,430,="",="2/4/2026 6:48:49.830553230 AM",
="",7671,6.0,338 탎,2462 MHz,11,-87 dBm,Wi-Fi 3 (802.11g),False,316,="",="2/4/2026 6:48:49.833246130 AM",
="",7672,1.0,2208 탎,2462 MHz,11,-72 dBm,Wi-Fi 1 (802.11b),False,337,="",="2/4/2026 6:48:49.837142780 AM",
="",7675,1.0,2008 탎,2462 MHz,11,-76 dBm,Wi-Fi 1 (802.11b),False,312,="",="2/4/2026 6:48:49.859227400 AM",
="",7676,1.0,1024 탎,2462 MHz,11,-46 dBm,Wi-Fi 1 (802.11b),False,189,="",="2/4/2026 6:48:49.864529740 AM",
="",7677,1.0,2208 탎,2462 MHz,11,-67 dBm,Wi-Fi 1 (802.11b),False,337,="",="2/4/2026 6:48:49.870565845 AM",
="",7678,6.0,511 탎,2462 MHz,11,-79 dBm,Wi-Fi 3 (802.11g),False,446,="",="2/4/2026 6:48:49.878242075 AM",
="",7679,6.0,434 탎,2462 MHz,11,-79 dBm,Wi-Fi 3 (802.11g),False,388,="",="2/4/2026 6:48:49.878783820 AM",
="",7680,6.0,242 탎,2462 MHz,11,-79 dBm,Wi-Fi 3 (802.11g),False,229,="",="2/4/2026 6:48:49.879705775 AM",
="",7681,6.0,269 탎,2462 MHz,11,-79 dBm,Wi-Fi 3 (802.11g),False,229,="",="2/4/2026 6:48:49.879976465 AM",
="",7683,11.0,401 탎,2462 MHz,11,-79 dBm,Wi-Fi 1 (802.11b),False,373,="",="2/4/2026 6:48:49.885439455 AM",
="",7684,11.0,418 탎,2462 MHz,11,-80 dBm,Wi-Fi 1 (802.11b),False,396,="",="2/4/2026 6:48:49.885841410 AM",
="",7687,1.0,2208 탎,2462 MHz,11,-77 dBm,Wi-Fi 1 (802.11b),False,337,="",="2/4/2026 6:48:49.910427565 AM",
="",7690,6.0,425 탎,2462 MHz,11,-81 dBm,Wi-Fi 3 (802.11g),False,381,="",="2/4/2026 6:48:49.913153500 AM",
="",7691,1.0,2008 탎,2462 MHz,11,-66 dBm,Wi-Fi 1 (802.11b),False,312,="",="2/4/2026 6:48:49.921751030 AM",
="",7692,1.0,2016 탎,2462 MHz,11,-76 dBm,Wi-Fi 1 (802.11b),False,313,="",="2/4/2026 6:48:49.924162145 AM",
="",7693,11.0,401 탎,2462 MHz,11,-77 dBm,Wi-Fi 1 (802.11b),False,373,="",="2/4/2026 6:48:49.926192470 AM",
="",7694,11.0,418 탎,2462 MHz,11,-77 dBm,Wi-Fi 1 (802.11b),False,396,="",="2/4/2026 6:48:49.926610335 AM",
="",7698,6.0,338 탎,2462 MHz,11,-86 dBm,Wi-Fi 3 (802.11g),False,316,="",="2/4/2026 6:48:49.935650135 AM",
="",7699,1.0,2208 탎,2462 MHz,11,-72 dBm,Wi-Fi 1 (802.11b),False,337,="",="2/4/2026 6:48:49.939542850 AM",
="",7700,1.0,2208 탎,2462 MHz,11,-66 dBm,Wi-Fi 1 (802.11b),False,337,="",="2/4/2026 6:48:49.972953755 AM",
="",7701,6.0,511 탎,2462 MHz,11,-82 dBm,Wi-Fi 3 (802.11g),False,446,="",="2/4/2026 6:48:49.980626145 AM",
="",7702,6.0,434 탎,2462 MHz,11,-82 dBm,Wi-Fi 3 (802.11g),False,388,="",="2/4/2026 6:48:49.981162155 AM",
="",7703,6.0,454 탎,2462 MHz,11,-82 dBm,Wi-Fi 3 (802.11g),False,403,="",="2/4/2026 6:48:49.981619685 AM",
="",7704,1.0,2016 탎,2462 MHz,11,-75 dBm,Wi-Fi 1 (802.11b),False,313,="",="2/4/2026 6:48:49.985792465 AM",
="",7705,11.0,401 탎,2462 MHz,11,-75 dBm,Wi-Fi 1 (802.11b),False,373,="",="2/4/2026 6:48:49.987824710 AM",
="",7706,11.0,418 탎,2462 MHz,11,-75 dBm,Wi-Fi 1 (802.11b),False,396,="",="2/4/2026 6:48:49.988240095 AM",
="",7707,1.0,2008 탎,2462 MHz,11,-71 dBm,Wi-Fi 1 (802.11b),False,312,="",="2/4/2026 6:48:49.990739915 AM",
="",7708,1.0,2208 탎,2462 MHz,11,-84 dBm,Wi-Fi 1 (802.11b),False,337,="",="2/4/2026 6:48:50.012830515 AM",
="",7709,6.0,425 탎,2462 MHz,11,-83 dBm,Wi-Fi 3 (802.11g),False,381,="",="2/4/2026 6:48:50.015609185 AM",
="",7710,1.0,2008 탎,2462 MHz,11,-68 dBm,Wi-Fi 1 (802.11b),False,312,="",="2/4/2026 6:48:50.024154140 AM",
="",7714,1.0,2016 탎,2462 MHz,11,-73 dBm,Wi-Fi 1 (802.11b),True,313,="",="2/4/2026 6:48:50.026566135 AM",
="",7718,11.0,401 탎,2462 MHz,11,-75 dBm,Wi-Fi 1 (802.11b),False,373,="",="2/4/2026 6:48:50.028592900 AM",
="",7719,11.0,418 탎,2462 MHz,11,-76 dBm,Wi-Fi 1 (802.11b),False,396,="",="2/4/2026 6:48:50.029008485 AM",
="",7720,6.0,338 탎,2462 MHz,11,-86 dBm,Wi-Fi 3 (802.11g),False,316,="",="2/4/2026 6:48:50.038050685 AM",
="",7721,1.0,2208 탎,2462 MHz,11,-70 dBm,Wi-Fi 1 (802.11b),False,337,="",="2/4/2026 6:48:50.041974015 AM",
="",7726,1.0,2208 탎,2462 MHz,11,-71 dBm,Wi-Fi 1 (802.11b),False,337,="",="2/4/2026 6:48:50.075351545 AM",
="",7727,6.0,511 탎,2462 MHz,11,-80 dBm,Wi-Fi 3 (802.11g),False,446,="",="2/4/2026 6:48:50.083030350 AM",
="",7728,6.0,434 탎,2462 MHz,11,-80 dBm,Wi-Fi 3 (802.11g),False,388,="",="2/4/2026 6:48:50.083557200 AM",
="",7729,6.0,454 탎,2462 MHz,11,-81 dBm,Wi-Fi 3 (802.11g),False,403,="",="2/4/2026 6:48:50.084033170 AM",
="",7731,1.0,2016 탎,2462 MHz,11,-77 dBm,Wi-Fi 1 (802.11b),False,313,="",="2/4/2026 6:48:50.088192510 AM",
="",7732,11.0,401 탎,2462 MHz,11,-78 dBm,Wi-Fi 1 (802.11b),False,373,="",="2/4/2026 6:48:50.090224875 AM",
="",7733,11.0,418 탎,2462 MHz,11,-78 dBm,Wi-Fi 1 (802.11b),False,396,="",="2/4/2026 6:48:50.090643245 AM",
="",7734,1.0,2008 탎,2462 MHz,11,-70 dBm,Wi-Fi 1 (802.11b),False,312,="",="2/4/2026 6:48:50.093141760 AM",
="",7735,1.0,2208 탎,2462 MHz,11,-80 dBm,Wi-Fi 1 (802.11b),False,337,="",="2/4/2026 6:48:50.115228025 AM",
="",7736,6.0,425 탎,2462 MHz,11,-80 dBm,Wi-Fi 3 (802.11g),False,381,="",="2/4/2026 6:48:50.118031645 AM",
="",7737,1.0,2008 탎,2462 MHz,11,-69 dBm,Wi-Fi 1 (802.11b),False,312,="",="2/4/2026 6:48:50.126554945 AM",
="",7741,11.0,401 탎,2462 MHz,11,-74 dBm,Wi-Fi 1 (802.11b),False,373,="",="2/4/2026 6:48:50.130993505 AM",
="",7742,11.0,418 탎,2462 MHz,11,-75 dBm,Wi-Fi 1 (802.11b),False,396,="",="2/4/2026 6:48:50.131408995 AM",
="",7743,11.0,358 탎,2462 MHz,11,-84 dBm,Wi-Fi 1 (802.11b),False,313,="",="2/4/2026 6:48:50.136538870 AM",
="",7744,11.0,415 탎,2462 MHz,11,-84 dBm,Wi-Fi 1 (802.11b),False,392,="",="2/4/2026 6:48:50.136912755 AM",
="",7745,11.0,443 탎,2462 MHz,11,-85 dBm,Wi-Fi 1 (802.11b),False,430,="",="2/4/2026 6:48:50.137343930 AM",
="",7746,6.0,338 탎,2462 MHz,11,-88 dBm,Wi-Fi 3 (802.11g),False,316,="",="2/4/2026 6:48:50.140451490 AM",
="",7747,1.0,2208 탎,2462 MHz,11,-70 dBm,Wi-Fi 1 (802.11b),False,337,="",="2/4/2026 6:48:50.144342845 AM",
="",7748,1.0,2208 탎,2462 MHz,11,-70 dBm,Wi-Fi 1 (802.11b),False,337,="",="2/4/2026 6:48:50.177780965 AM",
="",7752,6.0,511 탎,2462 MHz,11,-78 dBm,Wi-Fi 3 (802.11g),False,446,="",="2/4/2026 6:48:50.185424235 AM",
="",7753,6.0,434 탎,2462 MHz,11,-78 dBm,Wi-Fi 3 (802.11g),False,388,="",="2/4/2026 6:48:50.185974845 AM",
="",7754,6.0,454 탎,2462 MHz,11,-78 dBm,Wi-Fi 3 (802.11g),False,403,="",="2/4/2026 6:48:50.186446895 AM",
="",7755,1.0,2016 탎,2462 MHz,11,-81 dBm,Wi-Fi 1 (802.11b),False,313,="",="2/4/2026 6:48:50.190593115 AM",
="",7756,11.0,401 탎,2462 MHz,11,-81 dBm,Wi-Fi 1 (802.11b),False,373,="",="2/4/2026 6:48:50.192625680 AM",
="",7757,11.0,418 탎,2462 MHz,11,-80 dBm,Wi-Fi 1 (802.11b),False,396,="",="2/4/2026 6:48:50.193040545 AM",
="",7758,1.0,2008 탎,2462 MHz,11,-71 dBm,Wi-Fi 1 (802.11b),False,312,="",="2/4/2026 6:48:50.195539925 AM",
="",7759,1.0,2208 탎,2462 MHz,11,-82 dBm,Wi-Fi 1 (802.11b),False,337,="",="2/4/2026 6:48:50.217628325 AM",
="",7760,6.0,425 탎,2462 MHz,11,-83 dBm,Wi-Fi 3 (802.11g),False,381,="",="2/4/2026 6:48:50.220756865 AM",
="",7761,1.0,2008 탎,2462 MHz,11,-69 dBm,Wi-Fi 1 (802.11b),False,312,="",="2/4/2026 6:48:50.228974325 AM",
="",7762,1.0,2016 탎,2462 MHz,11,-72 dBm,Wi-Fi 1 (802.11b),False,313,="",="2/4/2026 6:48:50.231361360 AM",
="",7763,11.0,401 탎,2462 MHz,11,-73 dBm,Wi-Fi 1 (802.11b),False,373,="",="2/4/2026 6:48:50.233397325 AM",
="",7764,11.0,418 탎,2462 MHz,11,-73 dBm,Wi-Fi 1 (802.11b),False,396,="",="2/4/2026 6:48:50.233809495 AM",
="",7768,6.0,338 탎,2462 MHz,11,-87 dBm,Wi-Fi 3 (802.11g),False,316,="",="2/4/2026 6:48:50.242854455 AM",
="",7769,1.0,2208 탎,2462 MHz,11,-74 dBm,Wi-Fi 1 (802.11b),False,337,="",="2/4/2026 6:48:50.246740545 AM",
="",7770,1.0,2008 탎,2462 MHz,11,-80 dBm,Wi-Fi 1 (802.11b),False,312,="",="2/4/2026 6:48:50.268828205 AM",
="",7771,1.0,2208 탎,2462 MHz,11,-66 dBm,Wi-Fi 1 (802.11b),False,337,="",="2/4/2026 6:48:50.280151690 AM",
="",7772,6.0,511 탎,2462 MHz,11,-82 dBm,Wi-Fi 3 (802.11g),False,446,="",="2/4/2026 6:48:50.287848295 AM",
="",7773,6.0,434 탎,2462 MHz,11,-82 dBm,Wi-Fi 3 (802.11g),False,388,="",="2/4/2026 6:48:50.288390185 AM",
="",7774,6.0,454 탎,2462 MHz,11,-82 dBm,Wi-Fi 3 (802.11g),False,403,="",="2/4/2026 6:48:50.288869050 AM",
="",7775,1.0,2016 탎,2462 MHz,11,-79 dBm,Wi-Fi 1 (802.11b),False,313,="",="2/4/2026 6:48:50.292993295 AM",
="",7776,11.0,401 탎,2462 MHz,11,-79 dBm,Wi-Fi 1 (802.11b),False,373,="",="2/4/2026 6:48:50.295025980 AM",
="",7777,11.0,418 탎,2462 MHz,11,-79 dBm,Wi-Fi 1 (802.11b),False,396,="",="2/4/2026 6:48:50.295441350 AM",
="",7778,1.0,2008 탎,2462 MHz,11,-73 dBm,Wi-Fi 1 (802.11b),False,312,="",="2/4/2026 6:48:50.297942985 AM",
="",7779,6.0,133 탎,2462 MHz,11,-81 dBm,Wi-Fi 3 (802.11g),False,162,="",="2/4/2026 6:48:50.300533815 AM",
="",7780,6.0,121 탎,2462 MHz,11,-80 dBm,Wi-Fi 3 (802.11g),False,153,="",="2/4/2026 6:48:50.300703370 AM",
="",7781,1.0,2160 탎,2462 MHz,11,-68 dBm,Wi-Fi 1 (802.11b),False,331,="",="2/4/2026 6:48:50.301497255 AM",
="",7782,11.0,414 탎,2462 MHz,11,-74 dBm,Wi-Fi 1 (802.11b),False,390,="",="2/4/2026 6:48:50.303735365 AM",
="",7783,11.0,414 탎,2462 MHz,11,-73 dBm,Wi-Fi 1 (802.11b),False,390,="",="2/4/2026 6:48:50.304369610 AM",
="",7784,11.0,414 탎,2462 MHz,11,-75 dBm,Wi-Fi 1 (802.11b),False,390,="",="2/4/2026 6:48:50.304977065 AM",
="",7785,1.0,2160 탎,2462 MHz,11,-68 dBm,Wi-Fi 1 (802.11b),False,331,="",="2/4/2026 6:48:50.307938470 AM",
="",7786,1.0,2160 탎,2462 MHz,11,-68 dBm,Wi-Fi 1 (802.11b),False,331,="",="2/4/2026 6:48:50.310220620 AM",
="",7789,1.0,1960 탎,2462 MHz,11,-68 dBm,Wi-Fi 1 (802.11b),False,306,="",="2/4/2026 6:48:50.312520360 AM",
="",7792,1.0,1960 탎,2462 MHz,11,-70 dBm,Wi-Fi 1 (802.11b),False,306,="",="2/4/2026 6:48:50.314603140 AM",
="",7795,1.0,1960 탎,2462 MHz,11,-68 dBm,Wi-Fi 1 (802.11b),False,306,="",="2/4/2026 6:48:50.316685185 AM",
="",7796,1.0,2208 탎,2462 MHz,11,-81 dBm,Wi-Fi 1 (802.11b),False,337,="",="2/4/2026 6:48:50.320053625 AM",
="",7797,6.0,425 탎,2462 MHz,11,-80 dBm,Wi-Fi 3 (802.11g),False,381,="",="2/4/2026 6:48:50.322950275 AM",
="",7798,1.0,2008 탎,2462 MHz,11,-69 dBm,Wi-Fi 1 (802.11b),False,312,="",="2/4/2026 6:48:50.331354330 AM",
="",7799,1.0,2016 탎,2462 MHz,11,-72 dBm,Wi-Fi 1 (802.11b),False,313,="",="2/4/2026 6:48:50.333762125 AM",
="",7800,11.0,401 탎,2462 MHz,11,-73 dBm,Wi-Fi 1 (802.11b),False,373,="",="2/4/2026 6:48:50.335794370 AM",
="",7801,11.0,418 탎,2462 MHz,11,-72 dBm,Wi-Fi 1 (802.11b),False,396,="",="2/4/2026 6:48:50.336210075 AM",
="",7805,6.0,338 탎,2462 MHz,11,-87 dBm,Wi-Fi 3 (802.11g),False,316,="",="2/4/2026 6:48:50.345256195 AM",
="",7806,1.0,2208 탎,2462 MHz,11,-71 dBm,Wi-Fi 1 (802.11b),False,337,="",="2/4/2026 6:48:50.349140350 AM",
="",7807,1.0,2008 탎,2462 MHz,11,-77 dBm,Wi-Fi 1 (802.11b),False,312,="",="2/4/2026 6:48:50.371227705 AM",
="",7808,1.0,2208 탎,2462 MHz,11,-67 dBm,Wi-Fi 1 (802.11b),False,337,="",="2/4/2026 6:48:50.382551815 AM",
="",7809,6.0,511 탎,2462 MHz,11,-81 dBm,Wi-Fi 3 (802.11g),False,446,="",="2/4/2026 6:48:50.390252715 AM",
="",7810,6.0,434 탎,2462 MHz,11,-80 dBm,Wi-Fi 3 (802.11g),False,388,="",="2/4/2026 6:48:50.390779005 AM",
="",7811,6.0,454 탎,2462 MHz,11,-81 dBm,Wi-Fi 3 (802.11g),False,403,="",="2/4/2026 6:48:50.391236440 AM",
="",7812,11.0,401 탎,2462 MHz,11,-82 dBm,Wi-Fi 1 (802.11b),False,373,="",="2/4/2026 6:48:50.397426000 AM",
="",7813,11.0,418 탎,2462 MHz,11,-82 dBm,Wi-Fi 1 (802.11b),False,396,="",="2/4/2026 6:48:50.397841290 AM",
="",7814,1.0,2008 탎,2462 MHz,11,-75 dBm,Wi-Fi 1 (802.11b),False,312,="",="2/4/2026 6:48:50.400342350 AM",
="",7816,14.4,82 탎,2462 MHz,11,-74 dBm,Wi-Fi 4 (802.11n),False,171,="",="2/4/2026 6:48:50.408191180 AM",
="",7817,12.0,51 탎,2462 MHz,11,-73 dBm,Wi-Fi 3 (802.11g),False,117,="",="2/4/2026 6:48:50.408291835 AM",
="",7818,1.0,848 탎,2462 MHz,11,-74 dBm,Wi-Fi 1 (802.11b),False,167,="",="2/4/2026 6:48:50.409627780 AM",
="",7819,1.0,304 탎,2462 MHz,11,-78 dBm,Wi-Fi 1 (802.11b),False,99,="",="2/4/2026 6:48:50.410476280 AM",
="",7820,14.4,82 탎,2462 MHz,11,-75 dBm,Wi-Fi 4 (802.11n),False,171,="",="2/4/2026 6:48:50.410847535 AM",
="",7821,12.0,51 탎,2462 MHz,11,-77 dBm,Wi-Fi 3 (802.11g),False,117,="",="2/4/2026 6:48:50.410948830 AM",
="",7822,1.0,848 탎,2462 MHz,11,-78 dBm,Wi-Fi 1 (802.11b),False,167,="",="2/4/2026 6:48:50.412325775 AM",
="",7823,1.0,304 탎,2462 MHz,11,-77 dBm,Wi-Fi 1 (802.11b),False,99,="",="2/4/2026 6:48:50.413180350 AM",
="",7824,1.0,872 탎,2462 MHz,11,-78 dBm,Wi-Fi 1 (802.11b),False,170,="",="2/4/2026 6:48:50.415987285 AM",
="",7825,6.0,133 탎,2462 MHz,11,-81 dBm,Wi-Fi 3 (802.11g),False,162,="",="2/4/2026 6:48:50.419538590 AM",
="",7826,6.0,121 탎,2462 MHz,11,-81 dBm,Wi-Fi 3 (802.11g),False,153,="",="2/4/2026 6:48:50.419709850 AM",
="",7827,6.0,655 탎,2462 MHz,11,-83 dBm,Wi-Fi 3 (802.11g),False,554,="",="2/4/2026 6:48:50.420421805 AM",
="",7828,6.0,49 탎,2462 MHz,11,-81 dBm,Wi-Fi 3 (802.11g),False,99,="",="2/4/2026 6:48:50.421077635 AM",
="",7829,1.0,2160 탎,2462 MHz,11,-68 dBm,Wi-Fi 1 (802.11b),False,331,="",="2/4/2026 6:48:50.421168035 AM",
="",7830,1.0,2160 탎,2462 MHz,11,-68 dBm,Wi-Fi 1 (802.11b),False,331,="",="2/4/2026 6:48:50.423555975 AM",
="",7831,1.0,2160 탎,2462 MHz,11,-67 dBm,Wi-Fi 1 (802.11b),False,331,="",="2/4/2026 6:48:50.425837605 AM",
="",7832,1.0,1960 탎,2462 MHz,11,-68 dBm,Wi-Fi 1 (802.11b),False,306,="",="2/4/2026 6:48:50.428139265 AM",
="",7833,1.0,1960 탎,2462 MHz,11,-68 dBm,Wi-Fi 1 (802.11b),False,306,="",="2/4/2026 6:48:50.430221325 AM",
="",7834,1.0,2008 탎,2462 MHz,11,-68 dBm,Wi-Fi 1 (802.11b),False,312,="",="2/4/2026 6:48:50.433755310 AM",
="",7835,1.0,1960 탎,2462 MHz,11,-67 dBm,Wi-Fi 1 (802.11b),False,306,="",="2/4/2026 6:48:50.435801845 AM",
="",7836,1.0,2016 탎,2462 MHz,11,-78 dBm,Wi-Fi 1 (802.11b),False,313,="",="2/4/2026 6:48:50.438102785 AM",
="",7837,11.0,401 탎,2462 MHz,11,-77 dBm,Wi-Fi 1 (802.11b),False,373,="",="2/4/2026 6:48:50.440135030 AM",
="",7838,11.0,418 탎,2462 MHz,11,-77 dBm,Wi-Fi 1 (802.11b),False,396,="",="2/4/2026 6:48:50.440553280 AM",
="",7839,6.0,338 탎,2462 MHz,11,-86 dBm,Wi-Fi 3 (802.11g),False,316,="",="2/4/2026 6:48:50.449041200 AM",
="",7841,1.0,2208 탎,2462 MHz,11,-75 dBm,Wi-Fi 1 (802.11b),False,337,="",="2/4/2026 6:48:50.451543090 AM",
="",7848,24.0,35 탎,2462 MHz,11,-88 dBm,Wi-Fi 3 (802.11g),True,99,="",="2/4/2026 6:48:50.462413690 AM",
="",7850,1.0,2160 탎,2462 MHz,11,-68 dBm,Wi-Fi 1 (802.11b),False,331,="",="2/4/2026 6:48:50.472208130 AM",
="",7851,1.0,2160 탎,2462 MHz,11,-66 dBm,Wi-Fi 1 (802.11b),False,331,="",="2/4/2026 6:48:50.474491025 AM",
="",7852,1.0,1960 탎,2462 MHz,11,-68 dBm,Wi-Fi 1 (802.11b),False,306,="",="2/4/2026 6:48:50.476786700 AM",
="",7854,1.0,1960 탎,2462 MHz,11,-68 dBm,Wi-Fi 1 (802.11b),False,306,="",="2/4/2026 6:48:50.480954325 AM",
="",7855,1.0,2208 탎,2462 MHz,11,-65 dBm,Wi-Fi 1 (802.11b),False,337,="",="2/4/2026 6:48:50.484955195 AM",
="",7856,6.0,511 탎,2462 MHz,11,-78 dBm,Wi-Fi 3 (802.11g),False,446,="",="2/4/2026 6:48:50.492644760 AM",
="",7857,6.0,434 탎,2462 MHz,11,-78 dBm,Wi-Fi 3 (802.11g),False,388,="",="2/4/2026 6:48:50.493170970 AM",
="",7858,6.0,454 탎,2462 MHz,11,-79 dBm,Wi-Fi 3 (802.11g),False,403,="",="2/4/2026 6:48:50.493622540 AM",
="",7859,1.0,2016 탎,2462 MHz,11,-83 dBm,Wi-Fi 1 (802.11b),False,313,="",="2/4/2026 6:48:50.497924900 AM",
="",7860,11.0,418 탎,2462 MHz,11,-84 dBm,Wi-Fi 1 (802.11b),True,396,="",="2/4/2026 6:48:50.500342540 AM",
="",7861,6.0,425 탎,2462 MHz,11,-79 dBm,Wi-Fi 3 (802.11g),False,381,="",="2/4/2026 6:48:50.527604480 AM",
="",7862,1.0,2008 탎,2462 MHz,11,-69 dBm,Wi-Fi 1 (802.11b),False,312,="",="2/4/2026 6:48:50.536151675 AM",
="",7863,1.0,2016 탎,2462 MHz,11,-74 dBm,Wi-Fi 1 (802.11b),False,313,="",="2/4/2026 6:48:50.538566390 AM",
="",7864,11.0,401 탎,2462 MHz,11,-75 dBm,Wi-Fi 1 (802.11b),False,373,="",="2/4/2026 6:48:50.540596315 AM",
="",7865,11.0,418 탎,2462 MHz,11,-74 dBm,Wi-Fi 1 (802.11b),False,396,="",="2/4/2026 6:48:50.541011245 AM",
="",7866,6.0,338 탎,2462 MHz,11,-86 dBm,Wi-Fi 3 (802.11g),False,316,="",="2/4/2026 6:48:50.550061740 AM",
="",7875,1.0,2208 탎,2462 MHz,11,-66 dBm,Wi-Fi 1 (802.11b),False,337,="",="2/4/2026 6:48:50.587355465 AM",
="",7877,6.0,121 탎,2462 MHz,11,-80 dBm,Wi-Fi 3 (802.11g),False,153,="",="2/4/2026 6:48:50.589718875 AM",
="",7878,6.0,511 탎,2462 MHz,11,-77 dBm,Wi-Fi 3 (802.11g),False,446,="",="2/4/2026 6:48:50.595039270 AM",
="",7879,6.0,434 탎,2462 MHz,11,-77 dBm,Wi-Fi 3 (802.11g),False,388,="",="2/4/2026 6:48:50.595589680 AM",
="",7880,6.0,454 탎,2462 MHz,11,-78 dBm,Wi-Fi 3 (802.11g),False,403,="",="2/4/2026 6:48:50.596084145 AM",
="",7887,1.0,2208 탎,2462 MHz,11,-80 dBm,Wi-Fi 1 (802.11b),False,337,="",="2/4/2026 6:48:50.627228865 AM",
="",7888,6.0,425 탎,2462 MHz,11,-77 dBm,Wi-Fi 3 (802.11g),False,381,="",="2/4/2026 6:48:50.630121435 AM",
="",7889,1.0,1120 탎,2462 MHz,11,-71 dBm,Wi-Fi 1 (802.11b),False,201,="",="2/4/2026 6:48:50.635579600 AM",
="",7890,1.0,2008 탎,2462 MHz,11,-71 dBm,Wi-Fi 1 (802.11b),False,312,="",="2/4/2026 6:48:50.638554945 AM",
="",7891,1.0,2016 탎,2462 MHz,11,-70 dBm,Wi-Fi 1 (802.11b),False,313,="",="2/4/2026 6:48:50.640966780 AM",
="",7892,11.0,401 탎,2462 MHz,11,-73 dBm,Wi-Fi 1 (802.11b),False,373,="",="2/4/2026 6:48:50.642996705 AM",
="",7893,11.0,418 탎,2462 MHz,11,-72 dBm,Wi-Fi 1 (802.11b),False,396,="",="2/4/2026 6:48:50.643412075 AM",
="",7894,6.0,338 탎,2462 MHz,11,-87 dBm,Wi-Fi 3 (802.11g),False,316,="",="2/4/2026 6:48:50.652460770 AM",
="",7898,1.0,2008 탎,2462 MHz,11,-77 dBm,Wi-Fi 1 (802.11b),False,312,="",="2/4/2026 6:48:50.678428665 AM",
="",7899,6.0,511 탎,2462 MHz,11,-76 dBm,Wi-Fi 3 (802.11g),False,446,="",="2/4/2026 6:48:50.697434700 AM",
="",7900,6.0,434 탎,2462 MHz,11,-76 dBm,Wi-Fi 3 (802.11g),False,388,="",="2/4/2026 6:48:50.697963670 AM",
="",7901,6.0,454 탎,2462 MHz,11,-76 dBm,Wi-Fi 3 (802.11g),False,403,="",="2/4/2026 6:48:50.698415560 AM",
="",7902,11.0,401 탎,2462 MHz,11,-83 dBm,Wi-Fi 1 (802.11b),False,373,="",="2/4/2026 6:48:50.704627320 AM",
="",7903,11.0,418 탎,2462 MHz,11,-81 dBm,Wi-Fi 1 (802.11b),False,396,="",="2/4/2026 6:48:50.705066465 AM",
="",7904,1.0,2008 탎,2462 MHz,11,-73 dBm,Wi-Fi 1 (802.11b),False,312,="",="2/4/2026 6:48:50.707540910 AM",
="",7908,1.0,2208 탎,2462 MHz,11,-75 dBm,Wi-Fi 1 (802.11b),False,337,="",="2/4/2026 6:48:50.729628790 AM",
="",7909,6.0,425 탎,2462 MHz,11,-82 dBm,Wi-Fi 3 (802.11g),False,381,="",="2/4/2026 6:48:50.732439635 AM",
="",7910,1.0,2008 탎,2462 MHz,11,-68 dBm,Wi-Fi 1 (802.11b),False,312,="",="2/4/2026 6:48:50.740951735 AM",
="",7911,1.0,2016 탎,2462 MHz,11,-80 dBm,Wi-Fi 1 (802.11b),False,313,="",="2/4/2026 6:48:50.743367450 AM",
="",7912,11.0,401 탎,2462 MHz,11,-79 dBm,Wi-Fi 1 (802.11b),False,373,="",="2/4/2026 6:48:50.745396935 AM",
="",7913,11.0,418 탎,2462 MHz,11,-78 dBm,Wi-Fi 1 (802.11b),False,396,="",="2/4/2026 6:48:50.745812625 AM",
="",7914,11.0,358 탎,2462 MHz,11,-84 dBm,Wi-Fi 1 (802.11b),False,313,="",="2/4/2026 6:48:50.750942380 AM",
="",7915,11.0,415 탎,2462 MHz,11,-84 dBm,Wi-Fi 1 (802.11b),True,392,="",="2/4/2026 6:48:50.751286690 AM",
="",7916,11.0,443 탎,2462 MHz,11,-83 dBm,Wi-Fi 1 (802.11b),False,430,="",="2/4/2026 6:48:50.751746785 AM",
="",7917,11.0,273 탎,2462 MHz,11,-84 dBm,Wi-Fi 1 (802.11b),False,197,="",="2/4/2026 6:48:50.752208975 AM",
="",7918,6.0,338 탎,2462 MHz,11,-86 dBm,Wi-Fi 3 (802.11g),False,316,="",="2/4/2026 6:48:50.754994140 AM",
="",7922,1.0,2008 탎,2462 MHz,11,-76 dBm,Wi-Fi 1 (802.11b),False,312,="",="2/4/2026 6:48:50.780828575 AM",
="",7923,1.0,2208 탎,2462 MHz,11,-68 dBm,Wi-Fi 1 (802.11b),False,337,="",="2/4/2026 6:48:50.792156045 AM",
="",7924,6.0,511 탎,2462 MHz,11,-81 dBm,Wi-Fi 3 (802.11g),False,446,="",="2/4/2026 6:48:50.799840610 AM",
="",7925,6.0,434 탎,2462 MHz,11,-80 dBm,Wi-Fi 3 (802.11g),False,388,="",="2/4/2026 6:48:50.800384835 AM",
="",7926,6.0,454 탎,2462 MHz,11,-80 dBm,Wi-Fi 3 (802.11g),False,403,="",="2/4/2026 6:48:50.800845710 AM",
="",7927,1.0,2016 탎,2462 MHz,11,-85 dBm,Wi-Fi 1 (802.11b),False,313,="",="2/4/2026 6:48:50.804994370 AM",
="",7928,11.0,401 탎,2462 MHz,11,-85 dBm,Wi-Fi 1 (802.11b),False,373,="",="2/4/2026 6:48:50.807027375 AM",
="",7929,11.0,418 탎,2462 MHz,11,-86 dBm,Wi-Fi 1 (802.11b),False,396,="",="2/4/2026 6:48:50.807442640 AM",
="",7930,1.0,2008 탎,2462 MHz,11,-74 dBm,Wi-Fi 1 (802.11b),False,312,="",="2/4/2026 6:48:50.809941060 AM",
="",7931,1.0,2208 탎,2462 MHz,11,-74 dBm,Wi-Fi 1 (802.11b),False,337,="",="2/4/2026 6:48:50.832028860 AM",
="",7932,6.0,425 탎,2462 MHz,11,-82 dBm,Wi-Fi 3 (802.11g),False,381,="",="2/4/2026 6:48:50.836287295 AM",
="",7933,1.0,2008 탎,2462 MHz,11,-67 dBm,Wi-Fi 1 (802.11b),False,312,="",="2/4/2026 6:48:50.843352445 AM",
="",7934,1.0,2016 탎,2462 MHz,11,-76 dBm,Wi-Fi 1 (802.11b),False,313,="",="2/4/2026 6:48:50.845767720 AM",
="",7935,11.0,401 탎,2462 MHz,11,-77 dBm,Wi-Fi 1 (802.11b),False,373,="",="2/4/2026 6:48:50.847797765 AM",
="",7936,11.0,418 탎,2462 MHz,11,-75 dBm,Wi-Fi 1 (802.11b),False,396,="",="2/4/2026 6:48:50.848215790 AM",
="",7938,11.0,358 탎,2462 MHz,11,-82 dBm,Wi-Fi 1 (802.11b),True,313,="",="2/4/2026 6:48:50.853315755 AM",
="",7940,11.0,443 탎,2462 MHz,11,-83 dBm,Wi-Fi 1 (802.11b),False,430,="",="2/4/2026 6:48:50.854149830 AM",
="",7942,6.0,338 탎,2462 MHz,11,-86 dBm,Wi-Fi 3 (802.11g),False,316,="",="2/4/2026 6:48:50.857264070 AM",
="",7943,1.0,2208 탎,2462 MHz,11,-75 dBm,Wi-Fi 1 (802.11b),True,337,="",="2/4/2026 6:48:50.861116530 AM",
="",7947,1.0,2008 탎,2462 MHz,11,-76 dBm,Wi-Fi 1 (802.11b),False,312,="",="2/4/2026 6:48:50.883228365 AM",
="",7951,6.0,655 탎,2462 MHz,11,-79 dBm,Wi-Fi 3 (802.11g),False,554,="",="2/4/2026 6:48:50.890070120 AM",
="",7952,11.0,414 탎,2462 MHz,11,-74 dBm,Wi-Fi 1 (802.11b),False,390,="",="2/4/2026 6:48:50.891057910 AM",
="",7953,11.0,414 탎,2462 MHz,11,-74 dBm,Wi-Fi 1 (802.11b),False,390,="",="2/4/2026 6:48:50.891705275 AM",
="",7954,11.0,414 탎,2462 MHz,11,-73 dBm,Wi-Fi 1 (802.11b),False,390,="",="2/4/2026 6:48:50.893509335 AM",
="",7955,1.0,2208 탎,2462 MHz,11,-74 dBm,Wi-Fi 1 (802.11b),False,337,="",="2/4/2026 6:48:50.894556010 AM",
="",7956,6.0,511 탎,2462 MHz,11,-82 dBm,Wi-Fi 3 (802.11g),False,446,="",="2/4/2026 6:48:50.902412530 AM",
="",7957,6.0,434 탎,2462 MHz,11,-82 dBm,Wi-Fi 3 (802.11g),False,388,="",="2/4/2026 6:48:50.902948540 AM",
="",7958,6.0,454 탎,2462 MHz,11,-81 dBm,Wi-Fi 3 (802.11g),False,403,="",="2/4/2026 6:48:50.903408870 AM",
="",7959,6.0,655 탎,2462 MHz,11,-80 dBm,Wi-Fi 3 (802.11g),False,554,="",="2/4/2026 6:48:50.915385145 AM",
="",7960,6.0,425 탎,2462 MHz,11,-81 dBm,Wi-Fi 3 (802.11g),False,381,="",="2/4/2026 6:48:50.937258125 AM",
="",7961,1.0,2008 탎,2462 MHz,11,-67 dBm,Wi-Fi 1 (802.11b),False,312,="",="2/4/2026 6:48:50.945752570 AM",
="",7962,1.0,2016 탎,2462 MHz,11,-71 dBm,Wi-Fi 1 (802.11b),False,313,="",="2/4/2026 6:48:50.948167500 AM",
="",7963,11.0,401 탎,2462 MHz,11,-72 dBm,Wi-Fi 1 (802.11b),False,373,="",="2/4/2026 6:48:50.950198465 AM",
="",7964,11.0,418 탎,2462 MHz,11,-70 dBm,Wi-Fi 1 (802.11b),False,396,="",="2/4/2026 6:48:50.950613635 AM",
="",7965,11.0,443 탎,2462 MHz,11,-82 dBm,Wi-Fi 1 (802.11b),False,430,="",="2/4/2026 6:48:50.956547915 AM",
="",7966,6.0,338 탎,2462 MHz,11,-87 dBm,Wi-Fi 3 (802.11g),False,316,="",="2/4/2026 6:48:50.959666290 AM",
="",7967,1.0,2208 탎,2462 MHz,11,-75 dBm,Wi-Fi 1 (802.11b),False,337,="",="2/4/2026 6:48:50.963543765 AM",
="",7974,1.0,2208 탎,2462 MHz,11,-69 dBm,Wi-Fi 1 (802.11b),False,337,="",="2/4/2026 6:48:50.996955910 AM",
="",7975,11.0,401 탎,2462 MHz,11,-83 dBm,Wi-Fi 1 (802.11b),False,373,="",="2/4/2026 6:48:51.011827640 AM",
="",7976,11.0,418 탎,2462 MHz,11,-83 dBm,Wi-Fi 1 (802.11b),False,396,="",="2/4/2026 6:48:51.012239130 AM",
="",7977,1.0,2208 탎,2462 MHz,11,-79 dBm,Wi-Fi 1 (802.11b),False,337,="",="2/4/2026 6:48:51.036829230 AM",
="",7978,6.0,425 탎,2462 MHz,11,-80 dBm,Wi-Fi 3 (802.11g),False,381,="",="2/4/2026 6:48:51.039617395 AM",
="",7979,1.0,2008 탎,2462 MHz,11,-69 dBm,Wi-Fi 1 (802.11b),False,312,="",="2/4/2026 6:48:51.048152750 AM",
="",7980,1.0,2016 탎,2462 MHz,11,-72 dBm,Wi-Fi 1 (802.11b),False,313,="",="2/4/2026 6:48:51.050580185 AM",
="",7981,11.0,401 탎,2462 MHz,11,-73 dBm,Wi-Fi 1 (802.11b),False,373,="",="2/4/2026 6:48:51.052615845 AM",
="",7982,11.0,418 탎,2462 MHz,11,-72 dBm,Wi-Fi 1 (802.11b),False,396,="",="2/4/2026 6:48:51.053028255 AM",
="",7983,11.0,358 탎,2462 MHz,11,-85 dBm,Wi-Fi 1 (802.11b),False,313,="",="2/4/2026 6:48:51.058146275 AM",
="",7984,11.0,415 탎,2462 MHz,11,-85 dBm,Wi-Fi 1 (802.11b),False,392,="",="2/4/2026 6:48:51.058516960 AM",
="",7985,11.0,443 탎,2462 MHz,11,-84 dBm,Wi-Fi 1 (802.11b),False,430,="",="2/4/2026 6:48:51.058948760 AM",
="",7986,6.0,338 탎,2462 MHz,11,-87 dBm,Wi-Fi 3 (802.11g),False,316,="",="2/4/2026 6:48:51.062066935 AM",
="",7987,1.0,2208 탎,2462 MHz,11,-76 dBm,Wi-Fi 1 (802.11b),False,337,="",="2/4/2026 6:48:51.065941850 AM",
="",7994,1.0,2008 탎,2462 MHz,11,-80 dBm,Wi-Fi 1 (802.11b),False,312,="",="2/4/2026 6:48:51.088028870 AM",
="",7995,1.0,2208 탎,2462 MHz,11,-67 dBm,Wi-Fi 1 (802.11b),False,337,="",="2/4/2026 6:48:51.099503095 AM",
="",7996,6.0,511 탎,2462 MHz,11,-81 dBm,Wi-Fi 3 (802.11g),False,446,="",="2/4/2026 6:48:51.107033305 AM",
="",7997,6.0,434 탎,2462 MHz,11,-81 dBm,Wi-Fi 3 (802.11g),False,388,="",="2/4/2026 6:48:51.107577955 AM",
="",7998,6.0,454 탎,2462 MHz,11,-80 dBm,Wi-Fi 3 (802.11g),False,403,="",="2/4/2026 6:48:51.108031885 AM",
="",7999,6.0,1597 탎,2462 MHz,11,-80 dBm,Wi-Fi 3 (802.11g),False,229,="",="2/4/2026 6:48:51.110078790 AM",
="",8000,1.0,2016 탎,2462 MHz,11,-82 dBm,Wi-Fi 1 (802.11b),False,313,="",="2/4/2026 6:48:51.112198025 AM",
="",8001,11.0,401 탎,2462 MHz,11,-81 dBm,Wi-Fi 1 (802.11b),False,373,="",="2/4/2026 6:48:51.114230390 AM",
="",8002,11.0,418 탎,2462 MHz,11,-81 dBm,Wi-Fi 1 (802.11b),False,396,="",="2/4/2026 6:48:51.114643735 AM",
="",8006,1.0,2208 탎,2462 MHz,11,-80 dBm,Wi-Fi 1 (802.11b),False,337,="",="2/4/2026 6:48:51.139263130 AM",
="",8007,6.0,425 탎,2462 MHz,11,-80 dBm,Wi-Fi 3 (802.11g),False,381,="",="2/4/2026 6:48:51.142211675 AM",
="",8008,1.0,2008 탎,2462 MHz,11,-69 dBm,Wi-Fi 1 (802.11b),False,312,="",="2/4/2026 6:48:51.150553460 AM",
="",8009,1.0,2016 탎,2462 MHz,11,-75 dBm,Wi-Fi 1 (802.11b),False,313,="",="2/4/2026 6:48:51.152967255 AM",
="",8010,11.0,401 탎,2462 MHz,11,-75 dBm,Wi-Fi 1 (802.11b),False,373,="",="2/4/2026 6:48:51.155002140 AM",
="",8011,11.0,418 탎,2462 MHz,11,-75 dBm,Wi-Fi 1 (802.11b),False,396,="",="2/4/2026 6:48:51.155414765 AM",
="",8012,11.0,358 탎,2462 MHz,11,-85 dBm,Wi-Fi 1 (802.11b),True,313,="",="2/4/2026 6:48:51.160517705 AM",
="",8013,11.0,415 탎,2462 MHz,11,-86 dBm,Wi-Fi 1 (802.11b),False,392,="",="2/4/2026 6:48:51.160917565 AM",
="",8014,11.0,443 탎,2462 MHz,11,-86 dBm,Wi-Fi 1 (802.11b),False,430,="",="2/4/2026 6:48:51.161349245 AM",
="",8015,1.0,1120 탎,2462 MHz,11,-82 dBm,Wi-Fi 1 (802.11b),False,201,="",="2/4/2026 6:48:51.170636405 AM",
="",8019,1.0,2208 탎,2462 MHz,11,-69 dBm,Wi-Fi 1 (802.11b),False,337,="",="2/4/2026 6:48:51.201753665 AM",
="",8020,6.0,511 탎,2462 MHz,11,-79 dBm,Wi-Fi 3 (802.11g),False,446,="",="2/4/2026 6:48:51.209436510 AM",
="",8021,6.0,434 탎,2462 MHz,11,-79 dBm,Wi-Fi 3 (802.11g),False,388,="",="2/4/2026 6:48:51.210004175 AM",
="",8022,6.0,454 탎,2462 MHz,11,-78 dBm,Wi-Fi 3 (802.11g),False,403,="",="2/4/2026 6:48:51.210438675 AM",
="",8027,1.0,2008 탎,2462 MHz,11,-69 dBm,Wi-Fi 1 (802.11b),False,312,="",="2/4/2026 6:48:51.252953385 AM",
="",8028,1.0,2016 탎,2462 MHz,11,-75 dBm,Wi-Fi 1 (802.11b),False,313,="",="2/4/2026 6:48:51.255368035 AM",
="",8029,11.0,401 탎,2462 MHz,11,-76 dBm,Wi-Fi 1 (802.11b),False,373,="",="2/4/2026 6:48:51.257402120 AM",
="",8030,11.0,418 탎,2462 MHz,11,-77 dBm,Wi-Fi 1 (802.11b),False,396,="",="2/4/2026 6:48:51.257815250 AM",
="",8031,6.0,338 탎,2462 MHz,11,-87 dBm,Wi-Fi 3 (802.11g),False,316,="",="2/4/2026 6:48:51.266874265 AM",
="",8035,1.0,2208 탎,2462 MHz,11,-75 dBm,Wi-Fi 1 (802.11b),False,337,="",="2/4/2026 6:48:51.270741700 AM",
="",8040,1.0,2008 탎,2462 MHz,11,-80 dBm,Wi-Fi 1 (802.11b),False,312,="",="2/4/2026 6:48:51.292836040 AM",
="",8041,1.0,2208 탎,2462 MHz,11,-69 dBm,Wi-Fi 1 (802.11b),False,337,="",="2/4/2026 6:48:51.304154005 AM",
="",8042,6.0,511 탎,2462 MHz,11,-79 dBm,Wi-Fi 3 (802.11g),False,446,="",="2/4/2026 6:48:51.311859250 AM",
="",8043,6.0,434 탎,2462 MHz,11,-79 dBm,Wi-Fi 3 (802.11g),False,388,="",="2/4/2026 6:48:51.312386380 AM",
="",8044,6.0,454 탎,2462 MHz,11,-79 dBm,Wi-Fi 3 (802.11g),False,403,="",="2/4/2026 6:48:51.312847030 AM",
="",8045,1.0,2016 탎,2462 MHz,11,-82 dBm,Wi-Fi 1 (802.11b),False,313,="",="2/4/2026 6:48:51.316996450 AM",
="",8046,11.0,401 탎,2462 MHz,11,-81 dBm,Wi-Fi 1 (802.11b),False,373,="",="2/4/2026 6:48:51.319031775 AM",
="",8047,11.0,418 탎,2462 MHz,11,-81 dBm,Wi-Fi 1 (802.11b),False,396,="",="2/4/2026 6:48:51.319444305 AM",
="",8048,1.0,2008 탎,2462 MHz,11,-75 dBm,Wi-Fi 1 (802.11b),False,312,="",="2/4/2026 6:48:51.321941980 AM",
="",8049,1.0,2208 탎,2462 MHz,11,-79 dBm,Wi-Fi 1 (802.11b),False,337,="",="2/4/2026 6:48:51.344029620 AM",
="",8050,6.0,425 탎,2462 MHz,11,-80 dBm,Wi-Fi 3 (802.11g),False,381,="",="2/4/2026 6:48:51.346863440 AM",
="",8051,1.0,2008 탎,2462 MHz,11,-70 dBm,Wi-Fi 1 (802.11b),False,312,="",="2/4/2026 6:48:51.355359205 AM",
="",8052,1.0,2016 탎,2462 MHz,11,-77 dBm,Wi-Fi 1 (802.11b),False,313,="",="2/4/2026 6:48:51.357768520 AM",
="",8053,11.0,401 탎,2462 MHz,11,-77 dBm,Wi-Fi 1 (802.11b),False,373,="",="2/4/2026 6:48:51.359801405 AM",
="",8054,11.0,418 탎,2462 MHz,11,-77 dBm,Wi-Fi 1 (802.11b),False,396,="",="2/4/2026 6:48:51.360219030 AM",
="",8055,11.0,358 탎,2462 MHz,11,-85 dBm,Wi-Fi 1 (802.11b),False,313,="",="2/4/2026 6:48:51.365345450 AM",
="",8056,11.0,415 탎,2462 MHz,11,-85 dBm,Wi-Fi 1 (802.11b),False,392,="",="2/4/2026 6:48:51.365722030 AM",
="",8057,11.0,443 탎,2462 MHz,11,-85 dBm,Wi-Fi 1 (802.11b),False,430,="",="2/4/2026 6:48:51.366152950 AM",
="",8058,1.0,2208 탎,2462 MHz,11,-75 dBm,Wi-Fi 1 (802.11b),False,337,="",="2/4/2026 6:48:51.373142065 AM",
="",8063,1.0,2008 탎,2462 MHz,11,-79 dBm,Wi-Fi 1 (802.11b),False,312,="",="2/4/2026 6:48:51.395238260 AM",
="",8067,1.0,2208 탎,2462 MHz,11,-70 dBm,Wi-Fi 1 (802.11b),False,337,="",="2/4/2026 6:48:51.406553650 AM",
="",8068,11.0,439 탎,2462 MHz,11,-86 dBm,Wi-Fi 1 (802.11b),False,425,="",="2/4/2026 6:48:51.408987980 AM",
="",8069,6.0,511 탎,2462 MHz,11,-80 dBm,Wi-Fi 3 (802.11g),False,446,="",="2/4/2026 6:48:51.417868415 AM",
="",8070,6.0,434 탎,2462 MHz,11,-80 dBm,Wi-Fi 3 (802.11g),False,388,="",="2/4/2026 6:48:51.418421800 AM",
="",8071,6.0,454 탎,2462 MHz,11,-80 dBm,Wi-Fi 3 (802.11g),False,403,="",="2/4/2026 6:48:51.418873595 AM",
="",8072,1.0,2016 탎,2462 MHz,11,-80 dBm,Wi-Fi 1 (802.11b),False,313,="",="2/4/2026 6:48:51.419396175 AM",
="",8073,11.0,401 탎,2462 MHz,11,-81 dBm,Wi-Fi 1 (802.11b),False,373,="",="2/4/2026 6:48:51.421428740 AM",
="",8074,11.0,418 탎,2462 MHz,11,-82 dBm,Wi-Fi 1 (802.11b),False,396,="",="2/4/2026 6:48:51.421844365 AM",
="",8075,1.0,2008 탎,2462 MHz,11,-71 dBm,Wi-Fi 1 (802.11b),False,312,="",="2/4/2026 6:48:51.424341385 AM",
="",8076,1.0,2208 탎,2462 MHz,11,-79 dBm,Wi-Fi 1 (802.11b),False,337,="",="2/4/2026 6:48:51.446431905 AM",
="",8077,6.0,425 탎,2462 MHz,11,-82 dBm,Wi-Fi 3 (802.11g),False,381,="",="2/4/2026 6:48:51.449980160 AM",
="",8082,1.0,2008 탎,2462 MHz,11,-71 dBm,Wi-Fi 1 (802.11b),False,312,="",="2/4/2026 6:48:51.457753930 AM",
="",8083,1.0,2016 탎,2462 MHz,11,-74 dBm,Wi-Fi 1 (802.11b),False,313,="",="2/4/2026 6:48:51.460193860 AM",
="",8084,11.0,401 탎,2462 MHz,11,-74 dBm,Wi-Fi 1 (802.11b),False,373,="",="2/4/2026 6:48:51.462215945 AM",
="",8085,11.0,418 탎,2462 MHz,11,-74 dBm,Wi-Fi 1 (802.11b),False,396,="",="2/4/2026 6:48:51.462619515 AM",
="",8086,11.0,358 탎,2462 MHz,11,-86 dBm,Wi-Fi 1 (802.11b),True,313,="",="2/4/2026 6:48:51.467719215 AM",
="",8087,1.0,2208 탎,2462 MHz,11,-71 dBm,Wi-Fi 1 (802.11b),False,337,="",="2/4/2026 6:48:51.475568045 AM",
="",8091,1.0,2008 탎,2462 MHz,11,-77 dBm,Wi-Fi 1 (802.11b),False,312,="",="2/4/2026 6:48:51.497640225 AM",
="",8092,1.0,2096 탎,2462 MHz,11,-88 dBm,Wi-Fi 1 (802.11b),False,323,="",="2/4/2026 6:48:51.500959415 AM",
="",8093,1.0,2208 탎,2462 MHz,11,-72 dBm,Wi-Fi 1 (802.11b),False,337,="",="2/4/2026 6:48:51.509134385 AM",
="",8094,6.0,313 탎,2462 MHz,11,-80 dBm,Wi-Fi 3 (802.11g),False,229,="",="2/4/2026 6:48:51.514383035 AM",
="",8095,6.0,511 탎,2462 MHz,11,-80 dBm,Wi-Fi 3 (802.11g),False,446,="",="2/4/2026 6:48:51.516636755 AM",
="",8096,6.0,434 탎,2462 MHz,11,-80 dBm,Wi-Fi 3 (802.11g),False,388,="",="2/4/2026 6:48:51.517172645 AM",
="",8097,6.0,454 탎,2462 MHz,11,-80 dBm,Wi-Fi 3 (802.11g),False,403,="",="2/4/2026 6:48:51.517641735 AM",
="",8098,1.0,2016 탎,2462 MHz,11,-82 dBm,Wi-Fi 1 (802.11b),False,313,="",="2/4/2026 6:48:51.521796795 AM",
="",8099,11.0,401 탎,2462 MHz,11,-80 dBm,Wi-Fi 1 (802.11b),False,373,="",="2/4/2026 6:48:51.523832160 AM",
="",8100,1.0,2008 탎,2462 MHz,11,-71 dBm,Wi-Fi 1 (802.11b),False,312,="",="2/4/2026 6:48:51.526744045 AM",
="",8104,1.0,2208 탎,2462 MHz,11,-79 dBm,Wi-Fi 1 (802.11b),False,337,="",="2/4/2026 6:48:51.548830085 AM",
="",8105,6.0,425 탎,2462 MHz,11,-86 dBm,Wi-Fi 3 (802.11g),False,381,="",="2/4/2026 6:48:51.552388660 AM",
="",8106,1.0,2008 탎,2462 MHz,11,-75 dBm,Wi-Fi 1 (802.11b),False,312,="",="2/4/2026 6:48:51.560187820 AM",
="",8107,1.0,2016 탎,2462 MHz,11,-80 dBm,Wi-Fi 1 (802.11b),False,313,="",="2/4/2026 6:48:51.562569160 AM",
="",8108,11.0,401 탎,2462 MHz,11,-81 dBm,Wi-Fi 1 (802.11b),False,373,="",="2/4/2026 6:48:51.564601965 AM",
="",8109,11.0,418 탎,2462 MHz,11,-81 dBm,Wi-Fi 1 (802.11b),False,396,="",="2/4/2026 6:48:51.565020430 AM",
="",8110,11.0,415 탎,2462 MHz,11,-85 dBm,Wi-Fi 1 (802.11b),False,392,="",="2/4/2026 6:48:51.570544670 AM",
="",8111,6.0,338 탎,2462 MHz,11,-86 dBm,Wi-Fi 3 (802.11g),False,316,="",="2/4/2026 6:48:51.574076365 AM",
="",8112,1.0,2208 탎,2462 MHz,11,-72 dBm,Wi-Fi 1 (802.11b),False,337,="",="2/4/2026 6:48:51.577942505 AM",
="",8113,1.0,304 탎,2462 MHz,11,-88 dBm,Wi-Fi 1 (802.11b),False,99,="",="2/4/2026 6:48:51.581681900 AM",
="",8118,1.0,2008 탎,2462 MHz,11,-80 dBm,Wi-Fi 1 (802.11b),False,312,="",="2/4/2026 6:48:51.600029740 AM",
="",8119,1.0,2208 탎,2462 MHz,11,-74 dBm,Wi-Fi 1 (802.11b),False,337,="",="2/4/2026 6:48:51.611354185 AM",
="",8120,6.0,511 탎,2462 MHz,11,-79 dBm,Wi-Fi 3 (802.11g),False,446,="",="2/4/2026 6:48:51.619038750 AM",
="",8121,6.0,434 탎,2462 MHz,11,-78 dBm,Wi-Fi 3 (802.11g),False,388,="",="2/4/2026 6:48:51.619583280 AM",
="",8122,6.0,654 탎,2462 MHz,11,-78 dBm,Wi-Fi 3 (802.11g),False,229,="",="2/4/2026 6:48:51.621552905 AM",
="",8123,6.0,201 탎,2462 MHz,11,-78 dBm,Wi-Fi 3 (802.11g),False,213,="",="2/4/2026 6:48:51.622214485 AM",
="",8124,11.0,401 탎,2462 MHz,11,-84 dBm,Wi-Fi 1 (802.11b),False,373,="",="2/4/2026 6:48:51.626231995 AM",
="",8125,11.0,418 탎,2462 MHz,11,-85 dBm,Wi-Fi 1 (802.11b),False,396,="",="2/4/2026 6:48:51.626645140 AM",
="",8126,1.0,2008 탎,2462 MHz,11,-72 dBm,Wi-Fi 1 (802.11b),False,312,="",="2/4/2026 6:48:51.629141760 AM",
="",8127,1.0,872 탎,2462 MHz,11,-82 dBm,Wi-Fi 1 (802.11b),False,170,="",="2/4/2026 6:48:51.648716215 AM",
="",8128,6.0,425 탎,2462 MHz,11,-83 dBm,Wi-Fi 3 (802.11g),False,381,="",="2/4/2026 6:48:51.654040165 AM",
="",8129,1.0,2008 탎,2462 MHz,11,-73 dBm,Wi-Fi 1 (802.11b),False,312,="",="2/4/2026 6:48:51.662553905 AM",
="",8130,11.0,401 탎,2462 MHz,11,-78 dBm,Wi-Fi 1 (802.11b),False,373,="",="2/4/2026 6:48:51.667003000 AM",
="",8131,11.0,418 탎,2462 MHz,11,-78 dBm,Wi-Fi 1 (802.11b),False,396,="",="2/4/2026 6:48:51.667421290 AM",
="",8132,11.0,414 탎,2462 MHz,11,-78 dBm,Wi-Fi 1 (802.11b),True,390,="",="2/4/2026 6:48:51.671429460 AM",
="",8134,11.0,414 탎,2462 MHz,11,-78 dBm,Wi-Fi 1 (802.11b),False,390,="",="2/4/2026 6:48:51.672988655 AM",
="",8137,12.0,39 탎,2462 MHz,11,-76 dBm,Wi-Fi 3 (802.11g),False,99,="",="2/4/2026 6:48:51.682621010 AM",
="",8140,1.0,2208 탎,2462 MHz,11,-73 dBm,Wi-Fi 1 (802.11b),False,337,="",="2/4/2026 6:48:51.713754550 AM",
="",8141,11.0,439 탎,2462 MHz,11,-85 dBm,Wi-Fi 1 (802.11b),True,425,="",="2/4/2026 6:48:51.716761215 AM",
="",8142,6.0,511 탎,2462 MHz,11,-77 dBm,Wi-Fi 3 (802.11g),False,446,="",="2/4/2026 6:48:51.721448995 AM",
="",8143,6.0,434 탎,2462 MHz,11,-78 dBm,Wi-Fi 3 (802.11g),False,388,="",="2/4/2026 6:48:51.721975205 AM",
="",8144,6.0,454 탎,2462 MHz,11,-78 dBm,Wi-Fi 3 (802.11g),True,403,="",="2/4/2026 6:48:51.722424055 AM",
="",8145,11.0,401 탎,2462 MHz,11,-81 dBm,Wi-Fi 1 (802.11b),False,373,="",="2/4/2026 6:48:51.728632560 AM",
="",8146,11.0,418 탎,2462 MHz,11,-81 dBm,Wi-Fi 1 (802.11b),False,396,="",="2/4/2026 6:48:51.729045265 AM",
="",8150,1.0,2208 탎,2462 MHz,11,-80 dBm,Wi-Fi 1 (802.11b),False,337,="",="2/4/2026 6:48:51.753630085 AM",
="",8152,6.0,425 탎,2462 MHz,11,-83 dBm,Wi-Fi 3 (802.11g),False,381,="",="2/4/2026 6:48:51.756351860 AM",
="",8154,1.0,2008 탎,2462 MHz,11,-73 dBm,Wi-Fi 1 (802.11b),False,312,="",="2/4/2026 6:48:51.764954230 AM",
="",8155,1.0,2016 탎,2462 MHz,11,-76 dBm,Wi-Fi 1 (802.11b),False,313,="",="2/4/2026 6:48:51.767370880 AM",
="",8157,11.0,401 탎,2462 MHz,11,-74 dBm,Wi-Fi 1 (802.11b),False,373,="",="2/4/2026 6:48:51.769406005 AM",
="",8158,11.0,418 탎,2462 MHz,11,-74 dBm,Wi-Fi 1 (802.11b),False,396,="",="2/4/2026 6:48:51.769821495 AM",
="",8159,11.0,358 탎,2462 MHz,11,-85 dBm,Wi-Fi 1 (802.11b),False,313,="",="2/4/2026 6:48:51.774947290 AM",
="",8160,11.0,415 탎,2462 MHz,11,-86 dBm,Wi-Fi 1 (802.11b),False,392,="",="2/4/2026 6:48:51.775324175 AM",
="",8161,11.0,443 탎,2462 MHz,11,-84 dBm,Wi-Fi 1 (802.11b),False,430,="",="2/4/2026 6:48:51.775754895 AM",
="",8162,11.0,273 탎,2462 MHz,11,-86 dBm,Wi-Fi 1 (802.11b),False,197,="",="2/4/2026 6:48:51.776691120 AM",
="",8163,6.0,338 탎,2462 MHz,11,-85 dBm,Wi-Fi 3 (802.11g),False,316,="",="2/4/2026 6:48:51.778906245 AM",
="",8164,1.0,2208 탎,2462 MHz,11,-76 dBm,Wi-Fi 1 (802.11b),False,337,="",="2/4/2026 6:48:51.782742505 AM",
="",8165,12.0,39 탎,2462 MHz,11,-74 dBm,Wi-Fi 3 (802.11g),False,99,="",="2/4/2026 6:48:51.796873675 AM",
="",8166,6.0,342 탎,2462 MHz,11,-85 dBm,Wi-Fi 3 (802.11g),False,319,="",="2/4/2026 6:48:51.804481095 AM",
="",8173,1.0,2208 탎,2462 MHz,11,-80 dBm,Wi-Fi 1 (802.11b),False,337,="",="2/4/2026 6:48:51.816154610 AM",
="",8174,6.0,511 탎,2462 MHz,11,-79 dBm,Wi-Fi 3 (802.11g),False,446,="",="2/4/2026 6:48:51.823840535 AM",
="",8175,6.0,434 탎,2462 MHz,11,-78 dBm,Wi-Fi 3 (802.11g),False,388,="",="2/4/2026 6:48:51.824367090 AM",
="",8176,6.0,454 탎,2462 MHz,11,-78 dBm,Wi-Fi 3 (802.11g),False,403,="",="2/4/2026 6:48:51.824819180 AM",
="",8177,1.0,2016 탎,2462 MHz,11,-82 dBm,Wi-Fi 1 (802.11b),False,313,="",="2/4/2026 6:48:51.828997815 AM",
="",8178,11.0,401 탎,2462 MHz,11,-80 dBm,Wi-Fi 1 (802.11b),False,373,="",="2/4/2026 6:48:51.831032740 AM",
="",8179,11.0,418 탎,2462 MHz,11,-81 dBm,Wi-Fi 1 (802.11b),False,396,="",="2/4/2026 6:48:51.831445350 AM",
="",8180,12.0,39 탎,2462 MHz,11,-74 dBm,Wi-Fi 3 (802.11g),False,99,="",="2/4/2026 6:48:51.842159295 AM",
="",8182,1.0,2208 탎,2462 MHz,11,-82 dBm,Wi-Fi 1 (802.11b),False,337,="",="2/4/2026 6:48:51.856029930 AM",
="",8184,11.0,401 탎,2462 MHz,11,-74 dBm,Wi-Fi 1 (802.11b),False,373,="",="2/4/2026 6:48:51.871804250 AM",
="",8185,11.0,418 탎,2462 MHz,11,-74 dBm,Wi-Fi 1 (802.11b),False,396,="",="2/4/2026 6:48:51.872222315 AM",
="",8186,1.0,1024 탎,2462 MHz,11,-41 dBm,Wi-Fi 1 (802.11b),False,189,="",="2/4/2026 6:48:51.872707365 AM",
="",8187,11.0,358 탎,2462 MHz,11,-84 dBm,Wi-Fi 1 (802.11b),False,313,="",="2/4/2026 6:48:51.877347575 AM",
="",8188,11.0,415 탎,2462 MHz,11,-83 dBm,Wi-Fi 1 (802.11b),True,392,="",="2/4/2026 6:48:51.877694820 AM",
="",8189,11.0,443 탎,2462 MHz,11,-83 dBm,Wi-Fi 1 (802.11b),True,430,="",="2/4/2026 6:48:51.878121100 AM",
="",8190,6.0,338 탎,2462 MHz,11,-86 dBm,Wi-Fi 3 (802.11g),False,316,="",="2/4/2026 6:48:51.881284955 AM",
="",8191,1.0,2208 탎,2462 MHz,11,-74 dBm,Wi-Fi 1 (802.11b),False,337,="",="2/4/2026 6:48:51.885142910 AM",
="",8194,1.0,2008 탎,2462 MHz,11,-79 dBm,Wi-Fi 1 (802.11b),False,312,="",="2/4/2026 6:48:51.907251145 AM",
="",8200,11.0,415 탎,2462 MHz,11,-87 dBm,Wi-Fi 1 (802.11b),True,392,="",="2/4/2026 6:48:51.921164965 AM",
="",8201,11.0,439 탎,2462 MHz,11,-88 dBm,Wi-Fi 1 (802.11b),True,425,="",="2/4/2026 6:48:51.921561305 AM",
="",8202,6.0,511 탎,2462 MHz,11,-78 dBm,Wi-Fi 3 (802.11g),False,446,="",="2/4/2026 6:48:51.926297395 AM",
="",8203,6.0,434 탎,2462 MHz,11,-78 dBm,Wi-Fi 3 (802.11g),False,388,="",="2/4/2026 6:48:51.926814605 AM",
="",8204,6.0,454 탎,2462 MHz,11,-79 dBm,Wi-Fi 3 (802.11g),False,403,="",="2/4/2026 6:48:51.927293615 AM",
="",8205,11.0,401 탎,2462 MHz,11,-83 dBm,Wi-Fi 1 (802.11b),True,373,="",="2/4/2026 6:48:51.933403930 AM",
="",8209,12.0,39 탎,2462 MHz,11,-80 dBm,Wi-Fi 3 (802.11g),False,99,="",="2/4/2026 6:48:51.958253115 AM",
="",8210,1.0,2208 탎,2462 MHz,11,-82 dBm,Wi-Fi 1 (802.11b),False,337,="",="2/4/2026 6:48:51.958430215 AM",
="",8211,1.0,952 탎,2462 MHz,11,-84 dBm,Wi-Fi 1 (802.11b),False,180,="",="2/4/2026 6:48:51.964642385 AM",
="",8212,1.0,952 탎,2462 MHz,11,-85 dBm,Wi-Fi 1 (802.11b),False,180,="",="2/4/2026 6:48:51.965605405 AM",
="",8213,1.0,2008 탎,2462 MHz,11,-75 dBm,Wi-Fi 1 (802.11b),False,312,="",="2/4/2026 6:48:51.969754360 AM",
="",8214,1.0,2016 탎,2462 MHz,11,-78 dBm,Wi-Fi 1 (802.11b),False,313,="",="2/4/2026 6:48:51.972171650 AM",
="",8215,11.0,401 탎,2462 MHz,11,-78 dBm,Wi-Fi 1 (802.11b),False,373,="",="2/4/2026 6:48:51.974204855 AM",
="",8216,11.0,418 탎,2462 MHz,11,-77 dBm,Wi-Fi 1 (802.11b),False,396,="",="2/4/2026 6:48:51.974622385 AM",
="",8217,11.0,358 탎,2462 MHz,11,-82 dBm,Wi-Fi 1 (802.11b),False,313,="",="2/4/2026 6:48:51.979747940 AM",
="",8218,11.0,415 탎,2462 MHz,11,-82 dBm,Wi-Fi 1 (802.11b),False,392,="",="2/4/2026 6:48:51.980124745 AM",
="",8219,11.0,443 탎,2462 MHz,11,-81 dBm,Wi-Fi 1 (802.11b),False,430,="",="2/4/2026 6:48:51.980555865 AM",
="",8220,6.0,338 탎,2462 MHz,11,-86 dBm,Wi-Fi 3 (802.11g),False,316,="",="2/4/2026 6:48:51.983686320 AM",
="",8225,1.0,2208 탎,2462 MHz,11,-76 dBm,Wi-Fi 1 (802.11b),False,337,="",="2/4/2026 6:48:52.020963780 AM",
="",8231,6.0,511 탎,2462 MHz,11,-78 dBm,Wi-Fi 3 (802.11g),False,446,="",="2/4/2026 6:48:52.029925485 AM",
="",8232,6.0,434 탎,2462 MHz,11,-77 dBm,Wi-Fi 3 (802.11g),False,388,="",="2/4/2026 6:48:52.030457975 AM",
="",8233,6.0,454 탎,2462 MHz,11,-77 dBm,Wi-Fi 3 (802.11g),False,403,="",="2/4/2026 6:48:52.030927665 AM",
="",8234,6.0,219 탎,2462 MHz,11,-78 dBm,Wi-Fi 3 (802.11g),False,227,="",="2/4/2026 6:48:52.031382165 AM",
="",8235,6.0,246 탎,2462 MHz,11,-77 dBm,Wi-Fi 3 (802.11g),False,229,="",="2/4/2026 6:48:52.031628035 AM",
="",8237,11.0,401 탎,2462 MHz,11,-84 dBm,Wi-Fi 1 (802.11b),False,373,="",="2/4/2026 6:48:52.035832735 AM",
="",8238,11.0,418 탎,2462 MHz,11,-83 dBm,Wi-Fi 1 (802.11b),False,396,="",="2/4/2026 6:48:52.036248960 AM",
="",8239,1.0,2208 탎,2462 MHz,11,-82 dBm,Wi-Fi 1 (802.11b),False,337,="",="2/4/2026 6:48:52.060830860 AM",
="",8240,6.0,425 탎,2462 MHz,11,-83 dBm,Wi-Fi 3 (802.11g),False,381,="",="2/4/2026 6:48:52.063609730 AM",
="",8241,11.0,401 탎,2462 MHz,11,-80 dBm,Wi-Fi 1 (802.11b),False,373,="",="2/4/2026 6:48:52.076605180 AM",
="",8242,11.0,418 탎,2462 MHz,11,-80 dBm,Wi-Fi 1 (802.11b),False,396,="",="2/4/2026 6:48:52.077020470 AM",
="",8246,11.0,415 탎,2462 MHz,11,-84 dBm,Wi-Fi 1 (802.11b),False,392,="",="2/4/2026 6:48:52.082522390 AM",
="",8247,11.0,443 탎,2462 MHz,11,-84 dBm,Wi-Fi 1 (802.11b),False,430,="",="2/4/2026 6:48:52.082953550 AM",
="",8248,6.0,338 탎,2462 MHz,11,-86 dBm,Wi-Fi 3 (802.11g),False,316,="",="2/4/2026 6:48:52.086097325 AM",
="",8249,1.0,2208 탎,2462 MHz,11,-77 dBm,Wi-Fi 1 (802.11b),False,337,="",="2/4/2026 6:48:52.089943945 AM",
="",8250,1.0,2424 탎,2462 MHz,11,-84 dBm,Wi-Fi 1 (802.11b),False,364,="",="2/4/2026 6:48:52.104208585 AM",
="",8251,1.0,2008 탎,2462 MHz,11,-77 dBm,Wi-Fi 1 (802.11b),False,312,="",="2/4/2026 6:48:52.112032860 AM",
="",8253,1.0,2208 탎,2462 MHz,11,-78 dBm,Wi-Fi 1 (802.11b),True,337,="",="2/4/2026 6:48:52.123327795 AM",
="",8256,6.0,511 탎,2462 MHz,11,-77 dBm,Wi-Fi 3 (802.11g),False,446,="",="2/4/2026 6:48:52.131043975 AM",
="",8257,6.0,434 탎,2462 MHz,11,-78 dBm,Wi-Fi 3 (802.11g),False,388,="",="2/4/2026 6:48:52.131578665 AM",
="",8258,6.0,454 탎,2462 MHz,11,-78 dBm,Wi-Fi 3 (802.11g),False,403,="",="2/4/2026 6:48:52.132031155 AM",
="",8259,6.0,599 탎,2462 MHz,11,-77 dBm,Wi-Fi 3 (802.11g),False,229,="",="2/4/2026 6:48:52.132485655 AM",
="",8260,6.0,626 탎,2462 MHz,11,-78 dBm,Wi-Fi 3 (802.11g),False,229,="",="2/4/2026 6:48:52.133111215 AM",
="",8261,1.0,2016 탎,2462 MHz,11,-83 dBm,Wi-Fi 1 (802.11b),False,313,="",="2/4/2026 6:48:52.136198375 AM",
="",8262,11.0,401 탎,2462 MHz,11,-83 dBm,Wi-Fi 1 (802.11b),False,373,="",="2/4/2026 6:48:52.138233820 AM",
="",8263,11.0,418 탎,2462 MHz,11,-83 dBm,Wi-Fi 1 (802.11b),False,396,="",="2/4/2026 6:48:52.138646325 AM",
="",8264,6.0,425 탎,2462 MHz,11,-83 dBm,Wi-Fi 3 (802.11g),False,381,="",="2/4/2026 6:48:52.166093700 AM",
="",8265,1.0,2008 탎,2462 MHz,11,-80 dBm,Wi-Fi 1 (802.11b),False,312,="",="2/4/2026 6:48:52.174555050 AM",
="",8266,11.0,401 탎,2462 MHz,11,-81 dBm,Wi-Fi 1 (802.11b),True,373,="",="2/4/2026 6:48:52.178976850 AM",
="",8267,11.0,418 탎,2462 MHz,11,-82 dBm,Wi-Fi 1 (802.11b),False,396,="",="2/4/2026 6:48:52.179423915 AM",
="",8268,6.0,214 탎,2462 MHz,11,-79 dBm,Wi-Fi 3 (802.11g),False,223,="",="2/4/2026 6:48:52.180751435 AM",
="",8269,1.0,2160 탎,2462 MHz,11,-77 dBm,Wi-Fi 1 (802.11b),False,331,="",="2/4/2026 6:48:52.181528005 AM",
="",8270,1.0,2160 탎,2462 MHz,11,-79 dBm,Wi-Fi 1 (802.11b),False,331,="",="2/4/2026 6:48:52.186092650 AM",
="",8271,1.0,1960 탎,2462 MHz,11,-78 dBm,Wi-Fi 1 (802.11b),False,306,="",="2/4/2026 6:48:52.188394750 AM",
="",8272,6.0,214 탎,2462 MHz,11,-79 dBm,Wi-Fi 3 (802.11g),False,223,="",="2/4/2026 6:48:52.191372010 AM",
="",8273,1.0,2160 탎,2462 MHz,11,-79 dBm,Wi-Fi 1 (802.11b),False,331,="",="2/4/2026 6:48:52.195280890 AM",
="",8274,1.0,1960 탎,2462 MHz,11,-76 dBm,Wi-Fi 1 (802.11b),False,306,="",="2/4/2026 6:48:52.199763575 AM",
="",8275,1.0,1960 탎,2462 MHz,11,-79 dBm,Wi-Fi 1 (802.11b),False,306,="",="2/4/2026 6:48:52.201839140 AM",
="",8276,1.0,1960 탎,2462 MHz,11,-79 dBm,Wi-Fi 1 (802.11b),False,306,="",="2/4/2026 6:48:52.203926920 AM",
="",8283,6.0,511 탎,2462 MHz,11,-79 dBm,Wi-Fi 3 (802.11g),False,446,="",="2/4/2026 6:48:52.233469810 AM",
="",8284,6.0,434 탎,2462 MHz,11,-78 dBm,Wi-Fi 3 (802.11g),False,388,="",="2/4/2026 6:48:52.234014540 AM",
="",8285,6.0,454 탎,2462 MHz,11,-78 dBm,Wi-Fi 3 (802.11g),False,403,="",="2/4/2026 6:48:52.234481710 AM",
="",8286,11.0,401 탎,2462 MHz,11,-85 dBm,Wi-Fi 1 (802.11b),True,373,="",="2/4/2026 6:48:52.240602345 AM",
="",8287,11.0,418 탎,2462 MHz,11,-85 dBm,Wi-Fi 1 (802.11b),True,396,="",="2/4/2026 6:48:52.241019610 AM",
="",8288,1.0,1024 탎,2462 MHz,11,-44 dBm,Wi-Fi 1 (802.11b),False,189,="",="2/4/2026 6:48:52.241533115 AM",
="",8289,1.0,2208 탎,2462 MHz,11,-76 dBm,Wi-Fi 1 (802.11b),False,337,="",="2/4/2026 6:48:52.265631030 AM",
="",8290,1.0,2008 탎,2462 MHz,11,-81 dBm,Wi-Fi 1 (802.11b),False,312,="",="2/4/2026 6:48:52.276955150 AM",
="",8291,11.0,358 탎,2462 MHz,11,-84 dBm,Wi-Fi 1 (802.11b),False,313,="",="2/4/2026 6:48:52.286949595 AM",
="",8292,11.0,415 탎,2462 MHz,11,-84 dBm,Wi-Fi 1 (802.11b),False,392,="",="2/4/2026 6:48:52.287323615 AM",
="",8293,11.0,443 탎,2462 MHz,11,-85 dBm,Wi-Fi 1 (802.11b),False,430,="",="2/4/2026 6:48:52.287754855 AM",
="",8294,6.0,338 탎,2462 MHz,11,-87 dBm,Wi-Fi 3 (802.11g),False,316,="",="2/4/2026 6:48:52.290891590 AM",
="",8296,1.0,2008 탎,2462 MHz,11,-79 dBm,Wi-Fi 1 (802.11b),False,312,="",="2/4/2026 6:48:52.316842725 AM",
="",8299,1.0,2208 탎,2462 MHz,11,-80 dBm,Wi-Fi 1 (802.11b),True,337,="",="2/4/2026 6:48:52.328128460 AM",
="",8303,6.0,511 탎,2462 MHz,11,-77 dBm,Wi-Fi 3 (802.11g),False,446,="",="2/4/2026 6:48:52.335863575 AM",
="",8304,6.0,434 탎,2462 MHz,11,-77 dBm,Wi-Fi 3 (802.11g),False,388,="",="2/4/2026 6:48:52.336409505 AM",
="",8305,6.0,454 탎,2462 MHz,11,-77 dBm,Wi-Fi 3 (802.11g),False,403,="",="2/4/2026 6:48:52.336853700 AM",
="",8309,6.0,425 탎,2462 MHz,11,-85 dBm,Wi-Fi 3 (802.11g),False,381,="",="2/4/2026 6:48:52.370822800 AM",
="",8310,1.0,2008 탎,2462 MHz,11,-81 dBm,Wi-Fi 1 (802.11b),False,312,="",="2/4/2026 6:48:52.379355835 AM",
="",8311,11.0,358 탎,2462 MHz,11,-84 dBm,Wi-Fi 1 (802.11b),False,313,="",="2/4/2026 6:48:52.389352520 AM",
="",8312,6.0,338 탎,2462 MHz,11,-87 dBm,Wi-Fi 3 (802.11g),False,316,="",="2/4/2026 6:48:52.393292395 AM",
="",8313,1.0,2208 탎,2462 MHz,11,-76 dBm,Wi-Fi 1 (802.11b),False,337,="",="2/4/2026 6:48:52.430555840 AM",
="",8314,11.0,415 탎,2462 MHz,11,-85 dBm,Wi-Fi 1 (802.11b),False,392,="",="2/4/2026 6:48:52.433524555 AM",
="",8315,6.0,511 탎,2462 MHz,11,-78 dBm,Wi-Fi 3 (802.11g),False,446,="",="2/4/2026 6:48:52.438247405 AM",
="",8316,6.0,434 탎,2462 MHz,11,-78 dBm,Wi-Fi 3 (802.11g),False,388,="",="2/4/2026 6:48:52.438773815 AM",
="",8317,6.0,454 탎,2462 MHz,11,-78 dBm,Wi-Fi 3 (802.11g),False,403,="",="2/4/2026 6:48:52.439234025 AM",
="",8319,6.0,599 탎,2462 MHz,11,-78 dBm,Wi-Fi 3 (802.11g),True,229,="",="2/4/2026 6:48:52.439687265 AM",
="",8322,1.0,2016 탎,2462 MHz,11,-86 dBm,Wi-Fi 1 (802.11b),False,313,="",="2/4/2026 6:48:52.443399660 AM",
="",8323,1.0,872 탎,2462 MHz,11,-82 dBm,Wi-Fi 1 (802.11b),False,170,="",="2/4/2026 6:48:52.465518130 AM",
="",8324,1.0,2208 탎,2462 MHz,11,-80 dBm,Wi-Fi 1 (802.11b),False,337,="",="2/4/2026 6:48:52.470431015 AM",
="",8325,6.0,425 탎,2462 MHz,11,-86 dBm,Wi-Fi 3 (802.11g),False,381,="",="2/4/2026 6:48:52.473170845 AM",
="",8326,1.0,2008 탎,2462 MHz,11,-70 dBm,Wi-Fi 1 (802.11b),False,312,="",="2/4/2026 6:48:52.481755935 AM",
="",8327,11.0,401 탎,2462 MHz,11,-77 dBm,Wi-Fi 1 (802.11b),False,373,="",="2/4/2026 6:48:52.486209735 AM",
="",8328,11.0,418 탎,2462 MHz,11,-76 dBm,Wi-Fi 1 (802.11b),False,396,="",="2/4/2026 6:48:52.486623080 AM",
="",8332,1.0,2208 탎,2462 MHz,11,-83 dBm,Wi-Fi 1 (802.11b),False,337,="",="2/4/2026 6:48:52.499543675 AM",
="",8333,1.0,2008 탎,2462 MHz,11,-75 dBm,Wi-Fi 1 (802.11b),False,312,="",="2/4/2026 6:48:52.521633550 AM",
="",8334,1.0,2208 탎,2462 MHz,11,-82 dBm,Wi-Fi 1 (802.11b),False,337,="",="2/4/2026 6:48:52.532963475 AM",
="",8335,6.0,511 탎,2462 MHz,11,-78 dBm,Wi-Fi 3 (802.11g),False,446,="",="2/4/2026 6:48:52.540657640 AM",
="",8336,6.0,434 탎,2462 MHz,11,-77 dBm,Wi-Fi 3 (802.11g),False,388,="",="2/4/2026 6:48:52.541202810 AM",
="",8337,6.0,454 탎,2462 MHz,11,-77 dBm,Wi-Fi 3 (802.11g),False,403,="",="2/4/2026 6:48:52.541659820 AM",
="",8341,1.0,2016 탎,2462 MHz,11,-85 dBm,Wi-Fi 1 (802.11b),False,313,="",="2/4/2026 6:48:52.545799320 AM",
="",8342,1.0,1184 탎,2462 MHz,11,-82 dBm,Wi-Fi 1 (802.11b),False,209,="",="2/4/2026 6:48:52.556268340 AM",
="",8343,1.0,2208 탎,2462 MHz,11,-76 dBm,Wi-Fi 1 (802.11b),False,337,="",="2/4/2026 6:48:52.572833555 AM",
="",8344,6.0,425 탎,2462 MHz,11,-85 dBm,Wi-Fi 3 (802.11g),False,381,="",="2/4/2026 6:48:52.575580505 AM",
="",8345,1.0,2008 탎,2462 MHz,11,-74 dBm,Wi-Fi 1 (802.11b),False,312,="",="2/4/2026 6:48:52.584155675 AM",
="",8346,1.0,2016 탎,2462 MHz,11,-74 dBm,Wi-Fi 1 (802.11b),False,313,="",="2/4/2026 6:48:52.586575510 AM",
="",8347,11.0,401 탎,2462 MHz,11,-75 dBm,Wi-Fi 1 (802.11b),False,373,="",="2/4/2026 6:48:52.588607875 AM",
="",8348,11.0,418 탎,2462 MHz,11,-74 dBm,Wi-Fi 1 (802.11b),False,396,="",="2/4/2026 6:48:52.589021580 AM",
="",8349,11.0,358 탎,2462 MHz,11,-84 dBm,Wi-Fi 1 (802.11b),False,313,="",="2/4/2026 6:48:52.594151400 AM",
="",8350,11.0,415 탎,2462 MHz,11,-84 dBm,Wi-Fi 1 (802.11b),False,392,="",="2/4/2026 6:48:52.594525420 AM",
="",8351,11.0,443 탎,2462 MHz,11,-84 dBm,Wi-Fi 1 (802.11b),False,430,="",="2/4/2026 6:48:52.594956660 AM",
="",8353,1.0,2208 탎,2462 MHz,11,-80 dBm,Wi-Fi 1 (802.11b),False,337,="",="2/4/2026 6:48:52.601943775 AM",
="",8356,6.0,655 탎,2462 MHz,11,-74 dBm,Wi-Fi 3 (802.11g),False,554,="",="2/4/2026 6:48:52.612209150 AM",
="",8361,6.0,655 탎,2462 MHz,11,-77 dBm,Wi-Fi 3 (802.11g),False,554,="",="2/4/2026 6:48:52.633184020 AM",
="",8362,1.0,2208 탎,2462 MHz,11,-73 dBm,Wi-Fi 1 (802.11b),False,337,="",="2/4/2026 6:48:52.635357560 AM",
="",8363,11.0,439 탎,2462 MHz,11,-88 dBm,Wi-Fi 1 (802.11b),True,425,="",="2/4/2026 6:48:52.637659950 AM",
="",8366,6.0,511 탎,2462 MHz,11,-74 dBm,Wi-Fi 3 (802.11g),False,446,="",="2/4/2026 6:48:52.643067500 AM",
="",8368,6.0,434 탎,2462 MHz,11,-75 dBm,Wi-Fi 3 (802.11g),False,388,="",="2/4/2026 6:48:52.643596910 AM",
="",8369,6.0,454 탎,2462 MHz,11,-74 dBm,Wi-Fi 3 (802.11g),False,403,="",="2/4/2026 6:48:52.644062025 AM",
="",8370,6.0,599 탎,2462 MHz,11,-75 dBm,Wi-Fi 3 (802.11g),False,229,="",="2/4/2026 6:48:52.644516525 AM",
="",8371,6.0,626 탎,2462 MHz,11,-75 dBm,Wi-Fi 3 (802.11g),False,229,="",="2/4/2026 6:48:52.645125805 AM",
="",8372,6.0,627 탎,2462 MHz,11,-75 dBm,Wi-Fi 3 (802.11g),False,229,="",="2/4/2026 6:48:52.645779995 AM",
="",8373,6.0,654 탎,2462 MHz,11,-75 dBm,Wi-Fi 3 (802.11g),False,229,="",="2/4/2026 6:48:52.646435095 AM",
="",8374,11.0,401 탎,2462 MHz,11,-86 dBm,Wi-Fi 1 (802.11b),True,373,="",="2/4/2026 6:48:52.650203035 AM",
="",8375,1.0,2008 탎,2462 MHz,11,-78 dBm,Wi-Fi 1 (802.11b),False,312,="",="2/4/2026 6:48:52.653146215 AM",
="",8376,1.0,4816 탎,2462 MHz,11,-87 dBm,Wi-Fi 1 (802.11b),False,663,="",="2/4/2026 6:48:52.661958570 AM",
="",8378,1.0,2208 탎,2462 MHz,11,-78 dBm,Wi-Fi 1 (802.11b),False,337,="",="2/4/2026 6:48:52.675230960 AM",
="",8379,1.0,2008 탎,2462 MHz,11,-77 dBm,Wi-Fi 1 (802.11b),False,312,="",="2/4/2026 6:48:52.686558960 AM",
="",8380,1.0,2016 탎,2462 MHz,11,-74 dBm,Wi-Fi 1 (802.11b),False,313,="",="2/4/2026 6:48:52.688978915 AM",
="",8381,11.0,401 탎,2462 MHz,11,-75 dBm,Wi-Fi 1 (802.11b),False,373,="",="2/4/2026 6:48:52.691011280 AM",
="",8382,11.0,418 탎,2462 MHz,11,-74 dBm,Wi-Fi 1 (802.11b),False,396,="",="2/4/2026 6:48:52.691438625 AM",
="",8383,11.0,358 탎,2462 MHz,11,-84 dBm,Wi-Fi 1 (802.11b),False,313,="",="2/4/2026 6:48:52.696551605 AM",
="",8384,11.0,415 탎,2462 MHz,11,-83 dBm,Wi-Fi 1 (802.11b),False,392,="",="2/4/2026 6:48:52.696925290 AM",
="",8385,11.0,443 탎,2462 MHz,11,-84 dBm,Wi-Fi 1 (802.11b),False,430,="",="2/4/2026 6:48:52.697356985 AM",
="",8387,6.0,338 탎,2462 MHz,11,-88 dBm,Wi-Fi 3 (802.11g),False,316,="",="2/4/2026 6:48:52.700495000 AM",
="",8388,1.0,2208 탎,2462 MHz,11,-78 dBm,Wi-Fi 1 (802.11b),False,337,="",="2/4/2026 6:48:52.704346940 AM",
="",8391,1.0,2008 탎,2462 MHz,11,-77 dBm,Wi-Fi 1 (802.11b),False,312,="",="2/4/2026 6:48:52.726460735 AM",
="",8392,1.0,2208 탎,2462 MHz,11,-72 dBm,Wi-Fi 1 (802.11b),False,337,="",="2/4/2026 6:48:52.737763645 AM",
="",8393,6.0,511 탎,2462 MHz,11,-74 dBm,Wi-Fi 3 (802.11g),False,446,="",="2/4/2026 6:48:52.745460890 AM",
="",8399,11.0,401 탎,2462 MHz,11,-84 dBm,Wi-Fi 1 (802.11b),True,373,="",="2/4/2026 6:48:52.752603840 AM",
="",8403,1.0,2208 탎,2462 MHz,11,-79 dBm,Wi-Fi 1 (802.11b),False,337,="",="2/4/2026 6:48:52.777631045 AM",
="",8404,6.0,425 탎,2462 MHz,11,-81 dBm,Wi-Fi 3 (802.11g),False,381,="",="2/4/2026 6:48:52.780491280 AM",
="",8405,1.0,2008 탎,2462 MHz,11,-74 dBm,Wi-Fi 1 (802.11b),False,312,="",="2/4/2026 6:48:52.788958830 AM",
="",8406,1.0,2016 탎,2462 MHz,11,-77 dBm,Wi-Fi 1 (802.11b),False,313,="",="2/4/2026 6:48:52.791379400 AM",
="",8407,11.0,401 탎,2462 MHz,11,-78 dBm,Wi-Fi 1 (802.11b),False,373,="",="2/4/2026 6:48:52.793409445 AM",
="",8408,11.0,418 탎,2462 MHz,11,-77 dBm,Wi-Fi 1 (802.11b),False,396,="",="2/4/2026 6:48:52.793824895 AM",
="",8409,11.0,358 탎,2462 MHz,11,-85 dBm,Wi-Fi 1 (802.11b),False,313,="",="2/4/2026 6:48:52.798952090 AM",
="",8410,11.0,415 탎,2462 MHz,11,-85 dBm,Wi-Fi 1 (802.11b),False,392,="",="2/4/2026 6:48:52.799325695 AM",
="",8411,11.0,443 탎,2462 MHz,11,-86 dBm,Wi-Fi 1 (802.11b),False,430,="",="2/4/2026 6:48:52.799757455 AM",
="",8412,6.0,338 탎,2462 MHz,11,-87 dBm,Wi-Fi 3 (802.11g),False,316,="",="2/4/2026 6:48:52.802896725 AM",
="",8413,1.0,2208 탎,2462 MHz,11,-76 dBm,Wi-Fi 1 (802.11b),False,337,="",="2/4/2026 6:48:52.806744225 AM",
="",8414,1.0,2208 탎,2462 MHz,11,-79 dBm,Wi-Fi 1 (802.11b),False,337,="",="2/4/2026 6:48:52.840156330 AM",
="",8415,11.0,439 탎,2462 MHz,11,-88 dBm,Wi-Fi 1 (802.11b),True,425,="",="2/4/2026 6:48:52.843163220 AM",
="",8416,6.0,511 탎,2462 MHz,11,-77 dBm,Wi-Fi 3 (802.11g),False,446,="",="2/4/2026 6:48:52.847852175 AM",
="",8417,6.0,434 탎,2462 MHz,11,-77 dBm,Wi-Fi 3 (802.11g),False,388,="",="2/4/2026 6:48:52.848405680 AM",
="",8418,6.0,454 탎,2462 MHz,11,-77 dBm,Wi-Fi 3 (802.11g),False,403,="",="2/4/2026 6:48:52.848883890 AM",
="",8420,1.0,2016 탎,2462 MHz,11,-83 dBm,Wi-Fi 1 (802.11b),True,313,="",="2/4/2026 6:48:52.852977040 AM",
="",8423,11.0,401 탎,2462 MHz,11,-84 dBm,Wi-Fi 1 (802.11b),True,373,="",="2/4/2026 6:48:52.855003685 AM",
="",8424,1.0,2008 탎,2462 MHz,11,-79 dBm,Wi-Fi 1 (802.11b),False,312,="",="2/4/2026 6:48:52.857946305 AM",
="",8425,1.0,2208 탎,2462 MHz,11,-79 dBm,Wi-Fi 1 (802.11b),False,337,="",="2/4/2026 6:48:52.880031690 AM",
="",8426,6.0,425 탎,2462 MHz,11,-87 dBm,Wi-Fi 3 (802.11g),False,381,="",="2/4/2026 6:48:52.882844590 AM",
="",8430,1.0,2008 탎,2462 MHz,11,-75 dBm,Wi-Fi 1 (802.11b),False,312,="",="2/4/2026 6:48:52.891356050 AM",
="",8431,1.0,2016 탎,2462 MHz,11,-77 dBm,Wi-Fi 1 (802.11b),False,313,="",="2/4/2026 6:48:52.893777620 AM",
="",8432,11.0,401 탎,2462 MHz,11,-77 dBm,Wi-Fi 1 (802.11b),False,373,="",="2/4/2026 6:48:52.895813065 AM",
="",8433,11.0,418 탎,2462 MHz,11,-77 dBm,Wi-Fi 1 (802.11b),False,396,="",="2/4/2026 6:48:52.896225275 AM",
="",8437,11.0,415 탎,2462 MHz,11,-87 dBm,Wi-Fi 1 (802.11b),False,392,="",="2/4/2026 6:48:52.903294350 AM",
="",8438,11.0,443 탎,2462 MHz,11,-86 dBm,Wi-Fi 1 (802.11b),False,430,="",="2/4/2026 6:48:52.903725910 AM",
="",8439,6.0,338 탎,2462 MHz,11,-86 dBm,Wi-Fi 3 (802.11g),False,316,="",="2/4/2026 6:48:52.905494420 AM",
="",8440,1.0,2208 탎,2462 MHz,11,-80 dBm,Wi-Fi 1 (802.11b),False,337,="",="2/4/2026 6:48:52.909144150 AM",
="",8441,1.0,2008 탎,2462 MHz,11,-80 dBm,Wi-Fi 1 (802.11b),False,312,="",="2/4/2026 6:48:52.931233505 AM",
="",8442,1.0,2208 탎,2462 MHz,11,-76 dBm,Wi-Fi 1 (802.11b),False,337,="",="2/4/2026 6:48:52.944492270 AM",
="",8443,6.0,511 탎,2462 MHz,11,-78 dBm,Wi-Fi 3 (802.11g),False,446,="",="2/4/2026 6:48:52.950253075 AM",
="",8444,6.0,434 탎,2462 MHz,11,-77 dBm,Wi-Fi 3 (802.11g),False,388,="",="2/4/2026 6:48:52.950806460 AM",
="",8445,6.0,454 탎,2462 MHz,11,-78 dBm,Wi-Fi 3 (802.11g),False,403,="",="2/4/2026 6:48:52.951302725 AM",
="",8446,6.0,242 탎,2462 MHz,11,-77 dBm,Wi-Fi 3 (802.11g),True,229,="",="2/4/2026 6:48:52.951757225 AM",
="",8447,1.0,952 탎,2462 MHz,11,-85 dBm,Wi-Fi 1 (802.11b),False,180,="",="2/4/2026 6:48:52.952909625 AM",
="",8448,1.0,952 탎,2462 MHz,11,-75 dBm,Wi-Fi 1 (802.11b),False,180,="",="2/4/2026 6:48:52.953871965 AM",
="",8452,1.0,2208 탎,2462 MHz,11,-79 dBm,Wi-Fi 1 (802.11b),False,337,="",="2/4/2026 6:48:52.982453540 AM",
="",8453,6.0,425 탎,2462 MHz,11,-85 dBm,Wi-Fi 3 (802.11g),False,381,="",="2/4/2026 6:48:52.985197915 AM",
="",8454,1.0,2008 탎,2462 MHz,11,-79 dBm,Wi-Fi 1 (802.11b),False,312,="",="2/4/2026 6:48:52.993757085 AM",
="",8455,1.0,2016 탎,2462 MHz,11,-82 dBm,Wi-Fi 1 (802.11b),False,313,="",="2/4/2026 6:48:52.996178120 AM",
="",8456,11.0,401 탎,2462 MHz,11,-84 dBm,Wi-Fi 1 (802.11b),False,373,="",="2/4/2026 6:48:52.998210685 AM",
="",8457,11.0,418 탎,2462 MHz,11,-83 dBm,Wi-Fi 1 (802.11b),False,396,="",="2/4/2026 6:48:52.998628950 AM",
="",8458,6.0,338 탎,2462 MHz,11,-86 dBm,Wi-Fi 3 (802.11g),False,316,="",="2/4/2026 6:48:53.010721070 AM",
="",8459,1.0,2208 탎,2462 MHz,11,-80 dBm,Wi-Fi 1 (802.11b),False,337,="",="2/4/2026 6:48:53.011544625 AM",
="",8460,1.0,2008 탎,2462 MHz,11,-80 dBm,Wi-Fi 1 (802.11b),False,312,="",="2/4/2026 6:48:53.033631165 AM",
="",8465,6.0,511 탎,2462 MHz,11,-75 dBm,Wi-Fi 3 (802.11g),False,446,="",="2/4/2026 6:48:53.052673270 AM",
="",8466,6.0,434 탎,2462 MHz,11,-75 dBm,Wi-Fi 3 (802.11g),False,388,="",="2/4/2026 6:48:53.053209480 AM",
="",8467,6.0,454 탎,2462 MHz,11,-76 dBm,Wi-Fi 3 (802.11g),False,403,="",="2/4/2026 6:48:53.053681330 AM",
="",8468,6.0,1570 탎,2462 MHz,11,-74 dBm,Wi-Fi 3 (802.11g),False,229,="",="2/4/2026 6:48:53.054135830 AM",
="",8469,6.0,1597 탎,2462 MHz,11,-75 dBm,Wi-Fi 3 (802.11g),False,229,="",="2/4/2026 6:48:53.055731200 AM",
="",8470,1.0,2016 탎,2462 MHz,11,-81 dBm,Wi-Fi 1 (802.11b),False,313,="",="2/4/2026 6:48:53.057801495 AM",
="",8471,11.0,401 탎,2462 MHz,11,-82 dBm,Wi-Fi 1 (802.11b),False,373,="",="2/4/2026 6:48:53.059833540 AM",
="",8472,11.0,418 탎,2462 MHz,11,-83 dBm,Wi-Fi 1 (802.11b),False,396,="",="2/4/2026 6:48:53.060248685 AM",
="",8479,6.0,425 탎,2462 MHz,11,-83 dBm,Wi-Fi 3 (802.11g),False,381,="",="2/4/2026 6:48:53.087650630 AM",
="",8480,1.0,2008 탎,2462 MHz,11,-72 dBm,Wi-Fi 1 (802.11b),False,312,="",="2/4/2026 6:48:53.096342605 AM",
="",8481,1.0,2016 탎,2462 MHz,11,-80 dBm,Wi-Fi 1 (802.11b),False,313,="",="2/4/2026 6:48:53.098578780 AM",
="",8482,11.0,401 탎,2462 MHz,11,-79 dBm,Wi-Fi 1 (802.11b),False,373,="",="2/4/2026 6:48:53.100614545 AM",
="",8483,11.0,418 탎,2462 MHz,11,-79 dBm,Wi-Fi 1 (802.11b),False,396,="",="2/4/2026 6:48:53.101026715 AM",
="",8484,6.0,338 탎,2462 MHz,11,-87 dBm,Wi-Fi 3 (802.11g),False,316,="",="2/4/2026 6:48:53.110101730 AM",
="",8485,1.0,2208 탎,2462 MHz,11,-80 dBm,Wi-Fi 1 (802.11b),False,337,="",="2/4/2026 6:48:53.113944190 AM",
="",8486,1.0,2008 탎,2462 MHz,11,-80 dBm,Wi-Fi 1 (802.11b),False,312,="",="2/4/2026 6:48:53.136071745 AM",
="",8487,11.0,358 탎,2462 MHz,11,-90 dBm,Wi-Fi 1 (802.11b),True,313,="",="2/4/2026 6:48:53.149564145 AM",
="",8488,6.0,511 탎,2462 MHz,11,-75 dBm,Wi-Fi 3 (802.11g),False,446,="",="2/4/2026 6:48:53.155078915 AM",
="",8489,6.0,434 탎,2462 MHz,11,-75 dBm,Wi-Fi 3 (802.11g),False,388,="",="2/4/2026 6:48:53.155635725 AM",
="",8490,6.0,454 탎,2462 MHz,11,-75 dBm,Wi-Fi 3 (802.11g),False,403,="",="2/4/2026 6:48:53.156096175 AM",
="",8491,1.0,2016 탎,2462 MHz,11,-80 dBm,Wi-Fi 1 (802.11b),False,313,="",="2/4/2026 6:48:53.160201500 AM",
="",8495,1.0,952 탎,2462 MHz,11,-70 dBm,Wi-Fi 1 (802.11b),False,180,="",="2/4/2026 6:48:53.167232785 AM",
="",8496,1.0,952 탎,2462 MHz,11,-71 dBm,Wi-Fi 1 (802.11b),False,180,="",="2/4/2026 6:48:53.168195925 AM",
="",8497,1.0,952 탎,2462 MHz,11,-71 dBm,Wi-Fi 1 (802.11b),False,180,="",="2/4/2026 6:48:53.169161145 AM",
="",8499,1.0,952 탎,2462 MHz,11,-71 dBm,Wi-Fi 1 (802.11b),False,180,="",="2/4/2026 6:48:53.170889800 AM",
="",8501,1.0,952 탎,2462 MHz,11,-73 dBm,Wi-Fi 1 (802.11b),False,180,="",="2/4/2026 6:48:53.171875835 AM",
="",8503,1.0,952 탎,2462 MHz,11,-73 dBm,Wi-Fi 1 (802.11b),False,180,="",="2/4/2026 6:48:53.172828335 AM",
="",8507,1.0,2208 탎,2462 MHz,11,-78 dBm,Wi-Fi 1 (802.11b),False,337,="",="2/4/2026 6:48:53.187240550 AM",
="",8508,6.0,425 탎,2462 MHz,11,-82 dBm,Wi-Fi 3 (802.11g),False,381,="",="2/4/2026 6:48:53.189983125 AM",
="",8510,1.0,2016 탎,2462 MHz,11,-76 dBm,Wi-Fi 1 (802.11b),False,313,="",="2/4/2026 6:48:53.201002345 AM",
="",8511,11.0,401 탎,2462 MHz,11,-76 dBm,Wi-Fi 1 (802.11b),False,373,="",="2/4/2026 6:48:53.203018845 AM",
="",8512,11.0,418 탎,2462 MHz,11,-75 dBm,Wi-Fi 1 (802.11b),False,396,="",="2/4/2026 6:48:53.203430240 AM",
="",8513,11.0,415 탎,2462 MHz,11,-86 dBm,Wi-Fi 1 (802.11b),False,392,="",="2/4/2026 6:48:53.210915335 AM",
="",8514,6.0,338 탎,2462 MHz,11,-85 dBm,Wi-Fi 3 (802.11g),False,316,="",="2/4/2026 6:48:53.212623355 AM",
="",8515,1.0,2208 탎,2462 MHz,11,-78 dBm,Wi-Fi 1 (802.11b),False,337,="",="2/4/2026 6:48:53.216346995 AM",
="",8516,24.0,73 탎,2462 MHz,11,-79 dBm,Wi-Fi 3 (802.11g),False,213,="",="2/4/2026 6:48:53.218727150 AM",
="",8517,24.0,73 탎,2462 MHz,11,-79 dBm,Wi-Fi 3 (802.11g),False,213,="",="2/4/2026 6:48:53.218916440 AM",
="",8518,24.0,73 탎,2462 MHz,11,-79 dBm,Wi-Fi 3 (802.11g),False,213,="",="2/4/2026 6:48:53.219061420 AM",
="",8519,24.0,73 탎,2462 MHz,11,-79 dBm,Wi-Fi 3 (802.11g),False,213,="",="2/4/2026 6:48:53.219370635 AM",
="",8520,24.0,73 탎,2462 MHz,11,-79 dBm,Wi-Fi 3 (802.11g),False,213,="",="2/4/2026 6:48:53.219559590 AM",
="",8521,24.0,73 탎,2462 MHz,11,-79 dBm,Wi-Fi 3 (802.11g),False,213,="",="2/4/2026 6:48:53.219721185 AM",
="",8522,24.0,73 탎,2462 MHz,11,-79 dBm,Wi-Fi 3 (802.11g),False,213,="",="2/4/2026 6:48:53.220284265 AM",
="",8523,24.0,73 탎,2462 MHz,11,-79 dBm,Wi-Fi 3 (802.11g),False,213,="",="2/4/2026 6:48:53.220482355 AM",
="",8524,12.0,115 탎,2462 MHz,11,-80 dBm,Wi-Fi 3 (802.11g),False,213,="",="2/4/2026 6:48:53.222647955 AM",
="",8525,12.0,115 탎,2462 MHz,11,-79 dBm,Wi-Fi 3 (802.11g),False,213,="",="2/4/2026 6:48:53.224954545 AM",
="",8526,28.9,74 탎,2462 MHz,11,-80 dBm,Wi-Fi 4 (802.11n),False,228,="",="2/4/2026 6:48:53.226579890 AM",
="",8527,1.0,2008 탎,2462 MHz,11,-79 dBm,Wi-Fi 1 (802.11b),False,312,="",="2/4/2026 6:48:53.238470765 AM",
="",8528,1.0,2208 탎,2462 MHz,11,-75 dBm,Wi-Fi 1 (802.11b),False,337,="",="2/4/2026 6:48:53.249757275 AM",
="",8529,11.0,415 탎,2462 MHz,11,-87 dBm,Wi-Fi 1 (802.11b),False,392,="",="2/4/2026 6:48:53.252364065 AM",
="",8530,6.0,511 탎,2462 MHz,11,-75 dBm,Wi-Fi 3 (802.11g),False,446,="",="2/4/2026 6:48:53.257457480 AM",
="",8531,6.0,434 탎,2462 MHz,11,-76 dBm,Wi-Fi 3 (802.11g),False,388,="",="2/4/2026 6:48:53.258002265 AM",
="",8532,6.0,454 탎,2462 MHz,11,-76 dBm,Wi-Fi 3 (802.11g),False,403,="",="2/4/2026 6:48:53.258480475 AM",
="",8533,1.0,2016 탎,2462 MHz,11,-82 dBm,Wi-Fi 1 (802.11b),False,313,="",="2/4/2026 6:48:53.262601400 AM",
="",8534,11.0,401 탎,2462 MHz,11,-82 dBm,Wi-Fi 1 (802.11b),True,373,="",="2/4/2026 6:48:53.264617900 AM",
="",8535,11.0,418 탎,2462 MHz,11,-83 dBm,Wi-Fi 1 (802.11b),True,396,="",="2/4/2026 6:48:53.265019855 AM",
="",8539,11.0,431 탎,2462 MHz,11,-89 dBm,Wi-Fi 1 (802.11b),True,414,="",="2/4/2026 6:48:53.280524080 AM",
="",8540,1.0,2208 탎,2462 MHz,11,-79 dBm,Wi-Fi 1 (802.11b),False,337,="",="2/4/2026 6:48:53.289634770 AM",
="",8541,6.0,425 탎,2462 MHz,11,-82 dBm,Wi-Fi 3 (802.11g),False,381,="",="2/4/2026 6:48:53.292453215 AM",
="",8542,1.0,2008 탎,2462 MHz,11,-74 dBm,Wi-Fi 1 (802.11b),False,312,="",="2/4/2026 6:48:53.300959475 AM",
="",8543,1.0,2016 탎,2462 MHz,11,-82 dBm,Wi-Fi 1 (802.11b),False,313,="",="2/4/2026 6:48:53.303394685 AM",
="",8544,11.0,401 탎,2462 MHz,11,-84 dBm,Wi-Fi 1 (802.11b),False,373,="",="2/4/2026 6:48:53.305412330 AM",
="",8545,11.0,418 탎,2462 MHz,11,-84 dBm,Wi-Fi 1 (802.11b),False,396,="",="2/4/2026 6:48:53.305827780 AM",
="",8549,6.0,338 탎,2462 MHz,11,-84 dBm,Wi-Fi 3 (802.11g),False,316,="",="2/4/2026 6:48:53.314908810 AM",
="",8550,1.0,2208 탎,2462 MHz,11,-76 dBm,Wi-Fi 1 (802.11b),False,337,="",="2/4/2026 6:48:53.318758510 AM",
="",8551,1.0,2008 탎,2462 MHz,11,-78 dBm,Wi-Fi 1 (802.11b),False,312,="",="2/4/2026 6:48:53.340834730 AM",
="",8552,1.0,2096 탎,2462 MHz,11,-89 dBm,Wi-Fi 1 (802.11b),False,323,="",="2/4/2026 6:48:53.344214590 AM",
="",8553,1.0,2208 탎,2462 MHz,11,-76 dBm,Wi-Fi 1 (802.11b),False,337,="",="2/4/2026 6:48:53.352157295 AM",
="",8554,11.0,439 탎,2462 MHz,11,-89 dBm,Wi-Fi 1 (802.11b),True,425,="",="2/4/2026 6:48:53.355163865 AM",
="",8555,6.0,511 탎,2462 MHz,11,-77 dBm,Wi-Fi 3 (802.11g),False,446,="",="2/4/2026 6:48:53.359900395 AM",
="",8556,6.0,434 탎,2462 MHz,11,-77 dBm,Wi-Fi 3 (802.11g),False,388,="",="2/4/2026 6:48:53.360412725 AM",
="",8557,6.0,454 탎,2462 MHz,11,-77 dBm,Wi-Fi 3 (802.11g),False,403,="",="2/4/2026 6:48:53.360888615 AM",
="",8558,1.0,2016 탎,2462 MHz,11,-82 dBm,Wi-Fi 1 (802.11b),False,313,="",="2/4/2026 6:48:53.365002060 AM",
="",8559,11.0,401 탎,2462 MHz,11,-83 dBm,Wi-Fi 1 (802.11b),True,373,="",="2/4/2026 6:48:53.367018560 AM",
="",8560,1.0,2008 탎,2462 MHz,11,-77 dBm,Wi-Fi 1 (802.11b),False,312,="",="2/4/2026 6:48:53.369944310 AM",
="",8564,1.0,2208 탎,2462 MHz,11,-78 dBm,Wi-Fi 1 (802.11b),False,337,="",="2/4/2026 6:48:53.392032230 AM",
="",8565,6.0,425 탎,2462 MHz,11,-84 dBm,Wi-Fi 3 (802.11g),False,381,="",="2/4/2026 6:48:53.394776845 AM",
="",8566,1.0,2008 탎,2462 MHz,11,-78 dBm,Wi-Fi 1 (802.11b),False,312,="",="2/4/2026 6:48:53.403357535 AM",
="",8567,1.0,2016 탎,2462 MHz,11,-79 dBm,Wi-Fi 1 (802.11b),False,313,="",="2/4/2026 6:48:53.405780385 AM",
="",8568,11.0,401 탎,2462 MHz,11,-80 dBm,Wi-Fi 1 (802.11b),False,373,="",="2/4/2026 6:48:53.407813190 AM",
="",8569,11.0,418 탎,2462 MHz,11,-79 dBm,Wi-Fi 1 (802.11b),False,396,="",="2/4/2026 6:48:53.408228240 AM",
="",8570,6.0,434 탎,2462 MHz,11,-88 dBm,Wi-Fi 3 (802.11g),True,388,="",="2/4/2026 6:48:53.410390090 AM",
="",8571,11.0,415 탎,2462 MHz,11,-88 dBm,Wi-Fi 1 (802.11b),True,392,="",="2/4/2026 6:48:53.413699905 AM",
="",8572,11.0,443 탎,2462 MHz,11,-89 dBm,Wi-Fi 1 (802.11b),False,430,="",="2/4/2026 6:48:53.414164080 AM",
="",8573,6.0,338 탎,2462 MHz,11,-85 dBm,Wi-Fi 3 (802.11g),False,316,="",="2/4/2026 6:48:53.417306790 AM",
="",8574,1.0,2208 탎,2462 MHz,11,-77 dBm,Wi-Fi 1 (802.11b),False,337,="",="2/4/2026 6:48:53.421145210 AM",
="",8577,1.0,2008 탎,2462 MHz,11,-79 dBm,Wi-Fi 1 (802.11b),True,312,="",="2/4/2026 6:48:53.443246550 AM",
="",8581,1.0,2208 탎,2462 MHz,11,-76 dBm,Wi-Fi 1 (802.11b),False,337,="",="2/4/2026 6:48:53.454557915 AM",
="",8583,1.0,1152 탎,2462 MHz,11,-75 dBm,Wi-Fi 1 (802.11b),False,205,="",="2/4/2026 6:48:53.457485750 AM",
="",8584,6.0,511 탎,2462 MHz,11,-77 dBm,Wi-Fi 3 (802.11g),False,446,="",="2/4/2026 6:48:53.462267760 AM",
="",8585,6.0,434 탎,2462 MHz,11,-77 dBm,Wi-Fi 3 (802.11g),False,388,="",="2/4/2026 6:48:53.462803450 AM",
="",8586,6.0,454 탎,2462 MHz,11,-77 dBm,Wi-Fi 3 (802.11g),False,403,="",="2/4/2026 6:48:53.463274435 AM",
="",8590,11.0,401 탎,2462 MHz,11,-80 dBm,Wi-Fi 1 (802.11b),False,373,="",="2/4/2026 6:48:53.469437325 AM",
="",8591,11.0,418 탎,2462 MHz,11,-81 dBm,Wi-Fi 1 (802.11b),False,396,="",="2/4/2026 6:48:53.469853135 AM",
="",8592,1.0,2008 탎,2462 MHz,11,-77 dBm,Wi-Fi 1 (802.11b),False,312,="",="2/4/2026 6:48:53.472345035 AM",
="",8597,1.0,2208 탎,2462 MHz,11,-79 dBm,Wi-Fi 1 (802.11b),False,337,="",="2/4/2026 6:48:53.494435555 AM",
="",8598,6.0,425 탎,2462 MHz,11,-84 dBm,Wi-Fi 3 (802.11g),False,381,="",="2/4/2026 6:48:53.497201825 AM",
="",8600,1.0,2008 탎,2462 MHz,11,-79 dBm,Wi-Fi 1 (802.11b),False,312,="",="2/4/2026 6:48:53.505757460 AM",
="",8601,1.0,2016 탎,2462 MHz,11,-76 dBm,Wi-Fi 1 (802.11b),False,313,="",="2/4/2026 6:48:53.508202165 AM",
="",8602,11.0,401 탎,2462 MHz,11,-76 dBm,Wi-Fi 1 (802.11b),False,373,="",="2/4/2026 6:48:53.510218665 AM",
="",8603,11.0,418 탎,2462 MHz,11,-75 dBm,Wi-Fi 1 (802.11b),False,396,="",="2/4/2026 6:48:53.510629420 AM",
="",8604,11.0,443 탎,2462 MHz,11,-87 dBm,Wi-Fi 1 (802.11b),True,229,="",="2/4/2026 6:48:53.516529765 AM",
="",8605,6.0,338 탎,2462 MHz,11,-86 dBm,Wi-Fi 3 (802.11g),False,316,="",="2/4/2026 6:48:53.519709555 AM",
="",8607,1.0,2208 탎,2462 MHz,11,-74 dBm,Wi-Fi 1 (802.11b),False,337,="",="2/4/2026 6:48:53.523547775 AM",
="",8611,6.0,342 탎,2462 MHz,11,-85 dBm,Wi-Fi 3 (802.11g),True,319,="",="2/4/2026 6:48:53.545286045 AM",
="",8612,1.0,1184 탎,2462 MHz,11,-74 dBm,Wi-Fi 1 (802.11b),False,209,="",="2/4/2026 6:48:53.555967090 AM",
="",8614,6.0,511 탎,2462 MHz,11,-77 dBm,Wi-Fi 3 (802.11g),False,446,="",="2/4/2026 6:48:53.564662885 AM",
="",8615,6.0,434 탎,2462 MHz,11,-77 dBm,Wi-Fi 3 (802.11g),False,388,="",="2/4/2026 6:48:53.565186815 AM",
="",8616,6.0,454 탎,2462 MHz,11,-76 dBm,Wi-Fi 3 (802.11g),False,403,="",="2/4/2026 6:48:53.565641050 AM",
="",8617,1.0,2016 탎,2462 MHz,11,-79 dBm,Wi-Fi 1 (802.11b),False,313,="",="2/4/2026 6:48:53.569802725 AM",
="",8619,11.0,418 탎,2462 MHz,11,-80 dBm,Wi-Fi 1 (802.11b),False,396,="",="2/4/2026 6:48:53.572253460 AM",
="",8620,1.0,2008 탎,2462 MHz,11,-75 dBm,Wi-Fi 1 (802.11b),False,312,="",="2/4/2026 6:48:53.574745040 AM",
="",8629,1.0,2208 탎,2462 MHz,11,-80 dBm,Wi-Fi 1 (802.11b),False,337,="",="2/4/2026 6:48:53.596835040 AM",
="",8631,1.0,2016 탎,2462 MHz,11,-78 dBm,Wi-Fi 1 (802.11b),False,313,="",="2/4/2026 6:48:53.610581675 AM",
="",8632,11.0,401 탎,2462 MHz,11,-78 dBm,Wi-Fi 1 (802.11b),False,373,="",="2/4/2026 6:48:53.612614080 AM",
="",8633,11.0,418 탎,2462 MHz,11,-78 dBm,Wi-Fi 1 (802.11b),False,396,="",="2/4/2026 6:48:53.613029450 AM",
="",8634,11.0,394 탎,2462 MHz,11,-87 dBm,Wi-Fi 1 (802.11b),True,229,="",="2/4/2026 6:48:53.619465650 AM",
="",8635,6.0,338 탎,2462 MHz,11,-85 dBm,Wi-Fi 3 (802.11g),False,316,="",="2/4/2026 6:48:53.622111600 AM",
="",8636,1.0,2208 탎,2462 MHz,11,-75 dBm,Wi-Fi 1 (802.11b),False,337,="",="2/4/2026 6:48:53.625945005 AM",
="",8637,1.0,2208 탎,2462 MHz,11,-76 dBm,Wi-Fi 1 (802.11b),False,337,="",="2/4/2026 6:48:53.659358150 AM",
="",8638,6.0,511 탎,2462 MHz,11,-77 dBm,Wi-Fi 3 (802.11g),False,446,="",="2/4/2026 6:48:53.667064250 AM",
="",8639,6.0,434 탎,2462 MHz,11,-77 dBm,Wi-Fi 3 (802.11g),False,388,="",="2/4/2026 6:48:53.667626420 AM",
="",8640,6.0,454 탎,2462 MHz,11,-77 dBm,Wi-Fi 3 (802.11g),False,403,="",="2/4/2026 6:48:53.668060920 AM",
="",8641,11.0,418 탎,2462 MHz,11,-82 dBm,Wi-Fi 1 (802.11b),False,396,="",="2/4/2026 6:48:53.674651025 AM",
="",8642,1.0,2008 탎,2462 MHz,11,-75 dBm,Wi-Fi 1 (802.11b),False,312,="",="2/4/2026 6:48:53.677145405 AM",
="",8643,1.0,2160 탎,2462 MHz,11,-76 dBm,Wi-Fi 1 (802.11b),False,331,="",="2/4/2026 6:48:53.683755035 AM",
="",8644,1.0,2160 탎,2462 MHz,11,-76 dBm,Wi-Fi 1 (802.11b),False,331,="",="2/4/2026 6:48:53.686041130 AM",
="",8648,1.0,1960 탎,2462 MHz,11,-76 dBm,Wi-Fi 1 (802.11b),False,306,="",="2/4/2026 6:48:53.695677275 AM",
="",8649,1.0,1960 탎,2462 MHz,11,-77 dBm,Wi-Fi 1 (802.11b),False,306,="",="2/4/2026 6:48:53.698006560 AM",
="",8650,1.0,1960 탎,2462 MHz,11,-75 dBm,Wi-Fi 1 (802.11b),False,306,="",="2/4/2026 6:48:53.700194825 AM",
="",8651,1.0,2160 탎,2462 MHz,11,-76 dBm,Wi-Fi 1 (802.11b),False,331,="",="2/4/2026 6:48:53.702294055 AM",
="",8652,1.0,2160 탎,2462 MHz,11,-77 dBm,Wi-Fi 1 (802.11b),False,331,="",="2/4/2026 6:48:53.704584085 AM",
="",8653,1.0,304 탎,2462 MHz,11,-67 dBm,Wi-Fi 1 (802.11b),False,99,="",="2/4/2026 6:48:53.711508140 AM",
="",8654,1.0,2008 탎,2462 MHz,11,-69 dBm,Wi-Fi 1 (802.11b),False,312,="",="2/4/2026 6:48:53.711857945 AM",
="",8657,1.0,2160 탎,2462 MHz,11,-66 dBm,Wi-Fi 1 (802.11b),False,331,="",="2/4/2026 6:48:53.716442105 AM",
="",8659,11.0,358 탎,2462 MHz,11,-87 dBm,Wi-Fi 1 (802.11b),True,313,="",="2/4/2026 6:48:53.721448225 AM",
="",8660,1.0,1960 탎,2462 MHz,11,-82 dBm,Wi-Fi 1 (802.11b),False,306,="",="2/4/2026 6:48:53.723850050 AM",
="",8661,1.0,2208 탎,2462 MHz,11,-74 dBm,Wi-Fi 1 (802.11b),False,337,="",="2/4/2026 6:48:53.730829195 AM",
="",8662,1.0,1960 탎,2462 MHz,11,-74 dBm,Wi-Fi 1 (802.11b),False,306,="",="2/4/2026 6:48:53.733077730 AM",
="",8663,1.0,1960 탎,2462 MHz,11,-73 dBm,Wi-Fi 1 (802.11b),False,306,="",="2/4/2026 6:48:53.735213885 AM",
="",8664,1.0,2160 탎,2462 MHz,11,-79 dBm,Wi-Fi 1 (802.11b),False,331,="",="2/4/2026 6:48:53.737237645 AM",
="",8665,1.0,1960 탎,2462 MHz,11,-74 dBm,Wi-Fi 1 (802.11b),False,306,="",="2/4/2026 6:48:53.739513945 AM",
="",8666,1.0,1960 탎,2462 MHz,11,-78 dBm,Wi-Fi 1 (802.11b),False,306,="",="2/4/2026 6:48:53.741527295 AM",
="",8667,1.0,1960 탎,2462 MHz,11,-78 dBm,Wi-Fi 1 (802.11b),False,306,="",="2/4/2026 6:48:53.745730415 AM",
="",8671,1.0,2208 탎,2462 MHz,11,-77 dBm,Wi-Fi 1 (802.11b),False,337,="",="2/4/2026 6:48:53.761758580 AM",
="",8672,6.0,511 탎,2462 MHz,11,-75 dBm,Wi-Fi 3 (802.11g),False,446,="",="2/4/2026 6:48:53.769487280 AM",
="",8673,6.0,434 탎,2462 MHz,11,-75 dBm,Wi-Fi 3 (802.11g),False,388,="",="2/4/2026 6:48:53.770040465 AM",
="",8674,6.0,454 탎,2462 MHz,11,-75 dBm,Wi-Fi 3 (802.11g),False,403,="",="2/4/2026 6:48:53.770519035 AM",
="",8675,1.0,2016 탎,2462 MHz,11,-81 dBm,Wi-Fi 1 (802.11b),False,313,="",="2/4/2026 6:48:53.774602825 AM",
="",8676,11.0,401 탎,2462 MHz,11,-80 dBm,Wi-Fi 1 (802.11b),False,373,="",="2/4/2026 6:48:53.776635430 AM",
="",8677,11.0,418 탎,2462 MHz,11,-82 dBm,Wi-Fi 1 (802.11b),False,396,="",="2/4/2026 6:48:53.777050775 AM",
="",8678,1.0,2008 탎,2462 MHz,11,-73 dBm,Wi-Fi 1 (802.11b),False,312,="",="2/4/2026 6:48:53.779547835 AM",
="",8679,1.0,2016 탎,2462 MHz,11,-90 dBm,Wi-Fi 1 (802.11b),False,313,="",="2/4/2026 6:48:53.794457495 AM",
="",8683,1.0,2208 탎,2462 MHz,11,-81 dBm,Wi-Fi 1 (802.11b),False,337,="",="2/4/2026 6:48:53.801635340 AM",
="",8684,6.0,425 탎,2462 MHz,11,-87 dBm,Wi-Fi 3 (802.11g),False,381,="",="2/4/2026 6:48:53.804472455 AM",
="",8685,1.0,2008 탎,2462 MHz,11,-76 dBm,Wi-Fi 1 (802.11b),False,312,="",="2/4/2026 6:48:53.812961100 AM",
="",8686,1.0,2016 탎,2462 MHz,11,-77 dBm,Wi-Fi 1 (802.11b),False,313,="",="2/4/2026 6:48:53.815385535 AM",
="",8687,11.0,401 탎,2462 MHz,11,-78 dBm,Wi-Fi 1 (802.11b),False,373,="",="2/4/2026 6:48:53.817415460 AM",
="",8688,11.0,418 탎,2462 MHz,11,-77 dBm,Wi-Fi 1 (802.11b),False,396,="",="2/4/2026 6:48:53.817831045 AM",
="",8689,6.0,338 탎,2462 MHz,11,-85 dBm,Wi-Fi 3 (802.11g),False,316,="",="2/4/2026 6:48:53.826935915 AM",
="",8690,1.0,2208 탎,2462 MHz,11,-75 dBm,Wi-Fi 1 (802.11b),False,337,="",="2/4/2026 6:48:53.830745560 AM",
="",8694,6.0,511 탎,2462 MHz,11,-78 dBm,Wi-Fi 3 (802.11g),False,446,="",="2/4/2026 6:48:53.871872990 AM",
="",8695,6.0,434 탎,2462 MHz,11,-79 dBm,Wi-Fi 3 (802.11g),False,388,="",="2/4/2026 6:48:53.872415200 AM",
="",8696,6.0,454 탎,2462 MHz,11,-79 dBm,Wi-Fi 3 (802.11g),False,403,="",="2/4/2026 6:48:53.872889370 AM",
="",8697,6.0,153 탎,2462 MHz,11,-79 dBm,Wi-Fi 3 (802.11g),False,177,="",="2/4/2026 6:48:53.873343870 AM",
="",8698,1.0,2008 탎,2462 MHz,11,-75 dBm,Wi-Fi 1 (802.11b),False,312,="",="2/4/2026 6:48:53.881947825 AM",
="",8702,1.0,2208 탎,2462 MHz,11,-82 dBm,Wi-Fi 1 (802.11b),False,337,="",="2/4/2026 6:48:53.904035465 AM",
="",8703,6.0,425 탎,2462 MHz,11,-86 dBm,Wi-Fi 3 (802.11g),False,381,="",="2/4/2026 6:48:53.906897845 AM",
="",8704,1.0,2008 탎,2462 MHz,11,-80 dBm,Wi-Fi 1 (802.11b),False,312,="",="2/4/2026 6:48:53.915361330 AM",
="",8705,1.0,2016 탎,2462 MHz,11,-76 dBm,Wi-Fi 1 (802.11b),False,313,="",="2/4/2026 6:48:53.917786300 AM",
="",8706,11.0,401 탎,2462 MHz,11,-78 dBm,Wi-Fi 1 (802.11b),False,373,="",="2/4/2026 6:48:53.919816305 AM",
="",8707,11.0,418 탎,2462 MHz,11,-77 dBm,Wi-Fi 1 (802.11b),False,396,="",="2/4/2026 6:48:53.920231355 AM",
="",8708,11.0,443 탎,2462 MHz,11,-88 dBm,Wi-Fi 1 (802.11b),True,430,="",="2/4/2026 6:48:53.926131020 AM",
="",8709,6.0,338 탎,2462 MHz,11,-87 dBm,Wi-Fi 3 (802.11g),False,316,="",="2/4/2026 6:48:53.929337745 AM",
="",8710,1.0,2208 탎,2462 MHz,11,-72 dBm,Wi-Fi 1 (802.11b),False,337,="",="2/4/2026 6:48:53.933145870 AM",
="",8711,1.0,2208 탎,2462 MHz,11,-79 dBm,Wi-Fi 1 (802.11b),False,337,="",="2/4/2026 6:48:53.966558935 AM",
="",8712,11.0,439 탎,2462 MHz,11,-89 dBm,Wi-Fi 1 (802.11b),True,425,="",="2/4/2026 6:48:53.969564625 AM",
="",8713,6.0,511 탎,2462 MHz,11,-75 dBm,Wi-Fi 3 (802.11g),False,446,="",="2/4/2026 6:48:53.974282395 AM",
="",8714,6.0,434 탎,2462 MHz,11,-75 dBm,Wi-Fi 3 (802.11g),False,388,="",="2/4/2026 6:48:53.974809350 AM",
="",8715,6.0,454 탎,2462 MHz,11,-75 dBm,Wi-Fi 3 (802.11g),False,403,="",="2/4/2026 6:48:53.975279055 AM",
="",8716,6.0,1570 탎,2462 MHz,11,-75 dBm,Wi-Fi 3 (802.11g),False,229,="",="2/4/2026 6:48:53.975733555 AM",
="",8717,6.0,1597 탎,2462 MHz,11,-76 dBm,Wi-Fi 3 (802.11g),False,229,="",="2/4/2026 6:48:53.977328190 AM",
="",8721,1.0,2008 탎,2462 MHz,11,-75 dBm,Wi-Fi 1 (802.11b),False,312,="",="2/4/2026 6:48:53.984345695 AM",
="",8722,1.0,2208 탎,2462 MHz,11,-84 dBm,Wi-Fi 1 (802.11b),False,337,="",="2/4/2026 6:48:54.006432895 AM",
="",8723,6.0,425 탎,2462 MHz,11,-85 dBm,Wi-Fi 3 (802.11g),False,381,="",="2/4/2026 6:48:54.009281115 AM",
="",8727,1.0,2008 탎,2462 MHz,11,-79 dBm,Wi-Fi 1 (802.11b),False,312,="",="2/4/2026 6:48:54.017957890 AM",
="",8728,1.0,2016 탎,2462 MHz,11,-84 dBm,Wi-Fi 1 (802.11b),False,313,="",="2/4/2026 6:48:54.020184250 AM",
="",8729,11.0,401 탎,2462 MHz,11,-84 dBm,Wi-Fi 1 (802.11b),False,373,="",="2/4/2026 6:48:54.022219175 AM",
="",8730,11.0,418 탎,2462 MHz,11,-85 dBm,Wi-Fi 1 (802.11b),False,396,="",="2/4/2026 6:48:54.022632745 AM",
="",8731,6.0,338 탎,2462 MHz,11,-86 dBm,Wi-Fi 3 (802.11g),False,316,="",="2/4/2026 6:48:54.031717695 AM",
="",8737,1.0,2208 탎,2462 MHz,11,-80 dBm,Wi-Fi 1 (802.11b),False,337,="",="2/4/2026 6:48:54.068974460 AM",
="",8739,6.0,511 탎,2462 MHz,11,-77 dBm,Wi-Fi 3 (802.11g),False,446,="",="2/4/2026 6:48:54.076683465 AM",
="",8740,6.0,434 탎,2462 MHz,11,-78 dBm,Wi-Fi 3 (802.11g),False,388,="",="2/4/2026 6:48:54.077236850 AM",
="",8741,6.0,454 탎,2462 MHz,11,-78 dBm,Wi-Fi 3 (802.11g),False,403,="",="2/4/2026 6:48:54.077697500 AM",
="",8742,1.0,2016 탎,2462 MHz,11,-83 dBm,Wi-Fi 1 (802.11b),False,313,="",="2/4/2026 6:48:54.081803930 AM",
="",8743,11.0,401 탎,2462 MHz,11,-85 dBm,Wi-Fi 1 (802.11b),False,373,="",="2/4/2026 6:48:54.083839255 AM",
="",8744,1.0,2008 탎,2462 MHz,11,-74 dBm,Wi-Fi 1 (802.11b),False,312,="",="2/4/2026 6:48:54.086745820 AM",
="",8746,6.0,425 탎,2462 MHz,11,-86 dBm,Wi-Fi 3 (802.11g),False,381,="",="2/4/2026 6:48:54.111667120 AM",
="",8753,11.0,401 탎,2462 MHz,11,-85 dBm,Wi-Fi 1 (802.11b),False,373,="",="2/4/2026 6:48:54.124617380 AM",
="",8754,11.0,418 탎,2462 MHz,11,-85 dBm,Wi-Fi 1 (802.11b),False,396,="",="2/4/2026 6:48:54.125033270 AM",
="",8756,6.0,338 탎,2462 MHz,11,-87 dBm,Wi-Fi 3 (802.11g),False,316,="",="2/4/2026 6:48:54.134134980 AM",
="",8759,1.0,2208 탎,2462 MHz,11,-78 dBm,Wi-Fi 1 (802.11b),False,337,="",="2/4/2026 6:48:54.171362010 AM",
="",8760,6.0,511 탎,2462 MHz,11,-74 dBm,Wi-Fi 3 (802.11g),False,446,="",="2/4/2026 6:48:54.179069590 AM",
="",8761,6.0,434 탎,2462 MHz,11,-74 dBm,Wi-Fi 3 (802.11g),False,388,="",="2/4/2026 6:48:54.179596520 AM",
="",8762,6.0,454 탎,2462 MHz,11,-73 dBm,Wi-Fi 3 (802.11g),False,403,="",="2/4/2026 6:48:54.180078410 AM",
="",8763,1.0,2008 탎,2462 MHz,11,-77 dBm,Wi-Fi 1 (802.11b),False,312,="",="2/4/2026 6:48:54.189145705 AM",
="",8765,1.0,2208 탎,2462 MHz,11,-84 dBm,Wi-Fi 1 (802.11b),False,337,="",="2/4/2026 6:48:54.211235250 AM",
="",8766,6.0,425 탎,2462 MHz,11,-85 dBm,Wi-Fi 3 (802.11g),False,381,="",="2/4/2026 6:48:54.214020495 AM",
="",8770,1.0,2008 탎,2462 MHz,11,-74 dBm,Wi-Fi 1 (802.11b),False,312,="",="2/4/2026 6:48:54.222706150 AM",
="",8771,11.0,401 탎,2462 MHz,11,-86 dBm,Wi-Fi 1 (802.11b),False,373,="",="2/4/2026 6:48:54.227018210 AM",
="",8774,1.0,2208 탎,2462 MHz,11,-76 dBm,Wi-Fi 1 (802.11b),False,337,="",="2/4/2026 6:48:54.240346910 AM",
="",8778,1.0,2424 탎,2462 MHz,11,-88 dBm,Wi-Fi 1 (802.11b),False,364,="",="2/4/2026 6:48:54.254642390 AM",
="",8779,1.0,2096 탎,2462 MHz,11,-87 dBm,Wi-Fi 1 (802.11b),False,323,="",="2/4/2026 6:48:54.265806215 AM",
="",8780,1.0,2208 탎,2462 MHz,11,-73 dBm,Wi-Fi 1 (802.11b),False,337,="",="2/4/2026 6:48:54.273761895 AM",
="",8781,6.0,511 탎,2462 MHz,11,-77 dBm,Wi-Fi 3 (802.11g),False,446,="",="2/4/2026 6:48:54.281493275 AM",
="",8782,6.0,434 탎,2462 MHz,11,-77 dBm,Wi-Fi 3 (802.11g),False,388,="",="2/4/2026 6:48:54.282020005 AM",
="",8783,6.0,454 탎,2462 MHz,11,-77 dBm,Wi-Fi 3 (802.11g),False,403,="",="2/4/2026 6:48:54.282480520 AM",
="",8784,1.0,2008 탎,2462 MHz,11,-75 dBm,Wi-Fi 1 (802.11b),False,312,="",="2/4/2026 6:48:54.291546135 AM",
="",8785,11.0,202 탎,2462 MHz,11,-88 dBm,Wi-Fi 1 (802.11b),True,99,="",="2/4/2026 6:48:54.306532635 AM",
="",8786,11.0,415 탎,2462 MHz,11,-90 dBm,Wi-Fi 1 (802.11b),True,392,="",="2/4/2026 6:48:54.315763130 AM",
="",8787,6.0,425 탎,2462 MHz,11,-85 dBm,Wi-Fi 3 (802.11g),False,381,="",="2/4/2026 6:48:54.317236085 AM",
="",8791,1.0,2008 탎,2462 MHz,11,-75 dBm,Wi-Fi 1 (802.11b),False,312,="",="2/4/2026 6:48:54.324961640 AM",
="",8792,11.0,401 탎,2462 MHz,11,-85 dBm,Wi-Fi 1 (802.11b),False,373,="",="2/4/2026 6:48:54.329418895 AM",
="",8796,1.0,2208 탎,2462 MHz,11,-74 dBm,Wi-Fi 1 (802.11b),False,337,="",="2/4/2026 6:48:54.342747500 AM",
="",8797,1.0,2208 탎,2462 MHz,11,-72 dBm,Wi-Fi 1 (802.11b),False,337,="",="2/4/2026 6:48:54.376162605 AM",
="",8801,6.0,511 탎,2462 MHz,11,-76 dBm,Wi-Fi 3 (802.11g),False,446,="",="2/4/2026 6:48:54.383887785 AM",
="",8802,6.0,434 탎,2462 MHz,11,-76 dBm,Wi-Fi 3 (802.11g),False,388,="",="2/4/2026 6:48:54.384414315 AM",
="",8803,6.0,454 탎,2462 MHz,11,-75 dBm,Wi-Fi 3 (802.11g),False,403,="",="2/4/2026 6:48:54.384910460 AM",
="",8804,1.0,2008 탎,2462 MHz,11,-74 dBm,Wi-Fi 1 (802.11b),False,312,="",="2/4/2026 6:48:54.393946500 AM",
="",8805,1.0,2208 탎,2462 MHz,11,-82 dBm,Wi-Fi 1 (802.11b),False,337,="",="2/4/2026 6:48:54.416033740 AM",
="",8806,6.0,425 탎,2462 MHz,11,-85 dBm,Wi-Fi 3 (802.11g),False,381,="",="2/4/2026 6:48:54.418868480 AM",
="",8807,1.0,2008 탎,2462 MHz,11,-72 dBm,Wi-Fi 1 (802.11b),False,312,="",="2/4/2026 6:48:54.427359165 AM",
="",8808,1.0,2016 탎,2462 MHz,11,-84 dBm,Wi-Fi 1 (802.11b),False,313,="",="2/4/2026 6:48:54.429789375 AM",
="",8809,11.0,401 탎,2462 MHz,11,-84 dBm,Wi-Fi 1 (802.11b),False,373,="",="2/4/2026 6:48:54.431819580 AM",
="",8811,11.0,418 탎,2462 MHz,11,-83 dBm,Wi-Fi 1 (802.11b),True,396,="",="2/4/2026 6:48:54.432204590 AM",
="",8814,11.0,358 탎,2462 MHz,11,-89 dBm,Wi-Fi 1 (802.11b),True,313,="",="2/4/2026 6:48:54.437334450 AM",
="",8815,11.0,415 탎,2462 MHz,11,-88 dBm,Wi-Fi 1 (802.11b),True,392,="",="2/4/2026 6:48:54.437705630 AM",
="",8816,11.0,443 탎,2462 MHz,11,-88 dBm,Wi-Fi 1 (802.11b),True,430,="",="2/4/2026 6:48:54.438133990 AM",
="",8817,6.0,338 탎,2462 MHz,11,-87 dBm,Wi-Fi 3 (802.11g),False,316,="",="2/4/2026 6:48:54.441324500 AM",
="",8818,1.0,2208 탎,2462 MHz,11,-74 dBm,Wi-Fi 1 (802.11b),False,337,="",="2/4/2026 6:48:54.445149160 AM",
="",8819,1.0,2008 탎,2462 MHz,11,-80 dBm,Wi-Fi 1 (802.11b),False,312,="",="2/4/2026 6:48:54.467238820 AM",
="",8820,11.0,439 탎,2462 MHz,11,-86 dBm,Wi-Fi 1 (802.11b),True,424,="",="2/4/2026 6:48:54.469247320 AM",
="",8821,11.0,439 탎,2462 MHz,11,-86 dBm,Wi-Fi 1 (802.11b),True,424,="",="2/4/2026 6:48:54.469944090 AM",
="",8822,11.0,439 탎,2462 MHz,11,-89 dBm,Wi-Fi 1 (802.11b),True,424,="",="2/4/2026 6:48:54.470609695 AM",
="",8823,11.0,439 탎,2462 MHz,11,-84 dBm,Wi-Fi 1 (802.11b),True,424,="",="2/4/2026 6:48:54.471250925 AM",
="",8824,1.0,2208 탎,2462 MHz,11,-76 dBm,Wi-Fi 1 (802.11b),False,337,="",="2/4/2026 6:48:54.478562745 AM",
="",8825,6.0,511 탎,2462 MHz,11,-75 dBm,Wi-Fi 3 (802.11g),False,446,="",="2/4/2026 6:48:54.486275565 AM",
="",8826,6.0,434 탎,2462 MHz,11,-75 dBm,Wi-Fi 3 (802.11g),False,388,="",="2/4/2026 6:48:54.486802055 AM",
="",8827,6.0,454 탎,2462 MHz,11,-75 dBm,Wi-Fi 3 (802.11g),False,403,="",="2/4/2026 6:48:54.487281185 AM",
="",8828,1.0,1024 탎,2462 MHz,11,-39 dBm,Wi-Fi 1 (802.11b),False,189,="",="2/4/2026 6:48:54.491548230 AM",
="",8829,1.0,2008 탎,2462 MHz,11,-75 dBm,Wi-Fi 1 (802.11b),False,312,="",="2/4/2026 6:48:54.496346320 AM",
="",8830,11.0,431 탎,2462 MHz,11,-89 dBm,Wi-Fi 1 (802.11b),True,414,="",="2/4/2026 6:48:54.509331845 AM",
="",8831,1.0,872 탎,2462 MHz,11,-83 dBm,Wi-Fi 1 (802.11b),False,170,="",="2/4/2026 6:48:54.515509770 AM",
="",8832,6.0,313 탎,2462 MHz,11,-75 dBm,Wi-Fi 3 (802.11g),False,229,="",="2/4/2026 6:48:54.517493115 AM",
="",8833,1.0,2208 탎,2462 MHz,11,-82 dBm,Wi-Fi 1 (802.11b),True,337,="",="2/4/2026 6:48:54.518406385 AM",
="",8837,6.0,425 탎,2462 MHz,11,-83 dBm,Wi-Fi 3 (802.11g),False,381,="",="2/4/2026 6:48:54.521278860 AM",
="",8838,1.0,2008 탎,2462 MHz,11,-76 dBm,Wi-Fi 1 (802.11b),False,312,="",="2/4/2026 6:48:54.529759265 AM",
="",8839,11.0,401 탎,2462 MHz,11,-84 dBm,Wi-Fi 1 (802.11b),False,373,="",="2/4/2026 6:48:54.534220360 AM",
="",8840,11.0,418 탎,2462 MHz,11,-84 dBm,Wi-Fi 1 (802.11b),False,396,="",="2/4/2026 6:48:54.534635185 AM",
="",8843,11.0,358 탎,2462 MHz,11,-86 dBm,Wi-Fi 1 (802.11b),True,229,="",="2/4/2026 6:48:54.540594005 AM",
="",8845,6.0,338 탎,2462 MHz,11,-87 dBm,Wi-Fi 3 (802.11g),False,316,="",="2/4/2026 6:48:54.543800990 AM",
="",8846,1.0,2208 탎,2462 MHz,11,-76 dBm,Wi-Fi 1 (802.11b),False,337,="",="2/4/2026 6:48:54.547549700 AM",
="",8847,1.0,1416 탎,2462 MHz,11,-86 dBm,Wi-Fi 1 (802.11b),False,238,="",="2/4/2026 6:48:54.549895000 AM",
="",8848,1.0,1184 탎,2462 MHz,11,-76 dBm,Wi-Fi 1 (802.11b),False,209,="",="2/4/2026 6:48:54.556246560 AM",
="",8849,1.0,2208 탎,2462 MHz,11,-75 dBm,Wi-Fi 1 (802.11b),False,337,="",="2/4/2026 6:48:54.580962430 AM",
="",8850,6.0,511 탎,2462 MHz,11,-73 dBm,Wi-Fi 3 (802.11g),False,446,="",="2/4/2026 6:48:54.588671730 AM",
="",8851,6.0,434 탎,2462 MHz,11,-73 dBm,Wi-Fi 3 (802.11g),False,388,="",="2/4/2026 6:48:54.589198540 AM",
="",8852,6.0,454 탎,2462 MHz,11,-73 dBm,Wi-Fi 3 (802.11g),False,403,="",="2/4/2026 6:48:54.589668270 AM",
="",8853,6.0,345 탎,2462 MHz,11,-72 dBm,Wi-Fi 3 (802.11g),False,229,="",="2/4/2026 6:48:54.590122770 AM",
="",8854,6.0,627 탎,2462 MHz,11,-73 dBm,Wi-Fi 3 (802.11g),False,229,="",="2/4/2026 6:48:54.590493890 AM",
="",8855,1.0,2008 탎,2462 MHz,11,-75 dBm,Wi-Fi 1 (802.11b),False,312,="",="2/4/2026 6:48:54.598746765 AM",
="",8856,6.0,655 탎,2462 MHz,11,-72 dBm,Wi-Fi 3 (802.11g),False,554,="",="2/4/2026 6:48:54.602334550 AM",
="",8857,6.0,655 탎,2462 MHz,11,-72 dBm,Wi-Fi 3 (802.11g),False,554,="",="2/4/2026 6:48:54.603562275 AM",
="",8858,1.0,2160 탎,2462 MHz,11,-76 dBm,Wi-Fi 1 (802.11b),False,331,="",="2/4/2026 6:48:54.604647520 AM",
="",8859,1.0,2160 탎,2462 MHz,11,-75 dBm,Wi-Fi 1 (802.11b),False,331,="",="2/4/2026 6:48:54.606930510 AM",
="",8863,1.0,304 탎,2462 MHz,11,-77 dBm,Wi-Fi 1 (802.11b),False,99,="",="2/4/2026 6:48:54.611223320 AM",
="",8864,1.0,2160 탎,2462 MHz,11,-76 dBm,Wi-Fi 1 (802.11b),False,331,="",="2/4/2026 6:48:54.611591440 AM",
="",8865,1.0,1024 탎,2462 MHz,11,-77 dBm,Wi-Fi 1 (802.11b),True,189,="",="2/4/2026 6:48:54.613865800 AM",
="",8866,1.0,304 탎,2462 MHz,11,-77 dBm,Wi-Fi 1 (802.11b),False,99,="",="2/4/2026 6:48:54.616029630 AM",
="",8867,6.0,655 탎,2462 MHz,11,-70 dBm,Wi-Fi 3 (802.11g),False,554,="",="2/4/2026 6:48:54.619457115 AM",
="",8868,11.0,414 탎,2462 MHz,11,-86 dBm,Wi-Fi 1 (802.11b),False,390,="",="2/4/2026 6:48:54.620567765 AM",
="",8869,6.0,655 탎,2462 MHz,11,-71 dBm,Wi-Fi 3 (802.11g),False,554,="",="2/4/2026 6:48:54.621331045 AM",
="",8870,1.0,1960 탎,2462 MHz,11,-78 dBm,Wi-Fi 1 (802.11b),True,306,="",="2/4/2026 6:48:54.623483345 AM",
="",8871,1.0,304 탎,2462 MHz,11,-78 dBm,Wi-Fi 1 (802.11b),False,99,="",="2/4/2026 6:48:54.625458200 AM",
="",8872,11.0,202 탎,2462 MHz,11,-79 dBm,Wi-Fi 1 (802.11b),False,99,="",="2/4/2026 6:48:54.626533035 AM",
="",8873,1.0,2008 탎,2462 MHz,11,-75 dBm,Wi-Fi 1 (802.11b),False,312,="",="2/4/2026 6:48:54.632160015 AM",
="",8874,11.0,401 탎,2462 MHz,11,-84 dBm,Wi-Fi 1 (802.11b),False,373,="",="2/4/2026 6:48:54.636623110 AM",
="",8875,11.0,358 탎,2462 MHz,11,-86 dBm,Wi-Fi 1 (802.11b),False,313,="",="2/4/2026 6:48:54.642389165 AM",
="",8876,11.0,415 탎,2462 MHz,11,-85 dBm,Wi-Fi 1 (802.11b),True,392,="",="2/4/2026 6:48:54.642733650 AM",
="",8877,6.0,338 탎,2462 MHz,11,-88 dBm,Wi-Fi 3 (802.11g),False,316,="",="2/4/2026 6:48:54.646128990 AM",
="",8880,1.0,2208 탎,2462 MHz,11,-77 dBm,Wi-Fi 1 (802.11b),False,337,="",="2/4/2026 6:48:54.649946715 AM",
="",8885,1.0,2208 탎,2462 MHz,11,-72 dBm,Wi-Fi 1 (802.11b),False,337,="",="2/4/2026 6:48:54.683443930 AM",
="",8886,6.0,511 탎,2462 MHz,11,-70 dBm,Wi-Fi 3 (802.11g),False,446,="",="2/4/2026 6:48:54.691090280 AM",
="",8887,6.0,434 탎,2462 MHz,11,-71 dBm,Wi-Fi 3 (802.11g),False,388,="",="2/4/2026 6:48:54.691625970 AM",
="",8888,6.0,454 탎,2462 MHz,11,-70 dBm,Wi-Fi 3 (802.11g),False,403,="",="2/4/2026 6:48:54.692107100 AM",
="",8889,1.0,2208 탎,2462 MHz,11,-86 dBm,Wi-Fi 1 (802.11b),False,337,="",="2/4/2026 6:48:54.723233420 AM",
="",8890,1.0,3056 탎,2462 MHz,11,-84 dBm,Wi-Fi 1 (802.11b),False,443,="",="2/4/2026 6:48:54.725488395 AM",
="",8891,1.0,3056 탎,2462 MHz,11,-85 dBm,Wi-Fi 1 (802.11b),False,443,="",="2/4/2026 6:48:54.728903025 AM",
="",8892,1.0,2008 탎,2462 MHz,11,-75 dBm,Wi-Fi 1 (802.11b),False,312,="",="2/4/2026 6:48:54.734562365 AM",
="",8893,11.0,401 탎,2462 MHz,11,-84 dBm,Wi-Fi 1 (802.11b),False,373,="",="2/4/2026 6:48:54.739063235 AM",
="",8894,11.0,418 탎,2462 MHz,11,-84 dBm,Wi-Fi 1 (802.11b),False,396,="",="2/4/2026 6:48:54.739465190 AM",
="",8895,11.0,358 탎,2462 MHz,11,-88 dBm,Wi-Fi 1 (802.11b),True,313,="",="2/4/2026 6:48:54.744535450 AM",
="",8896,11.0,443 탎,2462 MHz,11,-87 dBm,Wi-Fi 1 (802.11b),False,430,="",="2/4/2026 6:48:54.745366990 AM",
="",8897,1.0,2208 탎,2462 MHz,11,-78 dBm,Wi-Fi 1 (802.11b),False,337,="",="2/4/2026 6:48:54.752346625 AM",
="",8901,1.0,2424 탎,2462 MHz,11,-87 dBm,Wi-Fi 1 (802.11b),False,364,="",="2/4/2026 6:48:54.773426990 AM",
="",8903,1.0,2208 탎,2462 MHz,11,-72 dBm,Wi-Fi 1 (802.11b),False,337,="",="2/4/2026 6:48:54.785798905 AM",
="",8904,6.0,511 탎,2462 MHz,11,-69 dBm,Wi-Fi 3 (802.11g),False,446,="",="2/4/2026 6:48:54.793474175 AM",
="",8905,6.0,434 탎,2462 MHz,11,-69 dBm,Wi-Fi 3 (802.11g),False,388,="",="2/4/2026 6:48:54.794029160 AM",
="",8906,6.0,454 탎,2462 MHz,11,-69 dBm,Wi-Fi 3 (802.11g),False,403,="",="2/4/2026 6:48:54.794479130 AM",
="",8911,6.0,425 탎,2462 MHz,11,-81 dBm,Wi-Fi 3 (802.11g),False,381,="",="2/4/2026 6:48:54.828437895 AM",
="",8913,1.0,2008 탎,2462 MHz,11,-77 dBm,Wi-Fi 1 (802.11b),False,312,="",="2/4/2026 6:48:54.836960355 AM",
="",8914,11.0,401 탎,2462 MHz,11,-86 dBm,Wi-Fi 1 (802.11b),False,373,="",="2/4/2026 6:48:54.841422170 AM",
="",8915,11.0,418 탎,2462 MHz,11,-86 dBm,Wi-Fi 1 (802.11b),False,396,="",="2/4/2026 6:48:54.841840315 AM",
="",8918,1.0,2208 탎,2462 MHz,11,-79 dBm,Wi-Fi 1 (802.11b),False,337,="",="2/4/2026 6:48:54.854747015 AM",
="",8922,1.0,2008 탎,2462 MHz,11,-86 dBm,Wi-Fi 1 (802.11b),False,312,="",="2/4/2026 6:48:54.877235415 AM",
="",8924,1.0,2208 탎,2462 MHz,11,-77 dBm,Wi-Fi 1 (802.11b),False,337,="",="2/4/2026 6:48:54.888160280 AM",
="",8925,1.0,848 탎,2462 MHz,11,-82 dBm,Wi-Fi 1 (802.11b),False,167,="",="2/4/2026 6:48:54.891597820 AM",
="",8926,1.0,304 탎,2462 MHz,11,-88 dBm,Wi-Fi 1 (802.11b),False,99,="",="2/4/2026 6:48:54.892460355 AM",
="",8927,6.0,511 탎,2462 MHz,11,-72 dBm,Wi-Fi 3 (802.11g),False,446,="",="2/4/2026 6:48:54.895889195 AM",
="",8928,6.0,434 탎,2462 MHz,11,-71 dBm,Wi-Fi 3 (802.11g),False,388,="",="2/4/2026 6:48:54.896425205 AM",
="",8929,6.0,454 탎,2462 MHz,11,-71 dBm,Wi-Fi 3 (802.11g),False,403,="",="2/4/2026 6:48:54.896888415 AM",
="",8930,6.0,219 탎,2462 MHz,11,-71 dBm,Wi-Fi 3 (802.11g),False,227,="",="2/4/2026 6:48:54.897342915 AM",
="",8931,6.0,246 탎,2462 MHz,11,-71 dBm,Wi-Fi 3 (802.11g),False,229,="",="2/4/2026 6:48:54.897585945 AM",
="",8936,6.0,425 탎,2462 MHz,11,-83 dBm,Wi-Fi 3 (802.11g),False,381,="",="2/4/2026 6:48:54.930821700 AM",
="",8941,1.0,2008 탎,2462 MHz,11,-78 dBm,Wi-Fi 1 (802.11b),False,312,="",="2/4/2026 6:48:54.939360560 AM",
="",8943,6.0,338 탎,2462 MHz,11,-87 dBm,Wi-Fi 3 (802.11g),False,316,="",="2/4/2026 6:48:54.953334135 AM",
="",8944,1.0,2208 탎,2462 MHz,11,-78 dBm,Wi-Fi 1 (802.11b),True,337,="",="2/4/2026 6:48:54.957119980 AM",
="",8948,6.0,511 탎,2462 MHz,11,-69 dBm,Wi-Fi 3 (802.11g),False,446,="",="2/4/2026 6:48:54.998277265 AM",
="",8949,6.0,434 탎,2462 MHz,11,-69 dBm,Wi-Fi 3 (802.11g),False,388,="",="2/4/2026 6:48:54.998812850 AM",
="",8950,6.0,454 탎,2462 MHz,11,-69 dBm,Wi-Fi 3 (802.11g),False,403,="",="2/4/2026 6:48:54.999291300 AM",
="",8951,6.0,425 탎,2462 MHz,11,-83 dBm,Wi-Fi 3 (802.11g),False,381,="",="2/4/2026 6:48:55.033268200 AM",
="",8952,1.0,2008 탎,2462 MHz,11,-77 dBm,Wi-Fi 1 (802.11b),False,312,="",="2/4/2026 6:48:55.041765260 AM",
="",8953,1.0,2016 탎,2462 MHz,11,-82 dBm,Wi-Fi 1 (802.11b),False,313,="",="2/4/2026 6:48:55.044190535 AM",
="",8954,11.0,401 탎,2462 MHz,11,-83 dBm,Wi-Fi 1 (802.11b),False,373,="",="2/4/2026 6:48:55.046223220 AM",
="",8955,11.0,418 탎,2462 MHz,11,-84 dBm,Wi-Fi 1 (802.11b),False,396,="",="2/4/2026 6:48:55.046638605 AM",
="",8956,6.0,338 탎,2462 MHz,11,-88 dBm,Wi-Fi 3 (802.11g),False,316,="",="2/4/2026 6:48:55.055734875 AM",
="",8957,1.0,2208 탎,2462 MHz,11,-77 dBm,Wi-Fi 1 (802.11b),False,337,="",="2/4/2026 6:48:55.059558320 AM",
="",8964,1.0,304 탎,2462 MHz,11,-88 dBm,Wi-Fi 1 (802.11b),False,99,="",="2/4/2026 6:48:55.076362500 AM",
="",8965,72.2,59 탎,2462 MHz,11,-87 dBm,Wi-Fi 4 (802.11n),True,294,="",="2/4/2026 6:48:55.076696230 AM",
="",8969,6.0,511 탎,2462 MHz,11,-70 dBm,Wi-Fi 3 (802.11g),False,446,="",="2/4/2026 6:48:55.100703620 AM",
="",8970,6.0,434 탎,2462 MHz,11,-70 dBm,Wi-Fi 3 (802.11g),False,388,="",="2/4/2026 6:48:55.101230350 AM",
="",8971,6.0,454 탎,2462 MHz,11,-70 dBm,Wi-Fi 3 (802.11g),False,403,="",="2/4/2026 6:48:55.101688720 AM",
="",8972,6.0,599 탎,2462 MHz,11,-70 dBm,Wi-Fi 3 (802.11g),False,229,="",="2/4/2026 6:48:55.102143220 AM",
="",8973,6.0,626 탎,2462 MHz,11,-70 dBm,Wi-Fi 3 (802.11g),False,229,="",="2/4/2026 6:48:55.102758685 AM",
="",8974,11.0,418 탎,2462 MHz,11,-81 dBm,Wi-Fi 1 (802.11b),True,396,="",="2/4/2026 6:48:55.108224725 AM",
="",8975,6.0,425 탎,2462 MHz,11,-84 dBm,Wi-Fi 3 (802.11g),False,381,="",="2/4/2026 6:48:55.135725890 AM",
="",8976,1.0,2016 탎,2462 MHz,11,-85 dBm,Wi-Fi 1 (802.11b),False,313,="",="2/4/2026 6:48:55.146591090 AM",
="",8977,11.0,401 탎,2462 MHz,11,-84 dBm,Wi-Fi 1 (802.11b),False,373,="",="2/4/2026 6:48:55.148623535 AM",
="",8978,11.0,418 탎,2462 MHz,11,-84 dBm,Wi-Fi 1 (802.11b),False,396,="",="2/4/2026 6:48:55.149039465 AM",
="",8979,11.0,358 탎,2462 MHz,11,-86 dBm,Wi-Fi 1 (802.11b),False,313,="",="2/4/2026 6:48:55.154164300 AM",
="",8980,11.0,415 탎,2462 MHz,11,-87 dBm,Wi-Fi 1 (802.11b),False,392,="",="2/4/2026 6:48:55.154538185 AM",
="",8981,11.0,443 탎,2462 MHz,11,-87 dBm,Wi-Fi 1 (802.11b),False,430,="",="2/4/2026 6:48:55.154969105 AM",
="",8982,1.0,2208 탎,2462 MHz,11,-82 dBm,Wi-Fi 1 (802.11b),False,337,="",="2/4/2026 6:48:55.161947340 AM",
="",8989,1.0,1880 탎,2462 MHz,11,-81 dBm,Wi-Fi 1 (802.11b),False,229,="",="2/4/2026 6:48:55.177502470 AM",
="",8990,1.0,2208 탎,2462 MHz,11,-82 dBm,Wi-Fi 1 (802.11b),False,337,="",="2/4/2026 6:48:55.195391315 AM",
="",8991,6.0,511 탎,2462 MHz,11,-68 dBm,Wi-Fi 3 (802.11g),False,446,="",="2/4/2026 6:48:55.203092295 AM",
="",8992,6.0,434 탎,2462 MHz,11,-68 dBm,Wi-Fi 3 (802.11g),False,388,="",="2/4/2026 6:48:55.203628185 AM",
="",8993,6.0,454 탎,2462 MHz,11,-68 dBm,Wi-Fi 3 (802.11g),False,403,="",="2/4/2026 6:48:55.204103555 AM",
="",8994,1.0,2016 탎,2462 MHz,11,-86 dBm,Wi-Fi 1 (802.11b),False,313,="",="2/4/2026 6:48:55.208207440 AM",
="",8998,1.0,2208 탎,2462 MHz,11,-84 dBm,Wi-Fi 1 (802.11b),False,337,="",="2/4/2026 6:48:55.235234810 AM",
="",8999,6.0,425 탎,2462 MHz,11,-82 dBm,Wi-Fi 3 (802.11g),False,381,="",="2/4/2026 6:48:55.238127500 AM",
="",9000,1.0,2016 탎,2462 MHz,11,-85 dBm,Wi-Fi 1 (802.11b),False,313,="",="2/4/2026 6:48:55.248991820 AM",
="",9001,11.0,401 탎,2462 MHz,11,-86 dBm,Wi-Fi 1 (802.11b),False,373,="",="2/4/2026 6:48:55.251024305 AM",
="",9002,11.0,418 탎,2462 MHz,11,-84 dBm,Wi-Fi 1 (802.11b),False,396,="",="2/4/2026 6:48:55.251439795 AM",
="",9003,1.0,2208 탎,2462 MHz,11,-83 dBm,Wi-Fi 1 (802.11b),False,337,="",="2/4/2026 6:48:55.264347990 AM",
="",9007,1.0,1880 탎,2462 MHz,11,-84 dBm,Wi-Fi 1 (802.11b),False,229,="",="2/4/2026 6:48:55.295143195 AM",
="",9008,1.0,2208 탎,2462 MHz,11,-81 dBm,Wi-Fi 1 (802.11b),False,337,="",="2/4/2026 6:48:55.297761270 AM",
="",9009,6.0,511 탎,2462 MHz,11,-66 dBm,Wi-Fi 3 (802.11g),False,446,="",="2/4/2026 6:48:55.305483890 AM",
="",9010,6.0,434 탎,2462 MHz,11,-66 dBm,Wi-Fi 3 (802.11g),False,388,="",="2/4/2026 6:48:55.306034500 AM",
="",9011,6.0,454 탎,2462 MHz,11,-66 dBm,Wi-Fi 3 (802.11g),False,403,="",="2/4/2026 6:48:55.306497710 AM",
="",9012,1.0,2208 탎,2462 MHz,11,-84 dBm,Wi-Fi 1 (802.11b),False,337,="",="2/4/2026 6:48:55.337635070 AM",
="",9016,1.0,2008 탎,2462 MHz,11,-80 dBm,Wi-Fi 1 (802.11b),False,312,="",="2/4/2026 6:48:55.349334155 AM",
="",9017,11.0,401 탎,2462 MHz,11,-84 dBm,Wi-Fi 1 (802.11b),False,373,="",="2/4/2026 6:48:55.353425085 AM",
="",9018,11.0,418 탎,2462 MHz,11,-83 dBm,Wi-Fi 1 (802.11b),False,396,="",="2/4/2026 6:48:55.353840655 AM",
="",9019,11.0,415 탎,2462 MHz,11,-86 dBm,Wi-Fi 1 (802.11b),True,392,="",="2/4/2026 6:48:55.359309640 AM",
="",9020,11.0,443 탎,2462 MHz,11,-86 dBm,Wi-Fi 1 (802.11b),True,430,="",="2/4/2026 6:48:55.359738600 AM",
="",9021,6.0,338 탎,2462 MHz,11,-87 dBm,Wi-Fi 3 (802.11g),False,316,="",="2/4/2026 6:48:55.362944605 AM",
="",9022,1.0,2208 탎,2462 MHz,11,-84 dBm,Wi-Fi 1 (802.11b),False,337,="",="2/4/2026 6:48:55.366747610 AM",
="",9026,1.0,2008 탎,2462 MHz,11,-82 dBm,Wi-Fi 1 (802.11b),False,312,="",="2/4/2026 6:48:55.388836965 AM",
="",9027,1.0,2208 탎,2462 MHz,11,-79 dBm,Wi-Fi 1 (802.11b),False,337,="",="2/4/2026 6:48:55.400161290 AM",
="",9028,6.0,511 탎,2462 MHz,11,-65 dBm,Wi-Fi 3 (802.11g),False,446,="",="2/4/2026 6:48:55.407893630 AM",
="",9029,6.0,434 탎,2462 MHz,11,-65 dBm,Wi-Fi 3 (802.11g),False,388,="",="2/4/2026 6:48:55.408419080 AM",
="",9030,6.0,454 탎,2462 MHz,11,-65 dBm,Wi-Fi 3 (802.11g),False,403,="",="2/4/2026 6:48:55.408894770 AM",
="",9031,6.0,599 탎,2462 MHz,11,-65 dBm,Wi-Fi 3 (802.11g),False,229,="",="2/4/2026 6:48:55.409349270 AM",
="",9032,6.0,626 탎,2462 MHz,11,-64 dBm,Wi-Fi 3 (802.11g),False,229,="",="2/4/2026 6:48:55.409975150 AM",
="",9033,1.0,1880 탎,2462 MHz,11,-86 dBm,Wi-Fi 1 (802.11b),False,229,="",="2/4/2026 6:48:55.420010945 AM",
="",9034,1.0,2208 탎,2462 MHz,11,-86 dBm,Wi-Fi 1 (802.11b),False,337,="",="2/4/2026 6:48:55.440037425 AM",
="",9035,6.0,425 탎,2462 MHz,11,-86 dBm,Wi-Fi 3 (802.11g),False,381,="",="2/4/2026 6:48:55.442810535 AM",
="",9036,1.0,2008 탎,2462 MHz,11,-79 dBm,Wi-Fi 1 (802.11b),False,312,="",="2/4/2026 6:48:55.451360930 AM",
="",9037,1.0,2016 탎,2462 MHz,11,-82 dBm,Wi-Fi 1 (802.11b),True,313,="",="2/4/2026 6:48:55.453766660 AM",
="",9041,11.0,401 탎,2462 MHz,11,-82 dBm,Wi-Fi 1 (802.11b),False,373,="",="2/4/2026 6:48:55.455825625 AM",
="",9042,11.0,418 탎,2462 MHz,11,-83 dBm,Wi-Fi 1 (802.11b),False,396,="",="2/4/2026 6:48:55.456240890 AM",
="",9043,11.0,358 탎,2462 MHz,11,-85 dBm,Wi-Fi 1 (802.11b),False,313,="",="2/4/2026 6:48:55.461365630 AM",
="",9044,11.0,415 탎,2462 MHz,11,-86 dBm,Wi-Fi 1 (802.11b),False,392,="",="2/4/2026 6:48:55.461739970 AM",
="",9045,11.0,443 탎,2462 MHz,11,-85 dBm,Wi-Fi 1 (802.11b),False,430,="",="2/4/2026 6:48:55.462176650 AM",
="",9046,1.0,2208 탎,2462 MHz,11,-85 dBm,Wi-Fi 1 (802.11b),False,337,="",="2/4/2026 6:48:55.469147725 AM",
="",9053,1.0,2160 탎,2462 MHz,11,-85 dBm,Wi-Fi 1 (802.11b),False,331,="",="2/4/2026 6:48:55.499463680 AM",
="",9054,1.0,2160 탎,2462 MHz,11,-83 dBm,Wi-Fi 1 (802.11b),False,331,="",="2/4/2026 6:48:55.501745415 AM",
="",9055,1.0,2208 탎,2462 MHz,11,-78 dBm,Wi-Fi 1 (802.11b),False,337,="",="2/4/2026 6:48:55.503936375 AM",
="",9056,1.0,1960 탎,2462 MHz,11,-83 dBm,Wi-Fi 1 (802.11b),False,306,="",="2/4/2026 6:48:55.506219580 AM",
="",9057,6.0,511 탎,2462 MHz,11,-65 dBm,Wi-Fi 3 (802.11g),False,446,="",="2/4/2026 6:48:55.510282010 AM",
="",9058,6.0,434 탎,2462 MHz,11,-65 dBm,Wi-Fi 3 (802.11g),False,388,="",="2/4/2026 6:48:55.510828460 AM",
="",9059,6.0,454 탎,2462 MHz,11,-64 dBm,Wi-Fi 3 (802.11g),False,403,="",="2/4/2026 6:48:55.511296270 AM",
="",9060,1.0,2160 탎,2462 MHz,11,-76 dBm,Wi-Fi 1 (802.11b),False,331,="",="2/4/2026 6:48:55.515107095 AM",
="",9061,1.0,1960 탎,2462 MHz,11,-77 dBm,Wi-Fi 1 (802.11b),False,306,="",="2/4/2026 6:48:55.517660740 AM",
="",9062,11.0,414 탎,2462 MHz,11,-80 dBm,Wi-Fi 1 (802.11b),False,390,="",="2/4/2026 6:48:55.540766965 AM",
="",9063,11.0,414 탎,2462 MHz,11,-79 dBm,Wi-Fi 1 (802.11b),True,390,="",="2/4/2026 6:48:55.541440130 AM",
="",9064,11.0,414 탎,2462 MHz,11,-80 dBm,Wi-Fi 1 (802.11b),True,390,="",="2/4/2026 6:48:55.543603740 AM",
="",9065,1.0,2160 탎,2462 MHz,11,-76 dBm,Wi-Fi 1 (802.11b),False,331,="",="2/4/2026 6:48:55.545943290 AM",
="",9066,1.0,2160 탎,2462 MHz,11,-83 dBm,Wi-Fi 1 (802.11b),False,331,="",="2/4/2026 6:48:55.548160475 AM",
="",9067,1.0,2160 탎,2462 MHz,11,-78 dBm,Wi-Fi 1 (802.11b),False,331,="",="2/4/2026 6:48:55.550380435 AM",
="",9068,1.0,1960 탎,2462 MHz,11,-86 dBm,Wi-Fi 1 (802.11b),False,306,="",="2/4/2026 6:48:55.554975445 AM",
="",9069,1.0,1960 탎,2462 MHz,11,-84 dBm,Wi-Fi 1 (802.11b),False,306,="",="2/4/2026 6:48:55.556988475 AM",
="",9070,1.0,1960 탎,2462 MHz,11,-84 dBm,Wi-Fi 1 (802.11b),False,306,="",="2/4/2026 6:48:55.561022215 AM",
="",9072,1.0,2160 탎,2462 MHz,11,-77 dBm,Wi-Fi 1 (802.11b),False,331,="",="2/4/2026 6:48:55.567432730 AM",
="",9073,1.0,2160 탎,2462 MHz,11,-78 dBm,Wi-Fi 1 (802.11b),False,331,="",="2/4/2026 6:48:55.569714120 AM",
="",9074,1.0,1960 탎,2462 MHz,11,-78 dBm,Wi-Fi 1 (802.11b),False,306,="",="2/4/2026 6:48:55.572018860 AM",
="",9075,1.0,1960 탎,2462 MHz,11,-78 dBm,Wi-Fi 1 (802.11b),False,306,="",="2/4/2026 6:48:55.574106480 AM",
="",9076,1.0,1960 탎,2462 MHz,11,-79 dBm,Wi-Fi 1 (802.11b),False,306,="",="2/4/2026 6:48:55.576187980 AM",
="",9077,1.0,2208 탎,2462 MHz,11,-84 dBm,Wi-Fi 1 (802.11b),False,337,="",="2/4/2026 6:48:55.578185980 AM",
="",9083,1.0,2208 탎,2462 MHz,11,-80 dBm,Wi-Fi 1 (802.11b),False,337,="",="2/4/2026 6:48:55.604976970 AM",
="",9085,6.0,511 탎,2462 MHz,11,-66 dBm,Wi-Fi 3 (802.11g),False,446,="",="2/4/2026 6:48:55.612695655 AM",
="",9087,6.0,599 탎,2462 MHz,11,-65 dBm,Wi-Fi 3 (802.11g),False,229,="",="2/4/2026 6:48:55.614151730 AM",
="",9088,6.0,626 탎,2462 MHz,11,-66 dBm,Wi-Fi 3 (802.11g),False,229,="",="2/4/2026 6:48:55.614777870 AM",
="",9089,6.0,627 탎,2462 MHz,11,-66 dBm,Wi-Fi 3 (802.11g),False,229,="",="2/4/2026 6:48:55.615432285 AM",
="",9090,6.0,654 탎,2462 MHz,11,-65 dBm,Wi-Fi 3 (802.11g),False,229,="",="2/4/2026 6:48:55.616089480 AM",
="",9096,1.0,2008 탎,2462 MHz,11,-80 dBm,Wi-Fi 1 (802.11b),False,312,="",="2/4/2026 6:48:55.656536720 AM",
="",9097,1.0,1768 탎,2462 MHz,11,-83 dBm,Wi-Fi 1 (802.11b),False,229,="",="2/4/2026 6:48:55.658589500 AM",
="",9098,11.0,401 탎,2462 MHz,11,-83 dBm,Wi-Fi 1 (802.11b),False,373,="",="2/4/2026 6:48:55.660646425 AM",
="",9099,11.0,418 탎,2462 MHz,11,-84 dBm,Wi-Fi 1 (802.11b),False,396,="",="2/4/2026 6:48:55.661048380 AM",
="",9100,11.0,358 탎,2462 MHz,11,-85 dBm,Wi-Fi 1 (802.11b),False,313,="",="2/4/2026 6:48:55.666205605 AM",
="",9101,11.0,415 탎,2462 MHz,11,-85 dBm,Wi-Fi 1 (802.11b),False,392,="",="2/4/2026 6:48:55.666576770 AM",
="",9102,11.0,443 탎,2462 MHz,11,-85 dBm,Wi-Fi 1 (802.11b),False,430,="",="2/4/2026 6:48:55.667008450 AM",
="",9103,11.0,394 탎,2462 MHz,11,-85 dBm,Wi-Fi 1 (802.11b),True,229,="",="2/4/2026 6:48:55.667460955 AM",
="",9104,1.0,2208 탎,2462 MHz,11,-84 dBm,Wi-Fi 1 (802.11b),False,337,="",="2/4/2026 6:48:55.673948590 AM",
="",9108,1.0,2096 탎,2462 MHz,11,-89 dBm,Wi-Fi 1 (802.11b),False,323,="",="2/4/2026 6:48:55.698678995 AM",
="",9110,1.0,2208 탎,2462 MHz,11,-82 dBm,Wi-Fi 1 (802.11b),False,337,="",="2/4/2026 6:48:55.707361935 AM",
="",9111,6.0,511 탎,2462 MHz,11,-68 dBm,Wi-Fi 3 (802.11g),False,446,="",="2/4/2026 6:48:55.715108450 AM",
="",9112,6.0,434 탎,2462 MHz,11,-67 dBm,Wi-Fi 3 (802.11g),False,388,="",="2/4/2026 6:48:55.715637740 AM",
="",9113,6.0,454 탎,2462 MHz,11,-68 dBm,Wi-Fi 3 (802.11g),False,403,="",="2/4/2026 6:48:55.716104470 AM",
="",9117,1.0,872 탎,2462 MHz,11,-87 dBm,Wi-Fi 1 (802.11b),False,170,="",="2/4/2026 6:48:55.748535015 AM",
="",9121,1.0,2016 탎,2462 MHz,11,-83 dBm,Wi-Fi 1 (802.11b),False,313,="",="2/4/2026 6:48:55.760994960 AM",
="",9122,11.0,401 탎,2462 MHz,11,-82 dBm,Wi-Fi 1 (802.11b),False,373,="",="2/4/2026 6:48:55.763027005 AM",
="",9123,11.0,418 탎,2462 MHz,11,-83 dBm,Wi-Fi 1 (802.11b),False,396,="",="2/4/2026 6:48:55.763442375 AM",
="",9124,11.0,358 탎,2462 MHz,11,-86 dBm,Wi-Fi 1 (802.11b),True,313,="",="2/4/2026 6:48:55.768572650 AM",
="",9125,11.0,415 탎,2462 MHz,11,-85 dBm,Wi-Fi 1 (802.11b),False,392,="",="2/4/2026 6:48:55.768955655 AM",
="",9126,11.0,443 탎,2462 MHz,11,-85 dBm,Wi-Fi 1 (802.11b),False,430,="",="2/4/2026 6:48:55.769372175 AM",
="",9127,1.0,2208 탎,2462 MHz,11,-87 dBm,Wi-Fi 1 (802.11b),False,337,="",="2/4/2026 6:48:55.776348370 AM",
="",9131,1.0,2208 탎,2462 MHz,11,-77 dBm,Wi-Fi 1 (802.11b),False,337,="",="2/4/2026 6:48:55.809762050 AM",
="",9132,6.0,511 탎,2462 MHz,11,-69 dBm,Wi-Fi 3 (802.11g),False,446,="",="2/4/2026 6:48:55.817488510 AM",
="",9133,6.0,434 탎,2462 MHz,11,-69 dBm,Wi-Fi 3 (802.11g),False,388,="",="2/4/2026 6:48:55.818031680 AM",
="",9134,6.0,454 탎,2462 MHz,11,-69 dBm,Wi-Fi 3 (802.11g),False,403,="",="2/4/2026 6:48:55.818499890 AM",
="",9135,1.0,2208 탎,2462 MHz,11,-89 dBm,Wi-Fi 1 (802.11b),False,337,="",="2/4/2026 6:48:55.849637305 AM",
="",9136,6.0,425 탎,2462 MHz,11,-86 dBm,Wi-Fi 3 (802.11g),False,381,="",="2/4/2026 6:48:55.852487660 AM",
="",9137,1.0,2008 탎,2462 MHz,11,-77 dBm,Wi-Fi 1 (802.11b),False,312,="",="2/4/2026 6:48:55.860962090 AM",
="",9138,11.0,401 탎,2462 MHz,11,-82 dBm,Wi-Fi 1 (802.11b),False,373,="",="2/4/2026 6:48:55.865428080 AM",
="",9139,11.0,418 탎,2462 MHz,11,-83 dBm,Wi-Fi 1 (802.11b),False,396,="",="2/4/2026 6:48:55.865843250 AM",
="",9140,11.0,358 탎,2462 MHz,11,-85 dBm,Wi-Fi 1 (802.11b),False,313,="",="2/4/2026 6:48:55.872369045 AM",
="",9141,11.0,415 탎,2462 MHz,11,-84 dBm,Wi-Fi 1 (802.11b),False,392,="",="2/4/2026 6:48:55.872742650 AM",
="",9142,11.0,443 탎,2462 MHz,11,-84 dBm,Wi-Fi 1 (802.11b),False,430,="",="2/4/2026 6:48:55.873174290 AM",
="",9143,11.0,202 탎,2462 MHz,11,-89 dBm,Wi-Fi 1 (802.11b),False,99,="",="2/4/2026 6:48:55.873706990 AM",
="",9144,6.0,338 탎,2462 MHz,11,-88 dBm,Wi-Fi 3 (802.11g),False,316,="",="2/4/2026 6:48:55.874950040 AM",
="",9151,1.0,2208 탎,2462 MHz,11,-77 dBm,Wi-Fi 1 (802.11b),False,337,="",="2/4/2026 6:48:55.912191500 AM",
="",9152,6.0,511 탎,2462 MHz,11,-67 dBm,Wi-Fi 3 (802.11g),False,446,="",="2/4/2026 6:48:55.919911320 AM",
="",9153,6.0,434 탎,2462 MHz,11,-67 dBm,Wi-Fi 3 (802.11g),False,388,="",="2/4/2026 6:48:55.920446370 AM",
="",9154,6.0,454 탎,2462 MHz,11,-67 dBm,Wi-Fi 3 (802.11g),False,403,="",="2/4/2026 6:48:55.920925460 AM",
="",9155,6.0,242 탎,2462 MHz,11,-67 dBm,Wi-Fi 3 (802.11g),False,229,="",="2/4/2026 6:48:55.921402180 AM",
="",9156,6.0,269 탎,2462 MHz,11,-67 dBm,Wi-Fi 3 (802.11g),False,229,="",="2/4/2026 6:48:55.921646110 AM",
="",9157,6.0,219 탎,2462 MHz,11,-68 dBm,Wi-Fi 3 (802.11g),False,227,="",="2/4/2026 6:48:55.921944110 AM",
="",9158,6.0,246 탎,2462 MHz,11,-68 dBm,Wi-Fi 3 (802.11g),False,229,="",="2/4/2026 6:48:55.922190630 AM",
="",9159,1.0,2008 탎,2462 MHz,11,-78 dBm,Wi-Fi 1 (802.11b),False,312,="",="2/4/2026 6:48:55.963361860 AM",
="",9160,11.0,401 탎,2462 MHz,11,-84 dBm,Wi-Fi 1 (802.11b),False,373,="",="2/4/2026 6:48:55.967828595 AM",
="",9161,11.0,415 탎,2462 MHz,11,-87 dBm,Wi-Fi 1 (802.11b),True,392,="",="2/4/2026 6:48:55.973713230 AM",
="",9165,1.0,2208 탎,2462 MHz,11,-79 dBm,Wi-Fi 1 (802.11b),False,337,="",="2/4/2026 6:48:56.014562560 AM",
="",9169,6.0,511 탎,2462 MHz,11,-67 dBm,Wi-Fi 3 (802.11g),False,446,="",="2/4/2026 6:48:56.022313595 AM",
="",9170,6.0,434 탎,2462 MHz,11,-67 dBm,Wi-Fi 3 (802.11g),False,388,="",="2/4/2026 6:48:56.022858325 AM",
="",9171,6.0,454 탎,2462 MHz,11,-67 dBm,Wi-Fi 3 (802.11g),False,403,="",="2/4/2026 6:48:56.023337015 AM",
="",9172,6.0,1570 탎,2462 MHz,11,-67 dBm,Wi-Fi 3 (802.11g),False,229,="",="2/4/2026 6:48:56.023791515 AM",
="",9173,6.0,1597 탎,2462 MHz,11,-66 dBm,Wi-Fi 3 (802.11g),False,229,="",="2/4/2026 6:48:56.025386085 AM",
="",9177,1.0,952 탎,2462 MHz,11,-46 dBm,Wi-Fi 1 (802.11b),False,180,="",="2/4/2026 6:48:56.061790640 AM",
="",9178,6.0,655 탎,2462 MHz,11,-66 dBm,Wi-Fi 3 (802.11g),False,554,="",="2/4/2026 6:48:56.063274535 AM",
="",9179,6.0,49 탎,2462 MHz,11,-46 dBm,Wi-Fi 3 (802.11g),False,99,="",="2/4/2026 6:48:56.063930365 AM",
="",9180,11.0,414 탎,2462 MHz,11,-81 dBm,Wi-Fi 1 (802.11b),False,390,="",="2/4/2026 6:48:56.064195095 AM",
="",9181,11.0,202 탎,2462 MHz,11,-46 dBm,Wi-Fi 1 (802.11b),False,99,="",="2/4/2026 6:48:56.064609410 AM",
="",9182,11.0,414 탎,2462 MHz,11,-82 dBm,Wi-Fi 1 (802.11b),False,390,="",="2/4/2026 6:48:56.065016855 AM",
="",9183,11.0,202 탎,2462 MHz,11,-46 dBm,Wi-Fi 1 (802.11b),False,99,="",="2/4/2026 6:48:56.065431170 AM",
="",9184,11.0,414 탎,2462 MHz,11,-83 dBm,Wi-Fi 1 (802.11b),False,390,="",="2/4/2026 6:48:56.065755210 AM",
="",9185,1.0,2016 탎,2462 MHz,11,-82 dBm,Wi-Fi 1 (802.11b),False,313,="",="2/4/2026 6:48:56.068196890 AM",
="",9186,11.0,401 탎,2462 MHz,11,-82 dBm,Wi-Fi 1 (802.11b),False,373,="",="2/4/2026 6:48:56.070229455 AM",
="",9187,11.0,418 탎,2462 MHz,11,-81 dBm,Wi-Fi 1 (802.11b),False,396,="",="2/4/2026 6:48:56.070646545 AM",
="",9188,1.0,2208 탎,2462 MHz,11,-87 dBm,Wi-Fi 1 (802.11b),False,337,="",="2/4/2026 6:48:56.083548580 AM",
="",9192,6.0,157 탎,2462 MHz,11,-45 dBm,Wi-Fi 3 (802.11g),False,180,="",="2/4/2026 6:48:56.123227605 AM",
="",9193,6.0,511 탎,2462 MHz,11,-67 dBm,Wi-Fi 3 (802.11g),False,446,="",="2/4/2026 6:48:56.124709400 AM",
="",9194,6.0,434 탎,2462 MHz,11,-67 dBm,Wi-Fi 3 (802.11g),False,388,="",="2/4/2026 6:48:56.125235810 AM",
="",9195,6.0,454 탎,2462 MHz,11,-67 dBm,Wi-Fi 3 (802.11g),False,403,="",="2/4/2026 6:48:56.125705420 AM",
="",9200,1.0,2208 탎,2462 MHz,11,-87 dBm,Wi-Fi 1 (802.11b),False,337,="",="2/4/2026 6:48:56.157079045 AM",
="",9201,6.0,425 탎,2462 MHz,11,-88 dBm,Wi-Fi 3 (802.11g),False,381,="",="2/4/2026 6:48:56.159637720 AM",
="",9202,1.0,2008 탎,2462 MHz,11,-85 dBm,Wi-Fi 1 (802.11b),False,312,="",="2/4/2026 6:48:56.168162620 AM",
="",9203,1.0,2016 탎,2462 MHz,11,-77 dBm,Wi-Fi 1 (802.11b),False,313,="",="2/4/2026 6:48:56.170597230 AM",
="",9204,11.0,401 탎,2462 MHz,11,-78 dBm,Wi-Fi 1 (802.11b),False,373,="",="2/4/2026 6:48:56.172630115 AM",
="",9205,11.0,418 탎,2462 MHz,11,-79 dBm,Wi-Fi 1 (802.11b),False,396,="",="2/4/2026 6:48:56.173044845 AM",
="",9206,11.0,358 탎,2462 MHz,11,-88 dBm,Wi-Fi 1 (802.11b),True,313,="",="2/4/2026 6:48:56.178143225 AM",
="",9207,11.0,415 탎,2462 MHz,11,-88 dBm,Wi-Fi 1 (802.11b),True,392,="",="2/4/2026 6:48:56.178514030 AM",
="",9208,11.0,443 탎,2462 MHz,11,-87 dBm,Wi-Fi 1 (802.11b),True,430,="",="2/4/2026 6:48:56.178947445 AM",
="",9209,6.0,338 탎,2462 MHz,11,-89 dBm,Wi-Fi 3 (802.11g),False,316,="",="2/4/2026 6:48:56.182157610 AM",
="",9210,1.0,2208 탎,2462 MHz,11,-88 dBm,Wi-Fi 1 (802.11b),False,337,="",="2/4/2026 6:48:56.185948800 AM",
="",9214,6.0,511 탎,2462 MHz,11,-67 dBm,Wi-Fi 3 (802.11g),False,446,="",="2/4/2026 6:48:56.227102180 AM",
="",9215,6.0,434 탎,2462 MHz,11,-67 dBm,Wi-Fi 3 (802.11g),False,388,="",="2/4/2026 6:48:56.227646605 AM",
="",9216,6.0,454 탎,2462 MHz,11,-67 dBm,Wi-Fi 3 (802.11g),False,403,="",="2/4/2026 6:48:56.228097880 AM",
="",9217,6.0,425 탎,2462 MHz,11,-86 dBm,Wi-Fi 3 (802.11g),False,381,="",="2/4/2026 6:48:56.262075315 AM",
="",9218,1.0,2008 탎,2462 MHz,11,-85 dBm,Wi-Fi 1 (802.11b),False,312,="",="2/4/2026 6:48:56.270562880 AM",
="",9219,1.0,2016 탎,2462 MHz,11,-78 dBm,Wi-Fi 1 (802.11b),False,313,="",="2/4/2026 6:48:56.272995010 AM",
="",9220,11.0,401 탎,2462 MHz,11,-80 dBm,Wi-Fi 1 (802.11b),False,373,="",="2/4/2026 6:48:56.275030135 AM",
="",9221,11.0,418 탎,2462 MHz,11,-79 dBm,Wi-Fi 1 (802.11b),False,396,="",="2/4/2026 6:48:56.275445520 AM",
="",9223,6.0,338 탎,2462 MHz,11,-88 dBm,Wi-Fi 3 (802.11g),False,316,="",="2/4/2026 6:48:56.284556910 AM",
="",9226,1.0,2208 탎,2462 MHz,11,-84 dBm,Wi-Fi 1 (802.11b),False,337,="",="2/4/2026 6:48:56.321763180 AM",
="",9232,6.0,511 탎,2462 MHz,11,-66 dBm,Wi-Fi 3 (802.11g),False,446,="",="2/4/2026 6:48:56.329511520 AM",
="",9234,6.0,434 탎,2462 MHz,11,-66 dBm,Wi-Fi 3 (802.11g),False,388,="",="2/4/2026 6:48:56.330042410 AM",
="",9235,6.0,454 탎,2462 MHz,11,-66 dBm,Wi-Fi 3 (802.11g),False,403,="",="2/4/2026 6:48:56.330520835 AM",
="",9236,1.0,1768 탎,2462 MHz,11,-83 dBm,Wi-Fi 1 (802.11b),False,229,="",="2/4/2026 6:48:56.356451245 AM",
="",9237,6.0,425 탎,2462 MHz,11,-84 dBm,Wi-Fi 3 (802.11g),False,381,="",="2/4/2026 6:48:56.364478255 AM",
="",9238,1.0,2016 탎,2462 MHz,11,-75 dBm,Wi-Fi 1 (802.11b),False,313,="",="2/4/2026 6:48:56.375401150 AM",
="",9239,11.0,401 탎,2462 MHz,11,-76 dBm,Wi-Fi 1 (802.11b),False,373,="",="2/4/2026 6:48:56.377430955 AM",
="",9240,11.0,311 탎,2462 MHz,11,-76 dBm,Wi-Fi 1 (802.11b),False,229,="",="2/4/2026 6:48:56.378284825 AM",
="",9241,11.0,358 탎,2462 MHz,11,-89 dBm,Wi-Fi 1 (802.11b),True,313,="",="2/4/2026 6:48:56.382944625 AM",
="",9242,6.0,338 탎,2462 MHz,11,-87 dBm,Wi-Fi 3 (802.11g),False,316,="",="2/4/2026 6:48:56.386957650 AM",
="",9243,1.0,2208 탎,2462 MHz,11,-83 dBm,Wi-Fi 1 (802.11b),False,337,="",="2/4/2026 6:48:56.424163065 AM",
="",9247,6.0,511 탎,2462 MHz,11,-68 dBm,Wi-Fi 3 (802.11g),False,446,="",="2/4/2026 6:48:56.431917780 AM",
="",9248,6.0,434 탎,2462 MHz,11,-68 dBm,Wi-Fi 3 (802.11g),False,388,="",="2/4/2026 6:48:56.432444630 AM",
="",9249,6.0,454 탎,2462 MHz,11,-69 dBm,Wi-Fi 3 (802.11g),False,403,="",="2/4/2026 6:48:56.432914120 AM",
="",9255,6.0,425 탎,2462 MHz,11,-87 dBm,Wi-Fi 3 (802.11g),False,381,="",="2/4/2026 6:48:56.467130285 AM",
="",9256,1.0,2008 탎,2462 MHz,11,-80 dBm,Wi-Fi 1 (802.11b),False,312,="",="2/4/2026 6:48:56.475365905 AM",
="",9257,1.0,2016 탎,2462 MHz,11,-77 dBm,Wi-Fi 1 (802.11b),False,313,="",="2/4/2026 6:48:56.477801675 AM",
="",9258,11.0,401 탎,2462 MHz,11,-78 dBm,Wi-Fi 1 (802.11b),False,373,="",="2/4/2026 6:48:56.479836160 AM",
="",9259,11.0,418 탎,2462 MHz,11,-77 dBm,Wi-Fi 1 (802.11b),False,396,="",="2/4/2026 6:48:56.480246850 AM",
="",9260,6.0,338 탎,2462 MHz,11,-86 dBm,Wi-Fi 3 (802.11g),False,316,="",="2/4/2026 6:48:56.489359975 AM",
="",9261,1.0,2208 탎,2462 MHz,11,-86 dBm,Wi-Fi 1 (802.11b),False,337,="",="2/4/2026 6:48:56.493157325 AM",
="",9265,6.0,511 탎,2462 MHz,11,-71 dBm,Wi-Fi 3 (802.11g),False,446,="",="2/4/2026 6:48:56.534319225 AM",
="",9267,6.0,434 탎,2462 MHz,11,-70 dBm,Wi-Fi 3 (802.11g),False,388,="",="2/4/2026 6:48:56.534854875 AM",
="",9268,6.0,454 탎,2462 MHz,11,-70 dBm,Wi-Fi 3 (802.11g),False,403,="",="2/4/2026 6:48:56.535306885 AM",
="",9272,1.0,872 탎,2462 MHz,11,-80 dBm,Wi-Fi 1 (802.11b),False,170,="",="2/4/2026 6:48:56.565557965 AM",
="",9273,1.0,2016 탎,2462 MHz,11,-80 dBm,Wi-Fi 1 (802.11b),False,313,="",="2/4/2026 6:48:56.580202255 AM",
="",9274,11.0,401 탎,2462 MHz,11,-80 dBm,Wi-Fi 1 (802.11b),False,373,="",="2/4/2026 6:48:56.582232500 AM",
="",9275,11.0,418 탎,2462 MHz,11,-80 dBm,Wi-Fi 1 (802.11b),False,396,="",="2/4/2026 6:48:56.582647750 AM",
="",9276,1.0,2208 탎,2462 MHz,11,-85 dBm,Wi-Fi 1 (802.11b),False,337,="",="2/4/2026 6:48:56.595552265 AM",
="",9283,6.0,511 탎,2462 MHz,11,-67 dBm,Wi-Fi 3 (802.11g),False,446,="",="2/4/2026 6:48:56.636717765 AM",
="",9284,6.0,434 탎,2462 MHz,11,-68 dBm,Wi-Fi 3 (802.11g),False,388,="",="2/4/2026 6:48:56.637262190 AM",
="",9285,6.0,454 탎,2462 MHz,11,-68 dBm,Wi-Fi 3 (802.11g),False,403,="",="2/4/2026 6:48:56.637731560 AM",
="",9286,6.0,153 탎,2462 MHz,11,-68 dBm,Wi-Fi 3 (802.11g),False,177,="",="2/4/2026 6:48:56.638186950 AM",
="",9287,11.0,401 탎,2462 MHz,11,-84 dBm,Wi-Fi 1 (802.11b),False,373,="",="2/4/2026 6:48:56.684630360 AM",
="",9288,6.0,338 탎,2462 MHz,11,-87 dBm,Wi-Fi 3 (802.11g),False,316,="",="2/4/2026 6:48:56.694162695 AM",
="",9292,1.0,2208 탎,2462 MHz,11,-87 dBm,Wi-Fi 1 (802.11b),False,337,="",="2/4/2026 6:48:56.697952125 AM",
="",9293,1.0,2208 탎,2462 MHz,11,-83 dBm,Wi-Fi 1 (802.11b),False,337,="",="2/4/2026 6:48:56.731378725 AM",
="",9295,6.0,511 탎,2462 MHz,11,-68 dBm,Wi-Fi 3 (802.11g),False,446,="",="2/4/2026 6:48:56.739096265 AM",
="",9297,6.0,434 탎,2462 MHz,11,-67 dBm,Wi-Fi 3 (802.11g),False,388,="",="2/4/2026 6:48:56.739649770 AM",
="",9299,6.0,454 탎,2462 MHz,11,-67 dBm,Wi-Fi 3 (802.11g),False,403,="",="2/4/2026 6:48:56.740128540 AM",
="",9300,1.0,2016 탎,2462 MHz,11,-80 dBm,Wi-Fi 1 (802.11b),False,313,="",="2/4/2026 6:48:56.785001470 AM",
="",9301,11.0,401 탎,2462 MHz,11,-79 dBm,Wi-Fi 1 (802.11b),False,373,="",="2/4/2026 6:48:56.787033475 AM",
="",9302,11.0,418 탎,2462 MHz,11,-80 dBm,Wi-Fi 1 (802.11b),False,396,="",="2/4/2026 6:48:56.787449205 AM",
="",9306,1.0,2208 탎,2462 MHz,11,-85 dBm,Wi-Fi 1 (802.11b),False,337,="",="2/4/2026 6:48:56.833766760 AM",
="",9307,6.0,511 탎,2462 MHz,11,-71 dBm,Wi-Fi 3 (802.11g),False,446,="",="2/4/2026 6:48:56.841517955 AM",
="",9308,6.0,434 탎,2462 MHz,11,-71 dBm,Wi-Fi 3 (802.11g),False,388,="",="2/4/2026 6:48:56.842065060 AM",
="",9309,6.0,454 탎,2462 MHz,11,-71 dBm,Wi-Fi 3 (802.11g),False,403,="",="2/4/2026 6:48:56.842522935 AM",
="",9313,1.0,2008 탎,2462 MHz,11,-85 dBm,Wi-Fi 1 (802.11b),False,312,="",="2/4/2026 6:48:56.884966375 AM",
="",9314,11.0,401 탎,2462 MHz,11,-81 dBm,Wi-Fi 1 (802.11b),False,373,="",="2/4/2026 6:48:56.889434390 AM",
="",9315,11.0,418 탎,2462 MHz,11,-81 dBm,Wi-Fi 1 (802.11b),False,396,="",="2/4/2026 6:48:56.889882830 AM",
="",9319,6.0,338 탎,2462 MHz,11,-87 dBm,Wi-Fi 3 (802.11g),False,316,="",="2/4/2026 6:48:56.899010355 AM",
="",9320,1.0,2208 탎,2462 MHz,11,-82 dBm,Wi-Fi 1 (802.11b),False,337,="",="2/4/2026 6:48:56.936214125 AM",
="",9321,6.0,511 탎,2462 MHz,11,-67 dBm,Wi-Fi 3 (802.11g),False,446,="",="2/4/2026 6:48:56.943914450 AM",
="",9322,6.0,434 탎,2462 MHz,11,-67 dBm,Wi-Fi 3 (802.11g),False,388,="",="2/4/2026 6:48:56.944449595 AM",
="",9323,6.0,454 탎,2462 MHz,11,-67 dBm,Wi-Fi 3 (802.11g),False,403,="",="2/4/2026 6:48:56.944919405 AM",
="",9324,6.0,1570 탎,2462 MHz,11,-67 dBm,Wi-Fi 3 (802.11g),False,229,="",="2/4/2026 6:48:56.945373905 AM",
="",9325,6.0,1597 탎,2462 MHz,11,-67 dBm,Wi-Fi 3 (802.11g),True,229,="",="2/4/2026 6:48:56.946970860 AM",
="",9333,6.0,425 탎,2462 MHz,11,-86 dBm,Wi-Fi 3 (802.11g),False,381,="",="2/4/2026 6:48:56.978884905 AM",
="",9334,1.0,2008 탎,2462 MHz,11,-85 dBm,Wi-Fi 1 (802.11b),False,312,="",="2/4/2026 6:48:56.987363710 AM",
="",9335,1.0,2016 탎,2462 MHz,11,-80 dBm,Wi-Fi 1 (802.11b),False,313,="",="2/4/2026 6:48:56.989801920 AM",
="",9336,11.0,401 탎,2462 MHz,11,-80 dBm,Wi-Fi 1 (802.11b),False,373,="",="2/4/2026 6:48:56.991837700 AM",
="",9337,11.0,418 탎,2462 MHz,11,-79 dBm,Wi-Fi 1 (802.11b),False,396,="",="2/4/2026 6:48:56.992252750 AM",
="",9338,11.0,414 탎,2462 MHz,11,-78 dBm,Wi-Fi 1 (802.11b),False,390,="",="2/4/2026 6:48:56.992695750 AM",
="",9339,11.0,414 탎,2462 MHz,11,-78 dBm,Wi-Fi 1 (802.11b),False,390,="",="2/4/2026 6:48:56.995527765 AM",
="",9340,11.0,414 탎,2462 MHz,11,-79 dBm,Wi-Fi 1 (802.11b),False,390,="",="2/4/2026 6:48:56.996161795 AM",
="",9341,1.0,2208 탎,2462 MHz,11,-83 dBm,Wi-Fi 1 (802.11b),False,337,="",="2/4/2026 6:48:57.008032455 AM",
="",9342,1.0,2160 탎,2462 MHz,11,-86 dBm,Wi-Fi 1 (802.11b),False,331,="",="2/4/2026 6:48:57.012595365 AM",
="",9343,1.0,1960 탎,2462 MHz,11,-85 dBm,Wi-Fi 1 (802.11b),False,306,="",="2/4/2026 6:48:57.014893745 AM",
="",9344,1.0,1960 탎,2462 MHz,11,-84 dBm,Wi-Fi 1 (802.11b),False,306,="",="2/4/2026 6:48:57.023437995 AM",
="",9345,6.0,511 탎,2462 MHz,11,-68 dBm,Wi-Fi 3 (802.11g),False,446,="",="2/4/2026 6:48:57.046302630 AM",
="",9346,6.0,434 탎,2462 MHz,11,-68 dBm,Wi-Fi 3 (802.11g),False,388,="",="2/4/2026 6:48:57.046838415 AM",
="",9347,6.0,454 탎,2462 MHz,11,-68 dBm,Wi-Fi 3 (802.11g),False,403,="",="2/4/2026 6:48:57.047308745 AM",
="",9351,11.0,415 탎,2462 MHz,11,-86 dBm,Wi-Fi 1 (802.11b),False,392,="",="2/4/2026 6:48:57.062107695 AM",
="",9352,6.0,425 탎,2462 MHz,11,-85 dBm,Wi-Fi 3 (802.11g),False,381,="",="2/4/2026 6:48:57.081423585 AM",
="",9353,1.0,2008 탎,2462 MHz,11,-85 dBm,Wi-Fi 1 (802.11b),False,312,="",="2/4/2026 6:48:57.089890030 AM",
="",9354,1.0,2016 탎,2462 MHz,11,-82 dBm,Wi-Fi 1 (802.11b),True,313,="",="2/4/2026 6:48:57.092176325 AM",
="",9358,11.0,401 탎,2462 MHz,11,-83 dBm,Wi-Fi 1 (802.11b),False,373,="",="2/4/2026 6:48:57.094235465 AM",
="",9359,11.0,418 탎,2462 MHz,11,-82 dBm,Wi-Fi 1 (802.11b),False,396,="",="2/4/2026 6:48:57.094652450 AM",
="",9363,6.0,338 탎,2462 MHz,11,-88 dBm,Wi-Fi 3 (802.11g),False,316,="",="2/4/2026 6:48:57.103772360 AM",
="",9366,1.0,2208 탎,2462 MHz,11,-81 dBm,Wi-Fi 1 (802.11b),False,337,="",="2/4/2026 6:48:57.140967935 AM",
="",9367,6.0,511 탎,2462 MHz,11,-65 dBm,Wi-Fi 3 (802.11g),False,446,="",="2/4/2026 6:48:57.148703370 AM",
="",9368,6.0,434 탎,2462 MHz,11,-65 dBm,Wi-Fi 3 (802.11g),False,388,="",="2/4/2026 6:48:57.149239500 AM",
="",9369,6.0,454 탎,2462 MHz,11,-65 dBm,Wi-Fi 3 (802.11g),False,403,="",="2/4/2026 6:48:57.149708470 AM",
="",9370,11.0,359 탎,2462 MHz,11,-86 dBm,Wi-Fi 1 (802.11b),False,314,="",="2/4/2026 6:48:57.164549310 AM",
="",9379,1.0,2008 탎,2462 MHz,11,-85 dBm,Wi-Fi 1 (802.11b),False,312,="",="2/4/2026 6:48:57.192549595 AM",
="",9380,1.0,2016 탎,2462 MHz,11,-84 dBm,Wi-Fi 1 (802.11b),False,313,="",="2/4/2026 6:48:57.194603560 AM",
="",9381,11.0,401 탎,2462 MHz,11,-83 dBm,Wi-Fi 1 (802.11b),False,373,="",="2/4/2026 6:48:57.196638805 AM",
="",9382,11.0,418 탎,2462 MHz,11,-83 dBm,Wi-Fi 1 (802.11b),True,396,="",="2/4/2026 6:48:57.197028655 AM",
="",9383,6.0,338 탎,2462 MHz,11,-88 dBm,Wi-Fi 3 (802.11g),False,316,="",="2/4/2026 6:48:57.206175420 AM",
="",9387,1.0,2208 탎,2462 MHz,11,-84 dBm,Wi-Fi 1 (802.11b),False,337,="",="2/4/2026 6:48:57.243367450 AM",
="",9388,6.0,511 탎,2462 MHz,11,-65 dBm,Wi-Fi 3 (802.11g),False,446,="",="2/4/2026 6:48:57.251102045 AM",
="",9389,6.0,434 탎,2462 MHz,11,-65 dBm,Wi-Fi 3 (802.11g),False,388,="",="2/4/2026 6:48:57.251646575 AM",
="",9390,6.0,454 탎,2462 MHz,11,-65 dBm,Wi-Fi 3 (802.11g),False,403,="",="2/4/2026 6:48:57.252128345 AM",
="",9391,11.0,359 탎,2462 MHz,11,-87 dBm,Wi-Fi 1 (802.11b),False,314,="",="2/4/2026 6:48:57.266536780 AM",
="",9392,11.0,415 탎,2462 MHz,11,-87 dBm,Wi-Fi 1 (802.11b),True,392,="",="2/4/2026 6:48:57.266882135 AM",
="",9396,11.0,415 탎,2462 MHz,11,-87 dBm,Wi-Fi 1 (802.11b),True,392,="",="2/4/2026 6:48:57.285370900 AM",
="",9397,1.0,2016 탎,2462 MHz,11,-82 dBm,Wi-Fi 1 (802.11b),False,313,="",="2/4/2026 6:48:57.297004035 AM",
="",9398,11.0,401 탎,2462 MHz,11,-84 dBm,Wi-Fi 1 (802.11b),False,373,="",="2/4/2026 6:48:57.299039160 AM",
="",9399,11.0,418 탎,2462 MHz,11,-82 dBm,Wi-Fi 1 (802.11b),False,396,="",="2/4/2026 6:48:57.299451865 AM",
="",9400,1.0,2208 탎,2462 MHz,11,-80 dBm,Wi-Fi 1 (802.11b),False,337,="",="2/4/2026 6:48:57.345767900 AM",
="",9401,6.0,511 탎,2462 MHz,11,-69 dBm,Wi-Fi 3 (802.11g),False,446,="",="2/4/2026 6:48:57.353503120 AM",
="",9402,6.0,434 탎,2462 MHz,11,-69 dBm,Wi-Fi 3 (802.11g),False,388,="",="2/4/2026 6:48:57.354047690 AM",
="",9403,6.0,454 탎,2462 MHz,11,-69 dBm,Wi-Fi 3 (802.11g),False,403,="",="2/4/2026 6:48:57.354517180 AM",
="",9410,1.0,2008 탎,2462 MHz,11,-83 dBm,Wi-Fi 1 (802.11b),False,312,="",="2/4/2026 6:48:57.396978740 AM",
="",9411,6.0,338 탎,2462 MHz,11,-88 dBm,Wi-Fi 3 (802.11g),False,316,="",="2/4/2026 6:48:57.410974930 AM",
="",9412,1.0,2424 탎,2462 MHz,11,-90 dBm,Wi-Fi 1 (802.11b),False,364,="",="2/4/2026 6:48:57.429087030 AM",
="",9413,1.0,2208 탎,2462 MHz,11,-82 dBm,Wi-Fi 1 (802.11b),False,337,="",="2/4/2026 6:48:57.448164945 AM",
="",9414,6.0,511 탎,2462 MHz,11,-67 dBm,Wi-Fi 3 (802.11g),False,446,="",="2/4/2026 6:48:57.455932675 AM",
="",9415,6.0,434 탎,2462 MHz,11,-67 dBm,Wi-Fi 3 (802.11g),False,388,="",="2/4/2026 6:48:57.456477325 AM",
="",9416,6.0,454 탎,2462 MHz,11,-67 dBm,Wi-Fi 3 (802.11g),False,403,="",="2/4/2026 6:48:57.456926575 AM",
="",9423,1.0,2008 탎,2462 MHz,11,-85 dBm,Wi-Fi 1 (802.11b),False,312,="",="2/4/2026 6:48:57.499365320 AM",
="",9424,11.0,401 탎,2462 MHz,11,-84 dBm,Wi-Fi 1 (802.11b),True,373,="",="2/4/2026 6:48:57.503808960 AM",
="",9425,11.0,418 탎,2462 MHz,11,-84 dBm,Wi-Fi 1 (802.11b),False,396,="",="2/4/2026 6:48:57.504256065 AM",
="",9430,6.0,338 탎,2462 MHz,11,-86 dBm,Wi-Fi 3 (802.11g),False,316,="",="2/4/2026 6:48:57.513377470 AM",
="",9431,6.0,313 탎,2462 MHz,11,-69 dBm,Wi-Fi 3 (802.11g),False,229,="",="2/4/2026 6:48:57.518928665 AM",
="",9432,6.0,511 탎,2462 MHz,11,-68 dBm,Wi-Fi 3 (802.11g),False,446,="",="2/4/2026 6:48:57.558349655 AM",
="",9433,6.0,434 탎,2462 MHz,11,-68 dBm,Wi-Fi 3 (802.11g),False,388,="",="2/4/2026 6:48:57.558878385 AM",
="",9434,6.0,454 탎,2462 MHz,11,-68 dBm,Wi-Fi 3 (802.11g),False,403,="",="2/4/2026 6:48:57.559345115 AM",
="",9435,6.0,345 탎,2462 MHz,11,-67 dBm,Wi-Fi 3 (802.11g),False,229,="",="2/4/2026 6:48:57.559799615 AM",
="",9436,6.0,627 탎,2462 MHz,11,-67 dBm,Wi-Fi 3 (802.11g),False,229,="",="2/4/2026 6:48:57.560171120 AM",
="",9437,6.0,654 탎,2462 MHz,11,-67 dBm,Wi-Fi 3 (802.11g),False,229,="",="2/4/2026 6:48:57.560825755 AM",
="",9438,6.0,201 탎,2462 MHz,11,-67 dBm,Wi-Fi 3 (802.11g),False,213,="",="2/4/2026 6:48:57.561506990 AM",
="",9442,11.0,359 탎,2462 MHz,11,-87 dBm,Wi-Fi 1 (802.11b),False,314,="",="2/4/2026 6:48:57.573744480 AM",
="",9443,11.0,415 탎,2462 MHz,11,-88 dBm,Wi-Fi 1 (802.11b),True,392,="",="2/4/2026 6:48:57.574086930 AM",
="",9444,11.0,432 탎,2462 MHz,11,-86 dBm,Wi-Fi 1 (802.11b),True,415,="",="2/4/2026 6:48:57.574515680 AM",
="",9445,11.0,358 탎,2462 MHz,11,-87 dBm,Wi-Fi 1 (802.11b),True,313,="",="2/4/2026 6:48:57.592203115 AM",
="",9446,1.0,2008 탎,2462 MHz,11,-81 dBm,Wi-Fi 1 (802.11b),False,312,="",="2/4/2026 6:48:57.601765325 AM",
="",9447,1.0,2016 탎,2462 MHz,11,-84 dBm,Wi-Fi 1 (802.11b),False,313,="",="2/4/2026 6:48:57.604205975 AM",
="",9448,11.0,401 탎,2462 MHz,11,-84 dBm,Wi-Fi 1 (802.11b),False,373,="",="2/4/2026 6:48:57.606238660 AM",
="",9449,11.0,418 탎,2462 MHz,11,-84 dBm,Wi-Fi 1 (802.11b),False,396,="",="2/4/2026 6:48:57.606664805 AM",
="",9450,6.0,338 탎,2462 MHz,11,-87 dBm,Wi-Fi 3 (802.11g),False,316,="",="2/4/2026 6:48:57.615778035 AM",
="",9454,1.0,2208 탎,2462 MHz,11,-84 dBm,Wi-Fi 1 (802.11b),False,337,="",="2/4/2026 6:48:57.652965890 AM",
="",9455,6.0,511 탎,2462 MHz,11,-62 dBm,Wi-Fi 3 (802.11g),False,446,="",="2/4/2026 6:48:57.660733540 AM",
="",9456,6.0,434 탎,2462 MHz,11,-63 dBm,Wi-Fi 3 (802.11g),False,388,="",="2/4/2026 6:48:57.661290590 AM",
="",9457,6.0,454 탎,2462 MHz,11,-63 dBm,Wi-Fi 3 (802.11g),False,403,="",="2/4/2026 6:48:57.661747600 AM",
="",9458,6.0,153 탎,2462 MHz,11,-63 dBm,Wi-Fi 3 (802.11g),False,177,="",="2/4/2026 6:48:57.662202100 AM",
="",9459,6.0,219 탎,2462 MHz,11,-63 dBm,Wi-Fi 3 (802.11g),False,227,="",="2/4/2026 6:48:57.662382325 AM",
="",9460,6.0,246 탎,2462 MHz,11,-63 dBm,Wi-Fi 3 (802.11g),False,229,="",="2/4/2026 6:48:57.662628485 AM",
="",9464,6.0,425 탎,2462 MHz,11,-86 dBm,Wi-Fi 3 (802.11g),False,381,="",="2/4/2026 6:48:57.695712955 AM",
="",9465,11.0,401 탎,2462 MHz,11,-85 dBm,Wi-Fi 1 (802.11b),False,373,="",="2/4/2026 6:48:57.708640600 AM",
="",9466,11.0,418 탎,2462 MHz,11,-85 dBm,Wi-Fi 1 (802.11b),True,396,="",="2/4/2026 6:48:57.709024770 AM",
="",9469,6.0,511 탎,2462 MHz,11,-63 dBm,Wi-Fi 3 (802.11g),False,446,="",="2/4/2026 6:48:57.763124160 AM",
="",9470,6.0,434 탎,2462 MHz,11,-63 dBm,Wi-Fi 3 (802.11g),True,388,="",="2/4/2026 6:48:57.763635990 AM",
="",9471,6.0,454 탎,2462 MHz,11,-64 dBm,Wi-Fi 3 (802.11g),False,403,="",="2/4/2026 6:48:57.764110765 AM",
="",9478,1.0,2008 탎,2462 MHz,11,-82 dBm,Wi-Fi 1 (802.11b),False,312,="",="2/4/2026 6:48:57.806569165 AM",
="",9479,11.0,401 탎,2462 MHz,11,-86 dBm,Wi-Fi 1 (802.11b),False,373,="",="2/4/2026 6:48:57.811043780 AM",
="",9480,11.0,418 탎,2462 MHz,11,-86 dBm,Wi-Fi 1 (802.11b),False,396,="",="2/4/2026 6:48:57.811457885 AM",
="",9481,6.0,338 탎,2462 MHz,11,-89 dBm,Wi-Fi 3 (802.11g),False,316,="",="2/4/2026 6:48:57.820585395 AM",
="",9484,1.0,2208 탎,2462 MHz,11,-83 dBm,Wi-Fi 1 (802.11b),False,337,="",="2/4/2026 6:48:57.857766010 AM",
="",9485,6.0,511 탎,2462 MHz,11,-67 dBm,Wi-Fi 3 (802.11g),False,446,="",="2/4/2026 6:48:57.865533660 AM",
="",9486,6.0,434 탎,2462 MHz,11,-67 dBm,Wi-Fi 3 (802.11g),False,388,="",="2/4/2026 6:48:57.866071990 AM",
="",9487,6.0,454 탎,2462 MHz,11,-67 dBm,Wi-Fi 3 (802.11g),False,403,="",="2/4/2026 6:48:57.866536400 AM",
="",9491,1.0,2208 탎,2462 MHz,11,-87 dBm,Wi-Fi 1 (802.11b),False,337,="",="2/4/2026 6:48:57.897637545 AM",
="",9492,1.0,2008 탎,2462 MHz,11,-82 dBm,Wi-Fi 1 (802.11b),False,312,="",="2/4/2026 6:48:57.908970225 AM",
="",9493,11.0,401 탎,2462 MHz,11,-84 dBm,Wi-Fi 1 (802.11b),False,373,="",="2/4/2026 6:48:57.913439920 AM",
="",9494,11.0,418 탎,2462 MHz,11,-85 dBm,Wi-Fi 1 (802.11b),False,396,="",="2/4/2026 6:48:57.913858505 AM",
="",9500,6.0,511 탎,2462 MHz,11,-65 dBm,Wi-Fi 3 (802.11g),False,446,="",="2/4/2026 6:48:57.967924800 AM",
="",9501,6.0,434 탎,2462 MHz,11,-65 dBm,Wi-Fi 3 (802.11g),False,388,="",="2/4/2026 6:48:57.968466770 AM",
="",9502,6.0,454 탎,2462 MHz,11,-65 dBm,Wi-Fi 3 (802.11g),False,403,="",="2/4/2026 6:48:57.968945340 AM",
="",9503,1.0,1024 탎,2462 MHz,11,-40 dBm,Wi-Fi 1 (802.11b),False,189,="",="2/4/2026 6:48:57.995112700 AM",
="",9507,11.0,401 탎,2462 MHz,11,-86 dBm,Wi-Fi 1 (802.11b),False,373,="",="2/4/2026 6:48:58.015840900 AM",
="",9508,11.0,418 탎,2462 MHz,11,-86 dBm,Wi-Fi 1 (802.11b),False,396,="",="2/4/2026 6:48:58.016255950 AM",
="",9512,1.0,2008 탎,2462 MHz,11,-86 dBm,Wi-Fi 1 (802.11b),False,312,="",="2/4/2026 6:48:58.051352825 AM",
="",9516,6.0,511 탎,2462 MHz,11,-62 dBm,Wi-Fi 3 (802.11g),False,446,="",="2/4/2026 6:48:58.070323645 AM",
="",9517,6.0,434 탎,2462 MHz,11,-62 dBm,Wi-Fi 3 (802.11g),False,388,="",="2/4/2026 6:48:58.070850375 AM",
="",9518,6.0,454 탎,2462 MHz,11,-62 dBm,Wi-Fi 3 (802.11g),False,403,="",="2/4/2026 6:48:58.071328065 AM",
="",9519,6.0,599 탎,2462 MHz,11,-62 dBm,Wi-Fi 3 (802.11g),False,229,="",="2/4/2026 6:48:58.071782565 AM",
="",9520,6.0,626 탎,2462 MHz,11,-63 dBm,Wi-Fi 3 (802.11g),False,229,="",="2/4/2026 6:48:58.072405965 AM",
="",9524,1.0,2208 탎,2462 MHz,11,-87 dBm,Wi-Fi 1 (802.11b),False,337,="",="2/4/2026 6:48:58.102437905 AM",
="",9525,11.0,401 탎,2462 MHz,11,-85 dBm,Wi-Fi 1 (802.11b),True,373,="",="2/4/2026 6:48:58.118212145 AM",
="",9526,11.0,418 탎,2462 MHz,11,-86 dBm,Wi-Fi 1 (802.11b),False,396,="",="2/4/2026 6:48:58.118656610 AM",
="",9527,1.0,2208 탎,2462 MHz,11,-87 dBm,Wi-Fi 1 (802.11b),False,337,="",="2/4/2026 6:48:58.131553925 AM",
="",9528,1.0,3720 탎,2462 MHz,11,-88 dBm,Wi-Fi 1 (802.11b),False,526,="",="2/4/2026 6:48:58.150663725 AM",
="",9529,1.0,2208 탎,2462 MHz,11,-85 dBm,Wi-Fi 1 (802.11b),False,337,="",="2/4/2026 6:48:58.164966550 AM",
="",9530,6.0,511 탎,2462 MHz,11,-66 dBm,Wi-Fi 3 (802.11g),False,446,="",="2/4/2026 6:48:58.172726945 AM",
="",9531,6.0,434 탎,2462 MHz,11,-66 dBm,Wi-Fi 3 (802.11g),False,388,="",="2/4/2026 6:48:58.173253355 AM",
="",9532,6.0,454 탎,2462 MHz,11,-66 dBm,Wi-Fi 3 (802.11g),False,403,="",="2/4/2026 6:48:58.173728405 AM",
="",9533,1.0,3280 탎,2462 MHz,11,-79 dBm,Wi-Fi 1 (802.11b),False,471,="",="2/4/2026 6:48:58.177404290 AM",
="",9539,1.0,2008 탎,2462 MHz,11,-82 dBm,Wi-Fi 1 (802.11b),False,312,="",="2/4/2026 6:48:58.216168965 AM",
="",9540,11.0,401 탎,2462 MHz,11,-83 dBm,Wi-Fi 1 (802.11b),False,373,="",="2/4/2026 6:48:58.220641860 AM",
="",9541,1.0,2208 탎,2462 MHz,11,-86 dBm,Wi-Fi 1 (802.11b),False,337,="",="2/4/2026 6:48:58.233952025 AM",
="",9542,6.0,511 탎,2462 MHz,11,-66 dBm,Wi-Fi 3 (802.11g),False,446,="",="2/4/2026 6:48:58.275133260 AM",
="",9543,6.0,434 탎,2462 MHz,11,-66 dBm,Wi-Fi 3 (802.11g),False,388,="",="2/4/2026 6:48:58.275669550 AM",
="",9544,6.0,454 탎,2462 MHz,11,-66 dBm,Wi-Fi 3 (802.11g),False,403,="",="2/4/2026 6:48:58.276127120 AM",
="",9545,11.0,359 탎,2462 MHz,11,-88 dBm,Wi-Fi 1 (802.11b),True,314,="",="2/4/2026 6:48:58.290526460 AM",
="",9556,1.0,2208 탎,2462 MHz,11,-83 dBm,Wi-Fi 1 (802.11b),False,337,="",="2/4/2026 6:48:58.369767205 AM",
="",9557,6.0,511 탎,2462 MHz,11,-66 dBm,Wi-Fi 3 (802.11g),False,446,="",="2/4/2026 6:48:58.377567375 AM",
="",9558,6.0,434 탎,2462 MHz,11,-65 dBm,Wi-Fi 3 (802.11g),False,388,="",="2/4/2026 6:48:58.378079205 AM",
="",9559,6.0,454 탎,2462 MHz,11,-66 dBm,Wi-Fi 3 (802.11g),False,403,="",="2/4/2026 6:48:58.378529060 AM",
="",9560,6.0,599 탎,2462 MHz,11,-66 dBm,Wi-Fi 3 (802.11g),False,229,="",="2/4/2026 6:48:58.378983560 AM",
="",9561,6.0,626 탎,2462 MHz,11,-66 dBm,Wi-Fi 3 (802.11g),False,229,="",="2/4/2026 6:48:58.379608800 AM",
="",9565,1.0,2008 탎,2462 MHz,11,-82 dBm,Wi-Fi 1 (802.11b),False,312,="",="2/4/2026 6:48:58.420966745 AM",
="",9566,11.0,401 탎,2462 MHz,11,-86 dBm,Wi-Fi 1 (802.11b),False,373,="",="2/4/2026 6:48:58.425442935 AM",
="",9570,1.0,2208 탎,2462 MHz,11,-83 dBm,Wi-Fi 1 (802.11b),False,337,="",="2/4/2026 6:48:58.472167005 AM",
="",9571,11.0,415 탎,2462 MHz,11,-90 dBm,Wi-Fi 1 (802.11b),True,392,="",="2/4/2026 6:48:58.474745075 AM",
="",9572,6.0,511 탎,2462 MHz,11,-66 dBm,Wi-Fi 3 (802.11g),False,446,="",="2/4/2026 6:48:58.479936975 AM",
="",9573,6.0,434 탎,2462 MHz,11,-66 dBm,Wi-Fi 3 (802.11g),False,388,="",="2/4/2026 6:48:58.480464145 AM",
="",9574,6.0,454 탎,2462 MHz,11,-66 dBm,Wi-Fi 3 (802.11g),False,403,="",="2/4/2026 6:48:58.480931515 AM",
="",9579,6.0,425 탎,2462 MHz,11,-88 dBm,Wi-Fi 3 (802.11g),True,381,="",="2/4/2026 6:48:58.514877095 AM",
="",9580,1.0,1024 탎,2462 MHz,11,-44 dBm,Wi-Fi 1 (802.11b),False,189,="",="2/4/2026 6:48:58.519403090 AM",
="",9581,1.0,2008 탎,2462 MHz,11,-83 dBm,Wi-Fi 1 (802.11b),False,312,="",="2/4/2026 6:48:58.523366740 AM",
="",9583,11.0,401 탎,2462 MHz,11,-84 dBm,Wi-Fi 1 (802.11b),False,373,="",="2/4/2026 6:48:58.527844130 AM",
="",9584,11.0,418 탎,2462 MHz,11,-84 dBm,Wi-Fi 1 (802.11b),False,396,="",="2/4/2026 6:48:58.528256820 AM",
="",9585,1.0,2208 탎,2462 MHz,11,-83 dBm,Wi-Fi 1 (802.11b),False,337,="",="2/4/2026 6:48:58.574567415 AM",
="",9586,6.0,511 탎,2462 MHz,11,-64 dBm,Wi-Fi 3 (802.11g),False,446,="",="2/4/2026 6:48:58.582320130 AM",
="",9587,6.0,434 탎,2462 MHz,11,-65 dBm,Wi-Fi 3 (802.11g),False,388,="",="2/4/2026 6:48:58.582861900 AM",
="",9588,6.0,454 탎,2462 MHz,11,-65 dBm,Wi-Fi 3 (802.11g),False,403,="",="2/4/2026 6:48:58.583313270 AM",
="",9589,6.0,599 탎,2462 MHz,11,-65 dBm,Wi-Fi 3 (802.11g),False,229,="",="2/4/2026 6:48:58.583767770 AM",
="",9590,6.0,626 탎,2462 MHz,11,-64 dBm,Wi-Fi 3 (802.11g),False,229,="",="2/4/2026 6:48:58.584393570 AM",
="",9591,6.0,627 탎,2462 MHz,11,-65 dBm,Wi-Fi 3 (802.11g),False,229,="",="2/4/2026 6:48:58.585050720 AM",
="",9592,6.0,654 탎,2462 MHz,11,-65 dBm,Wi-Fi 3 (802.11g),False,229,="",="2/4/2026 6:48:58.585702780 AM",
="",9604,1.0,2208 탎,2462 MHz,11,-87 dBm,Wi-Fi 1 (802.11b),False,337,="",="2/4/2026 6:48:58.643552985 AM",
="",9605,11.0,401 탎,2462 MHz,11,-85 dBm,Wi-Fi 1 (802.11b),False,373,="",="2/4/2026 6:48:58.657126880 AM",
="",9606,11.0,418 탎,2462 MHz,11,-86 dBm,Wi-Fi 1 (802.11b),True,396,="",="2/4/2026 6:48:58.657511875 AM",
="",9607,1.0,2008 탎,2462 MHz,11,-82 dBm,Wi-Fi 1 (802.11b),False,312,="",="2/4/2026 6:48:58.665638405 AM",
="",9608,1.0,2096 탎,2462 MHz,11,-88 dBm,Wi-Fi 1 (802.11b),False,323,="",="2/4/2026 6:48:58.668310725 AM",
="",9609,1.0,2208 탎,2462 MHz,11,-85 dBm,Wi-Fi 1 (802.11b),False,337,="",="2/4/2026 6:48:58.676967545 AM",
="",9611,6.0,511 탎,2462 MHz,11,-64 dBm,Wi-Fi 3 (802.11g),False,446,="",="2/4/2026 6:48:58.684739460 AM",
="",9612,6.0,434 탎,2462 MHz,11,-65 dBm,Wi-Fi 3 (802.11g),False,388,="",="2/4/2026 6:48:58.685293605 AM",
="",9613,6.0,454 탎,2462 MHz,11,-65 dBm,Wi-Fi 3 (802.11g),False,403,="",="2/4/2026 6:48:58.685753495 AM",
="",9614,6.0,219 탎,2462 MHz,11,-65 dBm,Wi-Fi 3 (802.11g),False,227,="",="2/4/2026 6:48:58.686210770 AM",
="",9615,6.0,246 탎,2462 MHz,11,-65 dBm,Wi-Fi 3 (802.11g),False,229,="",="2/4/2026 6:48:58.686462905 AM",
="",9619,1.0,2008 탎,2462 MHz,11,-83 dBm,Wi-Fi 1 (802.11b),False,312,="",="2/4/2026 6:48:58.728167385 AM",
="",9620,11.0,401 탎,2462 MHz,11,-88 dBm,Wi-Fi 1 (802.11b),True,229,="",="2/4/2026 6:48:58.732617120 AM",
="",9621,11.0,418 탎,2462 MHz,11,-88 dBm,Wi-Fi 1 (802.11b),True,396,="",="2/4/2026 6:48:58.733030290 AM",
="",9622,11.0,443 탎,2462 MHz,11,-91 dBm,Wi-Fi 1 (802.11b),True,430,="",="2/4/2026 6:48:58.738955810 AM",
="",9627,1.0,2208 탎,2462 MHz,11,-83 dBm,Wi-Fi 1 (802.11b),False,337,="",="2/4/2026 6:48:58.779422180 AM",
="",9628,6.0,511 탎,2462 MHz,11,-67 dBm,Wi-Fi 3 (802.11g),False,446,="",="2/4/2026 6:48:58.787136160 AM",
="",9629,6.0,434 탎,2462 MHz,11,-66 dBm,Wi-Fi 3 (802.11g),False,388,="",="2/4/2026 6:48:58.787685385 AM",
="",9630,6.0,454 탎,2462 MHz,11,-67 dBm,Wi-Fi 3 (802.11g),False,403,="",="2/4/2026 6:48:58.788136660 AM",
="",9634,1.0,2008 탎,2462 MHz,11,-83 dBm,Wi-Fi 1 (802.11b),False,312,="",="2/4/2026 6:48:58.830567725 AM",
="",9635,11.0,358 탎,2462 MHz,11,-91 dBm,Wi-Fi 1 (802.11b),True,313,="",="2/4/2026 6:48:58.840556610 AM",
="",9639,1.0,2208 탎,2462 MHz,11,-83 dBm,Wi-Fi 1 (802.11b),False,337,="",="2/4/2026 6:48:58.881767545 AM",
="",9640,6.0,511 탎,2462 MHz,11,-66 dBm,Wi-Fi 3 (802.11g),False,446,="",="2/4/2026 6:48:58.889524220 AM",
="",9641,6.0,434 탎,2462 MHz,11,-66 dBm,Wi-Fi 3 (802.11g),False,388,="",="2/4/2026 6:48:58.890065790 AM",
="",9642,6.0,454 탎,2462 MHz,11,-66 dBm,Wi-Fi 3 (802.11g),False,403,="",="2/4/2026 6:48:58.890516600 AM",
="",9643,6.0,1570 탎,2462 MHz,11,-66 dBm,Wi-Fi 3 (802.11g),False,229,="",="2/4/2026 6:48:58.890971100 AM",
="",9644,6.0,1597 탎,2462 MHz,11,-66 dBm,Wi-Fi 3 (802.11g),False,229,="",="2/4/2026 6:48:58.892566335 AM",
="",9651,1.0,2016 탎,2462 MHz,11,-85 dBm,Wi-Fi 1 (802.11b),False,313,="",="2/4/2026 6:48:58.935413730 AM",
="",9652,11.0,401 탎,2462 MHz,11,-86 dBm,Wi-Fi 1 (802.11b),False,373,="",="2/4/2026 6:48:58.937446495 AM",
="",9653,11.0,418 탎,2462 MHz,11,-85 dBm,Wi-Fi 1 (802.11b),False,396,="",="2/4/2026 6:48:58.937861465 AM",
="",9654,1.0,3720 탎,2462 MHz,11,-84 dBm,Wi-Fi 1 (802.11b),False,526,="",="2/4/2026 6:48:58.969846540 AM",
="",9655,1.0,2208 탎,2462 MHz,11,-83 dBm,Wi-Fi 1 (802.11b),False,337,="",="2/4/2026 6:48:58.984168540 AM",
="",9656,6.0,511 탎,2462 MHz,11,-65 dBm,Wi-Fi 3 (802.11g),False,446,="",="2/4/2026 6:48:58.991922720 AM",
="",9657,6.0,434 탎,2462 MHz,11,-65 dBm,Wi-Fi 3 (802.11g),False,388,="",="2/4/2026 6:48:58.992476025 AM",
="",9658,6.0,454 탎,2462 MHz,11,-66 dBm,Wi-Fi 3 (802.11g),False,403,="",="2/4/2026 6:48:58.992936115 AM",
="",9668,6.0,511 탎,2462 MHz,11,-63 dBm,Wi-Fi 3 (802.11g),False,446,="",="2/4/2026 6:48:59.094344515 AM",
="",9669,6.0,434 탎,2462 MHz,11,-64 dBm,Wi-Fi 3 (802.11g),False,388,="",="2/4/2026 6:48:59.094898420 AM",
="",9670,6.0,454 탎,2462 MHz,11,-63 dBm,Wi-Fi 3 (802.11g),False,403,="",="2/4/2026 6:48:59.095373790 AM",
="",9671,1.0,2016 탎,2462 MHz,11,-86 dBm,Wi-Fi 1 (802.11b),False,313,="",="2/4/2026 6:48:59.140214905 AM",
="",9672,11.0,401 탎,2462 MHz,11,-84 dBm,Wi-Fi 1 (802.11b),False,373,="",="2/4/2026 6:48:59.142247590 AM",
="",9673,11.0,418 탎,2462 MHz,11,-85 dBm,Wi-Fi 1 (802.11b),False,396,="",="2/4/2026 6:48:59.142662880 AM",
="",9680,1.0,2208 탎,2462 MHz,11,-86 dBm,Wi-Fi 1 (802.11b),False,337,="",="2/4/2026 6:48:59.155553275 AM",
="",9686,11.0,415 탎,2462 MHz,11,-89 dBm,Wi-Fi 1 (802.11b),True,392,="",="2/4/2026 6:48:59.191546210 AM",
="",9687,6.0,511 탎,2462 MHz,11,-63 dBm,Wi-Fi 3 (802.11g),False,446,="",="2/4/2026 6:48:59.196737150 AM",
="",9689,6.0,454 탎,2462 MHz,11,-63 dBm,Wi-Fi 3 (802.11g),False,403,="",="2/4/2026 6:48:59.197739450 AM",
="",9690,1.0,2008 탎,2462 MHz,11,-83 dBm,Wi-Fi 1 (802.11b),False,312,="",="2/4/2026 6:48:59.240168075 AM",
="",9697,1.0,2016 탎,2462 MHz,11,-88 dBm,Wi-Fi 1 (802.11b),True,229,="",="2/4/2026 6:48:59.285720550 AM",
="",9701,6.0,511 탎,2462 MHz,11,-67 dBm,Wi-Fi 3 (802.11g),False,446,="",="2/4/2026 6:48:59.299132145 AM",
="",9702,6.0,434 탎,2462 MHz,11,-67 dBm,Wi-Fi 3 (802.11g),False,388,="",="2/4/2026 6:48:59.299666795 AM",
="",9703,6.0,454 탎,2462 MHz,11,-67 dBm,Wi-Fi 3 (802.11g),False,403,="",="2/4/2026 6:48:59.300126125 AM",
="",9707,1.0,2008 탎,2462 MHz,11,-84 dBm,Wi-Fi 1 (802.11b),False,312,="",="2/4/2026 6:48:59.342571270 AM",
="",9708,1.0,2016 탎,2462 MHz,11,-84 dBm,Wi-Fi 1 (802.11b),False,313,="",="2/4/2026 6:48:59.345016655 AM",
="",9709,11.0,401 탎,2462 MHz,11,-85 dBm,Wi-Fi 1 (802.11b),False,373,="",="2/4/2026 6:48:59.347048660 AM",
="",9710,11.0,418 탎,2462 MHz,11,-85 dBm,Wi-Fi 1 (802.11b),False,396,="",="2/4/2026 6:48:59.347463950 AM",
="",9714,1.0,2208 탎,2462 MHz,11,-82 dBm,Wi-Fi 1 (802.11b),False,337,="",="2/4/2026 6:48:59.393768890 AM",
="",9715,6.0,511 탎,2462 MHz,11,-65 dBm,Wi-Fi 3 (802.11g),False,446,="",="2/4/2026 6:48:59.401532805 AM",
="",9716,6.0,434 탎,2462 MHz,11,-65 dBm,Wi-Fi 3 (802.11g),False,388,="",="2/4/2026 6:48:59.402059615 AM",
="",9717,6.0,454 탎,2462 MHz,11,-65 dBm,Wi-Fi 3 (802.11g),False,403,="",="2/4/2026 6:48:59.402524865 AM",
="",9721,1.0,2008 탎,2462 MHz,11,-82 dBm,Wi-Fi 1 (802.11b),False,312,="",="2/4/2026 6:48:59.444968705 AM",
="",9722,1.0,2016 탎,2462 MHz,11,-88 dBm,Wi-Fi 1 (802.11b),False,313,="",="2/4/2026 6:48:59.447416755 AM",
="",9723,11.0,401 탎,2462 MHz,11,-85 dBm,Wi-Fi 1 (802.11b),True,373,="",="2/4/2026 6:48:59.449433255 AM",
="",9724,11.0,418 탎,2462 MHz,11,-86 dBm,Wi-Fi 1 (802.11b),True,396,="",="2/4/2026 6:48:59.449834530 AM",
="",9731,1.0,2208 탎,2462 MHz,11,-83 dBm,Wi-Fi 1 (802.11b),False,337,="",="2/4/2026 6:48:59.496168965 AM",
="",9732,6.0,511 탎,2462 MHz,11,-65 dBm,Wi-Fi 3 (802.11g),False,446,="",="2/4/2026 6:48:59.503951960 AM",
="",9733,6.0,434 탎,2462 MHz,11,-65 dBm,Wi-Fi 3 (802.11g),False,388,="",="2/4/2026 6:48:59.504496305 AM",
="",9734,6.0,454 탎,2462 MHz,11,-65 dBm,Wi-Fi 3 (802.11g),False,403,="",="2/4/2026 6:48:59.504977315 AM",
="",9735,1.0,2016 탎,2462 MHz,11,-83 dBm,Wi-Fi 1 (802.11b),False,313,="",="2/4/2026 6:48:59.549817695 AM",
="",9737,11.0,401 탎,2462 MHz,11,-83 dBm,Wi-Fi 1 (802.11b),False,373,="",="2/4/2026 6:48:59.551849940 AM",
="",9738,11.0,418 탎,2462 MHz,11,-83 dBm,Wi-Fi 1 (802.11b),True,396,="",="2/4/2026 6:48:59.552235270 AM",
="",9745,6.0,511 탎,2462 MHz,11,-62 dBm,Wi-Fi 3 (802.11g),False,446,="",="2/4/2026 6:48:59.606331925 AM",
="",9746,6.0,434 탎,2462 MHz,11,-63 dBm,Wi-Fi 3 (802.11g),False,388,="",="2/4/2026 6:48:59.606858335 AM",
="",9747,6.0,454 탎,2462 MHz,11,-63 dBm,Wi-Fi 3 (802.11g),False,403,="",="2/4/2026 6:48:59.607326545 AM",
="",9748,1.0,2008 탎,2462 MHz,11,-86 dBm,Wi-Fi 1 (802.11b),False,312,="",="2/4/2026 6:48:59.649768690 AM",
="",9749,1.0,2016 탎,2462 MHz,11,-81 dBm,Wi-Fi 1 (802.11b),False,313,="",="2/4/2026 6:48:59.652218115 AM",
="",9750,11.0,401 탎,2462 MHz,11,-82 dBm,Wi-Fi 1 (802.11b),False,373,="",="2/4/2026 6:48:59.654251000 AM",
="",9751,11.0,418 탎,2462 MHz,11,-82 dBm,Wi-Fi 1 (802.11b),False,396,="",="2/4/2026 6:48:59.654668610 AM",
="",9758,6.0,511 탎,2462 MHz,11,-64 dBm,Wi-Fi 3 (802.11g),False,446,="",="2/4/2026 6:48:59.708732985 AM",
="",9759,6.0,434 탎,2462 MHz,11,-64 dBm,Wi-Fi 3 (802.11g),False,388,="",="2/4/2026 6:48:59.709261955 AM",
="",9760,6.0,454 탎,2462 MHz,11,-64 dBm,Wi-Fi 3 (802.11g),False,403,="",="2/4/2026 6:48:59.709738900 AM",
="",9761,1.0,2008 탎,2462 MHz,11,-87 dBm,Wi-Fi 1 (802.11b),False,312,="",="2/4/2026 6:48:59.752169245 AM",
="",9762,1.0,2016 탎,2462 MHz,11,-83 dBm,Wi-Fi 1 (802.11b),False,313,="",="2/4/2026 6:48:59.754619055 AM",
="",9763,11.0,401 탎,2462 MHz,11,-85 dBm,Wi-Fi 1 (802.11b),False,373,="",="2/4/2026 6:48:59.756651220 AM",
="",9764,11.0,418 탎,2462 MHz,11,-84 dBm,Wi-Fi 1 (802.11b),False,396,="",="2/4/2026 6:48:59.757104700 AM",
="",9771,6.0,511 탎,2462 MHz,11,-63 dBm,Wi-Fi 3 (802.11g),False,446,="",="2/4/2026 6:48:59.811131500 AM",
="",9772,6.0,434 탎,2462 MHz,11,-63 dBm,Wi-Fi 3 (802.11g),False,388,="",="2/4/2026 6:48:59.811657790 AM",
="",9773,6.0,454 탎,2462 MHz,11,-63 dBm,Wi-Fi 3 (802.11g),False,403,="",="2/4/2026 6:48:59.812120985 AM",
="",9774,6.0,1570 탎,2462 MHz,11,-62 dBm,Wi-Fi 3 (802.11g),False,229,="",="2/4/2026 6:48:59.812575485 AM",
="",9775,6.0,1597 탎,2462 MHz,11,-62 dBm,Wi-Fi 3 (802.11g),False,229,="",="2/4/2026 6:48:59.814170495 AM",
="",9780,11.0,418 탎,2462 MHz,11,-88 dBm,Wi-Fi 1 (802.11b),True,396,="",="2/4/2026 6:48:59.859446530 AM",
="",9781,1.0,2208 탎,2462 MHz,11,-85 dBm,Wi-Fi 1 (802.11b),False,337,="",="2/4/2026 6:48:59.872354565 AM",
="",9785,1.0,2424 탎,2462 MHz,11,-87 dBm,Wi-Fi 1 (802.11b),False,364,="",="2/4/2026 6:48:59.890982080 AM",
="",9786,1.0,2208 탎,2462 MHz,11,-82 dBm,Wi-Fi 1 (802.11b),False,337,="",="2/4/2026 6:48:59.905769310 AM",
="",9787,6.0,511 탎,2462 MHz,11,-63 dBm,Wi-Fi 3 (802.11g),False,446,="",="2/4/2026 6:48:59.913532785 AM",
="",9788,6.0,434 탎,2462 MHz,11,-63 dBm,Wi-Fi 3 (802.11g),False,388,="",="2/4/2026 6:48:59.914067930 AM",
="",9789,6.0,454 탎,2462 MHz,11,-63 dBm,Wi-Fi 3 (802.11g),False,403,="",="2/4/2026 6:48:59.914530165 AM",
="",9790,11.0,202 탎,2462 MHz,11,-86 dBm,Wi-Fi 1 (802.11b),False,99,="",="2/4/2026 6:48:59.921519490 AM",
="",9791,1.0,2016 탎,2462 MHz,11,-85 dBm,Wi-Fi 1 (802.11b),False,313,="",="2/4/2026 6:48:59.959419695 AM",
="",9796,1.0,2208 탎,2462 MHz,11,-87 dBm,Wi-Fi 1 (802.11b),False,337,="",="2/4/2026 6:48:59.974754665 AM",
="",9801,6.0,511 탎,2462 MHz,11,-65 dBm,Wi-Fi 3 (802.11g),False,446,="",="2/4/2026 6:49:00.015952940 AM",
="",9802,6.0,434 탎,2462 MHz,11,-65 dBm,Wi-Fi 3 (802.11g),False,388,="",="2/4/2026 6:49:00.016476910 AM",
="",9803,6.0,454 탎,2462 MHz,11,-65 dBm,Wi-Fi 3 (802.11g),False,403,="",="2/4/2026 6:49:00.016931240 AM",
="",9809,1.0,2008 탎,2462 MHz,11,-85 dBm,Wi-Fi 1 (802.11b),False,312,="",="2/4/2026 6:49:00.059369905 AM",
="",9813,1.0,1024 탎,2462 MHz,11,-39 dBm,Wi-Fi 1 (802.11b),False,189,="",="2/4/2026 6:49:00.092288220 AM",
="",9819,6.0,511 탎,2462 MHz,11,-65 dBm,Wi-Fi 3 (802.11g),False,446,="",="2/4/2026 6:49:00.118357015 AM",
="",9820,6.0,434 탎,2462 MHz,11,-65 dBm,Wi-Fi 3 (802.11g),False,388,="",="2/4/2026 6:49:00.118882665 AM",
="",9821,6.0,454 탎,2462 MHz,11,-64 dBm,Wi-Fi 3 (802.11g),False,403,="",="2/4/2026 6:49:00.119349475 AM",
="",9822,1.0,2008 탎,2462 MHz,11,-83 dBm,Wi-Fi 1 (802.11b),False,312,="",="2/4/2026 6:49:00.161770355 AM",
="",9823,11.0,202 탎,2462 MHz,11,-88 dBm,Wi-Fi 1 (802.11b),False,99,="",="2/4/2026 6:49:00.174524920 AM",
="",9826,1.0,2208 탎,2462 MHz,11,-85 dBm,Wi-Fi 1 (802.11b),False,337,="",="2/4/2026 6:49:00.212970415 AM",
="",9827,6.0,511 탎,2462 MHz,11,-62 dBm,Wi-Fi 3 (802.11g),False,446,="",="2/4/2026 6:49:00.220751385 AM",
="",9828,6.0,434 탎,2462 MHz,11,-62 dBm,Wi-Fi 3 (802.11g),False,388,="",="2/4/2026 6:49:00.221302650 AM",
="",9829,6.0,454 탎,2462 MHz,11,-62 dBm,Wi-Fi 3 (802.11g),False,403,="",="2/4/2026 6:49:00.221772260 AM",
="",9833,1.0,1024 탎,2462 MHz,11,-44 dBm,Wi-Fi 1 (802.11b),False,189,="",="2/4/2026 6:49:00.267531145 AM",
="",9837,1.0,2208 탎,2462 MHz,11,-85 dBm,Wi-Fi 1 (802.11b),False,337,="",="2/4/2026 6:49:00.316258440 AM",
="",9838,6.0,511 탎,2462 MHz,11,-63 dBm,Wi-Fi 3 (802.11g),False,446,="",="2/4/2026 6:49:00.323140940 AM",
="",9839,6.0,434 탎,2462 MHz,11,-63 dBm,Wi-Fi 3 (802.11g),False,388,="",="2/4/2026 6:49:00.323676630 AM",
="",9840,6.0,454 탎,2462 MHz,11,-63 dBm,Wi-Fi 3 (802.11g),False,403,="",="2/4/2026 6:49:00.324134600 AM",
="",9841,1.0,4816 탎,2462 MHz,11,-84 dBm,Wi-Fi 1 (802.11b),False,663,="",="2/4/2026 6:49:00.337596840 AM",
="",9846,1.0,2040 탎,2462 MHz,11,-87 dBm,Wi-Fi 1 (802.11b),False,316,="",="2/4/2026 6:49:00.355767630 AM",
="",9847,1.0,2016 탎,2462 MHz,11,-88 dBm,Wi-Fi 1 (802.11b),False,313,="",="2/4/2026 6:49:00.369468525 AM",
="",9848,11.0,401 탎,2462 MHz,11,-87 dBm,Wi-Fi 1 (802.11b),False,373,="",="2/4/2026 6:49:00.371501330 AM",
="",9849,11.0,418 탎,2462 MHz,11,-87 dBm,Wi-Fi 1 (802.11b),False,396,="",="2/4/2026 6:49:00.371919155 AM",
="",9853,1.0,2208 탎,2462 MHz,11,-89 dBm,Wi-Fi 1 (802.11b),False,337,="",="2/4/2026 6:49:00.384355340 AM",
="",9857,1.0,2208 탎,2462 MHz,11,-85 dBm,Wi-Fi 1 (802.11b),False,337,="",="2/4/2026 6:49:00.418518055 AM",
="",9858,6.0,511 탎,2462 MHz,11,-66 dBm,Wi-Fi 3 (802.11g),False,446,="",="2/4/2026 6:49:00.425546070 AM",
="",9859,6.0,434 탎,2462 MHz,11,-66 dBm,Wi-Fi 3 (802.11g),False,388,="",="2/4/2026 6:49:00.426084000 AM",
="",9860,6.0,454 탎,2462 MHz,11,-65 dBm,Wi-Fi 3 (802.11g),False,403,="",="2/4/2026 6:49:00.426533315 AM",
="",9861,1.0,3280 탎,2462 MHz,11,-69 dBm,Wi-Fi 1 (802.11b),False,471,="",="2/4/2026 6:49:00.430229415 AM",
="",9862,6.0,425 탎,2462 MHz,11,-87 dBm,Wi-Fi 3 (802.11g),False,381,="",="2/4/2026 6:49:00.460577180 AM",
="",9863,1.0,2008 탎,2462 MHz,11,-83 dBm,Wi-Fi 1 (802.11b),False,312,="",="2/4/2026 6:49:00.468968675 AM",
="",9864,11.0,401 탎,2462 MHz,11,-84 dBm,Wi-Fi 1 (802.11b),False,373,="",="2/4/2026 6:49:00.473457890 AM",
="",9865,11.0,418 탎,2462 MHz,11,-83 dBm,Wi-Fi 1 (802.11b),False,396,="",="2/4/2026 6:49:00.473871235 AM",
="",9866,1.0,2208 탎,2462 MHz,11,-86 dBm,Wi-Fi 1 (802.11b),False,337,="",="2/4/2026 6:49:00.486755775 AM",
="",9874,6.0,313 탎,2462 MHz,11,-66 dBm,Wi-Fi 3 (802.11g),False,229,="",="2/4/2026 6:49:00.521251425 AM",
="",9875,6.0,511 탎,2462 MHz,11,-67 dBm,Wi-Fi 3 (802.11g),False,446,="",="2/4/2026 6:49:00.527939450 AM",
="",9876,6.0,434 탎,2462 MHz,11,-67 dBm,Wi-Fi 3 (802.11g),False,388,="",="2/4/2026 6:49:00.528495395 AM",
="",9877,6.0,454 탎,2462 MHz,11,-67 dBm,Wi-Fi 3 (802.11g),False,403,="",="2/4/2026 6:49:00.528962685 AM",
="",9878,6.0,201 탎,2462 MHz,11,-65 dBm,Wi-Fi 3 (802.11g),False,213,="",="2/4/2026 6:49:00.529417185 AM",
="",9879,6.0,214 탎,2462 MHz,11,-67 dBm,Wi-Fi 3 (802.11g),False,223,="",="2/4/2026 6:49:00.529643425 AM",
="",9880,6.0,241 탎,2462 MHz,11,-66 dBm,Wi-Fi 3 (802.11g),False,229,="",="2/4/2026 6:49:00.529884995 AM",
="",9881,6.0,345 탎,2462 MHz,11,-65 dBm,Wi-Fi 3 (802.11g),False,229,="",="2/4/2026 6:49:00.530152720 AM",
="",9882,1.0,3280 탎,2462 MHz,11,-71 dBm,Wi-Fi 1 (802.11b),False,471,="",="2/4/2026 6:49:00.532630675 AM",
="",9883,11.0,202 탎,2462 MHz,11,-86 dBm,Wi-Fi 1 (802.11b),False,99,="",="2/4/2026 6:49:00.544215285 AM",
="",9884,11.0,202 탎,2462 MHz,11,-85 dBm,Wi-Fi 1 (802.11b),False,99,="",="2/4/2026 6:49:00.557990290 AM",
="",9885,1.0,304 탎,2462 MHz,11,-84 dBm,Wi-Fi 1 (802.11b),False,99,="",="2/4/2026 6:49:00.561261050 AM",
="",9886,1.0,2008 탎,2462 MHz,11,-83 dBm,Wi-Fi 1 (802.11b),False,312,="",="2/4/2026 6:49:00.571371215 AM",
="",9887,1.0,2016 탎,2462 MHz,11,-84 dBm,Wi-Fi 1 (802.11b),False,313,="",="2/4/2026 6:49:00.573885790 AM",
="",9888,11.0,401 탎,2462 MHz,11,-85 dBm,Wi-Fi 1 (802.11b),False,373,="",="2/4/2026 6:49:00.575921155 AM",
="",9889,11.0,418 탎,2462 MHz,11,-85 dBm,Wi-Fi 1 (802.11b),False,396,="",="2/4/2026 6:49:00.576333765 AM",
="",9893,11.0,202 탎,2462 MHz,11,-88 dBm,Wi-Fi 1 (802.11b),False,99,="",="2/4/2026 6:49:00.613197825 AM",
="",9894,1.0,2208 탎,2462 MHz,11,-84 dBm,Wi-Fi 1 (802.11b),False,337,="",="2/4/2026 6:49:00.622571395 AM",
="",9895,6.0,511 탎,2462 MHz,11,-64 dBm,Wi-Fi 3 (802.11g),False,446,="",="2/4/2026 6:49:00.630359725 AM",
="",9896,6.0,434 탎,2462 MHz,11,-64 dBm,Wi-Fi 3 (802.11g),False,388,="",="2/4/2026 6:49:00.630887095 AM",
="",9897,6.0,454 탎,2462 MHz,11,-65 dBm,Wi-Fi 3 (802.11g),False,403,="",="2/4/2026 6:49:00.631365545 AM",
="",9899,6.0,627 탎,2462 MHz,11,-64 dBm,Wi-Fi 3 (802.11g),False,229,="",="2/4/2026 6:49:00.631820045 AM",
="",9901,6.0,654 탎,2462 MHz,11,-64 dBm,Wi-Fi 3 (802.11g),False,229,="",="2/4/2026 6:49:00.632473435 AM",
="",9903,6.0,153 탎,2462 MHz,11,-65 dBm,Wi-Fi 3 (802.11g),False,177,="",="2/4/2026 6:49:00.633155000 AM",
="",9904,1.0,3280 탎,2462 MHz,11,-76 dBm,Wi-Fi 1 (802.11b),False,471,="",="2/4/2026 6:49:00.635943660 AM",
="",9909,1.0,2160 탎,2462 MHz,11,-81 dBm,Wi-Fi 1 (802.11b),False,331,="",="2/4/2026 6:49:00.650446780 AM",
="",9910,1.0,2160 탎,2462 MHz,11,-82 dBm,Wi-Fi 1 (802.11b),False,331,="",="2/4/2026 6:49:00.652737370 AM",
="",9911,1.0,2160 탎,2462 MHz,11,-84 dBm,Wi-Fi 1 (802.11b),False,331,="",="2/4/2026 6:49:00.655782075 AM",
="",9912,1.0,1960 탎,2462 MHz,11,-82 dBm,Wi-Fi 1 (802.11b),False,306,="",="2/4/2026 6:49:00.658077150 AM",
="",9913,1.0,1960 탎,2462 MHz,11,-83 dBm,Wi-Fi 1 (802.11b),False,306,="",="2/4/2026 6:49:00.660161850 AM",
="",9914,1.0,1960 탎,2462 MHz,11,-82 dBm,Wi-Fi 1 (802.11b),False,306,="",="2/4/2026 6:49:00.662244095 AM",
="",9916,11.0,202 탎,2462 MHz,11,-86 dBm,Wi-Fi 1 (802.11b),False,99,="",="2/4/2026 6:49:00.665789530 AM",
="",9917,1.0,872 탎,2462 MHz,11,-86 dBm,Wi-Fi 1 (802.11b),False,170,="",="2/4/2026 6:49:00.666318785 AM",
="",9918,1.0,2008 탎,2462 MHz,11,-84 dBm,Wi-Fi 1 (802.11b),False,312,="",="2/4/2026 6:49:00.673924630 AM",
="",9919,11.0,401 탎,2462 MHz,11,-84 dBm,Wi-Fi 1 (802.11b),True,373,="",="2/4/2026 6:49:00.678227865 AM",
="",9920,11.0,418 탎,2462 MHz,11,-83 dBm,Wi-Fi 1 (802.11b),True,396,="",="2/4/2026 6:49:00.678659955 AM",
="",9923,1.0,2424 탎,2462 MHz,11,-87 dBm,Wi-Fi 1 (802.11b),False,364,="",="2/4/2026 6:49:00.710199880 AM",
="",9928,1.0,2208 탎,2462 MHz,11,-87 dBm,Wi-Fi 1 (802.11b),False,337,="",="2/4/2026 6:49:00.724974070 AM",
="",9929,6.0,511 탎,2462 MHz,11,-66 dBm,Wi-Fi 3 (802.11g),False,446,="",="2/4/2026 6:49:00.732744905 AM",
="",9930,6.0,434 탎,2462 MHz,11,-67 dBm,Wi-Fi 3 (802.11g),False,388,="",="2/4/2026 6:49:00.733298730 AM",
="",9931,6.0,454 탎,2462 MHz,11,-66 dBm,Wi-Fi 3 (802.11g),False,403,="",="2/4/2026 6:49:00.733792635 AM",
="",9932,6.0,201 탎,2462 MHz,11,-65 dBm,Wi-Fi 3 (802.11g),False,213,="",="2/4/2026 6:49:00.734247135 AM",
="",9934,11.0,441 탎,2462 MHz,11,-89 dBm,Wi-Fi 1 (802.11b),True,427,="",="2/4/2026 6:49:00.759430570 AM",
="",9937,1.0,2016 탎,2462 MHz,11,-85 dBm,Wi-Fi 1 (802.11b),False,313,="",="2/4/2026 6:49:00.778627575 AM",
="",9938,11.0,401 탎,2462 MHz,11,-84 dBm,Wi-Fi 1 (802.11b),False,373,="",="2/4/2026 6:49:00.780657580 AM",
="",9939,11.0,418 탎,2462 MHz,11,-85 dBm,Wi-Fi 1 (802.11b),False,396,="",="2/4/2026 6:49:00.781072630 AM",
="",9940,11.0,202 탎,2462 MHz,11,-90 dBm,Wi-Fi 1 (802.11b),True,99,="",="2/4/2026 6:49:00.788350355 AM",
="",9946,1.0,2208 탎,2462 MHz,11,-85 dBm,Wi-Fi 1 (802.11b),False,337,="",="2/4/2026 6:49:00.793955585 AM",
="",9950,6.0,511 탎,2462 MHz,11,-66 dBm,Wi-Fi 3 (802.11g),False,446,="",="2/4/2026 6:49:00.835171915 AM",
="",9951,6.0,434 탎,2462 MHz,11,-65 dBm,Wi-Fi 3 (802.11g),False,388,="",="2/4/2026 6:49:00.835696045 AM",
="",9952,6.0,454 탎,2462 MHz,11,-66 dBm,Wi-Fi 3 (802.11g),False,403,="",="2/4/2026 6:49:00.836165455 AM",
="",9953,6.0,219 탎,2462 MHz,11,-65 dBm,Wi-Fi 3 (802.11g),False,227,="",="2/4/2026 6:49:00.836619955 AM",
="",9954,6.0,246 탎,2462 MHz,11,-65 dBm,Wi-Fi 3 (802.11g),False,229,="",="2/4/2026 6:49:00.836865625 AM",
="",9955,6.0,214 탎,2462 MHz,11,-67 dBm,Wi-Fi 3 (802.11g),False,223,="",="2/4/2026 6:49:00.842083380 AM",
="",9956,6.0,655 탎,2462 MHz,11,-63 dBm,Wi-Fi 3 (802.11g),False,554,="",="2/4/2026 6:49:00.842811620 AM",
="",9957,6.0,49 탎,2462 MHz,11,-68 dBm,Wi-Fi 3 (802.11g),False,99,="",="2/4/2026 6:49:00.843467450 AM",
="",9958,6.0,214 탎,2462 MHz,11,-70 dBm,Wi-Fi 3 (802.11g),False,223,="",="2/4/2026 6:49:00.867385085 AM",
="",9959,6.0,655 탎,2462 MHz,11,-64 dBm,Wi-Fi 3 (802.11g),False,554,="",="2/4/2026 6:49:00.867797830 AM",
="",9960,6.0,49 탎,2462 MHz,11,-71 dBm,Wi-Fi 3 (802.11g),False,99,="",="2/4/2026 6:49:00.868453660 AM",
="",9961,11.0,414 탎,2462 MHz,11,-85 dBm,Wi-Fi 1 (802.11b),False,390,="",="2/4/2026 6:49:00.869063915 AM",
="",9962,11.0,414 탎,2462 MHz,11,-85 dBm,Wi-Fi 1 (802.11b),False,390,="",="2/4/2026 6:49:00.869830205 AM",
="",9963,11.0,414 탎,2462 MHz,11,-84 dBm,Wi-Fi 1 (802.11b),True,390,="",="2/4/2026 6:49:00.870427660 AM",
="",9964,11.0,414 탎,2462 MHz,11,-83 dBm,Wi-Fi 1 (802.11b),True,390,="",="2/4/2026 6:49:00.871020315 AM",
="",9965,1.0,304 탎,2462 MHz,11,-88 dBm,Wi-Fi 1 (802.11b),False,99,="",="2/4/2026 6:49:00.877903085 AM",
="",9966,1.0,2008 탎,2462 MHz,11,-86 dBm,Wi-Fi 1 (802.11b),False,312,="",="2/4/2026 6:49:00.878571225 AM",
="",9967,1.0,2016 탎,2462 MHz,11,-85 dBm,Wi-Fi 1 (802.11b),False,313,="",="2/4/2026 6:49:00.881028330 AM",
="",9968,11.0,401 탎,2462 MHz,11,-85 dBm,Wi-Fi 1 (802.11b),False,373,="",="2/4/2026 6:49:00.883070590 AM",
="",9969,11.0,418 탎,2462 MHz,11,-84 dBm,Wi-Fi 1 (802.11b),True,396,="",="2/4/2026 6:49:00.883443625 AM",
="",9970,1.0,304 탎,2462 MHz,11,-89 dBm,Wi-Fi 1 (802.11b),False,99,="",="2/4/2026 6:49:00.892987795 AM",
="",9971,1.0,304 탎,2462 MHz,11,-87 dBm,Wi-Fi 1 (802.11b),False,99,="",="2/4/2026 6:49:00.893848795 AM",
="",9972,1.0,2208 탎,2462 MHz,11,-86 dBm,Wi-Fi 1 (802.11b),False,337,="",="2/4/2026 6:49:00.896356020 AM",
="",9976,1.0,832 탎,2462 MHz,11,-81 dBm,Wi-Fi 1 (802.11b),False,165,="",="2/4/2026 6:49:00.919169620 AM",
="",9981,6.0,511 탎,2462 MHz,11,-66 dBm,Wi-Fi 3 (802.11g),False,446,="",="2/4/2026 6:49:00.937544055 AM",
="",9982,6.0,434 탎,2462 MHz,11,-65 dBm,Wi-Fi 3 (802.11g),False,388,="",="2/4/2026 6:49:00.938076865 AM",
="",9983,6.0,454 탎,2462 MHz,11,-65 dBm,Wi-Fi 3 (802.11g),False,403,="",="2/4/2026 6:49:00.938549370 AM",
="",9984,11.0,202 탎,2462 MHz,11,-89 dBm,Wi-Fi 1 (802.11b),True,99,="",="2/4/2026 6:49:00.949672545 AM",
="",9985,11.0,401 탎,2462 MHz,11,-86 dBm,Wi-Fi 1 (802.11b),False,373,="",="2/4/2026 6:49:00.985458785 AM",
="",9986,11.0,418 탎,2462 MHz,11,-86 dBm,Wi-Fi 1 (802.11b),False,396,="",="2/4/2026 6:49:00.985874275 AM",
="",9987,1.0,2208 탎,2462 MHz,11,-86 dBm,Wi-Fi 1 (802.11b),False,337,="",="2/4/2026 6:49:00.998755830 AM",
="",9992,1.0,3280 탎,2462 MHz,11,-79 dBm,Wi-Fi 1 (802.11b),False,471,="",="2/4/2026 6:49:01.044627850 AM",
="",9996,1.0,2008 탎,2462 MHz,11,-85 dBm,Wi-Fi 1 (802.11b),False,312,="",="2/4/2026 6:49:01.083374765 AM",
="",9997,1.0,2016 탎,2462 MHz,11,-84 dBm,Wi-Fi 1 (802.11b),False,313,="",="2/4/2026 6:49:01.085826615 AM",
="",9998,11.0,401 탎,2462 MHz,11,-85 dBm,Wi-Fi 1 (802.11b),False,373,="",="2/4/2026 6:49:01.087862100 AM",
="",9999,11.0,418 탎,2462 MHz,11,-85 dBm,Wi-Fi 1 (802.11b),False,396,="",="2/4/2026 6:49:01.088274805 AM",
="",10003,1.0,2160 탎,2462 MHz,11,-82 dBm,Wi-Fi 1 (802.11b),False,331,="",="2/4/2026 6:49:01.096966555 AM",
="",10004,1.0,2160 탎,2462 MHz,11,-82 dBm,Wi-Fi 1 (802.11b),False,331,="",="2/4/2026 6:49:01.099251985 AM",
="",10005,1.0,1960 탎,2462 MHz,11,-84 dBm,Wi-Fi 1 (802.11b),False,306,="",="2/4/2026 6:49:01.103747630 AM",
="",10009,1.0,2728 탎,2462 MHz,11,-88 dBm,Wi-Fi 1 (802.11b),False,402,="",="2/4/2026 6:49:01.138066045 AM",
="",10010,6.0,511 탎,2462 MHz,11,-65 dBm,Wi-Fi 3 (802.11g),False,446,="",="2/4/2026 6:49:01.142372130 AM",
="",10011,6.0,434 탎,2462 MHz,11,-65 dBm,Wi-Fi 3 (802.11g),False,388,="",="2/4/2026 6:49:01.142901420 AM",
="",10012,6.0,454 탎,2462 MHz,11,-65 dBm,Wi-Fi 3 (802.11g),False,403,="",="2/4/2026 6:49:01.143380390 AM",
="",10013,6.0,153 탎,2462 MHz,11,-65 dBm,Wi-Fi 3 (802.11g),False,177,="",="2/4/2026 6:49:01.143834890 AM",
="",10014,6.0,599 탎,2462 MHz,11,-65 dBm,Wi-Fi 3 (802.11g),False,229,="",="2/4/2026 6:49:01.144011745 AM",
="",10015,6.0,626 탎,2462 MHz,11,-65 dBm,Wi-Fi 3 (802.11g),False,229,="",="2/4/2026 6:49:01.144638165 AM",
="",10016,6.0,127 탎,2462 MHz,11,-86 dBm,Wi-Fi 3 (802.11g),False,158,="",="2/4/2026 6:49:01.159563695 AM",
="",10017,6.0,121 탎,2462 MHz,11,-86 dBm,Wi-Fi 3 (802.11g),False,153,="",="2/4/2026 6:49:01.159753115 AM",
="",10018,11.0,202 탎,2462 MHz,11,-89 dBm,Wi-Fi 1 (802.11b),False,99,="",="2/4/2026 6:49:01.183027105 AM",
="",10019,1.0,2008 탎,2462 MHz,11,-86 dBm,Wi-Fi 1 (802.11b),False,312,="",="2/4/2026 6:49:01.185775815 AM",
="",10020,1.0,2016 탎,2462 MHz,11,-85 dBm,Wi-Fi 1 (802.11b),False,313,="",="2/4/2026 6:49:01.188227145 AM",
="",10021,11.0,401 탎,2462 MHz,11,-87 dBm,Wi-Fi 1 (802.11b),False,373,="",="2/4/2026 6:49:01.190262390 AM",
="",10022,11.0,418 탎,2462 MHz,11,-86 dBm,Wi-Fi 1 (802.11b),False,396,="",="2/4/2026 6:49:01.190677895 AM",
="",10026,11.0,427 탎,2462 MHz,11,-89 dBm,Wi-Fi 1 (802.11b),True,229,="",="2/4/2026 6:49:01.195923915 AM",
="",10030,1.0,1960 탎,2462 MHz,11,-88 dBm,Wi-Fi 1 (802.11b),False,306,="",="2/4/2026 6:49:01.227204395 AM",
="",10034,1.0,2208 탎,2462 MHz,11,-87 dBm,Wi-Fi 1 (802.11b),False,337,="",="2/4/2026 6:49:01.236975235 AM",
="",10035,1.0,2160 탎,2462 MHz,11,-85 dBm,Wi-Fi 1 (802.11b),False,331,="",="2/4/2026 6:49:01.241429380 AM",
="",10036,6.0,511 탎,2462 MHz,11,-65 dBm,Wi-Fi 3 (802.11g),False,446,="",="2/4/2026 6:49:01.244747790 AM",
="",10037,6.0,434 탎,2462 MHz,11,-66 dBm,Wi-Fi 3 (802.11g),False,388,="",="2/4/2026 6:49:01.245304175 AM",
="",10038,6.0,454 탎,2462 MHz,11,-66 dBm,Wi-Fi 3 (802.11g),False,403,="",="2/4/2026 6:49:01.245780505 AM",
="",10039,6.0,121 탎,2462 MHz,11,-87 dBm,Wi-Fi 3 (802.11g),False,153,="",="2/4/2026 6:49:01.278712690 AM",
="",10041,1.0,2016 탎,2462 MHz,11,-87 dBm,Wi-Fi 1 (802.11b),False,313,="",="2/4/2026 6:49:01.290627900 AM",
="",10042,11.0,401 탎,2462 MHz,11,-88 dBm,Wi-Fi 1 (802.11b),False,373,="",="2/4/2026 6:49:01.292661465 AM",
="",10043,11.0,418 탎,2462 MHz,11,-87 dBm,Wi-Fi 1 (802.11b),False,396,="",="2/4/2026 6:49:01.293078730 AM",
="",10044,1.0,352 탎,2462 MHz,11,-90 dBm,Wi-Fi 1 (802.11b),False,105,="",="2/4/2026 6:49:01.293593470 AM",
="",10045,1.0,2208 탎,2462 MHz,11,-86 dBm,Wi-Fi 1 (802.11b),False,337,="",="2/4/2026 6:49:01.305959230 AM",
="",10052,6.0,511 탎,2462 MHz,11,-66 dBm,Wi-Fi 3 (802.11g),False,446,="",="2/4/2026 6:49:01.347151840 AM",
="",10053,6.0,434 탎,2462 MHz,11,-66 dBm,Wi-Fi 3 (802.11g),False,388,="",="2/4/2026 6:49:01.347696490 AM",
="",10054,6.0,454 탎,2462 MHz,11,-66 dBm,Wi-Fi 3 (802.11g),False,403,="",="2/4/2026 6:49:01.348172075 AM",
="",10055,11.0,202 탎,2462 MHz,11,-87 dBm,Wi-Fi 1 (802.11b),False,99,="",="2/4/2026 6:49:01.361926455 AM",
="",10056,11.0,401 탎,2462 MHz,11,-87 dBm,Wi-Fi 1 (802.11b),True,373,="",="2/4/2026 6:49:01.395080210 AM",
="",10057,11.0,418 탎,2462 MHz,11,-87 dBm,Wi-Fi 1 (802.11b),False,396,="",="2/4/2026 6:49:01.395506500 AM",
="",10059,11.0,212 탎,2462 MHz,11,-88 dBm,Wi-Fi 1 (802.11b),True,113,="",="2/4/2026 6:49:01.415629675 AM",
="",10066,6.0,511 탎,2462 MHz,11,-63 dBm,Wi-Fi 3 (802.11g),False,446,="",="2/4/2026 6:49:01.449569465 AM",
="",10067,6.0,434 탎,2462 MHz,11,-64 dBm,Wi-Fi 3 (802.11g),False,388,="",="2/4/2026 6:49:01.450106755 AM",
="",10068,6.0,454 탎,2462 MHz,11,-63 dBm,Wi-Fi 3 (802.11g),False,403,="",="2/4/2026 6:49:01.450555230 AM",
="",10069,6.0,599 탎,2462 MHz,11,-63 dBm,Wi-Fi 3 (802.11g),False,229,="",="2/4/2026 6:49:01.451009730 AM",
="",10070,6.0,626 탎,2462 MHz,11,-63 dBm,Wi-Fi 3 (802.11g),False,229,="",="2/4/2026 6:49:01.451635770 AM",
="",10079,11.0,401 탎,2462 MHz,11,-87 dBm,Wi-Fi 1 (802.11b),True,373,="",="2/4/2026 6:49:01.497432365 AM",
="",10081,1.0,2096 탎,2462 MHz,11,-85 dBm,Wi-Fi 1 (802.11b),False,323,="",="2/4/2026 6:49:01.532486220 AM",
="",10085,6.0,511 탎,2462 MHz,11,-65 dBm,Wi-Fi 3 (802.11g),False,446,="",="2/4/2026 6:49:01.551968635 AM",
="",10086,6.0,434 탎,2462 MHz,11,-65 dBm,Wi-Fi 3 (802.11g),False,388,="",="2/4/2026 6:49:01.552519460 AM",
="",10087,6.0,454 탎,2462 MHz,11,-65 dBm,Wi-Fi 3 (802.11g),False,403,="",="2/4/2026 6:49:01.553000150 AM",
="",10088,6.0,214 탎,2462 MHz,11,-65 dBm,Wi-Fi 3 (802.11g),False,223,="",="2/4/2026 6:49:01.553454650 AM",
="",10089,6.0,241 탎,2462 MHz,11,-64 dBm,Wi-Fi 3 (802.11g),False,229,="",="2/4/2026 6:49:01.553691490 AM",
="",10092,1.0,1184 탎,2462 MHz,11,-88 dBm,Wi-Fi 1 (802.11b),False,209,="",="2/4/2026 6:49:01.560224705 AM",
="",10093,11.0,202 탎,2462 MHz,11,-86 dBm,Wi-Fi 1 (802.11b),False,99,="",="2/4/2026 6:49:01.571503720 AM",
="",10097,1.0,2008 탎,2462 MHz,11,-84 dBm,Wi-Fi 1 (802.11b),False,312,="",="2/4/2026 6:49:01.595374880 AM",
="",10098,11.0,401 탎,2462 MHz,11,-86 dBm,Wi-Fi 1 (802.11b),False,373,="",="2/4/2026 6:49:01.599862750 AM",
="",10099,11.0,418 탎,2462 MHz,11,-88 dBm,Wi-Fi 1 (802.11b),False,396,="",="2/4/2026 6:49:01.600277480 AM",
="",10103,6.0,511 탎,2462 MHz,11,-65 dBm,Wi-Fi 3 (802.11g),False,446,="",="2/4/2026 6:49:01.654563095 AM",
="",10104,6.0,434 탎,2462 MHz,11,-65 dBm,Wi-Fi 3 (802.11g),False,388,="",="2/4/2026 6:49:01.655089890 AM",
="",10105,6.0,454 탎,2462 MHz,11,-66 dBm,Wi-Fi 3 (802.11g),False,403,="",="2/4/2026 6:49:01.655568275 AM",
="",10106,6.0,599 탎,2462 MHz,11,-65 dBm,Wi-Fi 3 (802.11g),False,229,="",="2/4/2026 6:49:01.656022775 AM",
="",10107,6.0,626 탎,2462 MHz,11,-65 dBm,Wi-Fi 3 (802.11g),False,229,="",="2/4/2026 6:49:01.656651175 AM",
="",10108,6.0,627 탎,2462 MHz,11,-64 dBm,Wi-Fi 3 (802.11g),False,229,="",="2/4/2026 6:49:01.657302885 AM",
="",10109,6.0,654 탎,2462 MHz,11,-64 dBm,Wi-Fi 3 (802.11g),False,229,="",="2/4/2026 6:49:01.657957425 AM",
="",10111,1.0,2008 탎,2462 MHz,11,-86 dBm,Wi-Fi 1 (802.11b),False,312,="",="2/4/2026 6:49:01.697773090 AM",
="",10112,1.0,2016 탎,2462 MHz,11,-85 dBm,Wi-Fi 1 (802.11b),False,313,="",="2/4/2026 6:49:01.700230700 AM",
="",10116,1.0,2160 탎,2462 MHz,11,-85 dBm,Wi-Fi 1 (802.11b),False,331,="",="2/4/2026 6:49:01.744977810 AM",
="",10117,1.0,2208 탎,2462 MHz,11,-87 dBm,Wi-Fi 1 (802.11b),False,337,="",="2/4/2026 6:49:01.749681570 AM",
="",10118,1.0,1960 탎,2462 MHz,11,-85 dBm,Wi-Fi 1 (802.11b),False,306,="",="2/4/2026 6:49:01.751932800 AM",
="",10122,6.0,511 탎,2462 MHz,11,-67 dBm,Wi-Fi 3 (802.11g),False,446,="",="2/4/2026 6:49:01.756779120 AM",
="",10123,6.0,434 탎,2462 MHz,11,-67 dBm,Wi-Fi 3 (802.11g),False,388,="",="2/4/2026 6:49:01.757810915 AM",
="",10124,6.0,454 탎,2462 MHz,11,-67 dBm,Wi-Fi 3 (802.11g),False,403,="",="2/4/2026 6:49:01.758282885 AM",
="",10128,11.0,401 탎,2462 MHz,11,-86 dBm,Wi-Fi 1 (802.11b),True,373,="",="2/4/2026 6:49:01.804634300 AM",
="",10129,1.0,2208 탎,2462 MHz,11,-86 dBm,Wi-Fi 1 (802.11b),False,337,="",="2/4/2026 6:49:01.817957440 AM",
="",10130,6.0,511 탎,2462 MHz,11,-67 dBm,Wi-Fi 3 (802.11g),False,446,="",="2/4/2026 6:49:01.859164385 AM",
="",10131,6.0,434 탎,2462 MHz,11,-67 dBm,Wi-Fi 3 (802.11g),False,388,="",="2/4/2026 6:49:01.859711795 AM",
="",10132,6.0,454 탎,2462 MHz,11,-67 dBm,Wi-Fi 3 (802.11g),False,403,="",="2/4/2026 6:49:01.860178925 AM",
="",10134,6.0,219 탎,2462 MHz,11,-67 dBm,Wi-Fi 3 (802.11g),True,227,="",="2/4/2026 6:49:01.860633425 AM",
="",10137,1.0,3280 탎,2462 MHz,11,-71 dBm,Wi-Fi 1 (802.11b),False,471,="",="2/4/2026 6:49:01.864199160 AM",
="",10141,1.0,2208 탎,2462 MHz,11,-86 dBm,Wi-Fi 1 (802.11b),False,337,="",="2/4/2026 6:49:01.953776145 AM",
="",10142,6.0,511 탎,2462 MHz,11,-66 dBm,Wi-Fi 3 (802.11g),False,446,="",="2/4/2026 6:49:01.961565635 AM",
="",10143,6.0,434 탎,2462 MHz,11,-65 dBm,Wi-Fi 3 (802.11g),False,388,="",="2/4/2026 6:49:01.962092685 AM",
="",10144,6.0,454 탎,2462 MHz,11,-65 dBm,Wi-Fi 3 (802.11g),False,403,="",="2/4/2026 6:49:01.962548655 AM",
="",10145,6.0,1570 탎,2462 MHz,11,-65 dBm,Wi-Fi 3 (802.11g),False,229,="",="2/4/2026 6:49:01.963003155 AM",
="",10148,6.0,1597 탎,2462 MHz,11,-63 dBm,Wi-Fi 3 (802.11g),False,229,="",="2/4/2026 6:49:01.964592965 AM",
="",10150,11.0,202 탎,2462 MHz,11,-85 dBm,Wi-Fi 1 (802.11b),False,99,="",="2/4/2026 6:49:02.000125710 AM",
="",10153,11.0,202 탎,2462 MHz,11,-85 dBm,Wi-Fi 1 (802.11b),True,99,="",="2/4/2026 6:49:02.011708065 AM",
="",10155,1.0,2208 탎,2462 MHz,11,-87 dBm,Wi-Fi 1 (802.11b),False,337,="",="2/4/2026 6:49:02.022757755 AM",
="",10156,1.0,2424 탎,2462 MHz,11,-84 dBm,Wi-Fi 1 (802.11b),False,364,="",="2/4/2026 6:49:02.041412845 AM",
="",10157,1.0,2368 탎,2462 MHz,11,-84 dBm,Wi-Fi 1 (802.11b),False,229,="",="2/4/2026 6:49:02.043926790 AM",
="",10158,1.0,2096 탎,2462 MHz,11,-84 dBm,Wi-Fi 1 (802.11b),False,323,="",="2/4/2026 6:49:02.046348440 AM",
="",10159,1.0,2096 탎,2462 MHz,11,-86 dBm,Wi-Fi 1 (802.11b),False,323,="",="2/4/2026 6:49:02.048472955 AM",
="",10164,6.0,511 탎,2462 MHz,11,-68 dBm,Wi-Fi 3 (802.11g),False,446,="",="2/4/2026 6:49:02.063966405 AM",
="",10165,6.0,434 탎,2462 MHz,11,-68 dBm,Wi-Fi 3 (802.11g),False,388,="",="2/4/2026 6:49:02.064511710 AM",
="",10166,6.0,454 탎,2462 MHz,11,-67 dBm,Wi-Fi 3 (802.11g),False,403,="",="2/4/2026 6:49:02.064964345 AM",
="",10170,11.0,202 탎,2462 MHz,11,-84 dBm,Wi-Fi 1 (802.11b),False,99,="",="2/4/2026 6:49:02.102550095 AM",
="",10171,1.0,2008 탎,2462 MHz,11,-86 dBm,Wi-Fi 1 (802.11b),False,312,="",="2/4/2026 6:49:02.107373865 AM",
="",10172,11.0,202 탎,2462 MHz,11,-83 dBm,Wi-Fi 1 (802.11b),True,99,="",="2/4/2026 6:49:02.109759800 AM",
="",10173,11.0,401 탎,2462 MHz,11,-86 dBm,Wi-Fi 1 (802.11b),True,373,="",="2/4/2026 6:49:02.111836040 AM",
="",10174,1.0,2424 탎,2462 MHz,11,-84 dBm,Wi-Fi 1 (802.11b),False,364,="",="2/4/2026 6:49:02.143806815 AM",
="",10175,1.0,416 탎,2462 MHz,11,-84 dBm,Wi-Fi 1 (802.11b),True,113,="",="2/4/2026 6:49:02.146706525 AM",
="",10180,6.0,511 탎,2462 MHz,11,-69 dBm,Wi-Fi 3 (802.11g),False,446,="",="2/4/2026 6:49:02.166384470 AM",
="",10181,6.0,434 탎,2462 MHz,11,-69 dBm,Wi-Fi 3 (802.11g),False,388,="",="2/4/2026 6:49:02.166924080 AM",
="",10182,6.0,454 탎,2462 MHz,11,-69 dBm,Wi-Fi 3 (802.11g),False,403,="",="2/4/2026 6:49:02.167380570 AM",
="",10183,1.0,3280 탎,2462 MHz,11,-70 dBm,Wi-Fi 1 (802.11b),False,471,="",="2/4/2026 6:49:02.171048600 AM",
="",10188,11.0,202 탎,2462 MHz,11,-85 dBm,Wi-Fi 1 (802.11b),False,99,="",="2/4/2026 6:49:02.185532895 AM",
="",10189,11.0,401 탎,2462 MHz,11,-87 dBm,Wi-Fi 1 (802.11b),False,373,="",="2/4/2026 6:49:02.214265810 AM",
="",10191,1.0,2208 탎,2462 MHz,11,-85 dBm,Wi-Fi 1 (802.11b),False,337,="",="2/4/2026 6:49:02.260974295 AM",
="",10192,6.0,511 탎,2462 MHz,11,-69 dBm,Wi-Fi 3 (802.11g),False,446,="",="2/4/2026 6:49:02.268775625 AM",
="",10193,6.0,434 탎,2462 MHz,11,-69 dBm,Wi-Fi 3 (802.11g),False,388,="",="2/4/2026 6:49:02.269304595 AM",
="",10194,6.0,454 탎,2462 MHz,11,-70 dBm,Wi-Fi 3 (802.11g),False,403,="",="2/4/2026 6:49:02.269780485 AM",
="",10205,6.0,511 탎,2462 MHz,11,-70 dBm,Wi-Fi 3 (802.11g),False,446,="",="2/4/2026 6:49:02.371172755 AM",
="",10207,6.0,434 탎,2462 MHz,11,-70 dBm,Wi-Fi 3 (802.11g),False,388,="",="2/4/2026 6:49:02.371717405 AM",
="",10208,6.0,454 탎,2462 MHz,11,-70 dBm,Wi-Fi 3 (802.11g),False,403,="",="2/4/2026 6:49:02.372177415 AM",
="",10209,6.0,214 탎,2462 MHz,11,-70 dBm,Wi-Fi 3 (802.11g),False,223,="",="2/4/2026 6:49:02.379630400 AM",
="",10210,1.0,2160 탎,2462 MHz,11,-85 dBm,Wi-Fi 1 (802.11b),False,331,="",="2/4/2026 6:49:02.380520110 AM",
="",10214,11.0,202 탎,2462 MHz,11,-69 dBm,Wi-Fi 1 (802.11b),False,99,="",="2/4/2026 6:49:02.385846780 AM",
="",10215,6.0,214 탎,2462 MHz,11,-72 dBm,Wi-Fi 3 (802.11g),False,223,="",="2/4/2026 6:49:02.389700950 AM",
="",10216,1.0,2160 탎,2462 MHz,11,-86 dBm,Wi-Fi 1 (802.11b),False,331,="",="2/4/2026 6:49:02.395960875 AM",
="",10217,1.0,1960 탎,2462 MHz,11,-86 dBm,Wi-Fi 1 (802.11b),False,306,="",="2/4/2026 6:49:02.398259030 AM",
="",10218,1.0,1960 탎,2462 MHz,11,-85 dBm,Wi-Fi 1 (802.11b),False,306,="",="2/4/2026 6:49:02.400340770 AM",
="",10219,1.0,1960 탎,2462 MHz,11,-87 dBm,Wi-Fi 1 (802.11b),False,306,="",="2/4/2026 6:49:02.407582730 AM",
="",10220,1.0,2008 탎,2462 MHz,11,-84 dBm,Wi-Fi 1 (802.11b),False,312,="",="2/4/2026 6:49:02.414576920 AM",
="",10224,1.0,2208 탎,2462 MHz,11,-86 dBm,Wi-Fi 1 (802.11b),False,337,="",="2/4/2026 6:49:02.432358060 AM",
="",10225,1.0,2040 탎,2462 MHz,11,-87 dBm,Wi-Fi 1 (802.11b),False,316,="",="2/4/2026 6:49:02.439761740 AM",
="",10226,1.0,2208 탎,2462 MHz,11,-88 dBm,Wi-Fi 1 (802.11b),False,337,="",="2/4/2026 6:49:02.465774740 AM",
="",10227,6.0,511 탎,2462 MHz,11,-70 dBm,Wi-Fi 3 (802.11g),False,446,="",="2/4/2026 6:49:02.473586445 AM",
="",10228,6.0,434 탎,2462 MHz,11,-70 dBm,Wi-Fi 3 (802.11g),False,388,="",="2/4/2026 6:49:02.474124775 AM",
="",10230,6.0,454 탎,2462 MHz,11,-70 dBm,Wi-Fi 3 (802.11g),False,403,="",="2/4/2026 6:49:02.474585625 AM",
="",10231,1.0,3280 탎,2462 MHz,11,-72 dBm,Wi-Fi 1 (802.11b),False,471,="",="2/4/2026 6:49:02.478250575 AM",
="",10235,6.0,425 탎,2462 MHz,11,-87 dBm,Wi-Fi 3 (802.11g),False,381,="",="2/4/2026 6:49:02.508596035 AM",
="",10236,1.0,2008 탎,2462 MHz,11,-83 dBm,Wi-Fi 1 (802.11b),False,312,="",="2/4/2026 6:49:02.516977235 AM",
="",10237,11.0,401 탎,2462 MHz,11,-87 dBm,Wi-Fi 1 (802.11b),True,373,="",="2/4/2026 6:49:02.521438490 AM",
="",10238,11.0,418 탎,2462 MHz,11,-88 dBm,Wi-Fi 1 (802.11b),True,396,="",="2/4/2026 6:49:02.521870355 AM",
="",10242,6.0,346 탎,2462 MHz,11,-88 dBm,Wi-Fi 3 (802.11g),False,322,="",="2/4/2026 6:49:02.565409835 AM",
="",10243,1.0,2208 탎,2462 MHz,11,-85 dBm,Wi-Fi 1 (802.11b),False,337,="",="2/4/2026 6:49:02.568174830 AM",
="",10245,6.0,511 탎,2462 MHz,11,-74 dBm,Wi-Fi 3 (802.11g),False,446,="",="2/4/2026 6:49:02.575985160 AM",
="",10246,6.0,434 탎,2462 MHz,11,-74 dBm,Wi-Fi 3 (802.11g),False,388,="",="2/4/2026 6:49:02.576541225 AM",
="",10247,6.0,454 탎,2462 MHz,11,-74 dBm,Wi-Fi 3 (802.11g),False,403,="",="2/4/2026 6:49:02.577017115 AM",
="",10251,1.0,2040 탎,2462 MHz,11,-87 dBm,Wi-Fi 1 (802.11b),False,316,="",="2/4/2026 6:49:02.599443225 AM",
="",10255,1.0,2208 탎,2462 MHz,11,-86 dBm,Wi-Fi 1 (802.11b),False,337,="",="2/4/2026 6:49:02.670575160 AM",
="",10256,6.0,511 탎,2462 MHz,11,-72 dBm,Wi-Fi 3 (802.11g),False,446,="",="2/4/2026 6:49:02.678378530 AM",
="",10257,6.0,434 탎,2462 MHz,11,-72 dBm,Wi-Fi 3 (802.11g),False,388,="",="2/4/2026 6:49:02.678922875 AM",
="",10258,6.0,454 탎,2462 MHz,11,-72 dBm,Wi-Fi 3 (802.11g),False,403,="",="2/4/2026 6:49:02.679395245 AM",
="",10265,1.0,1152 탎,2462 MHz,11,-82 dBm,Wi-Fi 1 (802.11b),False,205,="",="2/4/2026 6:49:02.704313005 AM",
="",10266,6.0,655 탎,2462 MHz,11,-71 dBm,Wi-Fi 3 (802.11g),False,554,="",="2/4/2026 6:49:02.705961045 AM",
="",10267,1.0,2008 탎,2462 MHz,11,-87 dBm,Wi-Fi 1 (802.11b),False,312,="",="2/4/2026 6:49:02.721777375 AM",
="",10268,11.0,418 탎,2462 MHz,11,-87 dBm,Wi-Fi 1 (802.11b),True,396,="",="2/4/2026 6:49:02.726657775 AM",
="",10269,6.0,511 탎,2462 MHz,11,-68 dBm,Wi-Fi 3 (802.11g),False,446,="",="2/4/2026 6:49:02.780791380 AM",
="",10270,6.0,434 탎,2462 MHz,11,-68 dBm,Wi-Fi 3 (802.11g),False,388,="",="2/4/2026 6:49:02.781338670 AM",
="",10271,6.0,454 탎,2462 MHz,11,-68 dBm,Wi-Fi 3 (802.11g),False,403,="",="2/4/2026 6:49:02.781796560 AM",
="",10279,11.0,202 탎,2462 MHz,11,-86 dBm,Wi-Fi 1 (802.11b),False,99,="",="2/4/2026 6:49:02.838589440 AM",
="",10282,1.0,2424 탎,2462 MHz,11,-88 dBm,Wi-Fi 1 (802.11b),False,364,="",="2/4/2026 6:49:02.860618400 AM",
="",10283,6.0,513 탎,2462 MHz,11,-71 dBm,Wi-Fi 3 (802.11g),False,447,="",="2/4/2026 6:49:02.883174985 AM",
="",10284,6.0,434 탎,2462 MHz,11,-71 dBm,Wi-Fi 3 (802.11g),False,388,="",="2/4/2026 6:49:02.883720970 AM",
="",10285,6.0,454 탎,2462 MHz,11,-71 dBm,Wi-Fi 3 (802.11g),False,403,="",="2/4/2026 6:49:02.884187580 AM",
="",10293,1.0,2008 탎,2462 MHz,11,-84 dBm,Wi-Fi 1 (802.11b),False,312,="",="2/4/2026 6:49:02.926578350 AM",
="",10295,11.0,401 탎,2462 MHz,11,-91 dBm,Wi-Fi 1 (802.11b),False,373,="",="2/4/2026 6:49:02.931073140 AM",
="",10296,11.0,418 탎,2462 MHz,11,-84 dBm,Wi-Fi 1 (802.11b),False,396,="",="2/4/2026 6:49:02.931485630 AM",
="",10297,6.0,49 탎,2462 MHz,11,-73 dBm,Wi-Fi 3 (802.11g),False,99,="",="2/4/2026 6:49:02.934581795 AM",
="",10298,11.0,202 탎,2462 MHz,11,-88 dBm,Wi-Fi 1 (802.11b),False,99,="",="2/4/2026 6:49:02.951826140 AM",
="",10302,24.0,35 탎,2462 MHz,11,-86 dBm,Wi-Fi 3 (802.11g),True,99,="",="2/4/2026 6:49:02.965502675 AM",
="",10305,6.0,511 탎,2462 MHz,11,-70 dBm,Wi-Fi 3 (802.11g),False,446,="",="2/4/2026 6:49:02.985567500 AM",
="",10306,6.0,434 탎,2462 MHz,11,-70 dBm,Wi-Fi 3 (802.11g),False,388,="",="2/4/2026 6:49:02.986121205 AM",
="",10307,6.0,454 탎,2462 MHz,11,-70 dBm,Wi-Fi 3 (802.11g),True,403,="",="2/4/2026 6:49:02.986561200 AM",
="",10311,1.0,2096 탎,2462 MHz,11,-87 dBm,Wi-Fi 1 (802.11b),False,323,="",="2/4/2026 6:49:03.068487680 AM",
="",10312,1.0,2208 탎,2462 MHz,11,-85 dBm,Wi-Fi 1 (802.11b),False,337,="",="2/4/2026 6:49:03.080175965 AM",
="",10315,6.0,511 탎,2462 MHz,11,-71 dBm,Wi-Fi 3 (802.11g),False,446,="",="2/4/2026 6:49:03.087991310 AM",
="",10317,6.0,434 탎,2462 MHz,11,-71 dBm,Wi-Fi 3 (802.11g),False,388,="",="2/4/2026 6:49:03.088536055 AM",
="",10324,11.0,401 탎,2462 MHz,11,-85 dBm,Wi-Fi 1 (802.11b),False,373,="",="2/4/2026 6:49:03.135874345 AM",
="",10325,11.0,418 탎,2462 MHz,11,-85 dBm,Wi-Fi 1 (802.11b),True,396,="",="2/4/2026 6:49:03.136257060 AM",
="",10327,1.0,2424 탎,2462 MHz,11,-87 dBm,Wi-Fi 1 (802.11b),False,364,="",="2/4/2026 6:49:03.167821120 AM",
="",10328,1.0,2208 탎,2462 MHz,11,-87 dBm,Wi-Fi 1 (802.11b),False,337,="",="2/4/2026 6:49:03.182578870 AM",
="",10329,11.0,202 탎,2462 MHz,11,-86 dBm,Wi-Fi 1 (802.11b),False,99,="",="2/4/2026 6:49:03.187970180 AM",
="",10330,6.0,511 탎,2462 MHz,11,-69 dBm,Wi-Fi 3 (802.11g),False,446,="",="2/4/2026 6:49:03.190512180 AM",
="",10331,6.0,434 탎,2462 MHz,11,-69 dBm,Wi-Fi 3 (802.11g),False,388,="",="2/4/2026 6:49:03.191038590 AM",
="",10332,6.0,454 탎,2462 MHz,11,-69 dBm,Wi-Fi 3 (802.11g),True,403,="",="2/4/2026 6:49:03.191460330 AM",
="",10342,1.0,2008 탎,2462 MHz,11,-85 dBm,Wi-Fi 1 (802.11b),False,312,="",="2/4/2026 6:49:03.233776045 AM",
="",10343,11.0,401 탎,2462 MHz,11,-85 dBm,Wi-Fi 1 (802.11b),False,373,="",="2/4/2026 6:49:03.238273595 AM",
="",10344,1.0,304 탎,2462 MHz,11,-85 dBm,Wi-Fi 1 (802.11b),False,99,="",="2/4/2026 6:49:03.268285975 AM",
="",10345,1.0,304 탎,2462 MHz,11,-85 dBm,Wi-Fi 1 (802.11b),False,99,="",="2/4/2026 6:49:03.273350125 AM",
="",10346,1.0,304 탎,2462 MHz,11,-86 dBm,Wi-Fi 1 (802.11b),False,99,="",="2/4/2026 6:49:03.278961460 AM",
="",10347,1.0,304 탎,2462 MHz,11,-85 dBm,Wi-Fi 1 (802.11b),False,99,="",="2/4/2026 6:49:03.282258270 AM",
="",10348,1.0,304 탎,2462 MHz,11,-86 dBm,Wi-Fi 1 (802.11b),False,99,="",="2/4/2026 6:49:03.282958105 AM",
="",10349,6.0,214 탎,2462 MHz,11,-86 dBm,Wi-Fi 3 (802.11g),False,223,="",="2/4/2026 6:49:03.290563410 AM",
="",10350,6.0,511 탎,2462 MHz,11,-68 dBm,Wi-Fi 3 (802.11g),False,446,="",="2/4/2026 6:49:03.292797010 AM",
="",10351,6.0,434 탎,2462 MHz,11,-69 dBm,Wi-Fi 3 (802.11g),False,388,="",="2/4/2026 6:49:03.293350595 AM",
="",10352,6.0,454 탎,2462 MHz,11,-69 dBm,Wi-Fi 3 (802.11g),False,403,="",="2/4/2026 6:49:03.293802190 AM",
="",10356,1.0,2008 탎,2462 MHz,11,-85 dBm,Wi-Fi 1 (802.11b),False,312,="",="2/4/2026 6:49:03.336176280 AM",
="",10357,11.0,401 탎,2462 MHz,11,-83 dBm,Wi-Fi 1 (802.11b),False,373,="",="2/4/2026 6:49:03.340673190 AM",
="",10358,11.0,418 탎,2462 MHz,11,-83 dBm,Wi-Fi 1 (802.11b),False,396,="",="2/4/2026 6:49:03.341090720 AM",
