Bookmark,Frame#,Source Port,Destination Port,Length,Checksum,Frame Size,Delta,Timestamp,
="",17,,,,,413,="",="2/5/2026 4:51:38.568172340 PM",
="",18,,,,,400,="",="2/5/2026 4:51:38.568992575 PM",
="",26,,,,,427,="",="2/5/2026 4:51:38.589227290 PM",
="",27,,,,,424,="",="2/5/2026 4:51:38.590000830 PM",
="",28,,,,,315,="",="2/5/2026 4:51:38.590463855 PM",
="",29,,,,,397,="",="2/5/2026 4:51:38.592511245 PM",
="",50,,,,,413,="",="2/5/2026 4:51:38.672350540 PM",
="",51,,,,,400,="",="2/5/2026 4:51:38.672781585 PM",
="",68,,,,,365,="",="2/5/2026 4:51:38.725661480 PM",
="",74,,,,,421,="",="2/5/2026 4:51:38.772670835 PM",
="",75,,,,,413,="",="2/5/2026 4:51:38.773107695 PM",
="",76,,,,,400,="",="2/5/2026 4:51:38.773727620 PM",
="",86,,,,,404,="",="2/5/2026 4:51:38.807821270 PM",
="",102,,,,,113,="",="2/5/2026 4:51:38.871668155 PM",
="",103,,,,,229,="",="2/5/2026 4:51:38.871659445 PM",
="",104,,,,,418,="",="2/5/2026 4:51:38.872178035 PM",
="",108,,,,,424,="",="2/5/2026 4:51:38.898693485 PM",
="",122,,,,,113,="",="2/5/2026 4:51:38.951944550 PM",
="",127,,,,,343,="",="2/5/2026 4:51:38.973345270 PM",
="",134,,,,,367,="",="2/5/2026 4:51:38.994091165 PM",
="",147,,,,,378,="",="2/5/2026 4:51:39.043385330 PM",
="",180,,,,,427,="",="2/5/2026 4:51:39.101231055 PM",
="",181,,,,,466,="",="2/5/2026 4:51:39.105355500 PM",
="",189,,,,,378,="",="2/5/2026 4:51:39.144280890 PM",
="",199,,,,,421,="",="2/5/2026 4:51:39.181770585 PM",
="",211,,,,,427,="",="2/5/2026 4:51:39.203631830 PM",
="",212,,,,,397,="",="2/5/2026 4:51:39.205177840 PM",
="",224,,,,,99,="",="2/5/2026 4:51:39.253131635 PM",
="",233,,,,,421,="",="2/5/2026 4:51:39.284171360 PM",
="",234,,,,,413,="",="2/5/2026 4:51:39.285010485 PM",
="",235,,,,,400,="",="2/5/2026 4:51:39.285763355 PM",
="",237,,,,,125,="",="2/5/2026 4:51:39.297885665 PM",
="",241,,,,,424,="",="2/5/2026 4:51:39.306806280 PM",
="",242,,,,,113,="",="2/5/2026 4:51:39.309717570 PM",
="",256,,,,,421,="",="2/5/2026 4:51:39.346271300 PM",
="",258,,,,,308,="",="2/5/2026 4:51:39.347040450 PM",
="",276,,,,,413,="",="2/5/2026 4:51:39.387486185 PM",
="",285,,,,,365,="",="2/5/2026 4:51:39.411105740 PM",
="",291,,,,,382,="",="2/5/2026 4:51:39.437596830 PM",
="",300,,,,,341,="",="2/5/2026 4:51:39.461008440 PM",
="",318,,,,,368,="",="2/5/2026 4:51:39.508575975 PM",
="",320,,,,,365,="",="2/5/2026 4:51:39.513519160 PM",
="",340,,,,,421,="",="2/5/2026 4:51:39.591373505 PM",
="",342,,,,,400,="",="2/5/2026 4:51:39.592934180 PM",
="",367,,,,,342,="",="2/5/2026 4:51:39.666702680 PM",
="",374,,,,,421,="",="2/5/2026 4:51:39.693773680 PM",
="",375,,,,,413,="",="2/5/2026 4:51:39.694615605 PM",
="",376,,,,,400,="",="2/5/2026 4:51:39.695417345 PM",
="",394,,,,,314,="",="2/5/2026 4:51:39.742470350 PM",
="",406,,,,,413,="",="2/5/2026 4:51:39.793408935 PM",
="",407,,,,,421,="",="2/5/2026 4:51:39.796174895 PM",
="",408,,,,,413,="",="2/5/2026 4:51:39.796994165 PM",
="",409,,,,,400,="",="2/5/2026 4:51:39.797772970 PM",
="",420,,,,,466,="",="2/5/2026 4:51:39.837875970 PM",
="",425,,,,,113,="",="2/5/2026 4:51:39.844781570 PM",
="",432,,,,,205,="",="2/5/2026 4:51:39.875429840 PM",
="",434,,,,,113,="",="2/5/2026 4:51:39.883672050 PM",
="",463,,,,,117,="",="2/5/2026 4:51:39.968705450 PM",
="",464,,,,,247,="",="2/5/2026 4:51:39.969477525 PM",
="",465,,,,,364,="",="2/5/2026 4:51:39.971375195 PM",
="",477,,,,,413,="",="2/5/2026 4:51:39.998273505 PM",
="",478,,,,,400,="",="2/5/2026 4:51:39.999105700 PM",
="",479,,,,,229,="",="2/5/2026 4:51:40.000977955 PM",
="",480,,,,,413,="",="2/5/2026 4:51:40.001826575 PM",
="",481,,,,,400,="",="2/5/2026 4:51:40.002572325 PM",
="",518,,,,,413,="",="2/5/2026 4:51:40.104170575 PM",
="",519,,,,,400,="",="2/5/2026 4:51:40.104924780 PM",
="",545,,,,,421,="",="2/5/2026 4:51:40.205778070 PM",
="",547,,,,,400,="",="2/5/2026 4:51:40.207354850 PM",
="",552,,,,,35,="",="2/5/2026 4:51:40.227420205 PM",
="",553,,,,,427,="",="2/5/2026 4:51:40.227640475 PM",
="",572,,,,,342,="",="2/5/2026 4:51:40.293444340 PM",
="",577,,,,,421,="",="2/5/2026 4:51:40.308178670 PM",
="",578,,,,,413,="",="2/5/2026 4:51:40.308980980 PM",
="",579,,,,,400,="",="2/5/2026 4:51:40.309762545 PM",
="",586,,,,,427,="",="2/5/2026 4:51:40.330040995 PM",
="",587,,,,,424,="",="2/5/2026 4:51:40.330791415 PM",
="",593,,,,,378,="",="2/5/2026 4:51:40.373021280 PM",
="",600,,,,,364,="",="2/5/2026 4:51:40.380981380 PM",
="",607,,,,,333,="",="2/5/2026 4:51:40.389920515 PM",
="",610,,,,,425,="",="2/5/2026 4:51:40.398973335 PM",
="",611,,,,,421,="",="2/5/2026 4:51:40.410582405 PM",
="",612,,,,,413,="",="2/5/2026 4:51:40.411432690 PM",
="",613,,,,,400,="",="2/5/2026 4:51:40.412173440 PM",
="",619,,,,,229,="",="2/5/2026 4:51:40.433274860 PM",
="",642,,,,,425,="",="2/5/2026 4:51:40.501389925 PM",
="",644,,,,,421,="",="2/5/2026 4:51:40.512979875 PM",
="",645,,,,,413,="",="2/5/2026 4:51:40.513821160 PM",
="",646,,,,,229,="",="2/5/2026 4:51:40.514589725 PM",
="",654,,,,,424,="",="2/5/2026 4:51:40.535688065 PM",
="",673,,,,,364,="",="2/5/2026 4:51:40.585780905 PM",
="",690,,,,,397,="",="2/5/2026 4:51:40.639541755 PM",
="",694,,,,,480,="",="2/5/2026 4:51:40.659978720 PM",
="",697,,,,,377,="",="2/5/2026 4:51:40.667873520 PM",
="",724,,,,,424,="",="2/5/2026 4:51:40.740431855 PM",
="",725,,,,,365,="",="2/5/2026 4:51:40.742315150 PM",
="",736,,,,,315,="",="2/5/2026 4:51:40.791095970 PM",
="",740,,,,,99,="",="2/5/2026 4:51:40.793361915 PM",
="",773,,,,,323,="",="2/5/2026 4:51:40.851964270 PM",
="",782,,,,,315,="",="2/5/2026 4:51:40.894439590 PM",
="",790,,,,,421,="",="2/5/2026 4:51:40.922582995 PM",
="",792,,,,,400,="",="2/5/2026 4:51:40.924197485 PM",
="",795,,,,,427,="",="2/5/2026 4:51:40.944542925 PM",
="",796,,,,,424,="",="2/5/2026 4:51:40.945319425 PM",
="",797,,,,,365,="",="2/5/2026 4:51:40.947120130 PM",
="",814,,,,,342,="",="2/5/2026 4:51:40.997890555 PM",
="",823,,,,,364,="",="2/5/2026 4:51:41.023584735 PM",
="",836,,,,,229,="",="2/5/2026 4:51:41.082992790 PM",
="",840,,,,,469,="",="2/5/2026 4:51:41.092938800 PM",
="",841,,,,,415,="",="2/5/2026 4:51:41.096638680 PM",
="",856,,,,,421,="",="2/5/2026 4:51:41.127384930 PM",
="",911,,,,,324,="",="2/5/2026 4:51:41.313338940 PM",
="",922,,,,,400,="",="2/5/2026 4:51:41.333788195 PM",
="",931,,,,,229,="",="2/5/2026 4:51:41.381679970 PM",
="",942,,,,,342,="",="2/5/2026 4:51:41.419855190 PM",
="",954,,,,,367,="",="2/5/2026 4:51:41.451715065 PM",
="",967,,,,,377,="",="2/5/2026 4:51:41.486540870 PM",
="",978,,,,,229,="",="2/5/2026 4:51:41.522160570 PM",
="",986,,,,,421,="",="2/5/2026 4:51:41.538624225 PM",
="",987,,,,,413,="",="2/5/2026 4:51:41.539420655 PM",
="",988,,,,,400,="",="2/5/2026 4:51:41.540182645 PM",
="",1010,,,,,465,="",="2/5/2026 4:51:41.608214650 PM",
="",1024,,,,,323,="",="2/5/2026 4:51:41.668176280 PM",
="",1035,,,,,431,="",="2/5/2026 4:51:41.684488370 PM",
="",1038,,,,,369,="",="2/5/2026 4:51:41.693756730 PM",
="",1070,,,,,322,="",="2/5/2026 4:51:41.775342140 PM",
="",1082,,,,,388,="",="2/5/2026 4:51:41.824158730 PM",
="",1094,,,,,413,="",="2/5/2026 4:51:41.845086340 PM",
="",1119,,,,,421,="",="2/5/2026 4:51:41.946590910 PM",
="",1155,,,,,413,="",="2/5/2026 4:51:42.049818675 PM",
="",1156,,,,,400,="",="2/5/2026 4:51:42.050585320 PM",
="",1198,,,,,323,="",="2/5/2026 4:51:42.180321820 PM",
="",1214,,,,,271,="",="2/5/2026 4:51:42.246782405 PM",
="",1215,,,,,421,="",="2/5/2026 4:51:42.249321245 PM",
="",1216,,,,,418,="",="2/5/2026 4:51:42.251786085 PM",
="",1259,,,,,413,="",="2/5/2026 4:51:42.357207705 PM",
="",1295,,,,,427,="",="2/5/2026 4:51:42.480459245 PM",
="",1296,,,,,424,="",="2/5/2026 4:51:42.481302295 PM",
="",1297,,,,,397,="",="2/5/2026 4:51:42.483814310 PM",
="",1321,,,,,330,="",="2/5/2026 4:51:42.568294935 PM",
="",1351,,,,,421,="",="2/5/2026 4:51:42.663399120 PM",
="",1381,,,,,421,="",="2/5/2026 4:51:42.765797175 PM",
="",1382,,,,,413,="",="2/5/2026 4:51:42.766627285 PM",
="",1419,,,,,421,="",="2/5/2026 4:51:42.868198120 PM",
="",1420,,,,,413,="",="2/5/2026 4:51:42.868991030 PM",
="",1421,,,,,400,="",="2/5/2026 4:51:42.869738420 PM",
="",1434,,,,,113,="",="2/5/2026 4:51:42.921765620 PM",
="",1455,,,,,117,="",="2/5/2026 4:51:42.984091895 PM",
="",1477,,,,,421,="",="2/5/2026 4:51:43.069415225 PM",
="",1478,,,,,400,="",="2/5/2026 4:51:43.071017460 PM",
="",1489,,,,,365,="",="2/5/2026 4:51:43.097557725 PM",
="",1494,,,,,323,="",="2/5/2026 4:51:43.106077710 PM",
="",1515,,,,,424,="",="2/5/2026 4:51:43.198071495 PM",
="",1542,,,,,424,="",="2/5/2026 4:51:43.300431695 PM",
="",1569,,,,,424,="",="2/5/2026 4:51:43.402834455 PM",
="",1594,,,,,400,="",="2/5/2026 4:51:43.484223895 PM",
="",1596,,,,,424,="",="2/5/2026 4:51:43.505421905 PM",
="",1597,,,,,397,="",="2/5/2026 4:51:43.507136310 PM",
="",1626,,,,,397,="",="2/5/2026 4:51:43.609537965 PM",
="",1669,,,,,413,="",="2/5/2026 4:51:43.790664160 PM",
="",1670,,,,,339,="",="2/5/2026 4:51:43.804245210 PM",
="",1790,,,,,421,="",="2/5/2026 4:51:44.301808640 PM",
="",1791,,,,,400,="",="2/5/2026 4:51:44.303388475 PM",
="",1841,,,,,421,="",="2/5/2026 4:51:44.506612805 PM",
="",1846,,,,,369,="",="2/5/2026 4:51:44.528691855 PM",
="",1871,,,,,421,="",="2/5/2026 4:51:44.609012285 PM",
="",1872,,,,,413,="",="2/5/2026 4:51:44.609813595 PM",
="",1873,,,,,400,="",="2/5/2026 4:51:44.610619535 PM",
="",1897,,,,,421,="",="2/5/2026 4:51:44.711411365 PM",
="",1927,,,,,369,="",="2/5/2026 4:51:44.835985020 PM",
="",1931,,,,,435,="",="2/5/2026 4:51:44.846900200 PM",
="",1940,,,,,360,="",="2/5/2026 4:51:44.889371315 PM",
="",2032,,,,,435,="",="2/5/2026 4:51:45.256505495 PM",
="",2076,,,,,342,="",="2/5/2026 4:51:45.401123245 PM",
="",2130,,,,,333,="",="2/5/2026 4:51:45.588290715 PM",
="",2151,,,,,51,="",="2/5/2026 4:51:45.661372955 PM",
="",2190,,,,,113,="",="2/5/2026 4:51:45.822876570 PM",
="",2208,,,,,342,="",="2/5/2026 4:51:45.913131045 PM",
="",2216,,,,,413,="",="2/5/2026 4:51:45.941232485 PM",
="",2260,,,,,434,="",="2/5/2026 4:51:46.078351165 PM",
="",2268,,,,,113,="",="2/5/2026 4:51:46.117762700 PM",
="",2275,,,,,421,="",="2/5/2026 4:51:46.145120875 PM",
="",2276,,,,,400,="",="2/5/2026 4:51:46.146642760 PM",
="",2331,,,,,434,="",="2/5/2026 4:51:46.386345600 PM",
="",2332,,,,,434,="",="2/5/2026 4:51:46.387132610 PM",
="",2342,,,,,342,="",="2/5/2026 4:51:46.425130350 PM",
="",2407,,,,,469,="",="2/5/2026 4:51:46.661540770 PM",
="",2438,,,,,451,="",="2/5/2026 4:51:46.736128310 PM",
="",2452,,,,,180,="",="2/5/2026 4:51:46.786276135 PM",
="",2466,,,,,466,="",="2/5/2026 4:51:46.843978935 PM",
="",2478,,,,,339,="",="2/5/2026 4:51:46.876257605 PM",
="",2520,,,,,113,="",="2/5/2026 4:51:47.039363695 PM",
="",2536,,,,,397,="",="2/5/2026 4:51:47.102875520 PM",
="",2572,,,,,413,="",="2/5/2026 4:51:47.268710510 PM",
="",2573,,,,,400,="",="2/5/2026 4:51:47.269465795 PM",
="",2581,,,,,435,="",="2/5/2026 4:51:47.304538545 PM",
="",2608,,,,,435,="",="2/5/2026 4:51:47.406940545 PM",
="",2646,,,,,113,="",="2/5/2026 4:51:47.562093760 PM",
="",2677,,,,,400,="",="2/5/2026 4:51:47.679124905 PM",
="",2700,,,,,360,="",="2/5/2026 4:51:47.759916865 PM",
="",2706,,,,,113,="",="2/5/2026 4:51:47.776628920 PM",
="",2710,,,,,421,="",="2/5/2026 4:51:47.779863935 PM",
="",2715,,,,,117,="",="2/5/2026 4:51:47.788152185 PM",
="",2718,,,,,117,="",="2/5/2026 4:51:47.789583295 PM",
="",2723,,,,,117,="",="2/5/2026 4:51:47.791127965 PM",
="",2726,,,,,99,="",="2/5/2026 4:51:47.791327565 PM",
="",2727,,,,,229,="",="2/5/2026 4:51:47.792169305 PM",
="",2728,,,,,117,="",="2/5/2026 4:51:47.792295675 PM",
="",2729,,,,,117,="",="2/5/2026 4:51:47.792494695 PM",
="",2732,,,,,117,="",="2/5/2026 4:51:47.793217350 PM",
="",2738,,,,,117,="",="2/5/2026 4:51:47.794754060 PM",
="",2742,,,,,117,="",="2/5/2026 4:51:47.796021375 PM",
="",2744,,,,,169,="",="2/5/2026 4:51:47.796624545 PM",
="",2750,,,,,99,="",="2/5/2026 4:51:47.797816590 PM",
="",2754,,,,,99,="",="2/5/2026 4:51:47.798669660 PM",
="",2755,,,,,117,="",="2/5/2026 4:51:47.800221460 PM",
="",2767,,,,,105,="",="2/5/2026 4:51:47.812011970 PM",
="",2770,,,,,117,="",="2/5/2026 4:51:47.812319100 PM",
="",2802,,,,,113,="",="2/5/2026 4:51:47.923880205 PM",
="",2827,,,,,113,="",="2/5/2026 4:51:48.020367135 PM",
="",2846,,,,,303,="",="2/5/2026 4:51:48.083917320 PM",
="",2847,,,,,421,="",="2/5/2026 4:51:48.087086045 PM",
="",2871,,,,,413,="",="2/5/2026 4:51:48.190376345 PM",
="",2887,,,,,435,="",="2/5/2026 4:51:48.228759055 PM",
="",2888,,,,,434,="",="2/5/2026 4:51:48.229581645 PM",
="",2890,,,,,397,="",="2/5/2026 4:51:48.231163825 PM",
="",2920,,,,,229,="",="2/5/2026 4:51:48.331749610 PM",
="",2922,,,,,376,="",="2/5/2026 4:51:48.349301280 PM",
="",2930,,,,,229,="",="2/5/2026 4:51:48.363770760 PM",
="",2931,,,,,360,="",="2/5/2026 4:51:48.371056175 PM",
="",2959,,,,,400,="",="2/5/2026 4:51:48.498265575 PM",
="",2963,,,,,99,="",="2/5/2026 4:51:48.502318225 PM",
="",2989,,,,,117,="",="2/5/2026 4:51:48.623741040 PM",
="",3009,,,,,421,="",="2/5/2026 4:51:48.705044410 PM",
="",3039,,,,,425,="",="2/5/2026 4:51:48.799645395 PM",
="",3046,,,,,427,="",="2/5/2026 4:51:48.829313285 PM",
="",3077,,,,,435,="",="2/5/2026 4:51:48.942965580 PM",
="",3079,,,,,434,="",="2/5/2026 4:51:48.946127875 PM",
="",3096,,,,,421,="",="2/5/2026 4:51:49.008677370 PM",
="",3097,,,,,413,="",="2/5/2026 4:51:49.009487320 PM",
="",3098,,,,,400,="",="2/5/2026 4:51:49.010235470 PM",
="",3109,,,,,435,="",="2/5/2026 4:51:49.045444200 PM",
="",3116,,,,,429,="",="2/5/2026 4:51:49.075893935 PM",
="",3121,,,,,429,="",="2/5/2026 4:51:49.078059235 PM",
="",3134,,,,,117,="",="2/5/2026 4:51:49.092214955 PM",
="",3138,,,,,421,="",="2/5/2026 4:51:49.111078960 PM",
="",3158,,,,,360,="",="2/5/2026 4:51:49.190187515 PM",
="",3222,,,,,400,="",="2/5/2026 4:51:49.423468890 PM",
="",3229,,,,,303,="",="2/5/2026 4:51:49.442720705 PM",
="",3237,,,,,323,="",="2/5/2026 4:51:49.461972125 PM",
="",3282,,,,,117,="",="2/5/2026 4:51:49.629326310 PM",
="",3294,,,,,360,="",="2/5/2026 4:51:49.702187260 PM",
="",3306,,,,,425,="",="2/5/2026 4:51:49.721759010 PM",
="",3315,,,,,415,="",="2/5/2026 4:51:49.746955265 PM",
="",3406,,,,,99,="",="2/5/2026 4:51:50.088710915 PM",
="",3418,,,,,579,="",="2/5/2026 4:51:50.121764185 PM",
="",3423,,,,,421,="",="2/5/2026 4:51:50.138915380 PM",
="",3444,,,,,425,="",="2/5/2026 4:51:50.228933410 PM",
="",3462,,,,,323,="",="2/5/2026 4:51:50.280655230 PM",
="",3489,,,,,424,="",="2/5/2026 4:51:50.366196430 PM",
="",3508,,,,,425,="",="2/5/2026 4:51:50.433763670 PM",
="",3513,,,,,421,="",="2/5/2026 4:51:50.445854135 PM",
="",3515,,,,,400,="",="2/5/2026 4:51:50.447451850 PM",
="",3590,,,,,468,="",="2/5/2026 4:51:50.727940400 PM",
="",3609,,,,,297,="",="2/5/2026 4:51:50.785197155 PM",
="",3610,,,,,434,="",="2/5/2026 4:51:50.788778405 PM",
="",3660,,,,,413,="",="2/5/2026 4:51:50.958688210 PM",
="",3664,,,,,125,="",="2/5/2026 4:51:50.971519940 PM",
="",3676,,,,,579,="",="2/5/2026 4:51:51.014867590 PM",
="",3690,,,,,449,="",="2/5/2026 4:51:51.069218075 PM",
="",3692,,,,,429,="",="2/5/2026 4:51:51.070033205 PM",
="",3717,,,,,229,="",="2/5/2026 4:51:51.139189475 PM",
="",3720,,,,,459,="",="2/5/2026 4:51:51.144917350 PM",
="",3746,,,,,425,="",="2/5/2026 4:51:51.253499525 PM",
="",3812,,,,,429,="",="2/5/2026 4:51:51.487909945 PM",
="",3842,,,,,303,="",="2/5/2026 4:51:51.593120540 PM",
="",3858,,,,,219,="",="2/5/2026 4:51:51.644969065 PM",
="",3866,,,,,413,="",="2/5/2026 4:51:51.675461945 PM",
="",3867,,,,,400,="",="2/5/2026 4:51:51.676236630 PM",
="",3875,,,,,323,="",="2/5/2026 4:51:51.703973905 PM",
="",3911,,,,,434,="",="2/5/2026 4:51:51.811780470 PM",
="",3926,,,,,117,="",="2/5/2026 4:51:51.879120910 PM",
="",3928,,,,,413,="",="2/5/2026 4:51:51.880308880 PM",
="",3931,,,,,309,="",="2/5/2026 4:51:51.898308810 PM",
="",3937,,,,,297,="",="2/5/2026 4:51:51.905285230 PM",
="",3943,,,,,434,="",="2/5/2026 4:51:51.914181830 PM",
="",3944,,,,,434,="",="2/5/2026 4:51:51.914963905 PM",
="",3958,,,,,117,="",="2/5/2026 4:51:51.979698080 PM",
="",3988,,,,,303,="",="2/5/2026 4:51:52.080333490 PM",
="",3989,,,,,415,="",="2/5/2026 4:51:52.083409095 PM",
="",3990,,,,,229,="",="2/5/2026 4:51:52.084268715 PM",
="",4008,,,,,434,="",="2/5/2026 4:51:52.119766280 PM",
="",4012,,,,,117,="",="2/5/2026 4:51:52.136617060 PM",
="",4015,,,,,99,="",="2/5/2026 4:51:52.140349030 PM",
="",4028,,,,,425,="",="2/5/2026 4:51:52.162231290 PM",
="",4059,,,,,315,="",="2/5/2026 4:51:52.260687665 PM",
="",4060,,,,,425,="",="2/5/2026 4:51:52.264117160 PM",
="",4063,,,,,323,="",="2/5/2026 4:51:52.275796555 PM",
="",4068,,,,,425,="",="2/5/2026 4:51:52.289035350 PM",
="",4069,,,,,413,="",="2/5/2026 4:51:52.290241460 PM",
="",4107,,,,,109,="",="2/5/2026 4:51:52.370267045 PM",
="",4149,,,,,443,="",="2/5/2026 4:51:52.469417030 PM",
="",4155,,,,,421,="",="2/5/2026 4:51:52.493869725 PM",
="",4178,,,,,315,="",="2/5/2026 4:51:52.567151385 PM",
="",4186,,,,,428,="",="2/5/2026 4:51:52.574103695 PM",
="",4191,,,,,421,="",="2/5/2026 4:51:52.596273675 PM",
="",4192,,,,,400,="",="2/5/2026 4:51:52.597881965 PM",
="",4202,,,,,309,="",="2/5/2026 4:51:52.642087545 PM",
="",4211,,,,,443,="",="2/5/2026 4:51:52.674218340 PM",
="",4221,,,,,484,="",="2/5/2026 4:51:52.695639155 PM",
="",4223,,,,,400,="",="2/5/2026 4:51:52.700330140 PM",
="",4229,,,,,579,="",="2/5/2026 4:51:52.716939920 PM",
="",4264,,,,,551,="",="2/5/2026 4:51:52.800661055 PM",
="",4269,,,,,323,="",="2/5/2026 4:51:52.827234760 PM",
="",4293,,,,,425,="",="2/5/2026 4:51:52.878689510 PM",
="",4315,,,,,229,="",="2/5/2026 4:51:52.971184500 PM",
="",4317,,,,,229,="",="2/5/2026 4:51:52.971738115 PM",
="",4328,,,,,413,="",="2/5/2026 4:51:53.006701895 PM",
="",4364,,,,,421,="",="2/5/2026 4:51:53.108274545 PM",
="",4372,,,,,303,="",="2/5/2026 4:51:53.129126955 PM",
="",4376,,,,,117,="",="2/5/2026 4:51:53.133929180 PM",
="",4379,,,,,434,="",="2/5/2026 4:51:53.143569180 PM",
="",4393,,,,,99,="",="2/5/2026 4:51:53.179537020 PM",
="",4404,,,,,117,="",="2/5/2026 4:51:53.234511380 PM",
="",4411,,,,,376,="",="2/5/2026 4:51:53.264594280 PM",
="",4457,,,,,388,="",="2/5/2026 4:51:53.392089400 PM",
="",4465,,,,,413,="",="2/5/2026 4:51:53.416311785 PM",
="",4481,,,,,383,="",="2/5/2026 4:51:53.459426375 PM",
="",4528,,,,,229,="",="2/5/2026 4:51:53.600817865 PM",
="",4535,,,,,421,="",="2/5/2026 4:51:53.620278635 PM",
="",4537,,,,,400,="",="2/5/2026 4:51:53.621847510 PM",
="",4576,,,,,303,="",="2/5/2026 4:51:53.743518910 PM",
="",4599,,,,,421,="",="2/5/2026 4:51:53.825080090 PM",
="",4600,,,,,413,="",="2/5/2026 4:51:53.825880920 PM",
="",4601,,,,,400,="",="2/5/2026 4:51:53.826653710 PM",
="",4607,,,,,99,="",="2/5/2026 4:51:53.852122935 PM",
="",4613,,,,,434,="",="2/5/2026 4:51:53.862625120 PM",
="",4614,,,,,397,="",="2/5/2026 4:51:53.863432385 PM",
="",4620,,,,,117,="",="2/5/2026 4:51:53.883345970 PM",
="",4628,,,,,443,="",="2/5/2026 4:51:53.903042210 PM",
="",4666,,,,,413,="",="2/5/2026 4:51:54.030743565 PM",
="",4684,,,,,443,="",="2/5/2026 4:51:54.107839760 PM",
="",4693,,,,,425,="",="2/5/2026 4:51:54.122776560 PM",
="",4717,,,,,443,="",="2/5/2026 4:51:54.210234200 PM",
="",4726,,,,,421,="",="2/5/2026 4:51:54.234683495 PM",
="",4729,,,,,400,="",="2/5/2026 4:51:54.236475020 PM",
="",4735,,,,,435,="",="2/5/2026 4:51:54.267852415 PM",
="",4750,,,,,443,="",="2/5/2026 4:51:54.313153505 PM",
="",4755,,,,,303,="",="2/5/2026 4:51:54.330313395 PM",
="",4767,,,,,434,="",="2/5/2026 4:51:54.374445025 PM",
="",4768,,,,,397,="",="2/5/2026 4:51:54.375288345 PM",
="",4830,,,,,434,="",="2/5/2026 4:51:54.579434940 PM",
="",4859,,,,,434,="",="2/5/2026 4:51:54.680072220 PM",
="",4870,,,,,425,="",="2/5/2026 4:51:54.722277790 PM",
="",4881,,,,,425,="",="2/5/2026 4:51:54.734599485 PM",
="",4910,,,,,413,="",="2/5/2026 4:51:54.849933315 PM",
="",4940,,,,,413,="",="2/5/2026 4:51:54.952326395 PM",
="",4966,,,,,117,="",="2/5/2026 4:51:55.035787615 PM",
="",4979,,,,,309,="",="2/5/2026 4:51:55.099691140 PM",
="",4994,,,,,579,="",="2/5/2026 4:51:55.133576370 PM",
="",5007,,,,,99,="",="2/5/2026 4:51:55.170687005 PM",
="",5015,,,,,434,="",="2/5/2026 4:51:55.191167580 PM",
="",5043,,,,,435,="",="2/5/2026 4:51:55.293202905 PM",
="",5063,,,,,316,="",="2/5/2026 4:51:55.351635885 PM",
="",5124,,,,,367,="",="2/5/2026 4:51:55.590564900 PM",
="",5131,,,,,435,="",="2/5/2026 4:51:55.601678170 PM",
="",5156,,,,,435,="",="2/5/2026 4:51:55.704082385 PM",
="",5175,,,,,425,="",="2/5/2026 4:51:55.746277840 PM",
="",5176,,,,,388,="",="2/5/2026 4:51:55.750259460 PM",
="",5183,,,,,117,="",="2/5/2026 4:51:55.776273070 PM",
="",5194,,,,,109,="",="2/5/2026 4:51:55.787652715 PM",
="",5196,,,,,119,="",="2/5/2026 4:51:55.789692150 PM",
="",5198,,,,,117,="",="2/5/2026 4:51:55.791921370 PM",
="",5207,,,,,229,="",="2/5/2026 4:51:55.797992755 PM",
="",5208,,,,,323,="",="2/5/2026 4:51:55.798248230 PM",
="",5224,,,,,117,="",="2/5/2026 4:51:55.828229025 PM",
="",5245,,,,,117,="",="2/5/2026 4:51:55.852591470 PM",
="",5250,,,,,117,="",="2/5/2026 4:51:55.854897535 PM",
="",5261,,,,,229,="",="2/5/2026 4:51:55.877485005 PM",
="",5262,,,,,1423,="",="2/5/2026 4:51:55.877649600 PM",
="",5264,,,,,229,="",="2/5/2026 4:51:55.879738990 PM",
="",5278,,,,,229,="",="2/5/2026 4:51:55.890452745 PM",
="",5280,,,,,103,="",="2/5/2026 4:51:55.891036700 PM",
="",5312,,,,,229,="",="2/5/2026 4:51:55.932678390 PM",
="",5313,,,,,229,="",="2/5/2026 4:51:55.932841980 PM",
="",5314,,,,,229,="",="2/5/2026 4:51:55.932965570 PM",
="",5316,,,,,1423,="",="2/5/2026 4:51:55.934192620 PM",
="",5321,,,,,229,="",="2/5/2026 4:51:55.936946090 PM",
="",5322,,,,,229,="",="2/5/2026 4:51:55.937110685 PM",
="",5331,,,,,229,="",="2/5/2026 4:51:55.941362765 PM",
="",5332,,,,,229,="",="2/5/2026 4:51:55.941583900 PM",
="",5333,,,,,229,="",="2/5/2026 4:51:55.941769035 PM",
="",5334,,,,,229,="",="2/5/2026 4:51:55.941954175 PM",
="",5337,,,,,229,="",="2/5/2026 4:51:55.942509585 PM",
="",5345,,,,,117,="",="2/5/2026 4:51:55.947214545 PM",
="",5347,,,,,229,="",="2/5/2026 4:51:55.949338170 PM",
="",5351,,,,,229,="",="2/5/2026 4:51:55.953515635 PM",
="",5352,,,,,229,="",="2/5/2026 4:51:55.953679225 PM",
="",5353,,,,,229,="",="2/5/2026 4:51:55.953802815 PM",
="",5368,,,,,117,="",="2/5/2026 4:51:55.971602205 PM",
="",5373,,,,,117,="",="2/5/2026 4:51:55.973639710 PM",
="",5387,,,,,323,="",="2/5/2026 4:51:56.003675520 PM",
="",5395,,,,,117,="",="2/5/2026 4:51:56.014285285 PM",
="",5403,,,,,316,="",="2/5/2026 4:51:56.018462220 PM",
="",5409,,,,,117,="",="2/5/2026 4:51:56.025385185 PM",
="",5422,,,,,117,="",="2/5/2026 4:51:56.042497665 PM",
="",5436,,,,,229,="",="2/5/2026 4:51:56.057090715 PM",
="",5437,,,,,1423,="",="2/5/2026 4:51:56.057255310 PM",
="",5484,,,,,323,="",="2/5/2026 4:51:56.206922465 PM",
="",5508,,,,,99,="",="2/5/2026 4:51:56.272968005 PM",
="",5512,,,,,398,="",="2/5/2026 4:51:56.281986140 PM",
="",5521,,,,,323,="",="2/5/2026 4:51:56.308519815 PM",
="",5558,,,,,323,="",="2/5/2026 4:51:56.412731870 PM",
="",5578,,,,,413,="",="2/5/2026 4:51:56.489727745 PM",
="",5618,,,,,397,="",="2/5/2026 4:51:56.626816110 PM",
="",5634,,,,,99,="",="2/5/2026 4:51:56.684365530 PM",
="",5652,,,,,105,="",="2/5/2026 4:51:56.732860155 PM",
="",5664,,,,,551,="",="2/5/2026 4:51:56.800264285 PM",
="",5674,,,,,435,="",="2/5/2026 4:51:56.827897580 PM",
="",5676,,,,,434,="",="2/5/2026 4:51:56.829636370 PM",
="",5677,,,,,434,="",="2/5/2026 4:51:56.830413845 PM",
="",5720,,,,,468,="",="2/5/2026 4:51:56.973498750 PM",
="",5727,,,,,397,="",="2/5/2026 4:51:57.036056050 PM",
="",5732,,,,,316,="",="2/5/2026 4:51:57.041490315 PM",
="",5749,,,,,429,="",="2/5/2026 4:51:57.108791290 PM",
="",5774,,,,,229,="",="2/5/2026 4:51:57.182418430 PM",
="",5785,,,,,229,="",="2/5/2026 4:51:57.184856585 PM",
="",5786,,,,,229,="",="2/5/2026 4:51:57.185077720 PM",
="",5794,,,,,229,="",="2/5/2026 4:51:57.187140645 PM",
="",5795,,,,,229,="",="2/5/2026 4:51:57.187304235 PM",
="",5796,,,,,229,="",="2/5/2026 4:51:57.187427825 PM",
="",5801,,,,,229,="",="2/5/2026 4:51:57.190167850 PM",
="",5805,,,,,229,="",="2/5/2026 4:51:57.193469080 PM",
="",5806,,,,,229,="",="2/5/2026 4:51:57.193632670 PM",
="",5807,,,,,229,="",="2/5/2026 4:51:57.193756260 PM",
="",5816,,,,,229,="",="2/5/2026 4:51:57.194717305 PM",
="",5817,,,,,229,="",="2/5/2026 4:51:57.194826135 PM",
="",5818,,,,,229,="",="2/5/2026 4:51:57.194949725 PM",
="",5822,,,,,229,="",="2/5/2026 4:51:57.195556210 PM",
="",5823,,,,,229,="",="2/5/2026 4:51:57.195651950 PM",
="",5825,,,,,229,="",="2/5/2026 4:51:57.195771430 PM",
="",5826,,,,,229,="",="2/5/2026 4:51:57.195822310 PM",
="",5827,,,,,303,="",="2/5/2026 4:51:57.195873190 PM",
="",5848,,,,,435,="",="2/5/2026 4:51:57.240142705 PM",
="",5879,,,,,117,="",="2/5/2026 4:51:57.319657070 PM",
="",5882,,,,,229,="",="2/5/2026 4:51:57.319857275 PM",
="",5886,,,,,117,="",="2/5/2026 4:51:57.320259670 PM",
="",5902,,,,,99,="",="2/5/2026 4:51:57.366194905 PM",
="",5907,,,,,425,="",="2/5/2026 4:51:57.384206135 PM",
="",5941,,,,,367,="",="2/5/2026 4:51:57.534255505 PM",
="",5943,,,,,179,="",="2/5/2026 4:51:57.543469075 PM",
="",5977,,,,,316,="",="2/5/2026 4:51:57.655663745 PM",
="",5993,,,,,117,="",="2/5/2026 4:51:57.709294160 PM",
="",6006,,,,,323,="",="2/5/2026 4:51:57.747259765 PM",
="",6020,,,,,468,="",="2/5/2026 4:51:57.792805855 PM",
="",6070,,,,,117,="",="2/5/2026 4:51:58.026454835 PM",
="",6073,,,,,117,="",="2/5/2026 4:51:58.030272370 PM",
="",6100,,,,,117,="",="2/5/2026 4:51:58.111969600 PM",
="",6112,,,,,435,="",="2/5/2026 4:51:58.159116675 PM",
="",6113,,,,,434,="",="2/5/2026 4:51:58.160722700 PM",
="",6115,,,,,397,="",="2/5/2026 4:51:58.162343735 PM",
="",6158,,,,,331,="",="2/5/2026 4:51:58.242511445 PM",
="",6162,,,,,435,="",="2/5/2026 4:51:58.261609135 PM",
="",6175,,,,,321,="",="2/5/2026 4:51:58.295699560 PM",
="",6193,,,,,429,="",="2/5/2026 4:51:58.349062990 PM",
="",6194,,,,,429,="",="2/5/2026 4:51:58.352282110 PM",
="",6196,,,,,429,="",="2/5/2026 4:51:58.356012120 PM",
="",6213,,,,,425,="",="2/5/2026 4:51:58.421542000 PM",
="",6251,,,,,367,="",="2/5/2026 4:51:58.559481595 PM",
="",6259,,,,,434,="",="2/5/2026 4:51:58.571338065 PM",
="",6273,,,,,229,="",="2/5/2026 4:51:58.608653330 PM",
="",6274,,,,,229,="",="2/5/2026 4:51:58.608718970 PM",
="",6275,,,,,117,="",="2/5/2026 4:51:58.608748500 PM",
="",6291,,,,,435,="",="2/5/2026 4:51:58.673704700 PM",
="",6297,,,,,229,="",="2/5/2026 4:51:58.685393895 PM",
="",6298,,,,,229,="",="2/5/2026 4:51:58.685459940 PM",
="",6330,,,,,117,="",="2/5/2026 4:51:58.780631590 PM",
="",6339,,,,,229,="",="2/5/2026 4:51:58.792402450 PM",
="",6348,,,,,117,="",="2/5/2026 4:51:58.801567195 PM",
="",6368,,,,,398,="",="2/5/2026 4:51:58.842035220 PM",
="",6378,,,,,367,="",="2/5/2026 4:51:58.865483025 PM",
="",6407,,,,,117,="",="2/5/2026 4:51:58.925655605 PM",
="",6419,,,,,117,="",="2/5/2026 4:51:58.935028645 PM",
="",6428,,,,,105,="",="2/5/2026 4:51:58.973191340 PM",
="",6430,,,,,435,="",="2/5/2026 4:51:58.978330505 PM",
="",6434,,,,,434,="",="2/5/2026 4:51:58.982901985 PM",
="",6435,,,,,105,="",="2/5/2026 4:51:58.983818690 PM",
="",6436,,,,,397,="",="2/5/2026 4:51:58.984423175 PM",
="",6457,,,,,229,="",="2/5/2026 4:51:59.044551795 PM",
="",6458,,,,,117,="",="2/5/2026 4:51:59.044634170 PM",
="",6461,,,,,117,="",="2/5/2026 4:51:59.053985280 PM",
="",6465,,,,,339,="",="2/5/2026 4:51:59.061949225 PM",
="",6469,,,,,435,="",="2/5/2026 4:51:59.080731250 PM",
="",6482,,,,,229,="",="2/5/2026 4:51:59.094742345 PM",
="",6483,,,,,229,="",="2/5/2026 4:51:59.094822050 PM",
="",6506,,,,,425,="",="2/5/2026 4:51:59.139224035 PM",
="",6526,,,,,229,="",="2/5/2026 4:51:59.198192415 PM",
="",6537,,,,,229,="",="2/5/2026 4:51:59.222950105 PM",
="",6538,,,,,229,="",="2/5/2026 4:51:59.223032480 PM",
="",6553,,,,,229,="",="2/5/2026 4:51:59.274699190 PM",
="",6555,,,,,229,="",="2/5/2026 4:51:59.277698300 PM",
="",6592,,,,,229,="",="2/5/2026 4:51:59.402202005 PM",
="",6593,,,,,229,="",="2/5/2026 4:51:59.402275535 PM",
="",6642,,,,,229,="",="2/5/2026 4:51:59.527572135 PM",
="",6648,,,,,117,="",="2/5/2026 4:51:59.530592425 PM",
="",6656,,,,,117,="",="2/5/2026 4:51:59.532514085 PM",
="",6685,,,,,229,="",="2/5/2026 4:51:59.649433765 PM",
="",6701,,,,,229,="",="2/5/2026 4:51:59.661161120 PM",
="",6720,,,,,323,="",="2/5/2026 4:51:59.700797260 PM",
="",6756,,,,,484,="",="2/5/2026 4:51:59.772773990 PM",
="",6780,,,,,435,="",="2/5/2026 4:51:59.797858340 PM",
="",6785,,,,,434,="",="2/5/2026 4:51:59.799714605 PM",
="",6786,,,,,397,="",="2/5/2026 4:51:59.801320480 PM",
="",6838,,,,,443,="",="2/5/2026 4:51:59.944731915 PM",
="",6857,,,,,551,="",="2/5/2026 4:51:59.992084280 PM",
="",6875,,,,,117,="",="2/5/2026 4:52:00.021375555 PM",
="",6895,,,,,63,="",="2/5/2026 4:52:00.079636705 PM",
="",6906,,,,,229,="",="2/5/2026 4:52:00.086805470 PM",
="",6912,,,,,367,="",="2/5/2026 4:52:00.094401335 PM",
="",6940,,,,,117,="",="2/5/2026 4:52:00.143261490 PM",
="",6952,,,,,109,="",="2/5/2026 4:52:00.148971265 PM",
="",6966,,,,,229,="",="2/5/2026 4:52:00.183792295 PM",
="",7036,,,,,229,="",="2/5/2026 4:52:00.382997350 PM",
="",7070,,,,,425,="",="2/5/2026 4:52:00.469158150 PM",
="",7071,,,,,398,="",="2/5/2026 4:52:00.480454980 PM",
="",7102,,,,,425,="",="2/5/2026 4:52:00.571949575 PM",
="",7169,,,,,109,="",="2/5/2026 4:52:00.759019985 PM",
="",7170,,,,,443,="",="2/5/2026 4:52:00.763978930 PM",
="",7171,,,,,117,="",="2/5/2026 4:52:00.773556250 PM",
="",7173,,,,,117,="",="2/5/2026 4:52:00.781172920 PM",
="",7175,,,,,113,="",="2/5/2026 4:52:00.782200105 PM",
="",7181,,,,,229,="",="2/5/2026 4:52:00.798415650 PM",
="",7188,,,,,117,="",="2/5/2026 4:52:00.824424010 PM",
="",7256,,,,,117,="",="2/5/2026 4:52:00.869609970 PM",
="",7262,,,,,229,="",="2/5/2026 4:52:00.872016690 PM",
="",7263,,,,,229,="",="2/5/2026 4:52:00.872132080 PM",
="",7264,,,,,229,="",="2/5/2026 4:52:00.872211475 PM",
="",7265,,,,,229,="",="2/5/2026 4:52:00.872290870 PM",
="",7279,,,,,117,="",="2/5/2026 4:52:00.888432585 PM",
="",7326,,,,,229,="",="2/5/2026 4:52:00.922186945 PM",
="",7327,,,,,229,="",="2/5/2026 4:52:00.922408080 PM",
="",7328,,,,,229,="",="2/5/2026 4:52:00.922593215 PM",
="",7332,,,,,117,="",="2/5/2026 4:52:00.925764125 PM",
="",7357,,,,,117,="",="2/5/2026 4:52:00.939434045 PM",
="",7361,,,,,117,="",="2/5/2026 4:52:00.941354185 PM",
="",7384,,,,,117,="",="2/5/2026 4:52:00.961121460 PM",
="",7399,,,,,229,="",="2/5/2026 4:52:00.965781080 PM",
="",7404,,,,,117,="",="2/5/2026 4:52:00.967025710 PM",
="",7408,,,,,117,="",="2/5/2026 4:52:00.967826140 PM",
="",7426,,,,,117,="",="2/5/2026 4:52:00.978643630 PM",
="",7430,,,,,1936,="",="2/5/2026 4:52:00.980614565 PM",
="",7440,,,,,117,="",="2/5/2026 4:52:00.986524125 PM",
="",7453,,,,,117,="",="2/5/2026 4:52:00.990685995 PM",
="",7457,,,,,229,="",="2/5/2026 4:52:01.004727310 PM",
="",7470,,,,,117,="",="2/5/2026 4:52:01.013507170 PM",
="",7490,,,,,229,="",="2/5/2026 4:52:01.027154070 PM",
="",7496,,,,,117,="",="2/5/2026 4:52:01.030173770 PM",
="",7499,,,,,117,="",="2/5/2026 4:52:01.030667135 PM",
="",7501,,,,,117,="",="2/5/2026 4:52:01.030853810 PM",
="",7521,,,,,121,="",="2/5/2026 4:52:01.045060300 PM",
="",7528,,,,,117,="",="2/5/2026 4:52:01.052140465 PM",
="",7532,,,,,117,="",="2/5/2026 4:52:01.053408895 PM",
="",7543,,,,,2483,="",="2/5/2026 4:52:01.059275365 PM",
="",7555,,,,,117,="",="2/5/2026 4:52:01.079145525 PM",
="",7557,,,,,117,="",="2/5/2026 4:52:01.080033020 PM",
="",7566,,,,,117,="",="2/5/2026 4:52:01.084989095 PM",
="",7570,,,,,117,="",="2/5/2026 4:52:01.086108480 PM",
="",7574,,,,,1423,="",="2/5/2026 4:52:01.087904870 PM",
="",7586,,,,,117,="",="2/5/2026 4:52:01.091758070 PM",
="",7589,,,,,229,="",="2/5/2026 4:52:01.093844375 PM",
="",7590,,,,,229,="",="2/5/2026 4:52:01.093960770 PM",
="",7594,,,,,117,="",="2/5/2026 4:52:01.098138575 PM",
="",7597,,,,,121,="",="2/5/2026 4:52:01.104766935 PM",
="",7621,,,,,117,="",="2/5/2026 4:52:01.141396295 PM",
="",7631,,,,,229,="",="2/5/2026 4:52:01.148303850 PM",
="",7642,,,,,117,="",="2/5/2026 4:52:01.155396870 PM",
="",7681,,,,,229,="",="2/5/2026 4:52:01.181163260 PM",
="",7684,,,,,117,="",="2/5/2026 4:52:01.181637025 PM",
="",7688,,,,,579,="",="2/5/2026 4:52:01.183030030 PM",
="",7724,,,,,117,="",="2/5/2026 4:52:01.207984305 PM",
="",7764,,,,,121,="",="2/5/2026 4:52:01.238954850 PM",
="",7768,,,,,117,="",="2/5/2026 4:52:01.239745390 PM",
="",7782,,,,,117,="",="2/5/2026 4:52:01.257852135 PM",
="",7809,,,,,229,="",="2/5/2026 4:52:01.268730525 PM",
="",7835,,,,,229,="",="2/5/2026 4:52:01.279467025 PM",
="",7858,,,,,117,="",="2/5/2026 4:52:01.311956775 PM",
="",7866,,,,,123,="",="2/5/2026 4:52:01.313476795 PM",
="",7938,,,,,448,="",="2/5/2026 4:52:01.549369605 PM",
="",7940,,,,,551,="",="2/5/2026 4:52:01.552494310 PM",
="",7979,,,,,450,="",="2/5/2026 4:52:01.706063640 PM",
="",7989,,,,,448,="",="2/5/2026 4:52:01.754169675 PM",
="",7995,,,,,117,="",="2/5/2026 4:52:01.782580615 PM",
="",7998,,,,,117,="",="2/5/2026 4:52:01.800443945 PM",
="",8061,,,,,117,="",="2/5/2026 4:52:01.947636480 PM",
="",8066,,,,,448,="",="2/5/2026 4:52:01.958973225 PM",
="",8083,,,,,117,="",="2/5/2026 4:52:01.983209955 PM",
="",8105,,,,,3229,="",="2/5/2026 4:52:02.007920660 PM",
="",8127,,,,,117,="",="2/5/2026 4:52:02.038754335 PM",
="",8134,,,,,440,="",="2/5/2026 4:52:02.055874970 PM",
="",8137,,,,,448,="",="2/5/2026 4:52:02.061372690 PM",
="",8140,,,,,171,="",="2/5/2026 4:52:02.062508115 PM",
="",8162,,,,,448,="",="2/5/2026 4:52:02.163784145 PM",
="",8173,,,,,471,="",="2/5/2026 4:52:02.209282120 PM",
="",8174,,,,,117,="",="2/5/2026 4:52:02.210210665 PM",
="",8183,,,,,117,="",="2/5/2026 4:52:02.230017820 PM",
="",8185,,,,,105,="",="2/5/2026 4:52:02.232197620 PM",
="",8193,,,,,117,="",="2/5/2026 4:52:02.251227880 PM",
="",8202,,,,,440,="",="2/5/2026 4:52:02.260674850 PM",
="",8203,,,,,448,="",="2/5/2026 4:52:02.266170530 PM",
="",8221,,,,,117,="",="2/5/2026 4:52:02.317009000 PM",
="",8223,,,,,109,="",="2/5/2026 4:52:02.322245590 PM",
="",8236,,,,,448,="",="2/5/2026 4:52:02.350488535 PM",
="",8256,,,,,450,="",="2/5/2026 4:52:02.436805730 PM",
="",8257,,,,,450,="",="2/5/2026 4:52:02.437538310 PM",
="",8259,,,,,446,="",="2/5/2026 4:52:02.439079085 PM",
="",8261,,,,,450,="",="2/5/2026 4:52:02.440159470 PM",
="",8268,,,,,450,="",="2/5/2026 4:52:02.443524410 PM",
="",8269,,,,,450,="",="2/5/2026 4:52:02.443981125 PM",
="",8272,,,,,99,="",="2/5/2026 4:52:02.459033040 PM",
="",8279,,,,,375,="",="2/5/2026 4:52:02.471044310 PM",
="",8281,,,,,213,="",="2/5/2026 4:52:02.471876085 PM",
="",8290,,,,,117,="",="2/5/2026 4:52:02.484310935 PM",
="",8308,,,,,411,="",="2/5/2026 4:52:02.567608935 PM",
="",8309,,,,,448,="",="2/5/2026 4:52:02.573371135 PM",
="",8331,,,,,117,="",="2/5/2026 4:52:02.636949540 PM",
="",8336,,,,,450,="",="2/5/2026 4:52:02.661555500 PM",
="",8337,,,,,450,="",="2/5/2026 4:52:02.662621135 PM",
="",8338,,,,,458,="",="2/5/2026 4:52:02.664091735 PM",
="",8340,,,,,450,="",="2/5/2026 4:52:02.666725910 PM",
="",8341,,,,,75,="",="2/5/2026 4:52:02.670581205 PM",
="",8342,,,,,446,="",="2/5/2026 4:52:02.671646665 PM",
="",8344,,,,,446,="",="2/5/2026 4:52:02.673083810 PM",
="",8346,,,,,446,="",="2/5/2026 4:52:02.673951890 PM",
="",8349,,,,,446,="",="2/5/2026 4:52:02.675735465 PM",
="",8351,,,,,411,="",="2/5/2026 4:52:02.676652425 PM",
="",8358,,,,,450,="",="2/5/2026 4:52:02.689167905 PM",
="",8366,,,,,99,="",="2/5/2026 4:52:02.701781030 PM",
="",8368,,,,,99,="",="2/5/2026 4:52:02.703206975 PM",
="",8369,,,,,99,="",="2/5/2026 4:52:02.703603380 PM",
="",8370,,,,,436,="",="2/5/2026 4:52:02.704277595 PM",
="",8381,,,,,437,="",="2/5/2026 4:52:02.771862565 PM",
="",8382,,,,,436,="",="2/5/2026 4:52:02.772177730 PM",
="",8383,,,,,440,="",="2/5/2026 4:52:02.772668630 PM",
="",8385,,,,,411,="",="2/5/2026 4:52:02.778726280 PM",
="",8403,,,,,450,="",="2/5/2026 4:52:02.823706410 PM",
="",8404,,,,,450,="",="2/5/2026 4:52:02.824619465 PM",
="",8406,,,,,447,="",="2/5/2026 4:52:02.825871335 PM",
="",8410,,,,,458,="",="2/5/2026 4:52:02.828498975 PM",
="",8411,,,,,435,="",="2/5/2026 4:52:02.828857405 PM",
="",8412,,,,,450,="",="2/5/2026 4:52:02.829357655 PM",
="",8413,,,,,450,="",="2/5/2026 4:52:02.829768540 PM",
="",8424,,,,,411,="",="2/5/2026 4:52:02.852282565 PM",
="",8432,,,,,448,="",="2/5/2026 4:52:02.880571565 PM",
="",8469,,,,,105,="",="2/5/2026 4:52:02.986986310 PM",
="",8470,,,,,105,="",="2/5/2026 4:52:02.987353340 PM",
="",8471,,,,,105,="",="2/5/2026 4:52:02.987833775 PM",
="",8472,,,,,105,="",="2/5/2026 4:52:02.988119215 PM",
="",8473,,,,,105,="",="2/5/2026 4:52:02.988905770 PM",
="",8484,,,,,437,="",="2/5/2026 4:52:03.011202385 PM",
="",8485,,,,,436,="",="2/5/2026 4:52:03.011478960 PM",
="",8490,,,,,117,="",="2/5/2026 4:52:03.022824590 PM",
="",8491,,,,,117,="",="2/5/2026 4:52:03.022872280 PM",
="",8501,,,,,117,="",="2/5/2026 4:52:03.057075925 PM",
="",8502,,,,,117,="",="2/5/2026 4:52:03.057126415 PM",
="",8509,,,,,436,="",="2/5/2026 4:52:03.070317820 PM",
="",8516,,,,,448,="",="2/5/2026 4:52:03.085372010 PM",
="",8517,,,,,411,="",="2/5/2026 4:52:03.085940340 PM",
="",8523,,,,,436,="",="2/5/2026 4:52:03.102376465 PM",
="",8524,,,,,411,="",="2/5/2026 4:52:03.102649875 PM",
="",8525,,,,,440,="",="2/5/2026 4:52:03.102924860 PM",
="",8535,,,,,443,="",="2/5/2026 4:52:03.121552495 PM",
="",8537,,,,,229,="",="2/5/2026 4:52:03.122939370 PM",
="",8544,,,,,448,="",="2/5/2026 4:52:03.158929390 PM",
="",8552,,,,,448,="",="2/5/2026 4:52:03.187771945 PM",
="",8554,,,,,440,="",="2/5/2026 4:52:03.188583725 PM",
="",8558,,,,,117,="",="2/5/2026 4:52:03.194549795 PM",
="",8568,,,,,436,="",="2/5/2026 4:52:03.216300420 PM",
="",8583,,,,,448,="",="2/5/2026 4:52:03.290172160 PM",
="",8597,,,,,103,="",="2/5/2026 4:52:03.317474905 PM",
="",8611,,,,,411,="",="2/5/2026 4:52:03.364307440 PM",
="",8612,,,,,440,="",="2/5/2026 4:52:03.364543745 PM",
="",8625,,,,,448,="",="2/5/2026 4:52:03.392572720 PM",
="",8626,,,,,411,="",="2/5/2026 4:52:03.393130250 PM",
="",8634,,,,,411,="",="2/5/2026 4:52:03.409876330 PM",
="",8635,,,,,440,="",="2/5/2026 4:52:03.410107450 PM",
="",8643,,,,,436,="",="2/5/2026 4:52:03.421081060 PM",
="",8659,,,,,440,="",="2/5/2026 4:52:03.480428960 PM",
="",8668,,,,,448,="",="2/5/2026 4:52:03.494986815 PM",
="",8674,,,,,440,="",="2/5/2026 4:52:03.512507530 PM",
="",8682,,,,,440,="",="2/5/2026 4:52:03.534741170 PM",
="",8702,,,,,448,="",="2/5/2026 4:52:03.597372615 PM",
="",8703,,,,,436,="",="2/5/2026 4:52:03.597654400 PM",
="",8711,,,,,364,="",="2/5/2026 4:52:03.605642585 PM",
="",8724,,,,,436,="",="2/5/2026 4:52:03.625902105 PM",
="",8729,,,,,109,="",="2/5/2026 4:52:03.636633200 PM",
="",8740,,,,,440,="",="2/5/2026 4:52:03.682498865 PM",
="",8750,,,,,448,="",="2/5/2026 4:52:03.699773215 PM",
="",8759,,,,,117,="",="2/5/2026 4:52:03.707536405 PM",
="",8776,,,,,105,="",="2/5/2026 4:52:03.734814750 PM",
="",8780,,,,,117,="",="2/5/2026 4:52:03.737593180 PM",
="",8784,,,,,117,="",="2/5/2026 4:52:03.750564490 PM",
="",8808,,,,,448,="",="2/5/2026 4:52:03.802173025 PM",
="",8816,,,,,171,="",="2/5/2026 4:52:03.820035185 PM",
="",8817,,,,,171,="",="2/5/2026 4:52:03.820103975 PM",
="",8824,,,,,474,="",="2/5/2026 4:52:03.828724310 PM",
="",8829,,,,,440,="",="2/5/2026 4:52:03.831601855 PM",
="",8840,,,,,448,="",="2/5/2026 4:52:03.875732710 PM",
="",8858,,,,,436,="",="2/5/2026 4:52:03.904878100 PM",
="",8877,,,,,436,="",="2/5/2026 4:52:03.978438200 PM",
="",8878,,,,,440,="",="2/5/2026 4:52:03.978947185 PM",
="",8883,,,,,121,="",="2/5/2026 4:52:03.982972025 PM",
="",8899,,,,,448,="",="2/5/2026 4:52:04.006974040 PM",
="",8927,,,,,117,="",="2/5/2026 4:52:04.082411870 PM",
="",8944,,,,,171,="",="2/5/2026 4:52:04.107950670 PM",
="",8945,,,,,448,="",="2/5/2026 4:52:04.109374000 PM",
="",8950,,,,,171,="",="2/5/2026 4:52:04.112240265 PM",
="",8952,,,,,117,="",="2/5/2026 4:52:04.123570660 PM",
="",8960,,,,,440,="",="2/5/2026 4:52:04.138413895 PM",
="",8993,,,,,117,="",="2/5/2026 4:52:04.207278815 PM",
="",8999,,,,,113,="",="2/5/2026 4:52:04.211490635 PM",
="",9008,,,,,117,="",="2/5/2026 4:52:04.214048705 PM",
="",9022,,,,,437,="",="2/5/2026 4:52:04.240008005 PM",
="",9047,,,,,117,="",="2/5/2026 4:52:04.290268165 PM",
="",9064,,,,,436,="",="2/5/2026 4:52:04.314481530 PM",
="",9068,,,,,115,="",="2/5/2026 4:52:04.315589485 PM",
="",9071,,,,,177,="",="2/5/2026 4:52:04.318256130 PM",
="",9084,,,,,437,="",="2/5/2026 4:52:04.342408525 PM",
="",9085,,,,,436,="",="2/5/2026 4:52:04.342685115 PM",
="",9108,,,,,437,="",="2/5/2026 4:52:04.401227060 PM",
="",9149,,,,,117,="",="2/5/2026 4:52:04.485107900 PM",
="",9163,,,,,411,="",="2/5/2026 4:52:04.504200075 PM",
="",9164,,,,,397,="",="2/5/2026 4:52:04.511717425 PM",
="",9176,,,,,121,="",="2/5/2026 4:52:04.522839155 PM",
="",9186,,,,,117,="",="2/5/2026 4:52:04.540434135 PM",
="",9193,,,,,437,="",="2/5/2026 4:52:04.557952125 PM",
="",9194,,,,,436,="",="2/5/2026 4:52:04.558217290 PM",
="",9195,,,,,440,="",="2/5/2026 4:52:04.558747015 PM",
="",9208,,,,,117,="",="2/5/2026 4:52:04.582398310 PM",
="",9236,,,,,117,="",="2/5/2026 4:52:04.644223555 PM",
="",9244,,,,,437,="",="2/5/2026 4:52:04.660342060 PM",
="",9245,,,,,436,="",="2/5/2026 4:52:04.660618050 PM",
="",9284,,,,,171,="",="2/5/2026 4:52:04.747835760 PM",
="",9299,,,,,437,="",="2/5/2026 4:52:04.763445320 PM",
="",9345,,,,,117,="",="2/5/2026 4:52:04.849352320 PM",
="",9349,,,,,117,="",="2/5/2026 4:52:04.850742490 PM",
="",9387,,,,,448,="",="2/5/2026 4:52:04.911603295 PM",
="",9388,,,,,436,="",="2/5/2026 4:52:04.911901385 PM",
="",9389,,,,,440,="",="2/5/2026 4:52:04.912399405 PM",
="",9412,,,,,117,="",="2/5/2026 4:52:04.956208170 PM",
="",9413,,,,,117,="",="2/5/2026 4:52:04.956258980 PM",
="",9414,,,,,437,="",="2/5/2026 4:52:04.956813830 PM",
="",9417,,,,,117,="",="2/5/2026 4:52:04.959116070 PM",
="",9447,,,,,448,="",="2/5/2026 4:52:05.014291600 PM",
="",9451,,,,,171,="",="2/5/2026 4:52:05.015410625 PM",
="",9473,,,,,333,="",="2/5/2026 4:52:05.047450605 PM",
="",9491,,,,,117,="",="2/5/2026 4:52:05.081938835 PM",
="",9495,,,,,117,="",="2/5/2026 4:52:05.083388430 PM",
="",9496,,,,,117,="",="2/5/2026 4:52:05.084627500 PM",
="",9515,,,,,436,="",="2/5/2026 4:52:05.116705375 PM",
="",9526,,,,,579,="",="2/5/2026 4:52:05.127073545 PM",
="",9557,,,,,471,="",="2/5/2026 4:52:05.182970860 PM",
="",9574,,,,,171,="",="2/5/2026 4:52:05.219994445 PM",
="",9597,,,,,333,="",="2/5/2026 4:52:05.252249930 PM",
="",9626,,,,,430,="",="2/5/2026 4:52:05.290808740 PM",
="",9627,,,,,430,="",="2/5/2026 4:52:05.293006960 PM",
="",9634,,,,,430,="",="2/5/2026 4:52:05.310878735 PM",
="",9648,,,,,436,="",="2/5/2026 4:52:05.332174510 PM",
="",9649,,,,,411,="",="2/5/2026 4:52:05.332439010 PM",
="",9661,,,,,177,="",="2/5/2026 4:52:05.342727710 PM",
="",9677,,,,,105,="",="2/5/2026 4:52:05.366114325 PM",
="",9683,,,,,103,="",="2/5/2026 4:52:05.368235440 PM",
="",9692,,,,,117,="",="2/5/2026 4:52:05.381617160 PM",
="",9730,,,,,333,="",="2/5/2026 4:52:05.457056295 PM",
="",9765,,,,,436,="",="2/5/2026 4:52:05.526167755 PM",
="",9766,,,,,440,="",="2/5/2026 4:52:05.526689585 PM",
="",9772,,,,,436,="",="2/5/2026 4:52:05.536973380 PM",
="",9773,,,,,411,="",="2/5/2026 4:52:05.537237880 PM",
="",9832,,,,,177,="",="2/5/2026 4:52:05.636572315 PM",
="",9837,,,,,177,="",="2/5/2026 4:52:05.638417865 PM",
="",9839,,,,,437,="",="2/5/2026 4:52:05.639077150 PM",
="",9841,,,,,440,="",="2/5/2026 4:52:05.639883440 PM",
="",9845,,,,,177,="",="2/5/2026 4:52:05.641844235 PM",
="",9848,,,,,177,="",="2/5/2026 4:52:05.643260220 PM",
="",9851,,,,,99,="",="2/5/2026 4:52:05.645173140 PM",
="",9855,,,,,177,="",="2/5/2026 4:52:05.646985270 PM",
="",9860,,,,,177,="",="2/5/2026 4:52:05.648402800 PM",
="",9867,,,,,425,="",="2/5/2026 4:52:05.652616760 PM",
="",9868,,,,,411,="",="2/5/2026 4:52:05.652873925 PM",
="",9871,,,,,333,="",="2/5/2026 4:52:05.661858980 PM",
="",9875,,,,,115,="",="2/5/2026 4:52:05.664401540 PM",
="",9889,,,,,440,="",="2/5/2026 4:52:05.685154665 PM",
="",9930,,,,,411,="",="2/5/2026 4:52:05.742053430 PM",
="",9946,,,,,333,="",="2/5/2026 4:52:05.764253675 PM",
="",9990,,,,,425,="",="2/5/2026 4:52:05.832423830 PM",
="",10001,,,,,117,="",="2/5/2026 4:52:05.838832865 PM",
="",10004,,,,,109,="",="2/5/2026 4:52:05.842144490 PM",
="",10006,,,,,109,="",="2/5/2026 4:52:05.843696040 PM",
="",10035,,,,,436,="",="2/5/2026 4:52:05.861994330 PM",
="",10036,,,,,411,="",="2/5/2026 4:52:05.862267780 PM",
="",10037,,,,,333,="",="2/5/2026 4:52:05.866656450 PM",
="",10046,,,,,121,="",="2/5/2026 4:52:05.872782950 PM",
="",10063,,,,,411,="",="2/5/2026 4:52:05.889699805 PM",
="",10091,,,,,117,="",="2/5/2026 4:52:05.925659660 PM",
="",10093,,,,,229,="",="2/5/2026 4:52:05.927282100 PM",
="",10095,,,,,117,="",="2/5/2026 4:52:05.929107045 PM",
="",10096,,,,,123,="",="2/5/2026 4:52:05.930493865 PM",
="",10099,,,,,367,="",="2/5/2026 4:52:05.931149585 PM",
="",10123,,,,,123,="",="2/5/2026 4:52:05.956153045 PM",
="",10124,,,,,117,="",="2/5/2026 4:52:05.956201760 PM",
="",10127,,,,,117,="",="2/5/2026 4:52:05.957750725 PM",
="",10132,,,,,333,="",="2/5/2026 4:52:05.969058375 PM",
="",10149,,,,,129,="",="2/5/2026 4:52:05.988978750 PM",
="",10153,,,,,436,="",="2/5/2026 4:52:05.991828505 PM",
="",10170,,,,,177,="",="2/5/2026 4:52:06.009999570 PM",
="",10180,,,,,177,="",="2/5/2026 4:52:06.022452110 PM",
="",10190,,,,,1256,="",="2/5/2026 4:52:06.031963445 PM",
="",10207,,,,,171,="",="2/5/2026 4:52:06.039196760 PM",
="",10228,,,,,117,="",="2/5/2026 4:52:06.055644580 PM",
="",10240,,,,,437,="",="2/5/2026 4:52:06.066518615 PM",
="",10241,,,,,436,="",="2/5/2026 4:52:06.066795150 PM",
="",10243,,,,,440,="",="2/5/2026 4:52:06.067324825 PM",
="",10244,,,,,333,="",="2/5/2026 4:52:06.071459765 PM",
="",10249,,,,,117,="",="2/5/2026 4:52:06.076202025 PM",
="",10261,,,,,123,="",="2/5/2026 4:52:06.083177485 PM",
="",10278,,,,,117,="",="2/5/2026 4:52:06.100336125 PM",
="",10283,,,,,103,="",="2/5/2026 4:52:06.104850315 PM",
="",10287,,,,,117,="",="2/5/2026 4:52:06.106858610 PM",
="",10306,,,,,117,="",="2/5/2026 4:52:06.121528180 PM",
="",10310,,,,,411,="",="2/5/2026 4:52:06.123887125 PM",
="",10319,,,,,117,="",="2/5/2026 4:52:06.136717625 PM",
="",10326,,,,,448,="",="2/5/2026 4:52:06.140402790 PM",
="",10329,,,,,440,="",="2/5/2026 4:52:06.141200875 PM",
="",10338,,,,,177,="",="2/5/2026 4:52:06.146044320 PM",
="",10352,,,,,117,="",="2/5/2026 4:52:06.167630355 PM",
="",10356,,,,,437,="",="2/5/2026 4:52:06.168920005 PM",
="",10357,,,,,436,="",="2/5/2026 4:52:06.169198915 PM",
="",10358,,,,,411,="",="2/5/2026 4:52:06.169469845 PM",
="",10370,,,,,117,="",="2/5/2026 4:52:06.185593890 PM",
="",10417,,,,,171,="",="2/5/2026 4:52:06.243996740 PM",
="",10422,,,,,454,="",="2/5/2026 4:52:06.257037455 PM",
="",10423,,,,,440,="",="2/5/2026 4:52:06.257864915 PM",
="",10452,,,,,425,="",="2/5/2026 4:52:06.267017085 PM",
="",10453,,,,,411,="",="2/5/2026 4:52:06.267274250 PM",
="",10454,,,,,440,="",="2/5/2026 4:52:06.267523275 PM",
="",10461,,,,,117,="",="2/5/2026 4:52:06.281825545 PM",
="",10479,,,,,117,="",="2/5/2026 4:52:06.289043100 PM",
="",10505,,,,,411,="",="2/5/2026 4:52:06.352162990 PM",
="",10506,,,,,440,="",="2/5/2026 4:52:06.352419440 PM",
="",10512,,,,,422,="",="2/5/2026 4:52:06.359999745 PM",
="",10513,,,,,440,="",="2/5/2026 4:52:06.360264945 PM",
="",10526,,,,,123,="",="2/5/2026 4:52:06.368086795 PM",
="",10531,,,,,440,="",="2/5/2026 4:52:06.369923865 PM",
="",10582,,,,,177,="",="2/5/2026 4:52:06.454916505 PM",
="",10587,,,,,177,="",="2/5/2026 4:52:06.457663385 PM",
="",10594,,,,,177,="",="2/5/2026 4:52:06.460510755 PM",
="",10599,,,,,177,="",="2/5/2026 4:52:06.461928805 PM",
="",10602,,,,,442,="",="2/5/2026 4:52:06.462540265 PM",
="",10604,,,,,177,="",="2/5/2026 4:52:06.464108785 PM",
="",10611,,,,,99,="",="2/5/2026 4:52:06.471037785 PM",
="",10678,,,,,411,="",="2/5/2026 4:52:06.574489040 PM",
="",10707,,,,,442,="",="2/5/2026 4:52:06.635239735 PM",
="",10708,,,,,411,="",="2/5/2026 4:52:06.635508235 PM",
="",10734,,,,,440,="",="2/5/2026 4:52:06.667466515 PM",
="",10750,,,,,437,="",="2/5/2026 4:52:06.680922515 PM",
="",10751,,,,,436,="",="2/5/2026 4:52:06.681198730 PM",
="",10760,,,,,117,="",="2/5/2026 4:52:06.690624600 PM",
="",10767,,,,,117,="",="2/5/2026 4:52:06.707338430 PM",
="",10785,,,,,442,="",="2/5/2026 4:52:06.737639580 PM",
="",10819,,,,,425,="",="2/5/2026 4:52:06.779020035 PM",
="",10820,,,,,440,="",="2/5/2026 4:52:06.779548025 PM",
="",10846,,,,,442,="",="2/5/2026 4:52:06.840040195 PM",
="",10847,,,,,411,="",="2/5/2026 4:52:06.840308695 PM",
="",10870,,,,,117,="",="2/5/2026 4:52:06.857948900 PM",
="",10871,,,,,117,="",="2/5/2026 4:52:06.857995365 PM",
="",10873,,,,,440,="",="2/5/2026 4:52:06.858303815 PM",
="",10880,,,,,436,="",="2/5/2026 4:52:06.863893220 PM",
="",10961,,,,,177,="",="2/5/2026 4:52:06.966739305 PM",
="",10962,,,,,440,="",="2/5/2026 4:52:06.966843845 PM",
="",10971,,,,,440,="",="2/5/2026 4:52:06.977391805 PM",
="",10980,,,,,364,="",="2/5/2026 4:52:06.984875650 PM",
="",11006,,,,,109,="",="2/5/2026 4:52:07.022508315 PM",
="",11016,,,,,99,="",="2/5/2026 4:52:07.044392035 PM",
="",11018,,,,,411,="",="2/5/2026 4:52:07.045118530 PM",
="",11019,,,,,440,="",="2/5/2026 4:52:07.045351850 PM",
="",11049,,,,,440,="",="2/5/2026 4:52:07.069227325 PM",
="",11093,,,,,177,="",="2/5/2026 4:52:07.121412970 PM",
="",11108,,,,,442,="",="2/5/2026 4:52:07.147241680 PM",
="",11109,,,,,440,="",="2/5/2026 4:52:07.147752105 PM",
="",11122,,,,,171,="",="2/5/2026 4:52:07.165525600 PM",
="",11124,,,,,436,="",="2/5/2026 4:52:07.165928520 PM",
="",11125,,,,,436,="",="2/5/2026 4:52:07.166315475 PM",
="",11126,,,,,411,="",="2/5/2026 4:52:07.166589285 PM",
="",11138,,,,,117,="",="2/5/2026 4:52:07.181966750 PM",
="",11180,,,,,436,="",="2/5/2026 4:52:07.255254460 PM",
="",11199,,,,,377,="",="2/5/2026 4:52:07.268106390 PM",
="",11209,,,,,117,="",="2/5/2026 4:52:07.281803290 PM",
="",11213,,,,,117,="",="2/5/2026 4:52:07.284484145 PM",
="",11220,,,,,117,="",="2/5/2026 4:52:07.287927770 PM",
="",11235,,,,,115,="",="2/5/2026 4:52:07.305961570 PM",
="",11253,,,,,398,="",="2/5/2026 4:52:07.341336410 PM",
="",11267,,,,,117,="",="2/5/2026 4:52:07.364282150 PM",
="",11283,,,,,436,="",="2/5/2026 4:52:07.371116670 PM",
="",11284,,,,,411,="",="2/5/2026 4:52:07.371391720 PM",
="",11333,,,,,440,="",="2/5/2026 4:52:07.425965700 PM",
="",11351,,,,,442,="",="2/5/2026 4:52:07.454442850 PM",
="",11381,,,,,177,="",="2/5/2026 4:52:07.478670075 PM",
="",11382,,,,,99,="",="2/5/2026 4:52:07.478715850 PM",
="",11387,,,,,177,="",="2/5/2026 4:52:07.481856580 PM",
="",11392,,,,,177,="",="2/5/2026 4:52:07.483293300 PM",
="",11396,,,,,177,="",="2/5/2026 4:52:07.484734045 PM",
="",11400,,,,,177,="",="2/5/2026 4:52:07.486127655 PM",
="",11403,,,,,440,="",="2/5/2026 4:52:07.487061140 PM",
="",11406,,,,,177,="",="2/5/2026 4:52:07.488167535 PM",
="",11407,,,,,99,="",="2/5/2026 4:52:07.488212910 PM",
="",11411,,,,,436,="",="2/5/2026 4:52:07.488884580 PM",
="",11414,,,,,437,="",="2/5/2026 4:52:07.491641655 PM",
="",11415,,,,,411,="",="2/5/2026 4:52:07.492191375 PM",
="",11440,,,,,105,="",="2/5/2026 4:52:07.534729225 PM",
="",11442,,,,,103,="",="2/5/2026 4:52:07.535721970 PM",
="",11443,,,,,117,="",="2/5/2026 4:52:07.535769845 PM",
="",11468,,,,,436,="",="2/5/2026 4:52:07.580699495 PM",
="",11469,,,,,411,="",="2/5/2026 4:52:07.580973265 PM",
="",11472,,,,,442,="",="2/5/2026 4:52:07.588550220 PM",
="",11474,,,,,440,="",="2/5/2026 4:52:07.589069540 PM",
="",11475,,,,,454,="",="2/5/2026 4:52:07.589357050 PM",
="",11476,,,,,440,="",="2/5/2026 4:52:07.590185030 PM",
="",11492,,,,,436,="",="2/5/2026 4:52:07.602824560 PM",
="",11521,,,,,442,="",="2/5/2026 4:52:07.659244165 PM",
="",11531,,,,,484,="",="2/5/2026 4:52:07.668031265 PM",
="",11560,,,,,440,="",="2/5/2026 4:52:07.701133850 PM",
="",11585,,,,,440,="",="2/5/2026 4:52:07.722455930 PM",
="",11610,,,,,447,="",="2/5/2026 4:52:07.731287600 PM",
="",11626,,,,,121,="",="2/5/2026 4:52:07.736434450 PM",
="",11650,,,,,411,="",="2/5/2026 4:52:07.778278515 PM",
="",11652,,,,,448,="",="2/5/2026 4:52:07.778797555 PM",
="",11670,,,,,437,="",="2/5/2026 4:52:07.802731890 PM",
="",11719,,,,,448,="",="2/5/2026 4:52:07.869352650 PM",
="",11728,,,,,411,="",="2/5/2026 4:52:07.880669515 PM",
="",11731,,,,,171,="",="2/5/2026 4:52:07.882332230 PM",
="",11732,,,,,117,="",="2/5/2026 4:52:07.882475555 PM",
="",11741,,,,,454,="",="2/5/2026 4:52:07.896599135 PM",
="",11742,,,,,422,="",="2/5/2026 4:52:07.897118485 PM",
="",11743,,,,,171,="",="2/5/2026 4:52:07.897770720 PM",
="",11757,,,,,436,="",="2/5/2026 4:52:07.910029735 PM",
="",11801,,,,,105,="",="2/5/2026 4:52:07.951376645 PM",
="",11805,,,,,398,="",="2/5/2026 4:52:07.955745460 PM",
="",11825,,,,,117,="",="2/5/2026 4:52:07.982787710 PM",
="",11843,,,,,177,="",="2/5/2026 4:52:07.990522050 PM",
="",11857,,,,,177,="",="2/5/2026 4:52:08.004993935 PM",
="",11864,,,,,436,="",="2/5/2026 4:52:08.012429310 PM",
="",11866,,,,,440,="",="2/5/2026 4:52:08.012936300 PM",
="",11898,,,,,117,="",="2/5/2026 4:52:08.084833340 PM",
="",11922,,,,,440,="",="2/5/2026 4:52:08.101071290 PM",
="",11924,,,,,442,="",="2/5/2026 4:52:08.101665995 PM",
="",11925,,,,,422,="",="2/5/2026 4:52:08.101934495 PM",
="",11926,,,,,440,="",="2/5/2026 4:52:08.102184635 PM",
="",11927,,,,,171,="",="2/5/2026 4:52:08.102541935 PM",
="",11928,,,,,171,="",="2/5/2026 4:52:08.102601100 PM",
="",11942,,,,,411,="",="2/5/2026 4:52:08.115080570 PM",
="",11960,,,,,442,="",="2/5/2026 4:52:08.171246260 PM",
="",11971,,,,,105,="",="2/5/2026 4:52:08.182141310 PM",
="",11975,,,,,103,="",="2/5/2026 4:52:08.184803120 PM",
="",11997,,,,,105,="",="2/5/2026 4:52:08.197569160 PM",
="",12004,,,,,117,="",="2/5/2026 4:52:08.200513780 PM",
="",12013,,,,,454,="",="2/5/2026 4:52:08.203772670 PM",
="",12014,,,,,442,="",="2/5/2026 4:52:08.204059480 PM",
="",12015,,,,,440,="",="2/5/2026 4:52:08.204584795 PM",
="",12062,,,,,422,="",="2/5/2026 4:52:08.280191360 PM",
="",12063,,,,,440,="",="2/5/2026 4:52:08.280455785 PM",
="",12076,,,,,177,="",="2/5/2026 4:52:08.286486365 PM",
="",12096,,,,,171,="",="2/5/2026 4:52:08.299801070 PM",
="",12100,,,,,454,="",="2/5/2026 4:52:08.305044910 PM",
="",12110,,,,,411,="",="2/5/2026 4:52:08.308358615 PM",
="",12111,,,,,171,="",="2/5/2026 4:52:08.308918820 PM",
="",12115,,,,,448,="",="2/5/2026 4:52:08.312381870 PM",
="",12116,,,,,436,="",="2/5/2026 4:52:08.312662150 PM",
="",12117,,,,,411,="",="2/5/2026 4:52:08.312935960 PM",
="",12118,,,,,440,="",="2/5/2026 4:52:08.313192570 PM",
="",12128,,,,,454,="",="2/5/2026 4:52:08.327059660 PM",
="",12149,,,,,442,="",="2/5/2026 4:52:08.359197705 PM",
="",12159,,,,,117,="",="2/5/2026 4:52:08.367984065 PM",
="",12161,,,,,422,="",="2/5/2026 4:52:08.369747360 PM",
="",12195,,,,,454,="",="2/5/2026 4:52:08.407445270 PM",
="",12202,,,,,171,="",="2/5/2026 4:52:08.409712080 PM",
="",12205,,,,,411,="",="2/5/2026 4:52:08.410759175 PM",
="",12224,,,,,117,="",="2/5/2026 4:52:08.437860910 PM",
="",12227,,,,,103,="",="2/5/2026 4:52:08.438149770 PM",
="",12228,,,,,117,="",="2/5/2026 4:52:08.438199005 PM",
="",12239,,,,,454,="",="2/5/2026 4:52:08.461289225 PM",
="",12240,,,,,442,="",="2/5/2026 4:52:08.461574505 PM",
="",12241,,,,,440,="",="2/5/2026 4:52:08.462116205 PM",
="",12245,,,,,117,="",="2/5/2026 4:52:08.464981380 PM",
="",12281,,,,,177,="",="2/5/2026 4:52:08.502527420 PM",
="",12286,,,,,177,="",="2/5/2026 4:52:08.504018955 PM",
="",12290,,,,,440,="",="2/5/2026 4:52:08.504812780 PM",
="",12292,,,,,177,="",="2/5/2026 4:52:08.506198400 PM",
="",12297,,,,,177,="",="2/5/2026 4:52:08.507614385 PM",
="",12302,,,,,177,="",="2/5/2026 4:52:08.509052370 PM",
="",12309,,,,,177,="",="2/5/2026 4:52:08.510555640 PM",
="",12310,,,,,440,="",="2/5/2026 4:52:08.510673340 PM",
="",12311,,,,,454,="",="2/5/2026 4:52:08.510961570 PM",
="",12313,,,,,177,="",="2/5/2026 4:52:08.511977410 PM",
="",12323,,,,,448,="",="2/5/2026 4:52:08.517184000 PM",
="",12324,,,,,411,="",="2/5/2026 4:52:08.517738490 PM",
="",12342,,,,,117,="",="2/5/2026 4:52:08.537768365 PM",
="",12352,,,,,440,="",="2/5/2026 4:52:08.560752210 PM",
="",12353,,,,,422,="",="2/5/2026 4:52:08.564254315 PM",
="",12373,,,,,440,="",="2/5/2026 4:52:08.597709495 PM",
="",12378,,,,,377,="",="2/5/2026 4:52:08.599616070 PM",
="",12394,,,,,117,="",="2/5/2026 4:52:08.611570925 PM",
="",12400,,,,,171,="",="2/5/2026 4:52:08.614599375 PM",
="",12405,,,,,171,="",="2/5/2026 4:52:08.616119485 PM",
="",12406,,,,,165,="",="2/5/2026 4:52:08.616390755 PM",
="",12413,,,,,440,="",="2/5/2026 4:52:08.620416290 PM",
="",12442,,,,,422,="",="2/5/2026 4:52:08.666676185 PM",
="",12443,,,,,440,="",="2/5/2026 4:52:08.666920105 PM",
="",12465,,,,,437,="",="2/5/2026 4:52:08.702046265 PM",
="",12468,,,,,177,="",="2/5/2026 4:52:08.702973320 PM",
="",12472,,,,,109,="",="2/5/2026 4:52:08.707844290 PM",
="",12487,,,,,411,="",="2/5/2026 4:52:08.717959415 PM",
="",12488,,,,,440,="",="2/5/2026 4:52:08.718225030 PM",
="",12491,,,,,411,="",="2/5/2026 4:52:08.722562585 PM",
="",12493,,,,,437,="",="2/5/2026 4:52:08.724335455 PM",
="",12507,,,,,117,="",="2/5/2026 4:52:08.736558015 PM",
="",12513,,,,,436,="",="2/5/2026 4:52:08.745924885 PM",
="",12514,,,,,411,="",="2/5/2026 4:52:08.746189385 PM",
="",12515,,,,,440,="",="2/5/2026 4:52:08.746436690 PM",
="",12539,,,,,238,="",="2/5/2026 4:52:08.800409805 PM",
="",12540,,,,,425,="",="2/5/2026 4:52:08.801987715 PM",
="",12541,,,,,450,="",="2/5/2026 4:52:08.802465845 PM",
="",12548,,,,,450,="",="2/5/2026 4:52:08.804547700 PM",
="",12553,,,,,464,="",="2/5/2026 4:52:08.806966315 PM",
="",12555,,,,,450,="",="2/5/2026 4:52:08.807319160 PM",
="",12560,,,,,464,="",="2/5/2026 4:52:08.808865495 PM",
="",12572,,,,,450,="",="2/5/2026 4:52:08.812031535 PM",
="",12589,,,,,115,="",="2/5/2026 4:52:08.816867985 PM",
="",12590,,,,,99,="",="2/5/2026 4:52:08.816912025 PM",
="",12591,,,,,115,="",="2/5/2026 4:52:08.816988205 PM",
="",12598,,,,,422,="",="2/5/2026 4:52:08.818753370 PM",
="",12604,,,,,440,="",="2/5/2026 4:52:08.820595990 PM",
="",12605,,,,,171,="",="2/5/2026 4:52:08.820902900 PM",
="",12608,,,,,411,="",="2/5/2026 4:52:08.827302435 PM",
="",12649,,,,,115,="",="2/5/2026 4:52:08.872228735 PM",
="",12651,,,,,117,="",="2/5/2026 4:52:08.874192435 PM",
="",12655,,,,,454,="",="2/5/2026 4:52:08.881175940 PM",
="",12671,,,,,442,="",="2/5/2026 4:52:08.905175235 PM",
="",12682,,,,,442,="",="2/5/2026 4:52:08.913346100 PM",
="",12683,,,,,115,="",="2/5/2026 4:52:08.914403565 PM",
="",12685,,,,,99,="",="2/5/2026 4:52:08.915481370 PM",
="",12687,,,,,99,="",="2/5/2026 4:52:08.916195900 PM",
="",12692,,,,,454,="",="2/5/2026 4:52:08.920572565 PM",
="",12693,,,,,442,="",="2/5/2026 4:52:08.920849065 PM",
="",12694,,,,,440,="",="2/5/2026 4:52:08.921387690 PM",
="",12706,,,,,177,="",="2/5/2026 4:52:08.926342100 PM",
="",12707,,,,,177,="",="2/5/2026 4:52:08.926458905 PM",
="",12708,,,,,177,="",="2/5/2026 4:52:08.926694010 PM",
="",12710,,,,,411,="",="2/5/2026 4:52:08.927363800 PM",
="",12711,,,,,440,="",="2/5/2026 4:52:08.927597960 PM",
="",12820,,,,,440,="",="2/5/2026 4:52:09.029998920 PM",
="",12827,,,,,117,="",="2/5/2026 4:52:09.034117805 PM",
="",12840,,,,,436,="",="2/5/2026 4:52:09.060486420 PM",
="",12841,,,,,411,="",="2/5/2026 4:52:09.060785725 PM",
="",12856,,,,,117,="",="2/5/2026 4:52:09.085680160 PM",
="",12857,,,,,117,="",="2/5/2026 4:52:09.085731945 PM",
="",12861,,,,,440,="",="2/5/2026 4:52:09.093361850 PM",
="",12884,,,,,440,="",="2/5/2026 4:52:09.112454200 PM",
="",12887,,,,,422,="",="2/5/2026 4:52:09.118450510 PM",
="",12888,,,,,440,="",="2/5/2026 4:52:09.118689230 PM",
="",12889,,,,,171,="",="2/5/2026 4:52:09.119015610 PM",
="",12894,,,,,454,="",="2/5/2026 4:52:09.125373875 PM",
="",12895,,,,,422,="",="2/5/2026 4:52:09.125923480 PM",
="",12896,,,,,171,="",="2/5/2026 4:52:09.126547620 PM",
="",12899,,,,,411,="",="2/5/2026 4:52:09.127560540 PM",
="",12901,,,,,171,="",="2/5/2026 4:52:09.128112330 PM",
="",12912,,,,,121,="",="2/5/2026 4:52:09.141024585 PM",
="",12913,,,,,117,="",="2/5/2026 4:52:09.141090695 PM",
="",12920,,,,,454,="",="2/5/2026 4:52:09.146260305 PM",
="",12933,,,,,442,="",="2/5/2026 4:52:09.178403230 PM",
="",12935,,,,,440,="",="2/5/2026 4:52:09.178919150 PM",
="",12949,,,,,422,="",="2/5/2026 4:52:09.189088770 PM",
="",12964,,,,,442,="",="2/5/2026 4:52:09.212376105 PM",
="",12965,,,,,440,="",="2/5/2026 4:52:09.212920885 PM",
="",12967,,,,,171,="",="2/5/2026 4:52:09.213551305 PM",
="",12968,,,,,436,="",="2/5/2026 4:52:09.214325100 PM",
="",12971,,,,,442,="",="2/5/2026 4:52:09.220572165 PM",
="",12974,,,,,171,="",="2/5/2026 4:52:09.221416730 PM",
="",12975,,,,,364,="",="2/5/2026 4:52:09.221819380 PM",
="",12991,,,,,454,="",="2/5/2026 4:52:09.227773915 PM",
="",12992,,,,,442,="",="2/5/2026 4:52:09.228088580 PM",
="",12993,,,,,422,="",="2/5/2026 4:52:09.228357080 PM",
="",12994,,,,,440,="",="2/5/2026 4:52:09.228588440 PM",
="",12995,,,,,171,="",="2/5/2026 4:52:09.228914605 PM",
="",13003,,,,,440,="",="2/5/2026 4:52:09.234800510 PM",
="",13023,,,,,440,="",="2/5/2026 4:52:09.266123150 PM",
="",13028,,,,,442,="",="2/5/2026 4:52:09.280890480 PM",
="",13031,,,,,117,="",="2/5/2026 4:52:09.282143950 PM",
="",13036,,,,,454,="",="2/5/2026 4:52:09.290777425 PM",
="",13038,,,,,422,="",="2/5/2026 4:52:09.291342380 PM",
="",13059,,,,,377,="",="2/5/2026 4:52:09.316121745 PM",
="",13098,,,,,99,="",="2/5/2026 4:52:09.347171730 PM",
="",13116,,,,,117,="",="2/5/2026 4:52:09.367156825 PM",
="",13120,,,,,448,="",="2/5/2026 4:52:09.368311705 PM",
="",13122,,,,,440,="",="2/5/2026 4:52:09.369122885 PM",
="",13134,,,,,422,="",="2/5/2026 4:52:09.393740220 PM",
="",13148,,,,,442,="",="2/5/2026 4:52:09.417177360 PM",
="",13155,,,,,440,="",="2/5/2026 4:52:09.419655710 PM",
="",13167,,,,,99,="",="2/5/2026 4:52:09.428256820 PM",
="",13175,,,,,171,="",="2/5/2026 4:52:09.433715755 PM",
="",13176,,,,,171,="",="2/5/2026 4:52:09.433826720 PM",
="",13179,,,,,448,="",="2/5/2026 4:52:09.434184695 PM",
="",13187,,,,,117,="",="2/5/2026 4:52:09.436896840 PM",
="",13191,,,,,117,="",="2/5/2026 4:52:09.437476045 PM",
="",13194,,,,,117,="",="2/5/2026 4:52:09.437743310 PM",
="",13223,,,,,448,="",="2/5/2026 4:52:09.469807560 PM",
="",13224,,,,,411,="",="2/5/2026 4:52:09.470364570 PM",
="",13230,,,,,422,="",="2/5/2026 4:52:09.485879220 PM",
="",13233,,,,,454,="",="2/5/2026 4:52:09.495709675 PM",
="",13235,,,,,422,="",="2/5/2026 4:52:09.496297615 PM",
="",13245,,,,,422,="",="2/5/2026 4:52:09.508994970 PM",
="",13246,,,,,440,="",="2/5/2026 4:52:09.509263155 PM",
="",13265,,,,,177,="",="2/5/2026 4:52:09.526973535 PM",
="",13274,,,,,177,="",="2/5/2026 4:52:09.529387325 PM",
="",13279,,,,,177,="",="2/5/2026 4:52:09.530843510 PM",
="",13286,,,,,177,="",="2/5/2026 4:52:09.532499640 PM",
="",13290,,,,,177,="",="2/5/2026 4:52:09.533886530 PM",
="",13293,,,,,442,="",="2/5/2026 4:52:09.534449515 PM",
="",13297,,,,,177,="",="2/5/2026 4:52:09.536152540 PM",
="",13298,,,,,99,="",="2/5/2026 4:52:09.536197915 PM",
="",13302,,,,,117,="",="2/5/2026 4:52:09.536747145 PM",
="",13303,,,,,436,="",="2/5/2026 4:52:09.536864550 PM",
="",13307,,,,,177,="",="2/5/2026 4:52:09.537926540 PM",
="",13310,,,,,117,="",="2/5/2026 4:52:09.538582895 PM",
="",13319,,,,,411,="",="2/5/2026 4:52:09.541772435 PM",
="",13320,,,,,440,="",="2/5/2026 4:52:09.542002875 PM",
="",13321,,,,,436,="",="2/5/2026 4:52:09.542322385 PM",
="",13322,,,,,411,="",="2/5/2026 4:52:09.542596155 PM",
="",13323,,,,,440,="",="2/5/2026 4:52:09.542852620 PM",
="",13343,,,,,99,="",="2/5/2026 4:52:09.563677985 PM",
="",13347,,,,,448,="",="2/5/2026 4:52:09.572208215 PM",
="",13348,,,,,436,="",="2/5/2026 4:52:09.572489280 PM",
="",13349,,,,,411,="",="2/5/2026 4:52:09.572771985 PM",
="",13350,,,,,440,="",="2/5/2026 4:52:09.573018995 PM",
="",13358,,,,,454,="",="2/5/2026 4:52:09.587715015 PM",
="",13359,,,,,229,="",="2/5/2026 4:52:09.588542275 PM",
="",13363,,,,,422,="",="2/5/2026 4:52:09.598543585 PM",
="",13384,,,,,454,="",="2/5/2026 4:52:09.629866230 PM",
="",13386,,,,,422,="",="2/5/2026 4:52:09.630452290 PM",
="",13388,,,,,364,="",="2/5/2026 4:52:09.631430120 PM",
="",13389,,,,,117,="",="2/5/2026 4:52:09.632422265 PM",
="",13397,,,,,177,="",="2/5/2026 4:52:09.636579690 PM",
="",13401,,,,,422,="",="2/5/2026 4:52:09.637283815 PM",
="",13404,,,,,440,="",="2/5/2026 4:52:09.638096815 PM",
="",13405,,,,,171,="",="2/5/2026 4:52:09.638416900 PM",
="",13406,,,,,448,="",="2/5/2026 4:52:09.638983725 PM",
="",13407,,,,,448,="",="2/5/2026 4:52:09.643593375 PM",
="",13408,,,,,411,="",="2/5/2026 4:52:09.644485360 PM",
="",13421,,,,,442,="",="2/5/2026 4:52:09.658569365 PM",
="",13458,,,,,442,="",="2/5/2026 4:52:09.724414110 PM",
="",13467,,,,,177,="",="2/5/2026 4:52:09.728040280 PM",
="",13468,,,,,99,="",="2/5/2026 4:52:09.728085655 PM",
="",13473,,,,,454,="",="2/5/2026 4:52:09.732192955 PM",
="",13478,,,,,117,="",="2/5/2026 4:52:09.733447310 PM",
="",13487,,,,,117,="",="2/5/2026 4:52:09.737144745 PM",
="",13498,,,,,436,="",="2/5/2026 4:52:09.741688555 PM",
="",13499,,,,,436,="",="2/5/2026 4:52:09.746275370 PM",
="",13500,,,,,411,="",="2/5/2026 4:52:09.746549140 PM",
="",13509,,,,,446,="",="2/5/2026 4:52:09.752417940 PM",
="",13515,,,,,442,="",="2/5/2026 4:52:09.760946000 PM",
="",13516,,,,,440,="",="2/5/2026 4:52:09.761487740 PM",
="",13520,,,,,436,="",="2/5/2026 4:52:09.777313620 PM",
="",13522,,,,,440,="",="2/5/2026 4:52:09.777820045 PM",
="",13529,,,,,437,="",="2/5/2026 4:52:09.788744890 PM",
="",13539,,,,,411,="",="2/5/2026 4:52:09.815538070 PM",
="",13553,,,,,436,="",="2/5/2026 4:52:09.828750400 PM",
="",13556,,,,,454,="",="2/5/2026 4:52:09.834668535 PM",
="",13558,,,,,440,="",="2/5/2026 4:52:09.835496115 PM",
="",13565,,,,,177,="",="2/5/2026 4:52:09.837652625 PM",
="",13572,,,,,117,="",="2/5/2026 4:52:09.839361690 PM",
="",13575,,,,,454,="",="2/5/2026 4:52:09.841049720 PM",
="",13582,,,,,448,="",="2/5/2026 4:52:09.843784830 PM",
="",13590,,,,,171,="",="2/5/2026 4:52:09.847401170 PM",
="",13593,,,,,177,="",="2/5/2026 4:52:09.847882465 PM",
="",13594,,,,,177,="",="2/5/2026 4:52:09.848000325 PM",
="",13595,,,,,177,="",="2/5/2026 4:52:09.848117570 PM",
="",13596,,,,,177,="",="2/5/2026 4:52:09.848234255 PM",
="",13597,,,,,177,="",="2/5/2026 4:52:09.848352140 PM",
="",13598,,,,,177,="",="2/5/2026 4:52:09.848469345 PM",
="",13599,,,,,177,="",="2/5/2026 4:52:09.848586685 PM",
="",13600,,,,,177,="",="2/5/2026 4:52:09.848704010 PM",
="",13601,,,,,436,="",="2/5/2026 4:52:09.848997175 PM",
="",13617,,,,,437,="",="2/5/2026 4:52:09.872033435 PM",
="",13618,,,,,448,="",="2/5/2026 4:52:09.879409775 PM",
="",13619,,,,,440,="",="2/5/2026 4:52:09.880221555 PM",
="",13627,,,,,437,="",="2/5/2026 4:52:09.891144520 PM",
="",13628,,,,,454,="",="2/5/2026 4:52:09.894894895 PM",
="",13629,,,,,440,="",="2/5/2026 4:52:09.895722115 PM",
="",13640,,,,,440,="",="2/5/2026 4:52:09.918861730 PM",
="",13645,,,,,171,="",="2/5/2026 4:52:09.924988700 PM",
="",13654,,,,,442,="",="2/5/2026 4:52:09.929217195 PM",
="",13655,,,,,440,="",="2/5/2026 4:52:09.930049920 PM",
="",13661,,,,,440,="",="2/5/2026 4:52:09.931666315 PM",
="",13667,,,,,442,="",="2/5/2026 4:52:09.938377170 PM",
="",13676,,,,,448,="",="2/5/2026 4:52:09.946184740 PM",
="",13677,,,,,411,="",="2/5/2026 4:52:09.946739375 PM",
="",13678,,,,,171,="",="2/5/2026 4:52:09.947321925 PM",
="",13690,,,,,448,="",="2/5/2026 4:52:09.950795870 PM",
="",13692,,,,,411,="",="2/5/2026 4:52:09.951541085 PM",
="",13693,,,,,440,="",="2/5/2026 4:52:09.951774645 PM",
="",13695,,,,,117,="",="2/5/2026 4:52:09.952157345 PM",
="",13701,,,,,117,="",="2/5/2026 4:52:09.956267835 PM",
="",13709,,,,,442,="",="2/5/2026 4:52:09.965746445 PM",
="",13715,,,,,448,="",="2/5/2026 4:52:09.981825645 PM",
="",13717,,,,,411,="",="2/5/2026 4:52:09.982388225 PM",
="",13731,,,,,454,="",="2/5/2026 4:52:10.007581220 PM",
="",13732,,,,,440,="",="2/5/2026 4:52:10.008407800 PM",
="",13753,,,,,411,="",="2/5/2026 4:52:10.033825170 PM",
="",13761,,,,,117,="",="2/5/2026 4:52:10.045376050 PM",
="",13767,,,,,442,="",="2/5/2026 4:52:10.047272290 PM",
="",13769,,,,,117,="",="2/5/2026 4:52:10.048063380 PM",
="",13774,,,,,117,="",="2/5/2026 4:52:10.050296220 PM",
="",13776,,,,,121,="",="2/5/2026 4:52:10.051110790 PM",
="",13780,,,,,103,="",="2/5/2026 4:52:10.053966890 PM",
="",13782,,,,,436,="",="2/5/2026 4:52:10.054389970 PM",
="",13791,,,,,440,="",="2/5/2026 4:52:10.057028885 PM",
="",13792,,,,,117,="",="2/5/2026 4:52:10.057368065 PM",
="",13798,,,,,177,="",="2/5/2026 4:52:10.058690785 PM",
="",13813,,,,,117,="",="2/5/2026 4:52:10.082864790 PM",
="",13815,,,,,411,="",="2/5/2026 4:52:10.084765830 PM",
="",13826,,,,,437,="",="2/5/2026 4:52:10.095947005 PM",
="",13827,,,,,436,="",="2/5/2026 4:52:10.096219955 PM",
="",13828,,,,,440,="",="2/5/2026 4:52:10.096750310 PM",
="",13845,,,,,117,="",="2/5/2026 4:52:10.120107410 PM",
="",13865,,,,,436,="",="2/5/2026 4:52:10.135929020 PM",
="",13866,,,,,411,="",="2/5/2026 4:52:10.136202390 PM",
="",13867,,,,,440,="",="2/5/2026 4:52:10.136477935 PM",
="",13870,,,,,117,="",="2/5/2026 4:52:10.138541490 PM",
="",13884,,,,,213,="",="2/5/2026 4:52:10.151764015 PM",
="",13885,,,,,229,="",="2/5/2026 4:52:10.151975660 PM",
="",13888,,,,,411,="",="2/5/2026 4:52:10.156344425 PM",
="",13897,,,,,117,="",="2/5/2026 4:52:10.160513385 PM",
="",13900,,,,,333,="",="2/5/2026 4:52:10.167519755 PM",
="",13912,,,,,117,="",="2/5/2026 4:52:10.181765150 PM",
="",13916,,,,,177,="",="2/5/2026 4:52:10.183219065 PM",
="",13923,,,,,123,="",="2/5/2026 4:52:10.184555340 PM",
="",13926,,,,,436,="",="2/5/2026 4:52:10.186930340 PM",
="",13927,,,,,411,="",="2/5/2026 4:52:10.187194840 PM",
="",13970,,,,,440,="",="2/5/2026 4:52:10.236113640 PM",
="",13982,,,,,177,="",="2/5/2026 4:52:10.243434825 PM",
="",13996,,,,,448,="",="2/5/2026 4:52:10.253385365 PM",
="",13997,,,,,436,="",="2/5/2026 4:52:10.253666470 PM",
="",14015,,,,,454,="",="2/5/2026 4:52:10.272661470 PM",
="",14022,,,,,117,="",="2/5/2026 4:52:10.282140880 PM",
="",14023,,,,,117,="",="2/5/2026 4:52:10.282191305 PM",
="",14031,,,,,448,="",="2/5/2026 4:52:10.289012590 PM",
="",14046,,,,,117,="",="2/5/2026 4:52:10.325295490 PM",
="",14052,,,,,115,="",="2/5/2026 4:52:10.330800780 PM",
="",14069,,,,,436,="",="2/5/2026 4:52:10.340730215 PM",
="",14077,,,,,177,="",="2/5/2026 4:52:10.345765680 PM",
="",14082,,,,,177,="",="2/5/2026 4:52:10.347262695 PM",
="",14088,,,,,177,="",="2/5/2026 4:52:10.349578735 PM",
="",14089,,,,,99,="",="2/5/2026 4:52:10.349625870 PM",
="",14094,,,,,177,="",="2/5/2026 4:52:10.351088070 PM",
="",14119,,,,,454,="",="2/5/2026 4:52:10.375061650 PM",
="",14120,,,,,442,="",="2/5/2026 4:52:10.375346555 PM",
="",14137,,,,,109,="",="2/5/2026 4:52:10.394576815 PM",
="",14158,,,,,115,="",="2/5/2026 4:52:10.427350305 PM",
="",14194,,,,,117,="",="2/5/2026 4:52:10.452223690 PM",
="",14208,,,,,115,="",="2/5/2026 4:52:10.460279515 PM",
="",14212,,,,,117,="",="2/5/2026 4:52:10.462772865 PM",
="",14225,,,,,442,="",="2/5/2026 4:52:10.477769610 PM",
="",14227,,,,,440,="",="2/5/2026 4:52:10.478288475 PM",
="",14232,,,,,411,="",="2/5/2026 4:52:10.494391475 PM",
="",14240,,,,,105,="",="2/5/2026 4:52:10.515645880 PM",
="",14243,,,,,117,="",="2/5/2026 4:52:10.516694115 PM",
="",14244,,,,,117,="",="2/5/2026 4:52:10.516744525 PM",
="",14255,,,,,115,="",="2/5/2026 4:52:10.527274610 PM",
="",14275,,,,,442,="",="2/5/2026 4:52:10.543583190 PM",
="",14276,,,,,229,="",="2/5/2026 4:52:10.543857905 PM",
="",14277,,,,,436,="",="2/5/2026 4:52:10.544216005 PM",
="",14279,,,,,454,="",="2/5/2026 4:52:10.551474110 PM",
="",14286,,,,,440,="",="2/5/2026 4:52:10.558679595 PM",
="",14291,,,,,113,="",="2/5/2026 4:52:10.561228025 PM",
="",14316,,,,,442,="",="2/5/2026 4:52:10.580147045 PM",
="",14317,,,,,440,="",="2/5/2026 4:52:10.580688600 PM",
="",14323,,,,,436,="",="2/5/2026 4:52:10.596522120 PM",
="",14324,,,,,411,="",="2/5/2026 4:52:10.596786620 PM",
="",14325,,,,,440,="",="2/5/2026 4:52:10.597028185 PM",
="",14330,,,,,99,="",="2/5/2026 4:52:10.607574880 PM",
="",14332,,,,,99,="",="2/5/2026 4:52:10.609121140 PM",
="",14354,,,,,437,="",="2/5/2026 4:52:10.634095075 PM",
="",14367,,,,,442,="",="2/5/2026 4:52:10.645983500 PM",
="",14369,,,,,411,="",="2/5/2026 4:52:10.646581375 PM",
="",14374,,,,,177,="",="2/5/2026 4:52:10.648563880 PM",
="",14377,,,,,177,="",="2/5/2026 4:52:10.650012865 PM",
="",14380,,,,,177,="",="2/5/2026 4:52:10.651452865 PM",
="",14389,,,,,434,="",="2/5/2026 4:52:10.656350855 PM",
="",14392,,,,,454,="",="2/5/2026 4:52:10.660252485 PM",
="",14397,,,,,333,="",="2/5/2026 4:52:10.663633520 PM",
="",14399,,,,,437,="",="2/5/2026 4:52:10.667771130 PM",
="",14404,,,,,411,="",="2/5/2026 4:52:10.670510275 PM",
="",14405,,,,,440,="",="2/5/2026 4:52:10.670749040 PM",
="",14416,,,,,117,="",="2/5/2026 4:52:10.687044520 PM",
="",14421,,,,,121,="",="2/5/2026 4:52:10.701856510 PM",
="",14423,,,,,436,="",="2/5/2026 4:52:10.702280550 PM",
="",14424,,,,,411,="",="2/5/2026 4:52:10.702545050 PM",
="",14425,,,,,440,="",="2/5/2026 4:52:10.702787275 PM",
="",14462,,,,,103,="",="2/5/2026 4:52:10.741402640 PM",
="",14466,,,,,411,="",="2/5/2026 4:52:10.748954875 PM",
="",14473,,,,,442,="",="2/5/2026 4:52:10.756584180 PM",
="",14480,,,,,454,="",="2/5/2026 4:52:10.762652955 PM",
="",14481,,,,,440,="",="2/5/2026 4:52:10.763479950 PM",
="",14496,,,,,177,="",="2/5/2026 4:52:10.769536130 PM",
="",14497,,,,,99,="",="2/5/2026 4:52:10.769588925 PM",
="",14499,,,,,99,="",="2/5/2026 4:52:10.769703490 PM",
="",14504,,,,,99,="",="2/5/2026 4:52:10.770055385 PM",
="",14508,,,,,437,="",="2/5/2026 4:52:10.771434605 PM",
="",14510,,,,,411,="",="2/5/2026 4:52:10.772006910 PM",
="",14511,,,,,440,="",="2/5/2026 4:52:10.772240975 PM",
="",14512,,,,,411,="",="2/5/2026 4:52:10.772893180 PM",
="",14525,,,,,440,="",="2/5/2026 4:52:10.785764060 PM",
="",14540,,,,,3229,="",="2/5/2026 4:52:10.796505830 PM",
="",14546,,,,,448,="",="2/5/2026 4:52:10.801019065 PM",
="",14547,,,,,436,="",="2/5/2026 4:52:10.801297345 PM",
="",14548,,,,,411,="",="2/5/2026 4:52:10.801570995 PM",
="",14553,,,,,440,="",="2/5/2026 4:52:10.805188345 PM",
="",14554,,,,,117,="",="2/5/2026 4:52:10.806479515 PM",
="",14556,,,,,117,="",="2/5/2026 4:52:10.807024690 PM",
="",14563,,,,,105,="",="2/5/2026 4:52:10.810809445 PM",
="",14569,,,,,113,="",="2/5/2026 4:52:10.820405570 PM",
="",14578,,,,,3229,="",="2/5/2026 4:52:10.831817025 PM",
="",14580,,,,,117,="",="2/5/2026 4:52:10.833302235 PM",
="",14595,,,,,109,="",="2/5/2026 4:52:10.843977010 PM",
="",14596,,,,,105,="",="2/5/2026 4:52:10.844135285 PM",
="",14602,,,,,411,="",="2/5/2026 4:52:10.851286755 PM",
="",14606,,,,,436,="",="2/5/2026 4:52:10.852732370 PM",
="",14607,,,,,411,="",="2/5/2026 4:52:10.853006180 PM",
="",14616,,,,,105,="",="2/5/2026 4:52:10.859234120 PM",
="",14617,,,,,109,="",="2/5/2026 4:52:10.863892610 PM",
="",14621,,,,,422,="",="2/5/2026 4:52:10.865617820 PM",
="",14644,,,,,440,="",="2/5/2026 4:52:10.874645620 PM",
="",14645,,,,,425,="",="2/5/2026 4:52:10.875059265 PM",
="",14646,,,,,115,="",="2/5/2026 4:52:10.875949460 PM",
="",14648,,,,,364,="",="2/5/2026 4:52:10.876414670 PM",
="",14653,,,,,117,="",="2/5/2026 4:52:10.878619030 PM",
="",14661,,,,,422,="",="2/5/2026 4:52:10.887626465 PM",
="",14662,,,,,440,="",="2/5/2026 4:52:10.887888810 PM",
="",14672,,,,,448,="",="2/5/2026 4:52:10.903416535 PM",
="",14673,,,,,411,="",="2/5/2026 4:52:10.903974025 PM",
="",14677,,,,,440,="",="2/5/2026 4:52:10.907588935 PM",
="",14685,,,,,117,="",="2/5/2026 4:52:10.912429185 PM",
="",14688,,,,,177,="",="2/5/2026 4:52:10.912961365 PM",
="",14696,,,,,314,="",="2/5/2026 4:52:10.922952865 PM",
="",14700,,,,,442,="",="2/5/2026 4:52:10.929471110 PM",
="",14701,,,,,422,="",="2/5/2026 4:52:10.929747145 PM",
="",14718,,,,,117,="",="2/5/2026 4:52:10.948980145 PM",
="",14735,,,,,411,="",="2/5/2026 4:52:10.953624915 PM",
="",14736,,,,,440,="",="2/5/2026 4:52:10.953881740 PM",
="",14739,,,,,171,="",="2/5/2026 4:52:10.955013075 PM",
="",14742,,,,,177,="",="2/5/2026 4:52:10.955940445 PM",
="",14758,,,,,109,="",="2/5/2026 4:52:10.967535750 PM",
="",14770,,,,,49,="",="2/5/2026 4:52:10.973430955 PM",
="",14774,,,,,117,="",="2/5/2026 4:52:10.975971075 PM",
="",14780,,,,,440,="",="2/5/2026 4:52:10.977951330 PM",
="",14792,,,,,454,="",="2/5/2026 4:52:10.989464325 PM",
="",14799,,,,,109,="",="2/5/2026 4:52:11.002039910 PM",
="",14804,,,,,436,="",="2/5/2026 4:52:11.009459210 PM",
="",14805,,,,,411,="",="2/5/2026 4:52:11.009732820 PM",
="",14809,,,,,117,="",="2/5/2026 4:52:11.012668375 PM",
="",14813,,,,,117,="",="2/5/2026 4:52:11.015318145 PM",
="",14815,,,,,117,="",="2/5/2026 4:52:11.016048595 PM",
="",14817,,,,,117,="",="2/5/2026 4:52:11.024090215 PM",
="",14839,,,,,437,="",="2/5/2026 4:52:11.043695035 PM",
="",14840,,,,,411,="",="2/5/2026 4:52:11.044324490 PM",
="",14848,,,,,103,="",="2/5/2026 4:52:11.049616590 PM",
="",14850,,,,,103,="",="2/5/2026 4:52:11.051888140 PM",
="",14858,,,,,442,="",="2/5/2026 4:52:11.055581900 PM",
="",14859,,,,,448,="",="2/5/2026 4:52:11.056530730 PM",
="",14864,,,,,99,="",="2/5/2026 4:52:11.057840135 PM",
="",14867,,,,,177,="",="2/5/2026 4:52:11.058169560 PM",
="",14868,,,,,117,="",="2/5/2026 4:52:11.058226380 PM",
="",14869,,,,,117,="",="2/5/2026 4:52:11.058561510 PM",
="",14870,,,,,117,="",="2/5/2026 4:52:11.058613585 PM",
="",14877,,,,,440,="",="2/5/2026 4:52:11.064303695 PM",
="",14879,,,,,105,="",="2/5/2026 4:52:11.065826860 PM",
="",14883,,,,,454,="",="2/5/2026 4:52:11.069854245 PM",
="",14890,,,,,117,="",="2/5/2026 4:52:11.076778805 PM",
="",14896,,,,,425,="",="2/5/2026 4:52:11.079845795 PM",
="",14897,,,,,411,="",="2/5/2026 4:52:11.080102960 PM",
="",14923,,,,,436,="",="2/5/2026 4:52:11.108499300 PM",
="",14925,,,,,436,="",="2/5/2026 4:52:11.111880750 PM",
="",14926,,,,,411,="",="2/5/2026 4:52:11.112145250 PM",
="",14928,,,,,171,="",="2/5/2026 4:52:11.122999815 PM",
="",14930,,,,,171,="",="2/5/2026 4:52:11.123122155 PM",
="",14968,,,,,422,="",="2/5/2026 4:52:11.158282770 PM",
="",14973,,,,,109,="",="2/5/2026 4:52:11.161216025 PM",
="",14982,,,,,454,="",="2/5/2026 4:52:11.165882030 PM",
="",14983,,,,,442,="",="2/5/2026 4:52:11.166164735 PM",
="",14984,,,,,422,="",="2/5/2026 4:52:11.166441610 PM",
="",15000,,,,,117,="",="2/5/2026 4:52:11.179528990 PM",
="",15010,,,,,109,="",="2/5/2026 4:52:11.183776165 PM",
="",15011,,,,,117,="",="2/5/2026 4:52:11.183829620 PM",
="",15025,,,,,454,="",="2/5/2026 4:52:11.194264270 PM",
="",15026,,,,,442,="",="2/5/2026 4:52:11.194547510 PM",
="",15027,,,,,440,="",="2/5/2026 4:52:11.195091930 PM",
="",15045,,,,,117,="",="2/5/2026 4:52:11.221236690 PM",
="",15046,,,,,117,="",="2/5/2026 4:52:11.221287115 PM",
="",15047,,,,,117,="",="2/5/2026 4:52:11.221610970 PM",
="",15053,,,,,117,="",="2/5/2026 4:52:11.222660705 PM",
="",15065,,,,,448,="",="2/5/2026 4:52:11.238648360 PM",
="",15070,,,,,448,="",="2/5/2026 4:52:11.248570240 PM",
="",15071,,,,,436,="",="2/5/2026 4:52:11.248851225 PM",
="",15073,,,,,440,="",="2/5/2026 4:52:11.250065170 PM",
="",15087,,,,,442,="",="2/5/2026 4:52:11.260382365 PM",
="",15092,,,,,177,="",="2/5/2026 4:52:11.267529205 PM",
="",15095,,,,,422,="",="2/5/2026 4:52:11.268841720 PM",
="",15096,,,,,115,="",="2/5/2026 4:52:11.269709660 PM",
="",15101,,,,,177,="",="2/5/2026 4:52:11.271882270 PM",
="",15104,,,,,117,="",="2/5/2026 4:52:11.272336295 PM",
="",15107,,,,,177,="",="2/5/2026 4:52:11.273280280 PM",
="",15109,,,,,229,="",="2/5/2026 4:52:11.275217890 PM",
="",15117,,,,,99,="",="2/5/2026 4:52:11.279036800 PM",
="",15120,,,,,117,="",="2/5/2026 4:52:11.281956300 PM",
="",15128,,,,,437,="",="2/5/2026 4:52:11.284350440 PM",
="",15132,,,,,117,="",="2/5/2026 4:52:11.287287475 PM",
="",15147,,,,,99,="",="2/5/2026 4:52:11.299804000 PM",
="",15152,,,,,117,="",="2/5/2026 4:52:11.321552425 PM",
="",15157,,,,,103,="",="2/5/2026 4:52:11.325431085 PM",
="",15166,,,,,442,="",="2/5/2026 4:52:11.339095600 PM",
="",15169,,,,,171,="",="2/5/2026 4:52:11.340309555 PM",
="",15170,,,,,171,="",="2/5/2026 4:52:11.340807045 PM",
="",15171,,,,,448,="",="2/5/2026 4:52:11.341051935 PM",
="",15172,,,,,436,="",="2/5/2026 4:52:11.341329575 PM",
="",15173,,,,,411,="",="2/5/2026 4:52:11.341603425 PM",
="",15189,,,,,442,="",="2/5/2026 4:52:11.362782725 PM",
="",15195,,,,,422,="",="2/5/2026 4:52:11.377618145 PM",
="",15217,,,,,115,="",="2/5/2026 4:52:11.426771460 PM",
="",15226,,,,,117,="",="2/5/2026 4:52:11.434148145 PM",
="",15243,,,,,422,="",="2/5/2026 4:52:11.454604520 PM",
="",15244,,,,,440,="",="2/5/2026 4:52:11.454866145 PM",
="",15251,,,,,448,="",="2/5/2026 4:52:11.464109330 PM",
="",15254,,,,,440,="",="2/5/2026 4:52:11.464916190 PM",
="",15255,,,,,442,="",="2/5/2026 4:52:11.465183355 PM",
="",15256,,,,,411,="",="2/5/2026 4:52:11.466338495 PM",
="",15264,,,,,422,="",="2/5/2026 4:52:11.473666480 PM",
="",15266,,,,,171,="",="2/5/2026 4:52:11.474234325 PM",
="",15284,,,,,425,="",="2/5/2026 4:52:11.489428640 PM",
="",15286,,,,,440,="",="2/5/2026 4:52:11.489953810 PM",
="",15290,,,,,333,="",="2/5/2026 4:52:11.498767110 PM",
="",15301,,,,,117,="",="2/5/2026 4:52:11.503715550 PM",
="",15305,,,,,115,="",="2/5/2026 4:52:11.528486455 PM",
="",15317,,,,,117,="",="2/5/2026 4:52:11.535914775 PM",
="",15323,,,,,422,="",="2/5/2026 4:52:11.544198215 PM",
="",15325,,,,,99,="",="2/5/2026 4:52:11.544972775 PM",
="",15335,,,,,437,="",="2/5/2026 4:52:11.555696300 PM",
="",15348,,,,,117,="",="2/5/2026 4:52:11.569489515 PM",
="",15353,,,,,442,="",="2/5/2026 4:52:11.575638560 PM",
="",15360,,,,,442,="",="2/5/2026 4:52:11.582141030 PM",
="",15361,,,,,440,="",="2/5/2026 4:52:11.582683305 PM",
="",15380,,,,,115,="",="2/5/2026 4:52:11.592653525 PM",
="",15386,,,,,333,="",="2/5/2026 4:52:11.601108895 PM",
="",15391,,,,,454,="",="2/5/2026 4:52:11.603862580 PM",
="",15392,,,,,442,="",="2/5/2026 4:52:11.604156860 PM",
="",15393,,,,,422,="",="2/5/2026 4:52:11.604425360 PM",
="",15398,,,,,437,="",="2/5/2026 4:52:11.623587810 PM",
="",15399,,,,,436,="",="2/5/2026 4:52:11.623884920 PM",
="",15400,,,,,411,="",="2/5/2026 4:52:11.624149420 PM",
="",15410,,,,,117,="",="2/5/2026 4:52:11.634421120 PM",
="",15422,,,,,411,="",="2/5/2026 4:52:11.648821815 PM",
="",15427,,,,,437,="",="2/5/2026 4:52:11.658138825 PM",
="",15428,,,,,171,="",="2/5/2026 4:52:11.659333470 PM",
="",15436,,,,,99,="",="2/5/2026 4:52:11.664603685 PM",
="",15437,,,,,117,="",="2/5/2026 4:52:11.664723235 PM",
="",15439,,,,,177,="",="2/5/2026 4:52:11.665762785 PM",
="",15440,,,,,177,="",="2/5/2026 4:52:11.665880430 PM",
="",15441,,,,,177,="",="2/5/2026 4:52:11.665997355 PM",
="",15442,,,,,177,="",="2/5/2026 4:52:11.666114575 PM",
="",15447,,,,,177,="",="2/5/2026 4:52:11.668194510 PM",
="",15448,,,,,177,="",="2/5/2026 4:52:11.668311515 PM",
="",15449,,,,,177,="",="2/5/2026 4:52:11.668428400 PM",
="",15450,,,,,177,="",="2/5/2026 4:52:11.668545845 PM",
="",15451,,,,,177,="",="2/5/2026 4:52:11.668662650 PM",
="",15452,,,,,177,="",="2/5/2026 4:52:11.668896675 PM",
="",15455,,,,,440,="",="2/5/2026 4:52:11.669732715 PM",
="",15467,,,,,422,="",="2/5/2026 4:52:11.678468190 PM",
="",15468,,,,,440,="",="2/5/2026 4:52:11.678709230 PM",
="",15477,,,,,99,="",="2/5/2026 4:52:11.688296805 PM",
="",15483,,,,,99,="",="2/5/2026 4:52:11.691243765 PM",
="",15485,,,,,99,="",="2/5/2026 4:52:11.691360490 PM",
="",15487,,,,,99,="",="2/5/2026 4:52:11.691478335 PM",
="",15492,,,,,177,="",="2/5/2026 4:52:11.692014075 PM",
="",15493,,,,,177,="",="2/5/2026 4:52:11.692131295 PM",
="",15499,,,,,411,="",="2/5/2026 4:52:11.695347630 PM",
="",15502,,,,,333,="",="2/5/2026 4:52:11.703505365 PM",
="",15521,,,,,117,="",="2/5/2026 4:52:11.731364440 PM",
="",15529,,,,,422,="",="2/5/2026 4:52:11.748976900 PM",
="",15531,,,,,436,="",="2/5/2026 4:52:11.750935035 PM",
="",15532,,,,,411,="",="2/5/2026 4:52:11.751205885 PM",
="",15533,,,,,440,="",="2/5/2026 4:52:11.751462535 PM",
="",15541,,,,,117,="",="2/5/2026 4:52:11.759910990 PM",
="",15545,,,,,437,="",="2/5/2026 4:52:11.760501055 PM",
="",15546,,,,,454,="",="2/5/2026 4:52:11.761240265 PM",
="",15551,,,,,117,="",="2/5/2026 4:52:11.765462710 PM",
="",15553,,,,,117,="",="2/5/2026 4:52:11.766321515 PM",
="",15560,,,,,442,="",="2/5/2026 4:52:11.772440395 PM",
="",15561,,,,,436,="",="2/5/2026 4:52:11.772728535 PM",
="",15562,,,,,411,="",="2/5/2026 4:52:11.773002385 PM",
="",15564,,,,,448,="",="2/5/2026 4:52:11.773557110 PM",
="",15566,,,,,440,="",="2/5/2026 4:52:11.774357980 PM",
="",15570,,,,,177,="",="2/5/2026 4:52:11.780594050 PM",
="",15574,,,,,177,="",="2/5/2026 4:52:11.782346290 PM",
="",15578,,,,,177,="",="2/5/2026 4:52:11.783781275 PM",
="",15599,,,,,333,="",="2/5/2026 4:52:11.805909690 PM",
="",15603,,,,,454,="",="2/5/2026 4:52:11.808662255 PM",
="",15605,,,,,440,="",="2/5/2026 4:52:11.809489690 PM",
="",15606,,,,,171,="",="2/5/2026 4:52:11.810010850 PM",
="",15607,,,,,109,="",="2/5/2026 4:52:11.810860475 PM",
="",15610,,,,,121,="",="2/5/2026 4:52:11.811139850 PM",
="",15614,,,,,436,="",="2/5/2026 4:52:11.828692395 PM",
="",15629,,,,,411,="",="2/5/2026 4:52:11.853632100 PM",
="",15647,,,,,117,="",="2/5/2026 4:52:11.860732975 PM",
="",15649,,,,,440,="",="2/5/2026 4:52:11.863702215 PM",
="",15656,,,,,121,="",="2/5/2026 4:52:11.871193435 PM",
="",15660,,,,,442,="",="2/5/2026 4:52:11.874819435 PM",
="",15662,,,,,411,="",="2/5/2026 4:52:11.875425720 PM",
="",15665,,,,,448,="",="2/5/2026 4:52:11.876039035 PM",
="",15674,,,,,171,="",="2/5/2026 4:52:11.883821030 PM",
="",15694,,,,,411,="",="2/5/2026 4:52:11.899319925 PM",
="",15700,,,,,333,="",="2/5/2026 4:52:11.908446685 PM",
="",15708,,,,,117,="",="2/5/2026 4:52:11.911644110 PM",
="",15713,,,,,117,="",="2/5/2026 4:52:11.913206475 PM",
="",15724,,,,,171,="",="2/5/2026 4:52:11.922425215 PM",
="",15728,,,,,437,="",="2/5/2026 4:52:11.930789820 PM",
="",15729,,,,,436,="",="2/5/2026 4:52:11.931065595 PM",
="",15730,,,,,448,="",="2/5/2026 4:52:11.937227930 PM",
="",15731,,,,,436,="",="2/5/2026 4:52:11.937509130 PM",
="",15732,,,,,411,="",="2/5/2026 4:52:11.937782340 PM",
="",15733,,,,,440,="",="2/5/2026 4:52:11.938038990 PM",
="",15748,,,,,171,="",="2/5/2026 4:52:11.954780945 PM",
="",15750,,,,,171,="",="2/5/2026 4:52:11.955164655 PM",
="",15754,,,,,440,="",="2/5/2026 4:52:11.956263595 PM",
="",15759,,,,,117,="",="2/5/2026 4:52:11.958806305 PM",
="",15768,,,,,425,="",="2/5/2026 4:52:11.965593440 PM",
="",15769,,,,,411,="",="2/5/2026 4:52:11.965850605 PM",
="",15773,,,,,430,="",="2/5/2026 4:52:11.974139040 PM",
="",15774,,,,,434,="",="2/5/2026 4:52:11.974573510 PM",
="",15775,,,,,434,="",="2/5/2026 4:52:11.974980675 PM",
="",15776,,,,,434,="",="2/5/2026 4:52:11.975371200 PM",
="",15781,,,,,448,="",="2/5/2026 4:52:11.977249235 PM",
="",15782,,,,,411,="",="2/5/2026 4:52:11.977803325 PM",
="",15783,,,,,440,="",="2/5/2026 4:52:11.978059735 PM",
="",15784,,,,,171,="",="2/5/2026 4:52:11.978341005 PM",
="",15786,,,,,454,="",="2/5/2026 4:52:11.985084580 PM",
="",15790,,,,,171,="",="2/5/2026 4:52:11.986230325 PM",
="",15791,,,,,171,="",="2/5/2026 4:52:11.986298915 PM",
="",15804,,,,,430,="",="2/5/2026 4:52:11.995706810 PM",
="",15805,,,,,430,="",="2/5/2026 4:52:11.996503100 PM",
="",15806,,,,,434,="",="2/5/2026 4:52:11.997320040 PM",
="",15818,,,,,117,="",="2/5/2026 4:52:12.010568520 PM",
="",15820,,,,,333,="",="2/5/2026 4:52:12.010718630 PM",
="",15824,,,,,411,="",="2/5/2026 4:52:12.012275150 PM",
="",15826,,,,,422,="",="2/5/2026 4:52:12.014027295 PM",
="",15827,,,,,440,="",="2/5/2026 4:52:12.014289655 PM",
="",15830,,,,,117,="",="2/5/2026 4:52:12.015458770 PM",
="",15837,,,,,117,="",="2/5/2026 4:52:12.023706340 PM",
="",15838,,,,,117,="",="2/5/2026 4:52:12.023826840 PM",
="",15841,,,,,117,="",="2/5/2026 4:52:12.025060135 PM",
="",15843,,,,,117,="",="2/5/2026 4:52:12.025577760 PM",
="",15851,,,,,117,="",="2/5/2026 4:52:12.026731790 PM",
="",15854,,,,,117,="",="2/5/2026 4:52:12.028122355 PM",
="",15855,,,,,436,="",="2/5/2026 4:52:12.033466320 PM",
="",15856,,,,,411,="",="2/5/2026 4:52:12.033739330 PM",
="",15858,,,,,171,="",="2/5/2026 4:52:12.040929260 PM",
="",15865,,,,,117,="",="2/5/2026 4:52:12.055653265 PM",
="",15869,,,,,422,="",="2/5/2026 4:52:12.056857620 PM",
="",15871,,,,,117,="",="2/5/2026 4:52:12.057744800 PM",
="",15872,,,,,448,="",="2/5/2026 4:52:12.057852725 PM",
="",15873,,,,,436,="",="2/5/2026 4:52:12.058146445 PM",
="",15874,,,,,411,="",="2/5/2026 4:52:12.058410945 PM",
="",15875,,,,,117,="",="2/5/2026 4:52:12.058723605 PM",
="",15882,,,,,411,="",="2/5/2026 4:52:12.068261735 PM",
="",15883,,,,,442,="",="2/5/2026 4:52:12.068726915 PM",
="",15890,,,,,411,="",="2/5/2026 4:52:12.079079630 PM",
="",15891,,,,,442,="",="2/5/2026 4:52:12.079585250 PM",
="",15892,,,,,436,="",="2/5/2026 4:52:12.079927865 PM",
="",15893,,,,,440,="",="2/5/2026 4:52:12.080460860 PM",
="",15894,,,,,436,="",="2/5/2026 4:52:12.080771450 PM",
="",15896,,,,,177,="",="2/5/2026 4:52:12.083077510 PM",
="",15914,,,,,437,="",="2/5/2026 4:52:12.103555485 PM",
="",15915,,,,,425,="",="2/5/2026 4:52:12.103831365 PM",
="",15921,,,,,229,="",="2/5/2026 4:52:12.114142515 PM",
="",15935,,,,,171,="",="2/5/2026 4:52:12.131297435 PM",
="",15944,,,,,117,="",="2/5/2026 4:52:12.153871255 PM",
="",15947,,,,,103,="",="2/5/2026 4:52:12.157995380 PM",
="",15948,,,,,442,="",="2/5/2026 4:52:12.158276265 PM",
="",15949,,,,,440,="",="2/5/2026 4:52:12.158818020 PM",
="",15951,,,,,436,="",="2/5/2026 4:52:12.160534155 PM",
="",15955,,,,,117,="",="2/5/2026 4:52:12.162119560 PM",
="",15963,,,,,411,="",="2/5/2026 4:52:12.170682240 PM",
="",15964,,,,,440,="",="2/5/2026 4:52:12.170899705 PM",
="",15972,,,,,436,="",="2/5/2026 4:52:12.182285960 PM",
="",15976,,,,,434,="",="2/5/2026 4:52:12.184805125 PM",
="",15978,,,,,434,="",="2/5/2026 4:52:12.185971005 PM",
="",15991,,,,,375,="",="2/5/2026 4:52:12.199284005 PM",
="",16004,,,,,333,="",="2/5/2026 4:52:12.215516490 PM",
="",16006,,,,,440,="",="2/5/2026 4:52:12.216541960 PM",
="",16012,,,,,117,="",="2/5/2026 4:52:12.221095090 PM",
="",16014,,,,,117,="",="2/5/2026 4:52:12.221440755 PM",
="",16015,,,,,117,="",="2/5/2026 4:52:12.221504535 PM",
="",16022,,,,,109,="",="2/5/2026 4:52:12.223722210 PM",
="",16024,,,,,177,="",="2/5/2026 4:52:12.224316285 PM",
="",16033,,,,,436,="",="2/5/2026 4:52:12.245460775 PM",
="",16034,,,,,411,="",="2/5/2026 4:52:12.245734465 PM",
="",16035,,,,,440,="",="2/5/2026 4:52:12.245990395 PM",
="",16039,,,,,442,="",="2/5/2026 4:52:12.250412235 PM",
="",16050,,,,,117,="",="2/5/2026 4:52:12.259611455 PM",
="",16051,,,,,117,="",="2/5/2026 4:52:12.259662075 PM",
="",16055,,,,,121,="",="2/5/2026 4:52:12.260357840 PM",
="",16058,,,,,422,="",="2/5/2026 4:52:12.260998465 PM",
="",16060,,,,,411,="",="2/5/2026 4:52:12.263231220 PM",
="",16061,,,,,440,="",="2/5/2026 4:52:12.263478940 PM",
="",16068,,,,,425,="",="2/5/2026 4:52:12.272797250 PM",
="",16069,,,,,411,="",="2/5/2026 4:52:12.273054415 PM",
="",16080,,,,,440,="",="2/5/2026 4:52:12.284118320 PM",
="",16081,,,,,448,="",="2/5/2026 4:52:12.284408190 PM",
="",16086,,,,,177,="",="2/5/2026 4:52:12.291485055 PM",
="",16090,,,,,177,="",="2/5/2026 4:52:12.292976150 PM",
="",16122,,,,,440,="",="2/5/2026 4:52:12.320497860 PM",
="",16129,,,,,99,="",="2/5/2026 4:52:12.323942160 PM",
="",16158,,,,,437,="",="2/5/2026 4:52:12.374907700 PM",
="",16159,,,,,425,="",="2/5/2026 4:52:12.375174805 PM",
="",16160,,,,,411,="",="2/5/2026 4:52:12.375443525 PM",
="",16168,,,,,448,="",="2/5/2026 4:52:12.386870995 PM",
="",16169,,,,,436,="",="2/5/2026 4:52:12.387152315 PM",
="",16170,,,,,411,="",="2/5/2026 4:52:12.387665150 PM",
="",16188,,,,,436,="",="2/5/2026 4:52:12.420812810 PM",
="",16189,,,,,411,="",="2/5/2026 4:52:12.421089020 PM",
="",16197,,,,,117,="",="2/5/2026 4:52:12.434339205 PM",
="",16201,,,,,117,="",="2/5/2026 4:52:12.435785345 PM",
="",16216,,,,,115,="",="2/5/2026 4:52:12.464195350 PM",
="",16218,,,,,115,="",="2/5/2026 4:52:12.464326970 PM",
="",16219,,,,,171,="",="2/5/2026 4:52:12.464754080 PM",
="",16220,,,,,115,="",="2/5/2026 4:52:12.465185490 PM",
="",16232,,,,,437,="",="2/5/2026 4:52:12.477297835 PM",
="",16244,,,,,448,="",="2/5/2026 4:52:12.489252490 PM",
="",16247,,,,,411,="",="2/5/2026 4:52:12.490688350 PM",
="",16248,,,,,440,="",="2/5/2026 4:52:12.490918975 PM",
="",16249,,,,,171,="",="2/5/2026 4:52:12.491314025 PM",
="",16278,,,,,340,="",="2/5/2026 4:52:12.530911180 PM",
="",16282,,,,,117,="",="2/5/2026 4:52:12.533528895 PM",
="",16283,,,,,142,="",="2/5/2026 4:52:12.535253830 PM",
="",16291,,,,,440,="",="2/5/2026 4:52:12.552440820 PM",
="",16298,,,,,121,="",="2/5/2026 4:52:12.556341255 PM",
="",16300,,,,,115,="",="2/5/2026 4:52:12.564443175 PM",
="",16303,,,,,121,="",="2/5/2026 4:52:12.566413180 PM",
="",16305,,,,,117,="",="2/5/2026 4:52:12.566630355 PM",
="",16312,,,,,171,="",="2/5/2026 4:52:12.569541390 PM",
="",16313,,,,,436,="",="2/5/2026 4:52:12.570137470 PM",
="",16314,,,,,411,="",="2/5/2026 4:52:12.570410400 PM",
="",16315,,,,,440,="",="2/5/2026 4:52:12.570669665 PM",
="",16322,,,,,425,="",="2/5/2026 4:52:12.579994855 PM",
="",16323,,,,,411,="",="2/5/2026 4:52:12.580252020 PM",
="",16335,,,,,117,="",="2/5/2026 4:52:12.587748740 PM",
="",16342,,,,,440,="",="2/5/2026 4:52:12.591318940 PM",
="",16364,,,,,177,="",="2/5/2026 4:52:12.613237070 PM",
="",16369,,,,,364,="",="2/5/2026 4:52:12.616930330 PM",
="",16371,,,,,333,="",="2/5/2026 4:52:12.625120245 PM",
="",16374,,,,,440,="",="2/5/2026 4:52:12.626143260 PM",
="",16383,,,,,117,="",="2/5/2026 4:52:12.635035460 PM",
="",16384,,,,,117,="",="2/5/2026 4:52:12.635085070 PM",
="",16392,,,,,171,="",="2/5/2026 4:52:12.658900930 PM",
="",16400,,,,,117,="",="2/5/2026 4:52:12.667781895 PM",
="",16402,,,,,442,="",="2/5/2026 4:52:12.670305165 PM",
="",16403,,,,,422,="",="2/5/2026 4:52:12.670573665 PM",
="",16404,,,,,440,="",="2/5/2026 4:52:12.670821230 PM",
="",16409,,,,,437,="",="2/5/2026 4:52:12.682098345 PM",
="",16418,,,,,117,="",="2/5/2026 4:52:12.685495235 PM",
="",16424,,,,,117,="",="2/5/2026 4:52:12.688168050 PM",
="",16426,,,,,117,="",="2/5/2026 4:52:12.689112600 PM",
="",16436,,,,,115,="",="2/5/2026 4:52:12.696161300 PM",
="",16437,,,,,99,="",="2/5/2026 4:52:12.696383585 PM",
="",16440,,,,,117,="",="2/5/2026 4:52:12.698727825 PM",
="",16456,,,,,364,="",="2/5/2026 4:52:12.719326250 PM",
="",16457,,,,,340,="",="2/5/2026 4:52:12.719836780 PM",
="",16458,,,,,333,="",="2/5/2026 4:52:12.727514845 PM",
="",16469,,,,,171,="",="2/5/2026 4:52:12.757550485 PM",
="",16476,,,,,117,="",="2/5/2026 4:52:12.761682415 PM",
="",16479,,,,,117,="",="2/5/2026 4:52:12.762588985 PM",
="",16480,,,,,117,="",="2/5/2026 4:52:12.762643445 PM",
="",16485,,,,,117,="",="2/5/2026 4:52:12.765452080 PM",
="",16495,,,,,425,="",="2/5/2026 4:52:12.785080065 PM",
="",16503,,,,,425,="",="2/5/2026 4:52:12.795602465 PM",
="",16504,,,,,411,="",="2/5/2026 4:52:12.795862825 PM",
="",16505,,,,,448,="",="2/5/2026 4:52:12.796406425 PM",
="",16513,,,,,99,="",="2/5/2026 4:52:12.805659315 PM",
="",16517,,,,,177,="",="2/5/2026 4:52:12.807433735 PM",
="",16537,,,,,364,="",="2/5/2026 4:52:12.821728345 PM",
="",16541,,,,,333,="",="2/5/2026 4:52:12.829915780 PM",
="",16562,,,,,117,="",="2/5/2026 4:52:12.860081625 PM",
="",16563,,,,,117,="",="2/5/2026 4:52:12.860131970 PM",
="",16565,,,,,171,="",="2/5/2026 4:52:12.860563870 PM",
="",16568,,,,,117,="",="2/5/2026 4:52:12.861445275 PM",
="",16570,,,,,117,="",="2/5/2026 4:52:12.862861240 PM",
="",16591,,,,,422,="",="2/5/2026 4:52:12.888206965 PM",
="",16592,,,,,440,="",="2/5/2026 4:52:12.888473405 PM",
="",16599,,,,,448,="",="2/5/2026 4:52:12.898855775 PM",
="",16600,,,,,436,="",="2/5/2026 4:52:12.899136935 PM",
="",16601,,,,,411,="",="2/5/2026 4:52:12.899409945 PM",
="",16602,,,,,440,="",="2/5/2026 4:52:12.899666995 PM",
="",16607,,,,,117,="",="2/5/2026 4:52:12.910067205 PM",
="",16609,,,,,117,="",="2/5/2026 4:52:12.910462090 PM",
="",16619,,,,,117,="",="2/5/2026 4:52:12.912745115 PM",
="",16623,,,,,171,="",="2/5/2026 4:52:12.915327860 PM",
="",16642,,,,,333,="",="2/5/2026 4:52:12.932321395 PM",
="",16651,,,,,171,="",="2/5/2026 4:52:12.954639265 PM",
="",16663,,,,,109,="",="2/5/2026 4:52:12.960237795 PM",
="",16687,,,,,437,="",="2/5/2026 4:52:12.989300655 PM",
="",16688,,,,,440,="",="2/5/2026 4:52:12.990103465 PM",
="",16695,,,,,440,="",="2/5/2026 4:52:13.000920130 PM",
="",16696,,,,,448,="",="2/5/2026 4:52:13.001206400 PM",
="",16697,,,,,436,="",="2/5/2026 4:52:13.001537495 PM",
="",16725,,,,,117,="",="2/5/2026 4:52:13.023436380 PM",
="",16727,,,,,440,="",="2/5/2026 4:52:13.024307110 PM",
="",16736,,,,,109,="",="2/5/2026 4:52:13.027016610 PM",
="",16745,,,,,333,="",="2/5/2026 4:52:13.034721110 PM",
="",16754,,,,,117,="",="2/5/2026 4:52:13.055648210 PM",
="",16769,,,,,117,="",="2/5/2026 4:52:13.060023690 PM",
="",16774,,,,,117,="",="2/5/2026 4:52:13.061392765 PM",
="",16777,,,,,109,="",="2/5/2026 4:52:13.062282055 PM",
="",16797,,,,,425,="",="2/5/2026 4:52:13.091995670 PM",
="",16798,,,,,411,="",="2/5/2026 4:52:13.092252835 PM",
="",16799,,,,,440,="",="2/5/2026 4:52:13.092514275 PM",
="",16809,,,,,448,="",="2/5/2026 4:52:13.103619320 PM",
="",16822,,,,,177,="",="2/5/2026 4:52:13.123926225 PM",
="",16827,,,,,436,="",="2/5/2026 4:52:13.125683470 PM",
="",16834,,,,,364,="",="2/5/2026 4:52:13.128929625 PM",
="",16848,,,,,117,="",="2/5/2026 4:52:13.156803055 PM",
="",16856,,,,,117,="",="2/5/2026 4:52:13.159628810 PM",
="",16876,,,,,411,="",="2/5/2026 4:52:13.189150145 PM",
="",16879,,,,,425,="",="2/5/2026 4:52:13.194396020 PM",
="",16888,,,,,411,="",="2/5/2026 4:52:13.206612665 PM",
="",16899,,,,,171,="",="2/5/2026 4:52:13.222533290 PM",
="",16900,,,,,171,="",="2/5/2026 4:52:13.222596730 PM",
="",16901,,,,,375,="",="2/5/2026 4:52:13.223341460 PM",
="",16912,,,,,364,="",="2/5/2026 4:52:13.231327520 PM",
="",16914,,,,,333,="",="2/5/2026 4:52:13.239522395 PM",
="",16918,,,,,117,="",="2/5/2026 4:52:13.256706845 PM",
="",16924,,,,,117,="",="2/5/2026 4:52:13.258830625 PM",
="",16928,,,,,117,="",="2/5/2026 4:52:13.261098465 PM",
="",16939,,,,,117,="",="2/5/2026 4:52:13.273005330 PM",
="",16946,,,,,117,="",="2/5/2026 4:52:13.274773620 PM",
="",16966,,,,,448,="",="2/5/2026 4:52:13.308407670 PM",
="",16976,,,,,177,="",="2/5/2026 4:52:13.316876425 PM",
="",16979,,,,,177,="",="2/5/2026 4:52:13.319427900 PM",
="",16983,,,,,177,="",="2/5/2026 4:52:13.321415445 PM",
="",16986,,,,,442,="",="2/5/2026 4:52:13.324084460 PM",
="",16999,,,,,171,="",="2/5/2026 4:52:13.332381150 PM",
="",17000,,,,,364,="",="2/5/2026 4:52:13.333732525 PM",
="",17002,,,,,340,="",="2/5/2026 4:52:13.334249520 PM",
="",17005,,,,,333,="",="2/5/2026 4:52:13.341919360 PM",
="",17006,,,,,425,="",="2/5/2026 4:52:13.349492940 PM",
="",17008,,,,,440,="",="2/5/2026 4:52:13.350017925 PM",
="",17012,,,,,117,="",="2/5/2026 4:52:13.357074490 PM",
="",17020,,,,,121,="",="2/5/2026 4:52:13.362074145 PM",
="",17021,,,,,117,="",="2/5/2026 4:52:13.362124560 PM",
="",17024,,,,,117,="",="2/5/2026 4:52:13.363028740 PM",
="",17034,,,,,440,="",="2/5/2026 4:52:13.372373745 PM",
="",17060,,,,,425,="",="2/5/2026 4:52:13.410018340 PM",
="",17061,,,,,448,="",="2/5/2026 4:52:13.410806635 PM",
="",17065,,,,,171,="",="2/5/2026 4:52:13.411994585 PM",
="",17089,,,,,333,="",="2/5/2026 4:52:13.444326765 PM",
="",17090,,,,,436,="",="2/5/2026 4:52:13.444816920 PM",
="",17091,,,,,229,="",="2/5/2026 4:52:13.445093770 PM",
="",17099,,,,,497,="",="2/5/2026 4:52:13.464096880 PM",
="",17125,,,,,411,="",="2/5/2026 4:52:13.512665120 PM",
="",17126,,,,,448,="",="2/5/2026 4:52:13.513207655 PM",
="",17130,,,,,171,="",="2/5/2026 4:52:13.514413310 PM",
="",17143,,,,,117,="",="2/5/2026 4:52:13.531732770 PM",
="",17144,,,,,117,="",="2/5/2026 4:52:13.531782275 PM",
="",17148,,,,,99,="",="2/5/2026 4:52:13.533110410 PM",
="",17151,,,,,117,="",="2/5/2026 4:52:13.534324270 PM",
="",17156,,,,,364,="",="2/5/2026 4:52:13.538531895 PM",
="",17157,,,,,411,="",="2/5/2026 4:52:13.539130075 PM",
="",17160,,,,,333,="",="2/5/2026 4:52:13.546725505 PM",
="",17171,,,,,440,="",="2/5/2026 4:52:13.554818990 PM",
="",17180,,,,,117,="",="2/5/2026 4:52:13.568736720 PM",
="",17185,,,,,171,="",="2/5/2026 4:52:13.576769995 PM",
="",17187,,,,,115,="",="2/5/2026 4:52:13.577745735 PM",
="",17193,,,,,109,="",="2/5/2026 4:52:13.580681715 PM",
="",17194,,,,,117,="",="2/5/2026 4:52:13.580732320 PM",
="",17198,,,,,117,="",="2/5/2026 4:52:13.589155110 PM",
="",17199,,,,,117,="",="2/5/2026 4:52:13.589448425 PM",
="",17215,,,,,442,="",="2/5/2026 4:52:13.598502300 PM",
="",17216,,,,,411,="",="2/5/2026 4:52:13.598770800 PM",
="",17217,,,,,440,="",="2/5/2026 4:52:13.598982710 PM",
="",17227,,,,,82,="",="2/5/2026 4:52:13.615133955 PM",
="",17228,,,,,448,="",="2/5/2026 4:52:13.615607685 PM",
="",17232,,,,,177,="",="2/5/2026 4:52:13.618106060 PM",
="",17251,,,,,364,="",="2/5/2026 4:52:13.640933140 PM",
="",17254,,,,,333,="",="2/5/2026 4:52:13.649130095 PM",
="",17258,,,,,411,="",="2/5/2026 4:52:13.656963395 PM",
="",17259,,,,,440,="",="2/5/2026 4:52:13.657219740 PM",
="",17263,,,,,125,="",="2/5/2026 4:52:13.664632015 PM",
="",17272,,,,,117,="",="2/5/2026 4:52:13.667892310 PM",
="",17277,,,,,411,="",="2/5/2026 4:52:13.678745120 PM",
="",17280,,,,,177,="",="2/5/2026 4:52:13.684055550 PM",
="",17281,,,,,177,="",="2/5/2026 4:52:13.684172675 PM",
="",17282,,,,,177,="",="2/5/2026 4:52:13.684289560 PM",
="",17283,,,,,177,="",="2/5/2026 4:52:13.684407485 PM",
="",17284,,,,,177,="",="2/5/2026 4:52:13.684523610 PM",
="",17285,,,,,177,="",="2/5/2026 4:52:13.684640710 PM",
="",17286,,,,,177,="",="2/5/2026 4:52:13.684757715 PM",
="",17287,,,,,177,="",="2/5/2026 4:52:13.684874760 PM",
="",17288,,,,,177,="",="2/5/2026 4:52:13.684991845 PM",
="",17289,,,,,177,="",="2/5/2026 4:52:13.685108970 PM",
="",17292,,,,,177,="",="2/5/2026 4:52:13.686046360 PM",
="",17293,,,,,177,="",="2/5/2026 4:52:13.686163485 PM",
="",17294,,,,,177,="",="2/5/2026 4:52:13.686280505 PM",
="",17295,,,,,177,="",="2/5/2026 4:52:13.686396910 PM",
="",17296,,,,,177,="",="2/5/2026 4:52:13.686631560 PM",
="",17298,,,,,177,="",="2/5/2026 4:52:13.687461425 PM",
="",17304,,,,,117,="",="2/5/2026 4:52:13.690615760 PM",
="",17311,,,,,117,="",="2/5/2026 4:52:13.694552860 PM",
="",17316,,,,,436,="",="2/5/2026 4:52:13.696557205 PM",
="",17320,,,,,442,="",="2/5/2026 4:52:13.700872730 PM",
="",17331,,,,,448,="",="2/5/2026 4:52:13.718008330 PM",
="",17354,,,,,333,="",="2/5/2026 4:52:13.751524580 PM",
="",17356,,,,,437,="",="2/5/2026 4:52:13.759395760 PM",
="",17357,,,,,425,="",="2/5/2026 4:52:13.759670560 PM",
="",17360,,,,,117,="",="2/5/2026 4:52:13.761624600 PM",
="",17372,,,,,430,="",="2/5/2026 4:52:13.767046580 PM",
="",17375,,,,,434,="",="2/5/2026 4:52:13.768230765 PM",
="",17380,,,,,117,="",="2/5/2026 4:52:13.769753185 PM",
="",17391,,,,,411,="",="2/5/2026 4:52:13.781010920 PM",
="",17394,,,,,117,="",="2/5/2026 4:52:13.783269320 PM",
="",17396,,,,,103,="",="2/5/2026 4:52:13.784142755 PM",
="",17400,,,,,117,="",="2/5/2026 4:52:13.788936065 PM",
="",17408,,,,,442,="",="2/5/2026 4:52:13.803270375 PM",
="",17416,,,,,171,="",="2/5/2026 4:52:13.809842400 PM",
="",17439,,,,,448,="",="2/5/2026 4:52:13.845776105 PM",
="",17441,,,,,411,="",="2/5/2026 4:52:13.846331075 PM",
="",17446,,,,,411,="",="2/5/2026 4:52:13.854714840 PM",
="",17449,,,,,440,="",="2/5/2026 4:52:13.855555855 PM",
="",17481,,,,,442,="",="2/5/2026 4:52:13.905673565 PM",
="",17502,,,,,99,="",="2/5/2026 4:52:13.932204595 PM",
="",17515,,,,,364,="",="2/5/2026 4:52:13.948137725 PM",
="",17524,,,,,121,="",="2/5/2026 4:52:13.956965535 PM",
="",17525,,,,,117,="",="2/5/2026 4:52:13.957014030 PM",
="",17531,,,,,177,="",="2/5/2026 4:52:13.958912965 PM",
="",17532,,,,,117,="",="2/5/2026 4:52:13.958964545 PM",
="",17533,,,,,113,="",="2/5/2026 4:52:13.958765730 PM",
="",17536,,,,,177,="",="2/5/2026 4:52:13.959875115 PM",
="",17537,,,,,117,="",="2/5/2026 4:52:13.959930310 PM",
="",17540,,,,,177,="",="2/5/2026 4:52:13.960844400 PM",
="",17541,,,,,117,="",="2/5/2026 4:52:13.960896940 PM",
="",17545,,,,,440,="",="2/5/2026 4:52:13.964422445 PM",
="",17556,,,,,117,="",="2/5/2026 4:52:13.984240645 PM",
="",17561,,,,,171,="",="2/5/2026 4:52:13.986536270 PM",
="",17574,,,,,411,="",="2/5/2026 4:52:14.008351605 PM",
="",17582,,,,,117,="",="2/5/2026 4:52:14.011587305 PM",
="",17585,,,,,177,="",="2/5/2026 4:52:14.012962815 PM",
="",17589,,,,,177,="",="2/5/2026 4:52:14.013910325 PM",
="",17594,,,,,440,="",="2/5/2026 4:52:14.014830595 PM",
="",17597,,,,,177,="",="2/5/2026 4:52:14.015895855 PM",
="",17601,,,,,103,="",="2/5/2026 4:52:14.023273325 PM",
="",17602,,,,,117,="",="2/5/2026 4:52:14.023341360 PM",
="",17611,,,,,121,="",="2/5/2026 4:52:14.027672945 PM",
="",17612,,,,,117,="",="2/5/2026 4:52:14.027727560 PM",
="",17617,,,,,364,="",="2/5/2026 4:52:14.034663895 PM",
="",17620,,,,,375,="",="2/5/2026 4:52:14.042770050 PM",
="",17625,,,,,364,="",="2/5/2026 4:52:14.050540420 PM",
="",17631,,,,,117,="",="2/5/2026 4:52:14.055742250 PM",
="",17635,,,,,117,="",="2/5/2026 4:52:14.057533665 PM",
="",17637,,,,,436,="",="2/5/2026 4:52:14.059269705 PM",
="",17638,,,,,411,="",="2/5/2026 4:52:14.059543275 PM",
="",17639,,,,,440,="",="2/5/2026 4:52:14.059799285 PM",
="",17647,,,,,440,="",="2/5/2026 4:52:14.066822845 PM",
="",17654,,,,,117,="",="2/5/2026 4:52:14.086682900 PM",
="",17662,,,,,411,="",="2/5/2026 4:52:14.106444170 PM",
="",17663,,,,,440,="",="2/5/2026 4:52:14.106676195 PM",
="",17665,,,,,442,="",="2/5/2026 4:52:14.110474700 PM",
="",17680,,,,,117,="",="2/5/2026 4:52:14.129869030 PM",
="",17683,,,,,117,="",="2/5/2026 4:52:14.131468455 PM",
="",17702,,,,,333,="",="2/5/2026 4:52:14.161130870 PM",
="",17709,,,,,440,="",="2/5/2026 4:52:14.169223395 PM",
="",17710,,,,,171,="",="2/5/2026 4:52:14.169883815 PM",
="",17735,,,,,442,="",="2/5/2026 4:52:14.212875730 PM",
="",17753,,,,,177,="",="2/5/2026 4:52:14.232129155 PM",
="",17769,,,,,177,="",="2/5/2026 4:52:14.236488020 PM",
="",17789,,,,,333,="",="2/5/2026 4:52:14.263530580 PM",
="",17795,,,,,109,="",="2/5/2026 4:52:14.271279355 PM",
="",17797,,,,,437,="",="2/5/2026 4:52:14.271391600 PM",
="",17798,,,,,425,="",="2/5/2026 4:52:14.271671280 PM",
="",17804,,,,,411,="",="2/5/2026 4:52:14.292989960 PM",
="",17810,,,,,314,="",="2/5/2026 4:52:14.302219050 PM",
="",17821,,,,,442,="",="2/5/2026 4:52:14.315276320 PM",
="",17837,,,,,375,="",="2/5/2026 4:52:14.349691405 PM",
="",17848,,,,,177,="",="2/5/2026 4:52:14.359188830 PM",
="",17854,,,,,177,="",="2/5/2026 4:52:14.361023620 PM",
="",17855,,,,,117,="",="2/5/2026 4:52:14.361078920 PM",
="",17859,,,,,177,="",="2/5/2026 4:52:14.361992370 PM",
="",17887,,,,,117,="",="2/5/2026 4:52:14.377045035 PM",
="",17892,,,,,411,="",="2/5/2026 4:52:14.395389830 PM",
="",17896,,,,,440,="",="2/5/2026 4:52:14.407089215 PM",
="",17928,,,,,436,="",="2/5/2026 4:52:14.460484715 PM",
="",17936,,,,,448,="",="2/5/2026 4:52:14.468539635 PM",
="",17971,,,,,286,="",="2/5/2026 4:52:14.525968805 PM",
="",17987,,,,,411,="",="2/5/2026 4:52:14.563160610 PM",
="",17997,,,,,440,="",="2/5/2026 4:52:14.571750885 PM",
="",18007,,,,,437,="",="2/5/2026 4:52:14.578337945 PM",
="",18009,,,,,425,="",="2/5/2026 4:52:14.578614970 PM",
="",18014,,,,,117,="",="2/5/2026 4:52:14.587196850 PM",
="",18019,,,,,99,="",="2/5/2026 4:52:14.588414255 PM",
="",18035,,,,,442,="",="2/5/2026 4:52:14.622477435 PM",
="",18036,,,,,117,="",="2/5/2026 4:52:14.626028740 PM",
="",18058,,,,,117,="",="2/5/2026 4:52:14.644283075 PM",
="",18067,,,,,436,="",="2/5/2026 4:52:14.665285640 PM",
="",18070,,,,,177,="",="2/5/2026 4:52:14.670778650 PM",
="",18076,,,,,448,="",="2/5/2026 4:52:14.673341265 PM",
="",18103,,,,,448,="",="2/5/2026 4:52:14.720269645 PM",
="",18118,,,,,437,="",="2/5/2026 4:52:14.743958560 PM",
="",18125,,,,,117,="",="2/5/2026 4:52:14.760535425 PM",
="",18128,,,,,117,="",="2/5/2026 4:52:14.761962410 PM",
="",18145,,,,,436,="",="2/5/2026 4:52:14.767747275 PM",
="",18154,,,,,177,="",="2/5/2026 4:52:14.771673700 PM",
="",18156,,,,,177,="",="2/5/2026 4:52:14.771731205 PM",
="",18177,,,,,177,="",="2/5/2026 4:52:14.786893315 PM",
="",18210,,,,,171,="",="2/5/2026 4:52:14.834886495 PM",
="",18218,,,,,411,="",="2/5/2026 4:52:14.846929465 PM",
="",18219,,,,,171,="",="2/5/2026 4:52:14.847531045 PM",
="",18222,,,,,117,="",="2/5/2026 4:52:14.850266090 PM",
="",18230,,,,,177,="",="2/5/2026 4:52:14.856382990 PM",
="",18261,,,,,411,="",="2/5/2026 4:52:14.870362600 PM",
="",18262,,,,,440,="",="2/5/2026 4:52:14.870593240 PM",
="",18286,,,,,411,="",="2/5/2026 4:52:14.925653975 PM",
="",18287,,,,,171,="",="2/5/2026 4:52:14.926242275 PM",
="",18295,,,,,117,="",="2/5/2026 4:52:14.937055015 PM",
="",18296,,,,,117,="",="2/5/2026 4:52:14.937109170 PM",
="",18298,,,,,117,="",="2/5/2026 4:52:14.939797705 PM",
="",18318,,,,,117,="",="2/5/2026 4:52:14.959884875 PM",
="",18330,,,,,411,="",="2/5/2026 4:52:14.972760350 PM",
="",18359,,,,,117,="",="2/5/2026 4:52:15.023796375 PM",
="",18362,,,,,117,="",="2/5/2026 4:52:15.025628485 PM",
="",18365,,,,,436,="",="2/5/2026 4:52:15.027775685 PM",
="",18371,,,,,171,="",="2/5/2026 4:52:15.030064715 PM",
="",18382,,,,,411,="",="2/5/2026 4:52:15.037869300 PM",
="",18441,,,,,177,="",="2/5/2026 4:52:15.128459355 PM",
="",18473,,,,,437,="",="2/5/2026 4:52:15.153560140 PM",
="",18488,,,,,171,="",="2/5/2026 4:52:15.169999920 PM",
="",18498,,,,,436,="",="2/5/2026 4:52:15.177287980 PM",
="",18505,,,,,437,="",="2/5/2026 4:52:15.192462780 PM",
="",18511,,,,,448,="",="2/5/2026 4:52:15.213500315 PM",
="",18512,,,,,436,="",="2/5/2026 4:52:15.213781035 PM",
="",18526,,,,,177,="",="2/5/2026 4:52:15.231160675 PM",
="",18544,,,,,252,="",="2/5/2026 4:52:15.240752750 PM",
="",18569,,,,,364,="",="2/5/2026 4:52:15.263480840 PM",
="",18577,,,,,448,="",="2/5/2026 4:52:15.272080335 PM",
="",18608,,,,,448,="",="2/5/2026 4:52:15.315903945 PM",
="",18611,,,,,109,="",="2/5/2026 4:52:15.328544170 PM",
="",18612,,,,,117,="",="2/5/2026 4:52:15.328594695 PM",
="",18623,,,,,185,="",="2/5/2026 4:52:15.331707135 PM",
="",18624,,,,,117,="",="2/5/2026 4:52:15.331766240 PM",
="",18642,,,,,183,="",="2/5/2026 4:52:15.347727845 PM",
="",18680,,,,,177,="",="2/5/2026 4:52:15.374100965 PM",
="",18697,,,,,448,="",="2/5/2026 4:52:15.390143435 PM",
="",18701,,,,,229,="",="2/5/2026 4:52:15.391442515 PM",
="",18726,,,,,448,="",="2/5/2026 4:52:15.417149560 PM",
="",18735,,,,,117,="",="2/5/2026 4:52:15.446462590 PM",
="",18742,,,,,117,="",="2/5/2026 4:52:15.448866260 PM",
="",18747,,,,,117,="",="2/5/2026 4:52:15.456858810 PM",
="",18763,,,,,436,="",="2/5/2026 4:52:15.477178185 PM",
="",18766,,,,,99,="",="2/5/2026 4:52:15.480060480 PM",
="",18773,,,,,411,="",="2/5/2026 4:52:15.484763090 PM",
="",18787,,,,,436,="",="2/5/2026 4:52:15.521029665 PM",
="",18788,,,,,411,="",="2/5/2026 4:52:15.521294165 PM",
="",18789,,,,,440,="",="2/5/2026 4:52:15.521512595 PM",
="",18797,,,,,440,="",="2/5/2026 4:52:15.538586560 PM",
="",18823,,,,,440,="",="2/5/2026 4:52:15.580398360 PM",
="",18832,,,,,436,="",="2/5/2026 4:52:15.585769835 PM",
="",18833,,,,,411,="",="2/5/2026 4:52:15.586043565 PM",
="",18856,,,,,436,="",="2/5/2026 4:52:15.623429720 PM",
="",18861,,,,,436,="",="2/5/2026 4:52:15.640479665 PM",
="",18862,,,,,411,="",="2/5/2026 4:52:15.640744165 PM",
="",18889,,,,,99,="",="2/5/2026 4:52:15.668268795 PM",
="",18895,,,,,448,="",="2/5/2026 4:52:15.681672355 PM",
="",18897,,,,,411,="",="2/5/2026 4:52:15.682249335 PM",
="",18903,,,,,437,="",="2/5/2026 4:52:15.687893900 PM",
="",18906,,,,,411,="",="2/5/2026 4:52:15.689563935 PM",
="",18927,,,,,177,="",="2/5/2026 4:52:15.717264385 PM",
="",18932,,,,,117,="",="2/5/2026 4:52:15.718832355 PM",
="",18933,,,,,411,="",="2/5/2026 4:52:15.724976845 PM",
="",18934,,,,,440,="",="2/5/2026 4:52:15.725232950 PM",
="",18935,,,,,448,="",="2/5/2026 4:52:15.725502485 PM",
="",18936,,,,,436,="",="2/5/2026 4:52:15.725786245 PM",
="",18937,,,,,411,="",="2/5/2026 4:52:15.726071255 PM",
="",18938,,,,,440,="",="2/5/2026 4:52:15.726313545 PM",
="",18948,,,,,411,="",="2/5/2026 4:52:15.743445285 PM",
="",18976,,,,,436,="",="2/5/2026 4:52:15.790591295 PM",
="",18979,,,,,117,="",="2/5/2026 4:52:15.791720450 PM",
="",18980,,,,,411,="",="2/5/2026 4:52:15.791942365 PM",
="",18989,,,,,99,="",="2/5/2026 4:52:15.812437355 PM",
="",19003,,,,,448,="",="2/5/2026 4:52:15.826748875 PM",
="",19008,,,,,436,="",="2/5/2026 4:52:15.828207575 PM",
="",19009,,,,,411,="",="2/5/2026 4:52:15.828472075 PM",
="",19016,,,,,437,="",="2/5/2026 4:52:15.844994210 PM",
="",19040,,,,,177,="",="2/5/2026 4:52:15.859724560 PM",
="",19055,,,,,436,="",="2/5/2026 4:52:15.870659505 PM",
="",19065,,,,,117,="",="2/5/2026 4:52:15.875081105 PM",
="",19072,,,,,440,="",="2/5/2026 4:52:15.887283845 PM",
="",19095,,,,,117,="",="2/5/2026 4:52:15.911606130 PM",
="",19098,,,,,177,="",="2/5/2026 4:52:15.914220190 PM",
="",19102,,,,,117,="",="2/5/2026 4:52:15.915926700 PM",
="",19110,,,,,117,="",="2/5/2026 4:52:15.917798305 PM",
="",19123,,,,,411,="",="2/5/2026 4:52:15.930883870 PM",
="",19140,,,,,425,="",="2/5/2026 4:52:15.959200435 PM",
="",19157,,,,,448,="",="2/5/2026 4:52:15.988876440 PM",
="",19158,,,,,411,="",="2/5/2026 4:52:15.989428235 PM",
="",19159,,,,,440,="",="2/5/2026 4:52:15.989684460 PM",
="",19167,,,,,436,="",="2/5/2026 4:52:15.995372215 PM",
="",19179,,,,,109,="",="2/5/2026 4:52:16.009752760 PM",
="",19209,,,,,436,="",="2/5/2026 4:52:16.033008325 PM",
="",19257,,,,,333,="",="2/5/2026 4:52:16.090879410 PM",
="",19259,,,,,411,="",="2/5/2026 4:52:16.091828810 PM",
="",19292,,,,,117,="",="2/5/2026 4:52:16.114228405 PM",
="",19300,,,,,117,="",="2/5/2026 4:52:16.116244620 PM",
="",19315,,,,,177,="",="2/5/2026 4:52:16.130675670 PM",
="",19324,,,,,177,="",="2/5/2026 4:52:16.133660860 PM",
="",19325,,,,,448,="",="2/5/2026 4:52:16.135043675 PM",
="",19333,,,,,411,="",="2/5/2026 4:52:16.144619985 PM",
="",19334,,,,,440,="",="2/5/2026 4:52:16.144853825 PM",
="",19350,,,,,171,="",="2/5/2026 4:52:16.169993135 PM",
="",19367,,,,,450,="",="2/5/2026 4:52:16.188769455 PM",
="",19368,,,,,450,="",="2/5/2026 4:52:16.189098310 PM",
="",19373,,,,,447,="",="2/5/2026 4:52:16.190248270 PM",
="",19385,,,,,447,="",="2/5/2026 4:52:16.193155375 PM",
="",19389,,,,,450,="",="2/5/2026 4:52:16.194558760 PM",
="",19390,,,,,447,="",="2/5/2026 4:52:16.194942030 PM",
="",19391,,,,,446,="",="2/5/2026 4:52:16.195318580 PM",
="",19392,,,,,99,="",="2/5/2026 4:52:16.195715415 PM",
="",19396,,,,,446,="",="2/5/2026 4:52:16.196502185 PM",
="",19397,,,,,450,="",="2/5/2026 4:52:16.197213440 PM",
="",19398,,,,,411,="",="2/5/2026 4:52:16.197970220 PM",
="",19401,,,,,440,="",="2/5/2026 4:52:16.200740360 PM",
="",19416,,,,,117,="",="2/5/2026 4:52:16.211610925 PM",
="",19439,,,,,177,="",="2/5/2026 4:52:16.234337290 PM",
="",19443,,,,,177,="",="2/5/2026 4:52:16.235254825 PM",
="",19446,,,,,448,="",="2/5/2026 4:52:16.237505705 PM",
="",19447,,,,,436,="",="2/5/2026 4:52:16.237786145 PM",
="",19448,,,,,440,="",="2/5/2026 4:52:16.238316405 PM",
="",19471,,,,,177,="",="2/5/2026 4:52:16.271194610 PM",
="",19473,,,,,448,="",="2/5/2026 4:52:16.273351340 PM",
="",19481,,,,,436,="",="2/5/2026 4:52:16.280261765 PM",
="",19490,,,,,440,="",="2/5/2026 4:52:16.296886410 PM",
="",19515,,,,,117,="",="2/5/2026 4:52:16.331240330 PM",
="",19556,,,,,177,="",="2/5/2026 4:52:16.374512575 PM",
="",19560,,,,,177,="",="2/5/2026 4:52:16.375424390 PM",
="",19572,,,,,440,="",="2/5/2026 4:52:16.383171585 PM",
="",19579,,,,,177,="",="2/5/2026 4:52:16.385547385 PM",
="",19583,,,,,177,="",="2/5/2026 4:52:16.386508815 PM",
="",19592,,,,,440,="",="2/5/2026 4:52:16.405504390 PM",
="",19640,,,,,109,="",="2/5/2026 4:52:16.481872710 PM",
="",19641,,,,,117,="",="2/5/2026 4:52:16.481922715 PM",
="",19650,,,,,115,="",="2/5/2026 4:52:16.486656350 PM",
="",19651,,,,,99,="",="2/5/2026 4:52:16.486878780 PM",
="",19660,,,,,448,="",="2/5/2026 4:52:16.500876020 PM",
="",19674,,,,,440,="",="2/5/2026 4:52:16.517417650 PM",
="",19686,,,,,440,="",="2/5/2026 4:52:16.545517865 PM",
="",19690,,,,,440,="",="2/5/2026 4:52:16.554456445 PM",
="",19693,,,,,171,="",="2/5/2026 4:52:16.556564985 PM",
="",19694,,,,,171,="",="2/5/2026 4:52:16.556624150 PM",
="",19695,,,,,171,="",="2/5/2026 4:52:16.556696085 PM",
="",19703,,,,,440,="",="2/5/2026 4:52:16.562591590 PM",
="",19723,,,,,436,="",="2/5/2026 4:52:16.587443105 PM",
="",19726,,,,,440,="",="2/5/2026 4:52:16.587976020 PM",
="",19792,,,,,448,="",="2/5/2026 4:52:16.687683570 PM",
="",19805,,,,,436,="",="2/5/2026 4:52:16.705958350 PM",
="",19809,,,,,411,="",="2/5/2026 4:52:16.711266640 PM",
="",19812,,,,,171,="",="2/5/2026 4:52:16.711826630 PM",
="",19815,,,,,440,="",="2/5/2026 4:52:16.712706360 PM",
="",19823,,,,,117,="",="2/5/2026 4:52:16.716649450 PM",
="",19835,,,,,436,="",="2/5/2026 4:52:16.749812490 PM",
="",19840,,,,,411,="",="2/5/2026 4:52:16.759027070 PM",
="",19879,,,,,440,="",="2/5/2026 4:52:16.808888585 PM",
="",19887,,,,,115,="",="2/5/2026 4:52:16.813661330 PM",
="",19918,,,,,177,="",="2/5/2026 4:52:16.859312975 PM",
="",19922,,,,,177,="",="2/5/2026 4:52:16.860230310 PM",
="",19928,,,,,314,="",="2/5/2026 4:52:16.862281035 PM",
="",19966,,,,,117,="",="2/5/2026 4:52:16.899043205 PM",
="",19985,,,,,117,="",="2/5/2026 4:52:16.913089925 PM",
="",20004,,,,,177,="",="2/5/2026 4:52:16.920494365 PM",
="",20035,,,,,448,="",="2/5/2026 4:52:16.973083195 PM",
="",20057,,,,,117,="",="2/5/2026 4:52:17.009997535 PM",
="",20062,,,,,117,="",="2/5/2026 4:52:17.012267700 PM",
="",20066,,,,,411,="",="2/5/2026 4:52:17.013456255 PM",
="",20114,,,,,411,="",="2/5/2026 4:52:17.074360325 PM",
="",20150,,,,,117,="",="2/5/2026 4:52:17.115274760 PM",
="",20153,,,,,121,="",="2/5/2026 4:52:17.116234025 PM",
="",20160,,,,,440,="",="2/5/2026 4:52:17.122430465 PM",
="",20205,,,,,440,="",="2/5/2026 4:52:17.178704390 PM",
="",20227,,,,,117,="",="2/5/2026 4:52:17.210554885 PM",
="",20240,,,,,117,="",="2/5/2026 4:52:17.223945495 PM",
="",20248,,,,,117,="",="2/5/2026 4:52:17.226983345 PM",
="",20252,,,,,103,="",="2/5/2026 4:52:17.227893150 PM",
="",20256,,,,,117,="",="2/5/2026 4:52:17.231149370 PM",
="",20261,,,,,117,="",="2/5/2026 4:52:17.233353550 PM",
="",20271,,,,,117,="",="2/5/2026 4:52:17.236332980 PM",
="",20332,,,,,411,="",="2/5/2026 4:52:17.324795460 PM",
="",20333,,,,,177,="",="2/5/2026 4:52:17.325525695 PM",
="",20334,,,,,117,="",="2/5/2026 4:52:17.325582355 PM",
="",20337,,,,,411,="",="2/5/2026 4:52:17.326875915 PM",
="",20338,,,,,448,="",="2/5/2026 4:52:17.327323915 PM",
="",20339,,,,,436,="",="2/5/2026 4:52:17.327607635 PM",
="",20344,,,,,117,="",="2/5/2026 4:52:17.331222945 PM",
="",20354,,,,,411,="",="2/5/2026 4:52:17.338710335 PM",
="",20369,,,,,440,="",="2/5/2026 4:52:17.364721470 PM",
="",20376,,,,,411,="",="2/5/2026 4:52:17.373407680 PM",
="",20385,,,,,440,="",="2/5/2026 4:52:17.376700510 PM",
="",20386,,,,,117,="",="2/5/2026 4:52:17.377572260 PM",
="",20443,,,,,440,="",="2/5/2026 4:52:17.440528355 PM",
="",20468,,,,,117,="",="2/5/2026 4:52:17.461475385 PM",
="",20474,,,,,440,="",="2/5/2026 4:52:17.467122115 PM",
="",20483,,,,,440,="",="2/5/2026 4:52:17.476061495 PM",
="",20537,,,,,437,="",="2/5/2026 4:52:17.542122415 PM",
="",20538,,,,,436,="",="2/5/2026 4:52:17.542398790 PM",
="",20612,,,,,440,="",="2/5/2026 4:52:17.641462090 PM",
="",20627,,,,,103,="",="2/5/2026 4:52:17.658848895 PM",
="",20707,,,,,437,="",="2/5/2026 4:52:17.747740095 PM",
="",20710,,,,,440,="",="2/5/2026 4:52:17.748546985 PM",
="",20743,,,,,448,="",="2/5/2026 4:52:17.809364615 PM",
="",20749,,,,,117,="",="2/5/2026 4:52:17.812059890 PM",
="",20755,,,,,171,="",="2/5/2026 4:52:17.815212575 PM",
="",20756,,,,,171,="",="2/5/2026 4:52:17.815281285 PM",
="",20774,,,,,115,="",="2/5/2026 4:52:17.837160740 PM",
="",20779,,,,,411,="",="2/5/2026 4:52:17.838878475 PM",
="",20793,,,,,411,="",="2/5/2026 4:52:17.850692630 PM",
="",20800,,,,,103,="",="2/5/2026 4:52:17.856697235 PM",
="",20828,,,,,440,="",="2/5/2026 4:52:17.905310120 PM",
="",20832,,,,,171,="",="2/5/2026 4:52:17.909804875 PM",
="",20841,,,,,117,="",="2/5/2026 4:52:17.915992415 PM",
="",20848,,,,,117,="",="2/5/2026 4:52:17.918318855 PM",
="",20857,,,,,117,="",="2/5/2026 4:52:17.921415470 PM",
="",20860,,,,,177,="",="2/5/2026 4:52:17.922724965 PM",
="",20861,,,,,177,="",="2/5/2026 4:52:17.922771215 PM",
="",20862,,,,,117,="",="2/5/2026 4:52:17.922781465 PM",
="",20870,,,,,411,="",="2/5/2026 4:52:17.938780470 PM",
="",20922,,,,,103,="",="2/5/2026 4:52:18.010611520 PM",
="",20968,,,,,171,="",="2/5/2026 4:52:18.054504395 PM",
="",21009,,,,,440,="",="2/5/2026 4:52:18.110109500 PM",
="",21014,,,,,117,="",="2/5/2026 4:52:18.112129475 PM",
="",21018,,,,,117,="",="2/5/2026 4:52:18.114529390 PM",
="",21022,,,,,436,="",="2/5/2026 4:52:18.116856330 PM",
="",21028,,,,,377,="",="2/5/2026 4:52:18.122586810 PM",
="",21029,,,,,437,="",="2/5/2026 4:52:18.123175615 PM",
="",21043,,,,,436,="",="2/5/2026 4:52:18.144594585 PM",
="",21045,,,,,440,="",="2/5/2026 4:52:18.145107295 PM",
="",21054,,,,,437,="",="2/5/2026 4:52:18.147728015 PM",
="",21055,,,,,425,="",="2/5/2026 4:52:18.148021215 PM",
="",21056,,,,,411,="",="2/5/2026 4:52:18.148278380 PM",
="",21057,,,,,429,="",="2/5/2026 4:52:18.148530200 PM",
="",21060,,,,,411,="",="2/5/2026 4:52:18.153356030 PM",
="",21069,,,,,437,="",="2/5/2026 4:52:18.157354320 PM",
="",21070,,,,,436,="",="2/5/2026 4:52:18.157622055 PM",
="",21076,,,,,99,="",="2/5/2026 4:52:18.169297320 PM",
="",21105,,,,,425,="",="2/5/2026 4:52:18.212004630 PM",
="",21112,,,,,440,="",="2/5/2026 4:52:18.219772045 PM",
="",21116,,,,,117,="",="2/5/2026 4:52:18.223703000 PM",
="",21120,,,,,411,="",="2/5/2026 4:52:18.224354540 PM",
="",21128,,,,,103,="",="2/5/2026 4:52:18.227087350 PM",
="",21129,,,,,117,="",="2/5/2026 4:52:18.227138090 PM",
="",21139,,,,,436,="",="2/5/2026 4:52:18.246414355 PM",
="",21151,,,,,117,="",="2/5/2026 4:52:18.256714185 PM",
="",21152,,,,,105,="",="2/5/2026 4:52:18.256747550 PM",
="",21162,,,,,117,="",="2/5/2026 4:52:18.260596655 PM",
="",21191,,,,,437,="",="2/5/2026 4:52:18.314108265 PM",
="",21192,,,,,425,="",="2/5/2026 4:52:18.314385250 PM",
="",21206,,,,,436,="",="2/5/2026 4:52:18.326400650 PM",
="",21224,,,,,437,="",="2/5/2026 4:52:18.347806815 PM",
="",21225,,,,,436,="",="2/5/2026 4:52:18.348083070 PM",
="",21228,,,,,431,="",="2/5/2026 4:52:18.349019845 PM",
="",21229,,,,,437,="",="2/5/2026 4:52:18.350308675 PM",
="",21231,,,,,411,="",="2/5/2026 4:52:18.350881780 PM",
="",21236,,,,,437,="",="2/5/2026 4:52:18.353240435 PM",
="",21241,,,,,430,="",="2/5/2026 4:52:18.355390230 PM",
="",21244,,,,,436,="",="2/5/2026 4:52:18.357733630 PM",
="",21245,,,,,411,="",="2/5/2026 4:52:18.358030015 PM",
="",21256,,,,,437,="",="2/5/2026 4:52:18.365621880 PM",
="",21266,,,,,437,="",="2/5/2026 4:52:18.396861170 PM",
="",21281,,,,,437,="",="2/5/2026 4:52:18.416508160 PM",
="",21282,,,,,425,="",="2/5/2026 4:52:18.416785545 PM",
="",21286,,,,,117,="",="2/5/2026 4:52:18.421407745 PM",
="",21291,,,,,436,="",="2/5/2026 4:52:18.424066275 PM",
="",21294,,,,,117,="",="2/5/2026 4:52:18.425969300 PM",
="",21309,,,,,437,="",="2/5/2026 4:52:18.450224590 PM",
="",21310,,,,,436,="",="2/5/2026 4:52:18.450500685 PM",
="",21311,,,,,411,="",="2/5/2026 4:52:18.450777015 PM",
="",21312,,,,,440,="",="2/5/2026 4:52:18.451030600 PM",
="",21325,,,,,117,="",="2/5/2026 4:52:18.456863255 PM",
="",21332,,,,,437,="",="2/5/2026 4:52:18.462175120 PM",
="",21356,,,,,314,="",="2/5/2026 4:52:18.500686800 PM",
="",21409,,,,,117,="",="2/5/2026 4:52:18.558184765 PM",
="",21411,,,,,440,="",="2/5/2026 4:52:18.563083320 PM",
="",21420,,,,,425,="",="2/5/2026 4:52:18.571947890 PM",
="",21435,,,,,437,="",="2/5/2026 4:52:18.604696790 PM",
="",21438,,,,,440,="",="2/5/2026 4:52:18.605505800 PM",
="",21482,,,,,117,="",="2/5/2026 4:52:18.660215795 PM",
="",21484,,,,,429,="",="2/5/2026 4:52:18.660532830 PM",
="",21500,,,,,425,="",="2/5/2026 4:52:18.674348690 PM",
="",21502,,,,,440,="",="2/5/2026 4:52:18.674854815 PM",
="",21517,,,,,436,="",="2/5/2026 4:52:18.713502635 PM",
="",21528,,,,,437,="",="2/5/2026 4:52:18.723709095 PM",
="",21537,,,,,171,="",="2/5/2026 4:52:18.736836550 PM",
="",21552,,,,,437,="",="2/5/2026 4:52:18.758425585 PM",
="",21556,,,,,171,="",="2/5/2026 4:52:18.759558280 PM",
="",21565,,,,,115,="",="2/5/2026 4:52:18.763732980 PM",
="",21582,,,,,411,="",="2/5/2026 4:52:18.777016905 PM",
="",21612,,,,,437,="",="2/5/2026 4:52:18.826109150 PM",
="",21613,,,,,425,="",="2/5/2026 4:52:18.826384390 PM",
="",21614,,,,,440,="",="2/5/2026 4:52:18.826914160 PM",
="",21624,,,,,171,="",="2/5/2026 4:52:18.839237220 PM",
="",21648,,,,,171,="",="2/5/2026 4:52:18.861375830 PM",
="",21649,,,,,115,="",="2/5/2026 4:52:18.861554655 PM",
="",21650,,,,,99,="",="2/5/2026 4:52:18.861777060 PM",
="",21664,,,,,436,="",="2/5/2026 4:52:18.874443895 PM",
="",21680,,,,,117,="",="2/5/2026 4:52:18.910306260 PM",
="",21688,,,,,117,="",="2/5/2026 4:52:18.915167815 PM",
="",21698,,,,,425,="",="2/5/2026 4:52:18.928786660 PM",
="",21699,,,,,440,="",="2/5/2026 4:52:18.929312270 PM",
="",21705,,,,,430,="",="2/5/2026 4:52:18.933621230 PM",
="",21716,,,,,171,="",="2/5/2026 4:52:18.941635010 PM",
="",21719,,,,,115,="",="2/5/2026 4:52:18.942677180 PM",
="",21721,,,,,171,="",="2/5/2026 4:52:18.943513135 PM",
="",21722,,,,,115,="",="2/5/2026 4:52:18.944492370 PM",
="",21726,,,,,117,="",="2/5/2026 4:52:18.947052295 PM",
="",21736,,,,,437,="",="2/5/2026 4:52:18.962932270 PM",
="",21737,,,,,411,="",="2/5/2026 4:52:18.963481590 PM",
="",21767,,,,,117,="",="2/5/2026 4:52:19.008890715 PM",
="",21768,,,,,117,="",="2/5/2026 4:52:19.008958985 PM",
="",21770,,,,,117,="",="2/5/2026 4:52:19.009836710 PM",
="",21772,,,,,117,="",="2/5/2026 4:52:19.010788260 PM",
="",21777,,,,,440,="",="2/5/2026 4:52:19.012071150 PM",
="",21792,,,,,117,="",="2/5/2026 4:52:19.025223620 PM",
="",21795,,,,,117,="",="2/5/2026 4:52:19.036117975 PM",
="",21798,,,,,117,="",="2/5/2026 4:52:19.037182320 PM",
="",21799,,,,,117,="",="2/5/2026 4:52:19.037231820 PM",
="",21807,,,,,411,="",="2/5/2026 4:52:19.043455915 PM",
="",21808,,,,,440,="",="2/5/2026 4:52:19.043712340 PM",
="",21858,,,,,117,="",="2/5/2026 4:52:19.110967890 PM",
="",21866,,,,,440,="",="2/5/2026 4:52:19.114471915 PM",
="",21872,,,,,411,="",="2/5/2026 4:52:19.122370365 PM",
="",21873,,,,,440,="",="2/5/2026 4:52:19.122603605 PM",
="",21915,,,,,436,="",="2/5/2026 4:52:19.181624900 PM",
="",21917,,,,,440,="",="2/5/2026 4:52:19.182157415 PM",
="",21928,,,,,117,="",="2/5/2026 4:52:19.210443000 PM",
="",21935,,,,,440,="",="2/5/2026 4:52:19.217653245 PM",
="",21941,,,,,117,="",="2/5/2026 4:52:19.223996805 PM",
="",21942,,,,,437,="",="2/5/2026 4:52:19.224198170 PM",
="",21952,,,,,121,="",="2/5/2026 4:52:19.229222770 PM",
="",21958,,,,,436,="",="2/5/2026 4:52:19.248007480 PM",
="",21959,,,,,411,="",="2/5/2026 4:52:19.248271980 PM",
="",21963,,,,,436,="",="2/5/2026 4:52:19.249881960 PM",
="",21964,,,,,411,="",="2/5/2026 4:52:19.250146460 PM",
="",21965,,,,,171,="",="2/5/2026 4:52:19.255312780 PM",
="",21970,,,,,436,="",="2/5/2026 4:52:19.266333800 PM",
="",21989,,,,,440,="",="2/5/2026 4:52:19.284555295 PM",
="",22001,,,,,440,="",="2/5/2026 4:52:19.319273090 PM",
="",22002,,,,,171,="",="2/5/2026 4:52:19.319852400 PM",
="",22009,,,,,117,="",="2/5/2026 4:52:19.324508070 PM",
="",22011,,,,,436,="",="2/5/2026 4:52:19.326895270 PM",
="",22027,,,,,377,="",="2/5/2026 4:52:19.351327920 PM",
="",22028,,,,,411,="",="2/5/2026 4:52:19.351904245 PM",
="",22038,,,,,333,="",="2/5/2026 4:52:19.367706650 PM",
="",22040,,,,,448,="",="2/5/2026 4:52:19.368090800 PM",
="",22053,,,,,436,="",="2/5/2026 4:52:19.384133445 PM",
="",22067,,,,,437,="",="2/5/2026 4:52:19.420966500 PM",
="",22072,,,,,436,="",="2/5/2026 4:52:19.424199000 PM",
="",22081,,,,,117,="",="2/5/2026 4:52:19.431123250 PM",
="",22082,,,,,117,="",="2/5/2026 4:52:19.431173595 PM",
="",22090,,,,,440,="",="2/5/2026 4:52:19.453318615 PM",
="",22130,,,,,436,="",="2/5/2026 4:52:19.486534020 PM",
="",22131,,,,,425,="",="2/5/2026 4:52:19.493535180 PM",
="",22132,,,,,440,="",="2/5/2026 4:52:19.494060885 PM",
="",22139,,,,,437,="",="2/5/2026 4:52:19.523267970 PM",
="",22141,,,,,117,="",="2/5/2026 4:52:19.524127305 PM",
="",22143,,,,,437,="",="2/5/2026 4:52:19.526303055 PM",
="",22145,,,,,117,="",="2/5/2026 4:52:19.526984475 PM",
="",22158,,,,,411,="",="2/5/2026 4:52:19.550744180 PM",
="",22160,,,,,436,="",="2/5/2026 4:52:19.555186295 PM",
="",22161,,,,,440,="",="2/5/2026 4:52:19.555716795 PM",
="",22164,,,,,117,="",="2/5/2026 4:52:19.556731365 PM",
="",22185,,,,,448,="",="2/5/2026 4:52:19.588630565 PM",
="",22187,,,,,411,="",="2/5/2026 4:52:19.589185055 PM",
="",22190,,,,,425,="",="2/5/2026 4:52:19.595955355 PM",
="",22195,,,,,171,="",="2/5/2026 4:52:19.613969135 PM",
="",22220,,,,,436,="",="2/5/2026 4:52:19.652872235 PM",
="",22221,,,,,411,="",="2/5/2026 4:52:19.653136735 PM",
="",22222,,,,,440,="",="2/5/2026 4:52:19.653378660 PM",
="",22224,,,,,436,="",="2/5/2026 4:52:19.657614385 PM",
="",22228,,,,,440,="",="2/5/2026 4:52:19.659991375 PM",
="",22234,,,,,437,="",="2/5/2026 4:52:19.681516330 PM",
="",22245,,,,,448,="",="2/5/2026 4:52:19.691200015 PM",
="",22247,,,,,440,="",="2/5/2026 4:52:19.692008755 PM",
="",22248,,,,,437,="",="2/5/2026 4:52:19.698059070 PM",
="",22249,,,,,425,="",="2/5/2026 4:52:19.698336375 PM",
="",22250,,,,,411,="",="2/5/2026 4:52:19.698604775 PM",
="",22251,,,,,440,="",="2/5/2026 4:52:19.698861800 PM",
="",22262,,,,,314,="",="2/5/2026 4:52:19.729526735 PM",
="",22278,,,,,440,="",="2/5/2026 4:52:19.762390430 PM",
="",22285,,,,,437,="",="2/5/2026 4:52:19.783944105 PM",
="",22286,,,,,436,="",="2/5/2026 4:52:19.784209270 PM",
="",22287,,,,,411,="",="2/5/2026 4:52:19.784473770 PM",
="",22296,,,,,411,="",="2/5/2026 4:52:19.794011770 PM",
="",22297,,,,,440,="",="2/5/2026 4:52:19.794243015 PM",
="",22309,,,,,115,="",="2/5/2026 4:52:19.826679995 PM",
="",22320,,,,,436,="",="2/5/2026 4:52:19.838849640 PM",
="",22322,,,,,440,="",="2/5/2026 4:52:19.839359765 PM",
="",22328,,,,,115,="",="2/5/2026 4:52:19.851431935 PM",
="",22329,,,,,99,="",="2/5/2026 4:52:19.851657660 PM",
="",22330,,,,,448,="",="2/5/2026 4:52:19.862107845 PM",
="",22332,,,,,411,="",="2/5/2026 4:52:19.862684905 PM",
="",22333,,,,,440,="",="2/5/2026 4:52:19.862918945 PM",
="",22342,,,,,115,="",="2/5/2026 4:52:19.885133925 PM",
="",22347,,,,,440,="",="2/5/2026 4:52:19.887124115 PM",
="",22359,,,,,437,="",="2/5/2026 4:52:19.902860045 PM",
="",22360,,,,,425,="",="2/5/2026 4:52:19.903137710 PM",
="",22361,,,,,411,="",="2/5/2026 4:52:19.903406270 PM",
="",22362,,,,,440,="",="2/5/2026 4:52:19.903662655 PM",
="",22375,,,,,437,="",="2/5/2026 4:52:19.935904510 PM",
="",22389,,,,,437,="",="2/5/2026 4:52:19.966386540 PM",
="",22412,,,,,425,="",="2/5/2026 4:52:20.005538630 PM",
="",22413,,,,,440,="",="2/5/2026 4:52:20.006063535 PM",
="",22430,,,,,436,="",="2/5/2026 4:52:20.039119485 PM",
="",22432,,,,,440,="",="2/5/2026 4:52:20.039649385 PM",
="",22436,,,,,411,="",="2/5/2026 4:52:20.043973740 PM",
="",22443,,,,,411,="",="2/5/2026 4:52:20.067464015 PM",
="",22444,,,,,440,="",="2/5/2026 4:52:20.067720465 PM",
="",22448,,,,,411,="",="2/5/2026 4:52:20.069365525 PM",
="",22464,,,,,448,="",="2/5/2026 4:52:20.100637315 PM",
="",22478,,,,,171,="",="2/5/2026 4:52:20.129943185 PM",
="",22503,,,,,436,="",="2/5/2026 4:52:20.193795495 PM",
="",22508,,,,,436,="",="2/5/2026 4:52:20.203316315 PM",
="",22533,,,,,436,="",="2/5/2026 4:52:20.273884800 PM",
="",22542,,,,,436,="",="2/5/2026 4:52:20.296216605 PM",
="",22551,,,,,436,="",="2/5/2026 4:52:20.300414020 PM",
="",22552,,,,,411,="",="2/5/2026 4:52:20.300678520 PM",
="",22566,,,,,436,="",="2/5/2026 4:52:20.345782100 PM",
="",22576,,,,,117,="",="2/5/2026 4:52:20.356317660 PM",
="",22589,,,,,436,="",="2/5/2026 4:52:20.404644490 PM",
="",22590,,,,,411,="",="2/5/2026 4:52:20.404917940 PM",
="",22603,,,,,411,="",="2/5/2026 4:52:20.448460165 PM",
="",22612,,,,,411,="",="2/5/2026 4:52:20.478940740 PM",
="",22643,,,,,436,="",="2/5/2026 4:52:20.581066665 PM",
="",22644,,,,,411,="",="2/5/2026 4:52:20.581341355 PM",
="",22670,,,,,436,="",="2/5/2026 4:52:20.652983810 PM",
="",22672,,,,,436,="",="2/5/2026 4:52:20.658101445 PM",
="",22685,,,,,437,="",="2/5/2026 4:52:20.705521975 PM",
="",22686,,,,,436,="",="2/5/2026 4:52:20.705798390 PM",
="",22687,,,,,411,="",="2/5/2026 4:52:20.706072160 PM",
="",22695,,,,,411,="",="2/5/2026 4:52:20.711644655 PM",
="",22696,,,,,99,="",="2/5/2026 4:52:20.727369480 PM",
="",22713,,,,,411,="",="2/5/2026 4:52:20.812622245 PM",
="",22714,,,,,440,="",="2/5/2026 4:52:20.812878895 PM",
="",22733,,,,,117,="",="2/5/2026 4:52:20.866406465 PM",
="",22741,,,,,437,="",="2/5/2026 4:52:20.910323625 PM",
="",22749,,,,,436,="",="2/5/2026 4:52:20.914886240 PM",
="",22751,,,,,440,="",="2/5/2026 4:52:20.915396110 PM",
="",22785,,,,,117,="",="2/5/2026 4:52:21.034386260 PM",
="",22803,,,,,117,="",="2/5/2026 4:52:21.084784905 PM",
="",22816,,,,,437,="",="2/5/2026 4:52:21.115124500 PM",
="",22817,,,,,436,="",="2/5/2026 4:52:21.115403315 PM",
="",22818,,,,,411,="",="2/5/2026 4:52:21.115674085 PM",
="",22819,,,,,440,="",="2/5/2026 4:52:21.115930630 PM",
="",22852,,,,,436,="",="2/5/2026 4:52:21.217802400 PM",
="",22858,,,,,411,="",="2/5/2026 4:52:21.223835470 PM",
="",22861,,,,,117,="",="2/5/2026 4:52:21.230423415 PM",
="",22872,,,,,440,="",="2/5/2026 4:52:21.267916415 PM",
="",22883,,,,,447,="",="2/5/2026 4:52:21.277690970 PM",
="",22888,,,,,447,="",="2/5/2026 4:52:21.279237760 PM",
="",22893,,,,,446,="",="2/5/2026 4:52:21.280769255 PM",
="",22894,,,,,458,="",="2/5/2026 4:52:21.281144620 PM",
="",22900,,,,,450,="",="2/5/2026 4:52:21.283478540 PM",
="",22902,,,,,450,="",="2/5/2026 4:52:21.284327540 PM",
="",22903,,,,,450,="",="2/5/2026 4:52:21.284728985 PM",
="",22911,,,,,436,="",="2/5/2026 4:52:21.321298880 PM",
="",22914,,,,,411,="",="2/5/2026 4:52:21.324850320 PM",
="",22915,,,,,440,="",="2/5/2026 4:52:21.325106650 PM",
="",22927,,,,,448,="",="2/5/2026 4:52:21.376311030 PM",
="",22948,,,,,440,="",="2/5/2026 4:52:21.460741915 PM",
="",22952,,,,,411,="",="2/5/2026 4:52:21.472460505 PM",
="",22984,,,,,436,="",="2/5/2026 4:52:21.581419270 PM",
="",22992,,,,,434,="",="2/5/2026 4:52:21.609506860 PM",
="",23015,,,,,436,="",="2/5/2026 4:52:21.683820700 PM",
="",23028,,,,,411,="",="2/5/2026 4:52:21.723882855 PM",
="",23064,,,,,437,="",="2/5/2026 4:52:21.836086110 PM",
="",23067,,,,,411,="",="2/5/2026 4:52:21.836633110 PM",
="",23113,,,,,411,="",="2/5/2026 4:52:21.991295455 PM",
="",23156,,,,,440,="",="2/5/2026 4:52:22.093949805 PM",
="",23321,,,,,411,="",="2/5/2026 4:52:22.747862705 PM",
="",23344,,,,,448,="",="2/5/2026 4:52:22.849709060 PM",
="",23388,,,,,411,="",="2/5/2026 4:52:23.055436265 PM",
="",23414,,,,,462,="",="2/5/2026 4:52:23.190022630 PM",
="",23415,,,,,388,="",="2/5/2026 4:52:23.190601455 PM",
="",23437,,,,,440,="",="2/5/2026 4:52:23.260121655 PM",
="",23451,,,,,411,="",="2/5/2026 4:52:23.322500470 PM",
="",23452,,,,,440,="",="2/5/2026 4:52:23.322736215 PM",
="",23463,,,,,481,="",="2/5/2026 4:52:23.366805155 PM",
="",23467,,,,,440,="",="2/5/2026 4:52:23.374404930 PM",
="",23473,,,,,448,="",="2/5/2026 4:52:23.424324530 PM",
="",23510,,,,,448,="",="2/5/2026 4:52:23.610341595 PM",
="",23512,,,,,411,="",="2/5/2026 4:52:23.610896045 PM",
="",23521,,,,,411,="",="2/5/2026 4:52:23.669819265 PM",
="",23551,,,,,411,="",="2/5/2026 4:52:23.834504005 PM",
="",23552,,,,,440,="",="2/5/2026 4:52:23.834737365 PM",
="",23561,,,,,436,="",="2/5/2026 4:52:23.874018020 PM",
="",23562,,,,,411,="",="2/5/2026 4:52:23.874282520 PM",
="",23574,,,,,436,="",="2/5/2026 4:52:23.936634530 PM",
="",23575,,,,,411,="",="2/5/2026 4:52:23.936899030 PM",
="",23576,,,,,440,="",="2/5/2026 4:52:23.937137795 PM",
="",23599,,,,,448,="",="2/5/2026 4:52:24.078514700 PM",
="",23600,,,,,436,="",="2/5/2026 4:52:24.078795900 PM",
="",23618,,,,,411,="",="2/5/2026 4:52:24.141729350 PM",
="",23639,,,,,411,="",="2/5/2026 4:52:24.284226595 PM",
="",23640,,,,,440,="",="2/5/2026 4:52:24.284497980 PM",
="",23659,,,,,448,="",="2/5/2026 4:52:24.385719280 PM",
="",23660,,,,,440,="",="2/5/2026 4:52:24.386527940 PM",
="",23661,,,,,440,="",="2/5/2026 4:52:24.396899240 PM",
="",23676,,,,,436,="",="2/5/2026 4:52:24.446919380 PM",
="",23681,,,,,440,="",="2/5/2026 4:52:24.449141490 PM",
="",23688,,,,,436,="",="2/5/2026 4:52:24.488775655 PM",
="",23689,,,,,411,="",="2/5/2026 4:52:24.489040155 PM",
="",23710,,,,,440,="",="2/5/2026 4:52:24.551541755 PM",
="",23733,,,,,411,="",="2/5/2026 4:52:24.693498440 PM",
="",23734,,,,,440,="",="2/5/2026 4:52:24.693729120 PM",
="",23746,,,,,411,="",="2/5/2026 4:52:24.754374380 PM",
="",23747,,,,,99,="",="2/5/2026 4:52:24.757276260 PM",
="",23768,,,,,437,="",="2/5/2026 4:52:24.856223915 PM",
="",23772,,,,,440,="",="2/5/2026 4:52:24.910315555 PM",
="",23779,,,,,388,="",="2/5/2026 4:52:24.931211860 PM",
="",23819,,,,,440,="",="2/5/2026 4:52:25.147160060 PM",
="",23821,,,,,99,="",="2/5/2026 4:52:25.200555430 PM",
="",23841,,,,,99,="",="2/5/2026 4:52:25.311254305 PM",
="",23860,,,,,437,="",="2/5/2026 4:52:25.420204885 PM",
="",23861,,,,,436,="",="2/5/2026 4:52:25.420482635 PM",
="",23919,,,,,27,="",="2/5/2026 4:52:25.722892830 PM",
="",23920,,,,,29,="",="2/5/2026 4:52:25.723148830 PM",
="",23921,,,,,437,="",="2/5/2026 4:52:25.729838630 PM",
="",23943,,,,,68,="",="2/5/2026 4:52:25.810886330 PM",
="",23947,,,,,440,="",="2/5/2026 4:52:25.863963730 PM",
="",23978,,,,,437,="",="2/5/2026 4:52:26.034501480 PM",
="",24000,,,,,462,="",="2/5/2026 4:52:26.159479940 PM",
="",24004,,,,,436,="",="2/5/2026 4:52:26.170658675 PM",
="",24005,,,,,411,="",="2/5/2026 4:52:26.170923175 PM",
="",24011,,,,,437,="",="2/5/2026 4:52:26.239324075 PM",
="",24018,,,,,436,="",="2/5/2026 4:52:26.273035670 PM",
="",24019,,,,,411,="",="2/5/2026 4:52:26.273312440 PM",
="",24039,,,,,448,="",="2/5/2026 4:52:26.375155260 PM",
="",24040,,,,,436,="",="2/5/2026 4:52:26.375436805 PM",
="",24054,,,,,436,="",="2/5/2026 4:52:26.477860790 PM",
="",24095,,,,,32,="",="2/5/2026 4:52:26.705185705 PM",
="",24122,,,,,462,="",="2/5/2026 4:52:26.907707525 PM",
="",24166,,,,,461,="",="2/5/2026 4:52:27.198433270 PM",
="",24227,,,,,461,="",="2/5/2026 4:52:27.607910485 PM",
="",24262,,,,,461,="",="2/5/2026 4:52:27.812730200 PM",
="",24263,,,,,388,="",="2/5/2026 4:52:27.813288235 PM",
="",24300,,,,,117,="",="2/5/2026 4:52:28.098772840 PM",
="",24301,,,,,105,="",="2/5/2026 4:52:28.099024085 PM",
="",24303,,,,,105,="",="2/5/2026 4:52:28.101845920 PM",
="",24305,,,,,117,="",="2/5/2026 4:52:28.103008415 PM",
="",24306,,,,,117,="",="2/5/2026 4:52:28.103399985 PM",
="",24307,,,,,117,="",="2/5/2026 4:52:28.104053280 PM",
="",24341,,,,,40,="",="2/5/2026 4:52:28.349620705 PM",
="",24352,,,,,388,="",="2/5/2026 4:52:28.427684495 PM",
="",24415,,,,,454,="",="2/5/2026 4:52:28.850760600 PM",
="",24453,,,,,117,="",="2/5/2026 4:52:29.123421340 PM",
="",24479,,,,,137,="",="2/5/2026 4:52:29.286667955 PM",
="",24562,,,,,84,="",="2/5/2026 4:52:29.857412580 PM",
="",24636,,,,,150,="",="2/5/2026 4:52:30.315054205 PM",
="",24653,,,,,29,="",="2/5/2026 4:52:30.392687830 PM",
="",24682,,,,,99,="",="2/5/2026 4:52:30.514872550 PM",
="",24733,,,,,170,="",="2/5/2026 4:52:30.841831690 PM",
="",24802,,,,,99,="",="2/5/2026 4:52:31.292728150 PM",
="",24813,,,,,377,="",="2/5/2026 4:52:31.359311845 PM",
="",24827,,,,,483,="",="2/5/2026 4:52:31.443487180 PM",
="",24857,,,,,117,="",="2/5/2026 4:52:31.645691215 PM",
="",24926,,,,,117,="",="2/5/2026 4:52:32.045617030 PM",
="",24933,,,,,99,="",="2/5/2026 4:52:32.072762590 PM",
="",24947,,,,,99,="",="2/5/2026 4:52:32.116801570 PM",
="",24951,,,,,105,="",="2/5/2026 4:52:32.126864935 PM",
="",24952,,,,,121,="",="2/5/2026 4:52:32.127028595 PM",
="",24968,,,,,398,="",="2/5/2026 4:52:32.218716115 PM",
="",24970,,,,,105,="",="2/5/2026 4:52:32.223440950 PM",
="",24973,,,,,105,="",="2/5/2026 4:52:32.225954265 PM",
="",24976,,,,,105,="",="2/5/2026 4:52:32.228531355 PM",
="",24980,,,,,105,="",="2/5/2026 4:52:32.231348470 PM",
="",24983,,,,,113,="",="2/5/2026 4:52:32.233062090 PM",
="",24986,,,,,105,="",="2/5/2026 4:52:32.237453535 PM",
="",24999,,,,,117,="",="2/5/2026 4:52:32.244708915 PM",
="",25010,,,,,99,="",="2/5/2026 4:52:32.310446785 PM",
="",25011,,,,,99,="",="2/5/2026 4:52:32.312643805 PM",
="",25043,,,,,454,="",="2/5/2026 4:52:32.485345145 PM",
="",25100,,,,,117,="",="2/5/2026 4:52:32.763411720 PM",
="",25129,,,,,117,="",="2/5/2026 4:52:32.909978430 PM",
="",25131,,,,,117,="",="2/5/2026 4:52:32.910641460 PM",
="",25137,,,,,117,="",="2/5/2026 4:52:32.934754185 PM",
="",25139,,,,,398,="",="2/5/2026 4:52:32.935604965 PM",
="",25161,,,,,316,="",="2/5/2026 4:52:33.037117620 PM",
="",25162,,,,,375,="",="2/5/2026 4:52:33.037499980 PM",
="",25166,,,,,117,="",="2/5/2026 4:52:33.090145055 PM",
="",25168,,,,,117,="",="2/5/2026 4:52:33.090681560 PM",
="",25177,,,,,364,="",="2/5/2026 4:52:33.108575995 PM",
="",25181,,,,,109,="",="2/5/2026 4:52:33.110669655 PM",
="",25184,,,,,99,="",="2/5/2026 4:52:33.113040115 PM",
="",25208,,,,,117,="",="2/5/2026 4:52:33.209955065 PM",
="",25210,,,,,364,="",="2/5/2026 4:52:33.210713360 PM",
="",25215,,,,,117,="",="2/5/2026 4:52:33.216426640 PM",
="",25223,,,,,117,="",="2/5/2026 4:52:33.225893835 PM",
="",25228,,,,,117,="",="2/5/2026 4:52:33.229687525 PM",
="",25238,,,,,117,="",="2/5/2026 4:52:33.241334775 PM",
="",25251,,,,,117,="",="2/5/2026 4:52:33.263302190 PM",
="",25253,,,,,117,="",="2/5/2026 4:52:33.264108920 PM",
="",25259,,,,,117,="",="2/5/2026 4:52:33.266770895 PM",
="",25262,,,,,117,="",="2/5/2026 4:52:33.295900530 PM",
="",25263,,,,,117,="",="2/5/2026 4:52:33.296753355 PM",
="",25266,,,,,117,="",="2/5/2026 4:52:33.302874260 PM",
="",25269,,,,,117,="",="2/5/2026 4:52:33.309605060 PM",
="",25272,,,,,117,="",="2/5/2026 4:52:33.311210440 PM",
="",25277,,,,,117,="",="2/5/2026 4:52:33.314423040 PM",
="",25297,,,,,117,="",="2/5/2026 4:52:33.375942270 PM",
="",25303,,,,,117,="",="2/5/2026 4:52:33.380594910 PM",
="",25306,,,,,117,="",="2/5/2026 4:52:33.389336535 PM",
="",25309,,,,,117,="",="2/5/2026 4:52:33.410979480 PM",
="",25320,,,,,117,="",="2/5/2026 4:52:33.443437960 PM",
="",25322,,,,,117,="",="2/5/2026 4:52:33.444118950 PM",
="",25324,,,,,117,="",="2/5/2026 4:52:33.444917000 PM",
="",25328,,,,,117,="",="2/5/2026 4:52:33.446318330 PM",
="",25331,,,,,117,="",="2/5/2026 4:52:33.446901290 PM",
="",25336,,,,,117,="",="2/5/2026 4:52:33.448684185 PM",
="",25350,,,,,99,="",="2/5/2026 4:52:33.513677695 PM",
="",25363,,,,,481,="",="2/5/2026 4:52:33.553844040 PM",
="",25372,,,,,117,="",="2/5/2026 4:52:33.580197100 PM",
="",25377,,,,,233,="",="2/5/2026 4:52:33.586834930 PM",
="",25380,,,,,117,="",="2/5/2026 4:52:33.601252940 PM",
="",25381,,,,,316,="",="2/5/2026 4:52:33.607474255 PM",
="",25396,,,,,117,="",="2/5/2026 4:52:33.643941500 PM",
="",25398,,,,,117,="",="2/5/2026 4:52:33.644731270 PM",
="",25431,,,,,375,="",="2/5/2026 4:52:33.754286600 PM",
="",25433,,,,,117,="",="2/5/2026 4:52:33.756510365 PM",
="",25445,,,,,117,="",="2/5/2026 4:52:33.779728730 PM",
="",25461,,,,,117,="",="2/5/2026 4:52:33.843711900 PM",
="",25467,,,,,117,="",="2/5/2026 4:52:33.847519580 PM",
="",25478,,,,,117,="",="2/5/2026 4:52:33.912374790 PM",
="",25490,,,,,165,="",="2/5/2026 4:52:33.954466550 PM",
="",25491,,,,,165,="",="2/5/2026 4:52:33.954666360 PM",
="",25492,,,,,165,="",="2/5/2026 4:52:33.955485530 PM",
="",25493,,,,,165,="",="2/5/2026 4:52:33.955766210 PM",
="",25494,,,,,165,="",="2/5/2026 4:52:33.956443080 PM",
="",25497,,,,,117,="",="2/5/2026 4:52:33.957939140 PM",
="",25512,,,,,117,="",="2/5/2026 4:52:33.980100365 PM",
="",25514,,,,,117,="",="2/5/2026 4:52:33.980762035 PM",
="",25516,,,,,117,="",="2/5/2026 4:52:33.981377370 PM",
="",25523,,,,,117,="",="2/5/2026 4:52:34.042485330 PM",
="",25528,,,,,117,="",="2/5/2026 4:52:34.044887535 PM",
="",25530,,,,,117,="",="2/5/2026 4:52:34.045432370 PM",
="",25532,,,,,117,="",="2/5/2026 4:52:34.046227740 PM",
="",25549,,,,,66,="",="2/5/2026 4:52:34.078227205 PM",
="",25554,,,,,117,="",="2/5/2026 4:52:34.089091055 PM",
="",25557,,,,,117,="",="2/5/2026 4:52:34.109670660 PM",
="",25561,,,,,117,="",="2/5/2026 4:52:34.111970925 PM",
="",25565,,,,,117,="",="2/5/2026 4:52:34.113767100 PM",
="",25569,,,,,117,="",="2/5/2026 4:52:34.114996435 PM",
="",25574,,,,,316,="",="2/5/2026 4:52:34.120015335 PM",
="",25575,,,,,375,="",="2/5/2026 4:52:34.120391605 PM",
="",25577,,,,,117,="",="2/5/2026 4:52:34.135748835 PM",
="",25594,,,,,117,="",="2/5/2026 4:52:34.175560810 PM",
="",25599,,,,,117,="",="2/5/2026 4:52:34.181318925 PM",
="",25608,,,,,117,="",="2/5/2026 4:52:34.223839530 PM",
="",25620,,,,,117,="",="2/5/2026 4:52:34.246232150 PM",
="",25635,,,,,398,="",="2/5/2026 4:52:34.266706065 PM",
="",25643,,,,,117,="",="2/5/2026 4:52:34.309035600 PM",
="",25645,,,,,117,="",="2/5/2026 4:52:34.310410330 PM",
="",25647,,,,,117,="",="2/5/2026 4:52:34.311226460 PM",
="",25655,,,,,117,="",="2/5/2026 4:52:34.315064355 PM",
="",25657,,,,,117,="",="2/5/2026 4:52:34.315499015 PM",
="",25689,,,,,117,="",="2/5/2026 4:52:34.443125620 PM",
="",25691,,,,,117,="",="2/5/2026 4:52:34.445348575 PM",
="",25695,,,,,117,="",="2/5/2026 4:52:34.446725665 PM",
="",25713,,,,,117,="",="2/5/2026 4:52:34.489139265 PM",
="",25715,,,,,117,="",="2/5/2026 4:52:34.514894760 PM",
="",25736,,,,,117,="",="2/5/2026 4:52:34.576356630 PM",
="",25738,,,,,117,="",="2/5/2026 4:52:34.577236085 PM",
="",25740,,,,,117,="",="2/5/2026 4:52:34.577944370 PM",
="",25742,,,,,117,="",="2/5/2026 4:52:34.578913640 PM",
="",25745,,,,,117,="",="2/5/2026 4:52:34.580917065 PM",
="",25747,,,,,117,="",="2/5/2026 4:52:34.581505345 PM",
="",25757,,,,,117,="",="2/5/2026 4:52:34.621759715 PM",
="",25758,,,,,316,="",="2/5/2026 4:52:34.632589600 PM",
="",25761,,,,,117,="",="2/5/2026 4:52:34.645465050 PM",
="",25770,,,,,109,="",="2/5/2026 4:52:34.661213585 PM",
="",25780,,,,,117,="",="2/5/2026 4:52:34.689023990 PM",
="",25781,,,,,398,="",="2/5/2026 4:52:34.691965385 PM",
="",25795,,,,,117,="",="2/5/2026 4:52:34.758061245 PM",
="",25797,,,,,117,="",="2/5/2026 4:52:34.758693660 PM",
="",25804,,,,,461,="",="2/5/2026 4:52:34.776008755 PM",
="",25827,,,,,99,="",="2/5/2026 4:52:34.842258340 PM",
="",25828,,,,,117,="",="2/5/2026 4:52:34.842505230 PM",
="",25829,,,,,117,="",="2/5/2026 4:52:34.844954515 PM",
="",25844,,,,,461,="",="2/5/2026 4:52:34.878418065 PM",
="",25857,,,,,117,="",="2/5/2026 4:52:34.910471930 PM",
="",25881,,,,,105,="",="2/5/2026 4:52:34.975284085 PM",
="",25883,,,,,117,="",="2/5/2026 4:52:34.975578285 PM",
="",25885,,,,,117,="",="2/5/2026 4:52:34.976322400 PM",
="",25887,,,,,117,="",="2/5/2026 4:52:34.977156665 PM",
="",25889,,,,,117,="",="2/5/2026 4:52:34.978305570 PM",
="",25896,,,,,117,="",="2/5/2026 4:52:34.980415560 PM",
="",25920,,,,,117,="",="2/5/2026 4:52:35.045580185 PM",
="",25923,,,,,117,="",="2/5/2026 4:52:35.046771865 PM",
="",25925,,,,,117,="",="2/5/2026 4:52:35.047404215 PM",
="",25928,,,,,117,="",="2/5/2026 4:52:35.066973200 PM",
="",25953,,,,,117,="",="2/5/2026 4:52:35.112364230 PM",
="",25954,,,,,99,="",="2/5/2026 4:52:35.112878855 PM",
="",25957,,,,,117,="",="2/5/2026 4:52:35.114484980 PM",
="",25959,,,,,117,="",="2/5/2026 4:52:35.130416785 PM",
="",25961,,,,,117,="",="2/5/2026 4:52:35.131039560 PM",
="",25982,,,,,117,="",="2/5/2026 4:52:35.178548380 PM",
="",25986,,,,,117,="",="2/5/2026 4:52:35.180172080 PM",
="",25990,,,,,117,="",="2/5/2026 4:52:35.182362580 PM",
="",25997,,,,,117,="",="2/5/2026 4:52:35.185527525 PM",
="",26003,,,,,117,="",="2/5/2026 4:52:35.189343885 PM",
="",26008,,,,,99,="",="2/5/2026 4:52:35.196248495 PM",
="",26012,,,,,117,="",="2/5/2026 4:52:35.204729560 PM",
="",26014,,,,,117,="",="2/5/2026 4:52:35.205353135 PM",
="",26016,,,,,117,="",="2/5/2026 4:52:35.206037380 PM",
="",26018,,,,,117,="",="2/5/2026 4:52:35.206666435 PM",
="",26019,,,,,99,="",="2/5/2026 4:52:35.207090950 PM",
="",26020,,,,,117,="",="2/5/2026 4:52:35.207338680 PM",
="",26022,,,,,117,="",="2/5/2026 4:52:35.208020270 PM",
="",26025,,,,,117,="",="2/5/2026 4:52:35.215186810 PM",
="",26027,,,,,117,="",="2/5/2026 4:52:35.219772860 PM",
="",26031,,,,,117,="",="2/5/2026 4:52:35.222401740 PM",
="",26033,,,,,117,="",="2/5/2026 4:52:35.223189455 PM",
="",26035,,,,,117,="",="2/5/2026 4:52:35.225022405 PM",
="",26037,,,,,117,="",="2/5/2026 4:52:35.225757585 PM",
="",26040,,,,,117,="",="2/5/2026 4:52:35.226528900 PM",
="",26044,,,,,117,="",="2/5/2026 4:52:35.229954070 PM",
="",26047,,,,,117,="",="2/5/2026 4:52:35.230752600 PM",
="",26051,,,,,117,="",="2/5/2026 4:52:35.233104400 PM",
="",26053,,,,,117,="",="2/5/2026 4:52:35.233812660 PM",
="",26055,,,,,117,="",="2/5/2026 4:52:35.234502785 PM",
="",26057,,,,,117,="",="2/5/2026 4:52:35.235615755 PM",
="",26059,,,,,117,="",="2/5/2026 4:52:35.238132790 PM",
="",26061,,,,,117,="",="2/5/2026 4:52:35.239105155 PM",
="",26062,,,,,117,="",="2/5/2026 4:52:35.240161095 PM",
="",26063,,,,,117,="",="2/5/2026 4:52:35.240925850 PM",
="",26064,,,,,99,="",="2/5/2026 4:52:35.245134310 PM",
="",26071,,,,,117,="",="2/5/2026 4:52:35.260522810 PM",
="",26075,,,,,117,="",="2/5/2026 4:52:35.265591975 PM",
="",26079,,,,,99,="",="2/5/2026 4:52:35.269344175 PM",
="",26080,,,,,117,="",="2/5/2026 4:52:35.269591905 PM",
="",26082,,,,,117,="",="2/5/2026 4:52:35.270389900 PM",
="",26086,,,,,117,="",="2/5/2026 4:52:35.274845370 PM",
="",26091,,,,,117,="",="2/5/2026 4:52:35.286497635 PM",
="",26093,,,,,117,="",="2/5/2026 4:52:35.287094115 PM",
="",26105,,,,,117,="",="2/5/2026 4:52:35.303632030 PM",
="",26106,,,,,117,="",="2/5/2026 4:52:35.310061830 PM",
="",26114,,,,,375,="",="2/5/2026 4:52:35.349151870 PM",
="",26116,,,,,117,="",="2/5/2026 4:52:35.362302360 PM",
="",26118,,,,,117,="",="2/5/2026 4:52:35.362960790 PM",
="",26124,,,,,117,="",="2/5/2026 4:52:35.380812550 PM",
="",26168,,,,,117,="",="2/5/2026 4:52:35.575715050 PM",
="",26170,,,,,117,="",="2/5/2026 4:52:35.577314430 PM",
="",26172,,,,,117,="",="2/5/2026 4:52:35.578229725 PM",
="",26174,,,,,117,="",="2/5/2026 4:52:35.578991880 PM",
="",26207,,,,,117,="",="2/5/2026 4:52:35.646667525 PM",
="",26216,,,,,375,="",="2/5/2026 4:52:35.655864855 PM",
="",26219,,,,,117,="",="2/5/2026 4:52:35.670240000 PM",
="",26233,,,,,117,="",="2/5/2026 4:52:35.710312920 PM",
="",26238,,,,,117,="",="2/5/2026 4:52:35.713487585 PM",
="",26240,,,,,117,="",="2/5/2026 4:52:35.714105720 PM",
="",26242,,,,,117,="",="2/5/2026 4:52:35.715407780 PM",
="",26246,,,,,117,="",="2/5/2026 4:52:35.717015920 PM",
="",26258,,,,,117,="",="2/5/2026 4:52:35.757291610 PM",
="",26259,,,,,375,="",="2/5/2026 4:52:35.758264670 PM",
="",26262,,,,,117,="",="2/5/2026 4:52:35.776412735 PM",
="",26271,,,,,105,="",="2/5/2026 4:52:35.780371275 PM",
="",26273,,,,,117,="",="2/5/2026 4:52:35.780615905 PM",
="",26274,,,,,117,="",="2/5/2026 4:52:35.780665515 PM",
="",26275,,,,,105,="",="2/5/2026 4:52:35.780996770 PM",
="",26278,,,,,213,="",="2/5/2026 4:52:35.785094730 PM",
="",26298,,,,,213,="",="2/5/2026 4:52:35.820937805 PM",
="",26312,,,,,105,="",="2/5/2026 4:52:35.842804015 PM",
="",26315,,,,,105,="",="2/5/2026 4:52:35.843556915 PM",
="",26326,,,,,117,="",="2/5/2026 4:52:35.861789335 PM",
="",26330,,,,,117,="",="2/5/2026 4:52:35.868967315 PM",
="",26349,,,,,105,="",="2/5/2026 4:52:35.911115210 PM",
="",26351,,,,,105,="",="2/5/2026 4:52:35.912999470 PM",
="",26354,,,,,117,="",="2/5/2026 4:52:35.914584610 PM",
="",26362,,,,,117,="",="2/5/2026 4:52:35.956158630 PM",
="",26365,,,,,316,="",="2/5/2026 4:52:35.962690595 PM",
="",26395,,,,,105,="",="2/5/2026 4:52:36.021805300 PM",
="",26397,,,,,117,="",="2/5/2026 4:52:36.021986215 PM",
="",26404,,,,,105,="",="2/5/2026 4:52:36.043451700 PM",
="",26406,,,,,117,="",="2/5/2026 4:52:36.043746180 PM",
="",26411,,,,,117,="",="2/5/2026 4:52:36.047971480 PM",
="",26413,,,,,117,="",="2/5/2026 4:52:36.048886375 PM",
="",26415,,,,,117,="",="2/5/2026 4:52:36.067975245 PM",
="",26419,,,,,105,="",="2/5/2026 4:52:36.088769780 PM",
="",26430,,,,,117,="",="2/5/2026 4:52:36.108413355 PM",
="",26433,,,,,105,="",="2/5/2026 4:52:36.110490930 PM",
="",26436,,,,,105,="",="2/5/2026 4:52:36.111060490 PM",
="",26438,,,,,121,="",="2/5/2026 4:52:36.111305900 PM",
="",26439,,,,,117,="",="2/5/2026 4:52:36.111354770 PM",
="",26441,,,,,35,="",="2/5/2026 4:52:36.119975080 PM",
="",26456,,,,,117,="",="2/5/2026 4:52:36.151392115 PM",
="",26471,,,,,105,="",="2/5/2026 4:52:36.178262820 PM",
="",26479,,,,,117,="",="2/5/2026 4:52:36.180527110 PM",
="",26499,,,,,403,="",="2/5/2026 4:52:36.239193965 PM",
="",26503,,,,,117,="",="2/5/2026 4:52:36.242625890 PM",
="",26506,,,,,117,="",="2/5/2026 4:52:36.243532050 PM",
="",26522,,,,,117,="",="2/5/2026 4:52:36.264517060 PM",
="",26526,,,,,117,="",="2/5/2026 4:52:36.267885815 PM",
="",26538,,,,,105,="",="2/5/2026 4:52:36.308589550 PM",
="",26541,,,,,105,="",="2/5/2026 4:52:36.309720735 PM",
="",26544,,,,,105,="",="2/5/2026 4:52:36.311058930 PM",
="",26549,,,,,105,="",="2/5/2026 4:52:36.312702725 PM",
="",26554,,,,,375,="",="2/5/2026 4:52:36.314416885 PM",
="",26555,,,,,398,="",="2/5/2026 4:52:36.314833815 PM",
="",26573,,,,,117,="",="2/5/2026 4:52:36.350153525 PM",
="",26591,,,,,398,="",="2/5/2026 4:52:36.373517330 PM",
="",26596,,,,,117,="",="2/5/2026 4:52:36.375978035 PM",
="",26599,,,,,117,="",="2/5/2026 4:52:36.377121475 PM",
="",26601,,,,,189,="",="2/5/2026 4:52:36.377489370 PM",
="",26604,,,,,117,="",="2/5/2026 4:52:36.378303075 PM",
="",26610,,,,,117,="",="2/5/2026 4:52:36.380125145 PM",
="",26616,,,,,99,="",="2/5/2026 4:52:36.382133000 PM",
="",26619,,,,,105,="",="2/5/2026 4:52:36.382449690 PM",
="",26632,,,,,117,="",="2/5/2026 4:52:36.386569985 PM",
="",26637,,,,,117,="",="2/5/2026 4:52:36.401082100 PM",
="",26644,,,,,117,="",="2/5/2026 4:52:36.422885775 PM",
="",26649,,,,,117,="",="2/5/2026 4:52:36.442984490 PM",
="",26658,,,,,121,="",="2/5/2026 4:52:36.466344955 PM",
="",26662,,,,,117,="",="2/5/2026 4:52:36.489728075 PM",
="",26670,,,,,117,="",="2/5/2026 4:52:36.509930450 PM",
="",26672,,,,,117,="",="2/5/2026 4:52:36.511790775 PM",
="",26674,,,,,117,="",="2/5/2026 4:52:36.513556295 PM",
="",26677,,,,,117,="",="2/5/2026 4:52:36.514155335 PM",
="",26695,,,,,117,="",="2/5/2026 4:52:36.552855065 PM",
="",26701,,,,,117,="",="2/5/2026 4:52:36.576520500 PM",
="",26703,,,,,117,="",="2/5/2026 4:52:36.577339645 PM",
="",26705,,,,,117,="",="2/5/2026 4:52:36.579037535 PM",
="",26707,,,,,117,="",="2/5/2026 4:52:36.579744100 PM",
="",26711,,,,,117,="",="2/5/2026 4:52:36.600994910 PM",
="",26717,,,,,117,="",="2/5/2026 4:52:36.622729515 PM",
="",26723,,,,,105,="",="2/5/2026 4:52:36.642376930 PM",
="",26730,,,,,117,="",="2/5/2026 4:52:36.643526975 PM",
="",26731,,,,,117,="",="2/5/2026 4:52:36.643575505 PM",
="",26732,,,,,105,="",="2/5/2026 4:52:36.644002245 PM",
="",26734,,,,,117,="",="2/5/2026 4:52:36.644244100 PM",
="",26735,,,,,117,="",="2/5/2026 4:52:36.644292645 PM",
="",26740,,,,,117,="",="2/5/2026 4:52:36.661572340 PM",
="",26749,,,,,117,="",="2/5/2026 4:52:36.688543090 PM",
="",26750,,,,,117,="",="2/5/2026 4:52:36.705228670 PM",
="",26757,,,,,117,="",="2/5/2026 4:52:36.713547750 PM",
="",26779,,,,,117,="",="2/5/2026 4:52:36.776064070 PM",
="",26781,,,,,105,="",="2/5/2026 4:52:36.777580045 PM",
="",26783,,,,,109,="",="2/5/2026 4:52:36.778544540 PM",
="",26787,,,,,213,="",="2/5/2026 4:52:36.785119710 PM",
="",26789,,,,,117,="",="2/5/2026 4:52:36.794957945 PM",
="",26807,,,,,117,="",="2/5/2026 4:52:36.859200770 PM",
="",26812,,,,,117,="",="2/5/2026 4:52:36.880906840 PM",
="",26817,,,,,117,="",="2/5/2026 4:52:36.906208700 PM",
="",26819,,,,,117,="",="2/5/2026 4:52:36.909869080 PM",
="",26821,,,,,117,="",="2/5/2026 4:52:36.910694145 PM",
="",26823,,,,,117,="",="2/5/2026 4:52:36.911546530 PM",
="",26830,,,,,117,="",="2/5/2026 4:52:36.928116900 PM",
="",26837,,,,,308,="",="2/5/2026 4:52:36.938518845 PM",
="",26848,,,,,117,="",="2/5/2026 4:52:36.975534650 PM",
="",26851,,,,,375,="",="2/5/2026 4:52:36.987099180 PM",
="",26852,,,,,99,="",="2/5/2026 4:52:36.990869525 PM",
="",26867,,,,,316,="",="2/5/2026 4:52:37.046411660 PM",
="",26873,,,,,170,="",="2/5/2026 4:52:37.072907510 PM",
="",26891,,,,,546,="",="2/5/2026 4:52:37.132215680 PM",
="",26901,,,,,99,="",="2/5/2026 4:52:37.176831870 PM",
="",26910,,,,,117,="",="2/5/2026 4:52:37.182344280 PM",
="",26912,,,,,117,="",="2/5/2026 4:52:37.183233480 PM",
="",26914,,,,,99,="",="2/5/2026 4:52:37.184545595 PM",
="",26920,,,,,117,="",="2/5/2026 4:52:37.188855390 PM",
="",26921,,,,,117,="",="2/5/2026 4:52:37.189626585 PM",
="",26924,,,,,117,="",="2/5/2026 4:52:37.191141695 PM",
="",26927,,,,,117,="",="2/5/2026 4:52:37.193046115 PM",
="",26929,,,,,339,="",="2/5/2026 4:52:37.195510495 PM",
="",26932,,,,,117,="",="2/5/2026 4:52:37.207441865 PM",
="",26934,,,,,117,="",="2/5/2026 4:52:37.208918265 PM",
="",26937,,,,,117,="",="2/5/2026 4:52:37.209584695 PM",
="",26941,,,,,117,="",="2/5/2026 4:52:37.211991365 PM",
="",26942,,,,,117,="",="2/5/2026 4:52:37.214334565 PM",
="",26946,,,,,99,="",="2/5/2026 4:52:37.221789880 PM",
="",26952,,,,,117,="",="2/5/2026 4:52:37.228417060 PM",
="",26954,,,,,117,="",="2/5/2026 4:52:37.231222415 PM",
="",26957,,,,,117,="",="2/5/2026 4:52:37.233554055 PM",
="",26961,,,,,117,="",="2/5/2026 4:52:37.235194730 PM",
="",26963,,,,,117,="",="2/5/2026 4:52:37.237081655 PM",
="",26965,,,,,117,="",="2/5/2026 4:52:37.237736085 PM",
="",26966,,,,,99,="",="2/5/2026 4:52:37.241419255 PM",
="",26968,,,,,117,="",="2/5/2026 4:52:37.249038120 PM",
="",26969,,,,,99,="",="2/5/2026 4:52:37.249474075 PM",
="",26970,,,,,375,="",="2/5/2026 4:52:37.251588120 PM",
="",26971,,,,,99,="",="2/5/2026 4:52:37.252690675 PM",
="",26979,,,,,117,="",="2/5/2026 4:52:37.270709975 PM",
="",26983,,,,,117,="",="2/5/2026 4:52:37.273344215 PM",
="",26985,,,,,117,="",="2/5/2026 4:52:37.274961315 PM",
="",26987,,,,,117,="",="2/5/2026 4:52:37.275687375 PM",
="",26988,,,,,99,="",="2/5/2026 4:52:37.276543975 PM",
="",26989,,,,,117,="",="2/5/2026 4:52:37.276791505 PM",
="",26991,,,,,117,="",="2/5/2026 4:52:37.279467920 PM",
="",26996,,,,,117,="",="2/5/2026 4:52:37.283868695 PM",
="",26998,,,,,117,="",="2/5/2026 4:52:37.284846725 PM",
="",26999,,,,,213,="",="2/5/2026 4:52:37.285077590 PM",
="",27001,,,,,99,="",="2/5/2026 4:52:37.286252205 PM",
="",27003,,,,,117,="",="2/5/2026 4:52:37.290541265 PM",
="",27006,,,,,99,="",="2/5/2026 4:52:37.295199065 PM",
="",27012,,,,,117,="",="2/5/2026 4:52:37.300647885 PM",
="",27014,,,,,117,="",="2/5/2026 4:52:37.301329370 PM",
="",27018,,,,,117,="",="2/5/2026 4:52:37.303565805 PM",
="",27020,,,,,117,="",="2/5/2026 4:52:37.304188740 PM",
="",27026,,,,,117,="",="2/5/2026 4:52:37.330394895 PM",
="",27034,,,,,117,="",="2/5/2026 4:52:37.351038035 PM",
="",27040,,,,,117,="",="2/5/2026 4:52:37.388809530 PM",
="",27043,,,,,99,="",="2/5/2026 4:52:37.393519400 PM",
="",27047,,,,,315,="",="2/5/2026 4:52:37.400136780 PM",
="",27049,,,,,117,="",="2/5/2026 4:52:37.423359345 PM",
="",27055,,,,,117,="",="2/5/2026 4:52:37.436089300 PM",
="",27059,,,,,117,="",="2/5/2026 4:52:37.445144965 PM",
="",27060,,,,,117,="",="2/5/2026 4:52:37.446739025 PM",
="",27062,,,,,117,="",="2/5/2026 4:52:37.448160530 PM",
="",27072,,,,,99,="",="2/5/2026 4:52:37.477965570 PM",
="",27076,,,,,316,="",="2/5/2026 4:52:37.499082230 PM",
="",27077,,,,,454,="",="2/5/2026 4:52:37.501659275 PM",
="",27079,,,,,117,="",="2/5/2026 4:52:37.508862685 PM",
="",27086,,,,,117,="",="2/5/2026 4:52:37.511997335 PM",
="",27090,,,,,117,="",="2/5/2026 4:52:37.513333435 PM",
="",27094,,,,,117,="",="2/5/2026 4:52:37.515507975 PM",
="",27098,,,,,117,="",="2/5/2026 4:52:37.519335615 PM",
="",27116,,,,,117,="",="2/5/2026 4:52:37.562554520 PM",
="",27117,,,,,117,="",="2/5/2026 4:52:37.563137440 PM",
="",27118,,,,,117,="",="2/5/2026 4:52:37.563371265 PM",
="",27120,,,,,117,="",="2/5/2026 4:52:37.575872675 PM",
="",27122,,,,,117,="",="2/5/2026 4:52:37.577937675 PM",
="",27125,,,,,117,="",="2/5/2026 4:52:37.581942805 PM",
="",27132,,,,,375,="",="2/5/2026 4:52:37.601843155 PM",
="",27135,,,,,117,="",="2/5/2026 4:52:37.604954735 PM",
="",27145,,,,,117,="",="2/5/2026 4:52:37.642136350 PM",
="",27147,,,,,117,="",="2/5/2026 4:52:37.643015710 PM",
="",27153,,,,,117,="",="2/5/2026 4:52:37.644789565 PM",
="",27157,,,,,117,="",="2/5/2026 4:52:37.646809110 PM",
="",27159,,,,,117,="",="2/5/2026 4:52:37.647696270 PM",
="",27161,,,,,117,="",="2/5/2026 4:52:37.650840600 PM",
="",27171,,,,,117,="",="2/5/2026 4:52:37.694556275 PM",
="",27173,,,,,117,="",="2/5/2026 4:52:37.710659410 PM",
="",27176,,,,,117,="",="2/5/2026 4:52:37.711385270 PM",
="",27179,,,,,117,="",="2/5/2026 4:52:37.713033625 PM",
="",27181,,,,,117,="",="2/5/2026 4:52:37.714181370 PM",
="",27183,,,,,117,="",="2/5/2026 4:52:37.715578260 PM",
="",27188,,,,,117,="",="2/5/2026 4:52:37.736208495 PM",
="",27192,,,,,117,="",="2/5/2026 4:52:37.753057050 PM",
="",27200,,,,,316,="",="2/5/2026 4:52:37.763244080 PM",
="",27201,,,,,375,="",="2/5/2026 4:52:37.763595615 PM",
="",27204,,,,,117,="",="2/5/2026 4:52:37.776567550 PM",
="",27206,,,,,99,="",="2/5/2026 4:52:37.777871490 PM",
="",27209,,,,,117,="",="2/5/2026 4:52:37.780733220 PM",
="",27211,,,,,117,="",="2/5/2026 4:52:37.781759600 PM",
="",27215,,,,,117,="",="2/5/2026 4:52:37.782906585 PM",
="",27219,,,,,213,="",="2/5/2026 4:52:37.785145500 PM",
="",27230,,,,,117,="",="2/5/2026 4:52:37.824693025 PM",
="",27238,,,,,392,="",="2/5/2026 4:52:37.837400870 PM",
="",27243,,,,,392,="",="2/5/2026 4:52:37.843649555 PM",
="",27254,,,,,117,="",="2/5/2026 4:52:37.890566710 PM",
="",27260,,,,,398,="",="2/5/2026 4:52:37.909094630 PM",
="",27265,,,,,117,="",="2/5/2026 4:52:37.915984910 PM",
="",27277,,,,,398,="",="2/5/2026 4:52:37.953148225 PM",
="",27279,,,,,117,="",="2/5/2026 4:52:37.956657845 PM",
="",27285,,,,,117,="",="2/5/2026 4:52:37.978098995 PM",
="",27290,,,,,316,="",="2/5/2026 4:52:38.014542195 PM",
="",27307,,,,,117,="",="2/5/2026 4:52:38.045569460 PM",
="",27308,,,,,117,="",="2/5/2026 4:52:38.046237930 PM",
="",27310,,,,,117,="",="2/5/2026 4:52:38.046916480 PM",
="",27313,,,,,117,="",="2/5/2026 4:52:38.048405855 PM",
="",27319,,,,,117,="",="2/5/2026 4:52:38.069298275 PM",
="",27320,,,,,316,="",="2/5/2026 4:52:38.070426970 PM",
="",27322,,,,,398,="",="2/5/2026 4:52:38.071216890 PM",
="",27328,,,,,105,="",="2/5/2026 4:52:38.090646020 PM",
="",27330,,,,,117,="",="2/5/2026 4:52:38.090828910 PM",
="",27333,,,,,117,="",="2/5/2026 4:52:38.109086515 PM",
="",27336,,,,,117,="",="2/5/2026 4:52:38.111291655 PM",
="",27337,,,,,105,="",="2/5/2026 4:52:38.111759970 PM",
="",27339,,,,,117,="",="2/5/2026 4:52:38.112054530 PM",
="",27340,,,,,105,="",="2/5/2026 4:52:38.112558140 PM",
="",27342,,,,,117,="",="2/5/2026 4:52:38.112813045 PM",
="",27348,,,,,117,="",="2/5/2026 4:52:38.115223715 PM",
="",27350,,,,,117,="",="2/5/2026 4:52:38.115747005 PM",
="",27369,,,,,117,="",="2/5/2026 4:52:38.159693475 PM",
="",27384,,,,,117,="",="2/5/2026 4:52:38.177366000 PM",
="",27386,,,,,117,="",="2/5/2026 4:52:38.178288750 PM",
="",27389,,,,,117,="",="2/5/2026 4:52:38.179499845 PM",
="",27390,,,,,117,="",="2/5/2026 4:52:38.180608895 PM",
="",27399,,,,,117,="",="2/5/2026 4:52:38.222246100 PM",
="",27405,,,,,117,="",="2/5/2026 4:52:38.242631950 PM",
="",27409,,,,,117,="",="2/5/2026 4:52:38.244444445 PM",
="",27411,,,,,117,="",="2/5/2026 4:52:38.245297485 PM",
="",27422,,,,,117,="",="2/5/2026 4:52:38.269227495 PM",
="",27429,,,,,213,="",="2/5/2026 4:52:38.285071605 PM",
="",27438,,,,,117,="",="2/5/2026 4:52:38.310223525 PM",
="",27442,,,,,117,="",="2/5/2026 4:52:38.311728820 PM",
="",27475,,,,,117,="",="2/5/2026 4:52:38.376383915 PM",
="",27478,,,,,117,="",="2/5/2026 4:52:38.377224025 PM",
="",27482,,,,,105,="",="2/5/2026 4:52:38.378883895 PM",
="",27483,,,,,117,="",="2/5/2026 4:52:38.379940410 PM",
="",27484,,,,,117,="",="2/5/2026 4:52:38.380626975 PM",
="",27486,,,,,121,="",="2/5/2026 4:52:38.401386575 PM",
="",27490,,,,,117,="",="2/5/2026 4:52:38.402454305 PM",
="",27506,,,,,99,="",="2/5/2026 4:52:38.444712260 PM",
="",27507,,,,,117,="",="2/5/2026 4:52:38.444960110 PM",
="",27510,,,,,117,="",="2/5/2026 4:52:38.446345960 PM",
="",27518,,,,,99,="",="2/5/2026 4:52:38.467847155 PM",
="",27519,,,,,229,="",="2/5/2026 4:52:38.468650930 PM",
="",27523,,,,,117,="",="2/5/2026 4:52:38.480740640 PM",
="",27524,,,,,117,="",="2/5/2026 4:52:38.488650155 PM",
="",27529,,,,,117,="",="2/5/2026 4:52:38.511057350 PM",
="",27530,,,,,105,="",="2/5/2026 4:52:38.511398860 PM",
="",27538,,,,,121,="",="2/5/2026 4:52:38.514374435 PM",
="",27572,,,,,117,="",="2/5/2026 4:52:38.578020165 PM",
="",27575,,,,,117,="",="2/5/2026 4:52:38.579935800 PM",
="",27577,,,,,117,="",="2/5/2026 4:52:38.580630845 PM",
="",27583,,,,,105,="",="2/5/2026 4:52:38.641784140 PM",
="",27584,,,,,99,="",="2/5/2026 4:52:38.641823930 PM",
="",27591,,,,,105,="",="2/5/2026 4:52:38.644991420 PM",
="",27593,,,,,117,="",="2/5/2026 4:52:38.645263265 PM",
="",27594,,,,,117,="",="2/5/2026 4:52:38.645302865 PM",
="",27602,,,,,117,="",="2/5/2026 4:52:38.647770800 PM",
="",27616,,,,,117,="",="2/5/2026 4:52:38.668890230 PM",
="",27629,,,,,117,="",="2/5/2026 4:52:38.689558960 PM",
="",27631,,,,,117,="",="2/5/2026 4:52:38.706554815 PM",
="",27635,,,,,105,="",="2/5/2026 4:52:38.708745875 PM",
="",27637,,,,,117,="",="2/5/2026 4:52:38.709038275 PM",
="",27638,,,,,105,="",="2/5/2026 4:52:38.710580505 PM",
="",27641,,,,,99,="",="2/5/2026 4:52:38.711955970 PM",
="",27644,,,,,117,="",="2/5/2026 4:52:38.714406160 PM",
="",27651,,,,,117,="",="2/5/2026 4:52:38.734705100 PM",
="",27657,,,,,229,="",="2/5/2026 4:52:38.755816610 PM",
="",27671,,,,,213,="",="2/5/2026 4:52:38.785223190 PM",
="",27677,,,,,117,="",="2/5/2026 4:52:38.823669705 PM",
="",27686,,,,,117,="",="2/5/2026 4:52:38.843718300 PM",
="",27689,,,,,117,="",="2/5/2026 4:52:38.844533870 PM",
="",27713,,,,,105,="",="2/5/2026 4:52:38.889317100 PM",
="",27718,,,,,398,="",="2/5/2026 4:52:38.890429665 PM",
="",27721,,,,,117,="",="2/5/2026 4:52:38.909623000 PM",
="",27728,,,,,117,="",="2/5/2026 4:52:38.911403920 PM",
="",27729,,,,,105,="",="2/5/2026 4:52:38.911961520 PM",
="",27734,,,,,105,="",="2/5/2026 4:52:38.913720040 PM",
="",27737,,,,,105,="",="2/5/2026 4:52:38.914454740 PM",
="",27749,,,,,117,="",="2/5/2026 4:52:38.951067250 PM",
="",27750,,,,,105,="",="2/5/2026 4:52:38.954765245 PM",
="",27761,,,,,117,="",="2/5/2026 4:52:38.975749555 PM",
="",27766,,,,,316,="",="2/5/2026 4:52:38.976476320 PM",
="",27767,,,,,375,="",="2/5/2026 4:52:38.976850270 PM",
="",27768,,,,,398,="",="2/5/2026 4:52:38.977266640 PM",
="",27776,,,,,117,="",="2/5/2026 4:52:38.980643240 PM",
="",27781,,,,,398,="",="2/5/2026 4:52:38.992831390 PM",
="",27784,,,,,109,="",="2/5/2026 4:52:39.000867905 PM",
="",27786,,,,,117,="",="2/5/2026 4:52:39.003223550 PM",
="",27789,,,,,105,="",="2/5/2026 4:52:39.022384770 PM",
="",27791,,,,,117,="",="2/5/2026 4:52:39.022602300 PM",
="",27796,,,,,511,="",="2/5/2026 4:52:39.038569900 PM",
="",27803,,,,,117,="",="2/5/2026 4:52:39.046267700 PM",
="",27829,,,,,105,="",="2/5/2026 4:52:39.090796930 PM",
="",27831,,,,,117,="",="2/5/2026 4:52:39.090980405 PM",
="",27833,,,,,117,="",="2/5/2026 4:52:39.112322485 PM",
="",27853,,,,,117,="",="2/5/2026 4:52:39.175636080 PM",
="",27865,,,,,117,="",="2/5/2026 4:52:39.180609760 PM",
="",27866,,,,,105,="",="2/5/2026 4:52:39.181031725 PM",
="",27873,,,,,117,="",="2/5/2026 4:52:39.183005295 PM",
="",27874,,,,,121,="",="2/5/2026 4:52:39.183724035 PM",
="",27875,,,,,117,="",="2/5/2026 4:52:39.183772650 PM",
="",27876,,,,,105,="",="2/5/2026 4:52:39.184655810 PM",
="",27878,,,,,117,="",="2/5/2026 4:52:39.184950690 PM",
="",27879,,,,,117,="",="2/5/2026 4:52:39.185754220 PM",
="",27880,,,,,105,="",="2/5/2026 4:52:39.186678330 PM",
="",27882,,,,,117,="",="2/5/2026 4:52:39.186972890 PM",
="",27884,,,,,117,="",="2/5/2026 4:52:39.187688660 PM",
="",27888,,,,,117,="",="2/5/2026 4:52:39.189559220 PM",
="",27896,,,,,105,="",="2/5/2026 4:52:39.191719705 PM",
="",27897,,,,,117,="",="2/5/2026 4:52:39.192013760 PM",
="",27900,,,,,105,="",="2/5/2026 4:52:39.193927620 PM",
="",27903,,,,,109,="",="2/5/2026 4:52:39.194909715 PM",
="",27904,,,,,117,="",="2/5/2026 4:52:39.194957160 PM",
="",27905,,,,,105,="",="2/5/2026 4:52:39.196163095 PM",
="",27907,,,,,375,="",="2/5/2026 4:52:39.197217680 PM",
="",27908,,,,,105,="",="2/5/2026 4:52:39.198708625 PM",
="",27909,,,,,105,="",="2/5/2026 4:52:39.199438205 PM",
="",27915,,,,,117,="",="2/5/2026 4:52:39.202158795 PM",
="",27916,,,,,117,="",="2/5/2026 4:52:39.203484135 PM",
="",27922,,,,,117,="",="2/5/2026 4:52:39.220980320 PM",
="",27924,,,,,117,="",="2/5/2026 4:52:39.223499555 PM",
="",27925,,,,,511,="",="2/5/2026 4:52:39.223515040 PM",
="",27929,,,,,117,="",="2/5/2026 4:52:39.228429180 PM",
="",27933,,,,,117,="",="2/5/2026 4:52:39.234465575 PM",
="",27935,,,,,117,="",="2/5/2026 4:52:39.235209395 PM",
="",27951,,,,,117,="",="2/5/2026 4:52:39.245423540 PM",
="",27953,,,,,117,="",="2/5/2026 4:52:39.247307720 PM",
="",27954,,,,,117,="",="2/5/2026 4:52:39.248905380 PM",
="",27956,,,,,117,="",="2/5/2026 4:52:39.250536920 PM",
="",27960,,,,,117,="",="2/5/2026 4:52:39.252079285 PM",
="",27961,,,,,117,="",="2/5/2026 4:52:39.253424465 PM",
="",27962,,,,,117,="",="2/5/2026 4:52:39.253573245 PM",
="",27965,,,,,117,="",="2/5/2026 4:52:39.255222960 PM",
="",27967,,,,,117,="",="2/5/2026 4:52:39.255887805 PM",
="",27969,,,,,117,="",="2/5/2026 4:52:39.258380185 PM",
="",27972,,,,,105,="",="2/5/2026 4:52:39.260934795 PM",
="",27979,,,,,105,="",="2/5/2026 4:52:39.263484510 PM",
="",27982,,,,,117,="",="2/5/2026 4:52:39.268408460 PM",
="",27983,,,,,117,="",="2/5/2026 4:52:39.268456870 PM",
="",27986,,,,,99,="",="2/5/2026 4:52:39.269322045 PM",
="",27987,,,,,117,="",="2/5/2026 4:52:39.269569655 PM",
="",27989,,,,,117,="",="2/5/2026 4:52:39.270439735 PM",
="",27992,,,,,105,="",="2/5/2026 4:52:39.274159570 PM",
="",27994,,,,,117,="",="2/5/2026 4:52:39.274453850 PM",
="",27995,,,,,105,="",="2/5/2026 4:52:39.274849295 PM",
="",28007,,,,,213,="",="2/5/2026 4:52:39.285088455 PM",
="",28015,,,,,117,="",="2/5/2026 4:52:39.298367355 PM",
="",28017,,,,,398,="",="2/5/2026 4:52:39.300113735 PM",
="",28036,,,,,117,="",="2/5/2026 4:52:39.376844320 PM",
="",28039,,,,,117,="",="2/5/2026 4:52:39.383514660 PM",
="",28051,,,,,375,="",="2/5/2026 4:52:39.402020845 PM",
="",28052,,,,,398,="",="2/5/2026 4:52:39.402437095 PM",
="",28075,,,,,398,="",="2/5/2026 4:52:39.489139835 PM",
="",28096,,,,,117,="",="2/5/2026 4:52:39.563618010 PM",
="",28101,,,,,117,="",="2/5/2026 4:52:39.576616390 PM",
="",28104,,,,,117,="",="2/5/2026 4:52:39.578937015 PM",
="",28117,,,,,99,="",="2/5/2026 4:52:39.644363600 PM",
="",28118,,,,,117,="",="2/5/2026 4:52:39.646714160 PM",
="",28148,,,,,113,="",="2/5/2026 4:52:39.710078585 PM",
="",28150,,,,,113,="",="2/5/2026 4:52:39.710806485 PM",
="",28168,,,,,117,="",="2/5/2026 4:52:39.763689110 PM",
="",28169,,,,,99,="",="2/5/2026 4:52:39.780949725 PM",
="",28173,,,,,117,="",="2/5/2026 4:52:39.784565915 PM",
="",28174,,,,,213,="",="2/5/2026 4:52:39.785151035 PM",
="",28194,,,,,117,="",="2/5/2026 4:52:39.844470500 PM",
="",28209,,,,,398,="",="2/5/2026 4:52:39.898745515 PM",
="",28216,,,,,117,="",="2/5/2026 4:52:39.909017110 PM",
="",28219,,,,,117,="",="2/5/2026 4:52:39.909921730 PM",
="",28244,,,,,375,="",="2/5/2026 4:52:39.956692420 PM",
="",28253,,,,,117,="",="2/5/2026 4:52:39.980308120 PM",
="",28283,,,,,451,="",="2/5/2026 4:52:40.038562440 PM",
="",28318,,,,,117,="",="2/5/2026 4:52:40.110614245 PM",
="",28320,,,,,117,="",="2/5/2026 4:52:40.112012735 PM",
="",28324,,,,,404,="",="2/5/2026 4:52:40.127981430 PM",
="",28372,,,,,401,="",="2/5/2026 4:52:40.235869190 PM",
="",28377,,,,,117,="",="2/5/2026 4:52:40.244783855 PM",
="",28385,,,,,117,="",="2/5/2026 4:52:40.268133040 PM",
="",28387,,,,,213,="",="2/5/2026 4:52:40.285065385 PM",
="",28389,,,,,117,="",="2/5/2026 4:52:40.288758020 PM",
="",28394,,,,,316,="",="2/5/2026 4:52:40.307554935 PM",
="",28395,,,,,398,="",="2/5/2026 4:52:40.308345440 PM",
="",28396,,,,,99,="",="2/5/2026 4:52:40.310444290 PM",
="",28397,,,,,99,="",="2/5/2026 4:52:40.310979715 PM",
="",28401,,,,,117,="",="2/5/2026 4:52:40.312397685 PM",
="",28417,,,,,401,="",="2/5/2026 4:52:40.337773370 PM",
="",28424,,,,,460,="",="2/5/2026 4:52:40.353906150 PM",
="",28444,,,,,117,="",="2/5/2026 4:52:40.378432615 PM",
="",28448,,,,,117,="",="2/5/2026 4:52:40.380494110 PM",
="",28450,,,,,117,="",="2/5/2026 4:52:40.380975025 PM",
="",28453,,,,,460,="",="2/5/2026 4:52:40.394930180 PM",
="",28458,,,,,117,="",="2/5/2026 4:52:40.401099035 PM",
="",28463,,,,,117,="",="2/5/2026 4:52:40.409268155 PM",
="",28466,,,,,375,="",="2/5/2026 4:52:40.410346820 PM",
="",28473,,,,,121,="",="2/5/2026 4:52:40.413929180 PM",
="",28479,,,,,229,="",="2/5/2026 4:52:40.415072270 PM",
="",28481,,,,,117,="",="2/5/2026 4:52:40.415434910 PM",
="",28484,,,,,117,="",="2/5/2026 4:52:40.415893510 PM",
="",28486,,,,,117,="",="2/5/2026 4:52:40.417357635 PM",
="",28490,,,,,117,="",="2/5/2026 4:52:40.422157755 PM",
="",28491,,,,,229,="",="2/5/2026 4:52:40.425664840 PM",
="",28492,,,,,375,="",="2/5/2026 4:52:40.426036375 PM",
="",28493,,,,,229,="",="2/5/2026 4:52:40.426453545 PM",
="",28497,,,,,99,="",="2/5/2026 4:52:40.436136275 PM",
="",28518,,,,,515,="",="2/5/2026 4:52:40.486564920 PM",
="",28519,,,,,511,="",="2/5/2026 4:52:40.487645305 PM",
="",28521,,,,,113,="",="2/5/2026 4:52:40.489660720 PM",
="",28522,,,,,392,="",="2/5/2026 4:52:40.490077220 PM",
="",28527,,,,,440,="",="2/5/2026 4:52:40.497996490 PM",
="",28532,,,,,117,="",="2/5/2026 4:52:40.508867135 PM",
="",28534,,,,,117,="",="2/5/2026 4:52:40.510499570 PM",
="",28538,,,,,117,="",="2/5/2026 4:52:40.514643425 PM",
="",28543,,,,,189,="",="2/5/2026 4:52:40.516965330 PM",
="",28545,,,,,189,="",="2/5/2026 4:52:40.517248770 PM",
="",28584,,,,,117,="",="2/5/2026 4:52:40.575940355 PM",
="",28586,,,,,117,="",="2/5/2026 4:52:40.577582070 PM",
="",28587,,,,,117,="",="2/5/2026 4:52:40.578370985 PM",
="",28595,,,,,201,="",="2/5/2026 4:52:40.620410885 PM",
="",28598,,,,,117,="",="2/5/2026 4:52:40.623302620 PM",
="",28604,,,,,398,="",="2/5/2026 4:52:40.631262685 PM",
="",28612,,,,,117,="",="2/5/2026 4:52:40.642478095 PM",
="",28615,,,,,401,="",="2/5/2026 4:52:40.648040090 PM",
="",28624,,,,,117,="",="2/5/2026 4:52:40.667959070 PM",
="",28630,,,,,569,="",="2/5/2026 4:52:40.672161945 PM",
="",28639,,,,,569,="",="2/5/2026 4:52:40.683674430 PM",
="",28653,,,,,117,="",="2/5/2026 4:52:40.710211235 PM",
="",28655,,,,,117,="",="2/5/2026 4:52:40.710964070 PM",
="",28686,,,,,99,="",="2/5/2026 4:52:40.777686660 PM",
="",28688,,,,,117,="",="2/5/2026 4:52:40.779437165 PM",
="",28690,,,,,117,="",="2/5/2026 4:52:40.780177345 PM",
="",28693,,,,,213,="",="2/5/2026 4:52:40.785171145 PM",
="",28699,,,,,99,="",="2/5/2026 4:52:40.802392320 PM",
="",28700,,,,,117,="",="2/5/2026 4:52:40.802528070 PM",
="",28715,,,,,316,="",="2/5/2026 4:52:40.835269555 PM",
="",28718,,,,,117,="",="2/5/2026 4:52:40.843621810 PM",
="",28722,,,,,117,="",="2/5/2026 4:52:40.867801140 PM",
="",28737,,,,,398,="",="2/5/2026 4:52:40.922749360 PM",
="",28760,,,,,117,="",="2/5/2026 4:52:41.003137685 PM",
="",28772,,,,,375,="",="2/5/2026 4:52:41.040445815 PM",
="",28774,,,,,398,="",="2/5/2026 4:52:41.040862545 PM",
="",28776,,,,,117,="",="2/5/2026 4:52:41.045326955 PM",
="",28778,,,,,99,="",="2/5/2026 4:52:41.046643630 PM",
="",28779,,,,,117,="",="2/5/2026 4:52:41.046779235 PM",
="",28786,,,,,375,="",="2/5/2026 4:52:41.085769230 PM",
="",28788,,,,,117,="",="2/5/2026 4:52:41.088381345 PM",
="",28802,,,,,398,="",="2/5/2026 4:52:41.143276510 PM",
="",28809,,,,,339,="",="2/5/2026 4:52:41.180792215 PM",
="",28817,,,,,117,="",="2/5/2026 4:52:41.197335635 PM",
="",28827,,,,,117,="",="2/5/2026 4:52:41.220324790 PM",
="",28829,,,,,117,="",="2/5/2026 4:52:41.221239885 PM",
="",28831,,,,,117,="",="2/5/2026 4:52:41.221957210 PM",
="",28833,,,,,117,="",="2/5/2026 4:52:41.222585705 PM",
="",28835,,,,,117,="",="2/5/2026 4:52:41.224342720 PM",
="",28840,,,,,117,="",="2/5/2026 4:52:41.230707970 PM",
="",28852,,,,,117,="",="2/5/2026 4:52:41.243436270 PM",
="",28856,,,,,117,="",="2/5/2026 4:52:41.249929860 PM",
="",28857,,,,,99,="",="2/5/2026 4:52:41.251009270 PM",
="",28861,,,,,117,="",="2/5/2026 4:52:41.253918970 PM",
="",28862,,,,,460,="",="2/5/2026 4:52:41.253992190 PM",
="",28872,,,,,117,="",="2/5/2026 4:52:41.275574815 PM",
="",28877,,,,,392,="",="2/5/2026 4:52:41.290675155 PM",
="",28879,,,,,99,="",="2/5/2026 4:52:41.300597985 PM",
="",28884,,,,,117,="",="2/5/2026 4:52:41.303796115 PM",
="",28902,,,,,375,="",="2/5/2026 4:52:41.331945095 PM",
="",28905,,,,,117,="",="2/5/2026 4:52:41.335393355 PM",
="",28909,,,,,375,="",="2/5/2026 4:52:41.347652505 PM",
="",28910,,,,,398,="",="2/5/2026 4:52:41.348067060 PM",
="",28942,,,,,117,="",="2/5/2026 4:52:41.444498745 PM",
="",28956,,,,,398,="",="2/5/2026 4:52:41.493141580 PM",
="",28957,,,,,339,="",="2/5/2026 4:52:41.495609660 PM",
="",28999,,,,,375,="",="2/5/2026 4:52:41.654855325 PM",
="",29015,,,,,397,="",="2/5/2026 4:52:41.727595790 PM",
="",29029,,,,,213,="",="2/5/2026 4:52:41.785393420 PM",
="",29054,,,,,401,="",="2/5/2026 4:52:41.876516035 PM",
="",29060,,,,,420,="",="2/5/2026 4:52:41.931704040 PM",
="",29065,,,,,185,="",="2/5/2026 4:52:41.940963435 PM",
="",29066,,,,,449,="",="2/5/2026 4:52:41.943979620 PM",
="",29099,,,,,398,="",="2/5/2026 4:52:42.064887890 PM",
="",29113,,,,,156,="",="2/5/2026 4:52:42.137771015 PM",
="",29114,,,,,156,="",="2/5/2026 4:52:42.138873320 PM",
="",29122,,,,,461,="",="2/5/2026 4:52:42.148900445 PM",
="",29126,,,,,315,="",="2/5/2026 4:52:42.160537605 PM",
="",29128,,,,,375,="",="2/5/2026 4:52:42.166863230 PM",
="",29154,,,,,117,="",="2/5/2026 4:52:42.245916555 PM",
="",29167,,,,,467,="",="2/5/2026 4:52:42.269976865 PM",
="",29175,,,,,398,="",="2/5/2026 4:52:42.312336600 PM",
="",29193,,,,,398,="",="2/5/2026 4:52:42.372082445 PM",
="",29194,,,,,467,="",="2/5/2026 4:52:42.374811205 PM",
="",29209,,,,,387,="",="2/5/2026 4:52:42.418076300 PM",
="",29225,,,,,398,="",="2/5/2026 4:52:42.474486675 PM",
="",29266,,,,,440,="",="2/5/2026 4:52:42.648004830 PM",
="",29303,,,,,117,="",="2/5/2026 4:52:42.752268200 PM",
="",29312,,,,,375,="",="2/5/2026 4:52:42.781272645 PM",
="",29313,,,,,398,="",="2/5/2026 4:52:42.781689095 PM",
="",29332,,,,,451,="",="2/5/2026 4:52:42.841985795 PM",
="",29339,,,,,398,="",="2/5/2026 4:52:42.868361900 PM",
="",29363,,,,,451,="",="2/5/2026 4:52:42.952391135 PM",
="",29367,,,,,451,="",="2/5/2026 4:52:42.953702195 PM",
="",29372,,,,,420,="",="2/5/2026 4:52:42.955568410 PM",
="",29418,,,,,117,="",="2/5/2026 4:52:43.147930665 PM",
="",29424,,,,,308,="",="2/5/2026 4:52:43.184919845 PM",
="",29463,,,,,440,="",="2/5/2026 4:52:43.364823990 PM",
="",29479,,,,,511,="",="2/5/2026 4:52:43.464912495 PM",
="",29486,,,,,105,="",="2/5/2026 4:52:43.501652845 PM",
="",29559,,,,,74,="",="2/5/2026 4:52:43.825055580 PM",
="",29569,,,,,440,="",="2/5/2026 4:52:43.876864310 PM",
="",29602,,,,,515,="",="2/5/2026 4:52:44.056932340 PM",
="",29611,,,,,229,="",="2/5/2026 4:52:44.092301285 PM",
="",29628,,,,,442,="",="2/5/2026 4:52:44.140968605 PM",
="",29664,,,,,440,="",="2/5/2026 4:52:44.286361915 PM",
="",29667,,,,,515,="",="2/5/2026 4:52:44.292685955 PM",
="",29705,,,,,401,="",="2/5/2026 4:52:44.436542585 PM",
="",29744,,,,,511,="",="2/5/2026 4:52:44.545376410 PM",
="",29745,,,,,511,="",="2/5/2026 4:52:44.546004185 PM",
="",29758,,,,,511,="",="2/5/2026 4:52:44.564235030 PM",
="",29759,,,,,451,="",="2/5/2026 4:52:44.571191115 PM",
="",29761,,,,,451,="",="2/5/2026 4:52:44.572420850 PM",
="",29777,,,,,302,="",="2/5/2026 4:52:44.601492805 PM",
="",29792,,,,,105,="",="2/5/2026 4:52:44.646369690 PM",
="",29802,,,,,117,="",="2/5/2026 4:52:44.656314310 PM",
="",29805,,,,,377,="",="2/5/2026 4:52:44.658123690 PM",
="",29809,,,,,105,="",="2/5/2026 4:52:44.661764885 PM",
="",29810,,,,,105,="",="2/5/2026 4:52:44.662083140 PM",
="",29817,,,,,397,="",="2/5/2026 4:52:44.697277110 PM",
="",29819,,,,,378,="",="2/5/2026 4:52:44.700081010 PM",
="",29827,,,,,398,="",="2/5/2026 4:52:44.727318830 PM",
="",29835,,,,,401,="",="2/5/2026 4:52:44.743732405 PM",
="",29841,,,,,229,="",="2/5/2026 4:52:44.784653025 PM",
="",29842,,,,,420,="",="2/5/2026 4:52:44.798776915 PM",
="",29874,,,,,401,="",="2/5/2026 4:52:44.948550705 PM",
="",29914,,,,,467,="",="2/5/2026 4:52:45.137237210 PM",
="",29934,,,,,375,="",="2/5/2026 4:52:45.179129440 PM",
="",29935,,,,,484,="",="2/5/2026 4:52:45.182897045 PM",
="",29963,,,,,159,="",="2/5/2026 4:52:45.258618470 PM",
="",29966,,,,,484,="",="2/5/2026 4:52:45.263484760 PM",
="",30007,,,,,191,="",="2/5/2026 4:52:45.339042910 PM",
="",30009,,,,,128,="",="2/5/2026 4:52:45.339560435 PM",
="",30017,,,,,442,="",="2/5/2026 4:52:45.373066860 PM",
="",30050,,,,,420,="",="2/5/2026 4:52:45.515581145 PM",
="",30056,,,,,36,="",="2/5/2026 4:52:45.535510330 PM",
="",30070,,,,,316,="",="2/5/2026 4:52:45.588358315 PM",
="",30073,,,,,119,="",="2/5/2026 4:52:45.617330235 PM",
="",30076,,,,,119,="",="2/5/2026 4:52:45.617631075 PM",
="",30135,,,,,420,="",="2/5/2026 4:52:45.843110960 PM",
="",30152,,,,,420,="",="2/5/2026 4:52:45.925183370 PM",
="",30153,,,,,397,="",="2/5/2026 4:52:45.926071580 PM",
="",30162,,,,,484,="",="2/5/2026 4:52:45.962015690 PM",
="",30216,,,,,113,="",="2/5/2026 4:52:46.171724000 PM",
="",30227,,,,,369,="",="2/5/2026 4:52:46.198680335 PM",
="",30228,,,,,128,="",="2/5/2026 4:52:46.210680425 PM",
="",30240,,,,,159,="",="2/5/2026 4:52:46.243404670 PM",
="",30257,,,,,128,="",="2/5/2026 4:52:46.286679625 PM",
="",30258,,,,,99,="",="2/5/2026 4:52:46.286768010 PM",
="",30307,,,,,509,="",="2/5/2026 4:52:46.478001840 PM",
="",30389,,,,,119,="",="2/5/2026 4:52:46.819734615 PM",
="",30392,,,,,128,="",="2/5/2026 4:52:46.821384145 PM",
="",30400,,,,,141,="",="2/5/2026 4:52:46.880204810 PM",
="",30402,,,,,128,="",="2/5/2026 4:52:46.883599715 PM",
="",30405,,,,,128,="",="2/5/2026 4:52:46.884002360 PM",
="",30408,,,,,128,="",="2/5/2026 4:52:46.884586880 PM",
="",30411,,,,,128,="",="2/5/2026 4:52:46.885296125 PM",
="",30418,,,,,128,="",="2/5/2026 4:52:46.899479545 PM",
="",30434,,,,,128,="",="2/5/2026 4:52:46.939955325 PM",
="",30436,,,,,128,="",="2/5/2026 4:52:46.942302725 PM",
="",30438,,,,,128,="",="2/5/2026 4:52:46.943015105 PM",
="",30440,,,,,128,="",="2/5/2026 4:52:46.943744645 PM",
="",30460,,,,,122,="",="2/5/2026 4:52:47.005500860 PM",
="",30461,,,,,141,="",="2/5/2026 4:52:47.005590195 PM",
="",30465,,,,,398,="",="2/5/2026 4:52:47.022760170 PM",
="",30467,,,,,378,="",="2/5/2026 4:52:47.055231795 PM",
="",30469,,,,,113,="",="2/5/2026 4:52:47.059866590 PM",
="",30475,,,,,105,="",="2/5/2026 4:52:47.065177830 PM",
="",30482,,,,,113,="",="2/5/2026 4:52:47.078964140 PM",
="",30521,,,,,467,="",="2/5/2026 4:52:47.287627430 PM",
="",30535,,,,,105,="",="2/5/2026 4:52:47.324435660 PM",
="",30553,,,,,404,="",="2/5/2026 4:52:47.400641265 PM",
="",30558,,,,,379,="",="2/5/2026 4:52:47.423685280 PM",
="",30571,,,,,442,="",="2/5/2026 4:52:47.448661335 PM",
="",30588,,,,,375,="",="2/5/2026 4:52:47.534546740 PM",
="",30624,,,,,401,="",="2/5/2026 4:52:47.711094785 PM",
="",30633,,,,,369,="",="2/5/2026 4:52:47.733261795 PM",
="",30660,,,,,401,="",="2/5/2026 4:52:47.918165570 PM",
="",30673,,,,,448,="",="2/5/2026 4:52:47.978890155 PM",
="",30706,,,,,378,="",="2/5/2026 4:52:48.079264575 PM",
="",30741,,,,,401,="",="2/5/2026 4:52:48.225374585 PM",
="",30749,,,,,113,="",="2/5/2026 4:52:48.258573065 PM",
="",30752,,,,,569,="",="2/5/2026 4:52:48.262448830 PM",
="",30780,,,,,113,="",="2/5/2026 4:52:48.407692235 PM",
="",30800,,,,,339,="",="2/5/2026 4:52:48.461225395 PM",
="",30840,,,,,401,="",="2/5/2026 4:52:48.634976975 PM",
="",30852,,,,,105,="",="2/5/2026 4:52:48.677606870 PM",
="",30853,,,,,117,="",="2/5/2026 4:52:48.677719310 PM",
="",30856,,,,,105,="",="2/5/2026 4:52:48.681929440 PM",
="",30857,,,,,111,="",="2/5/2026 4:52:48.682092925 PM",
="",30901,,,,,105,="",="2/5/2026 4:52:48.781378520 PM",
="",30906,,,,,105,="",="2/5/2026 4:52:48.792129130 PM",
="",30907,,,,,105,="",="2/5/2026 4:52:48.792467905 PM",
="",30993,,,,,105,="",="2/5/2026 4:52:49.099688200 PM",
="",30994,,,,,227,="",="2/5/2026 4:52:49.099814310 PM",
="",30995,,,,,105,="",="2/5/2026 4:52:49.100514050 PM",
="",30999,,,,,227,="",="2/5/2026 4:52:49.101500720 PM",
="",31000,,,,,105,="",="2/5/2026 4:52:49.101779215 PM",
="",31002,,,,,105,="",="2/5/2026 4:52:49.104999295 PM",
="",31005,,,,,105,="",="2/5/2026 4:52:49.107045615 PM",
="",31008,,,,,105,="",="2/5/2026 4:52:49.135005170 PM",
="",31009,,,,,105,="",="2/5/2026 4:52:49.135160670 PM",
="",31010,,,,,229,="",="2/5/2026 4:52:49.135265950 PM",
="",31011,,,,,105,="",="2/5/2026 4:52:49.135429295 PM",
="",31012,,,,,105,="",="2/5/2026 4:52:49.136370405 PM",
="",31013,,,,,249,="",="2/5/2026 4:52:49.136892335 PM",
="",31016,,,,,113,="",="2/5/2026 4:52:49.140259170 PM",
="",31017,,,,,113,="",="2/5/2026 4:52:49.140586745 PM",
="",31018,,,,,113,="",="2/5/2026 4:52:49.140898120 PM",
="",31019,,,,,113,="",="2/5/2026 4:52:49.141219815 PM",
="",31022,,,,,105,="",="2/5/2026 4:52:49.150409125 PM",
="",31023,,,,,117,="",="2/5/2026 4:52:49.150532455 PM",
="",31032,,,,,117,="",="2/5/2026 4:52:49.186567520 PM",
="",31033,,,,,117,="",="2/5/2026 4:52:49.188136485 PM",
="",31034,,,,,105,="",="2/5/2026 4:52:49.190355985 PM",
="",31035,,,,,105,="",="2/5/2026 4:52:49.193553665 PM",
="",31073,,,,,315,="",="2/5/2026 4:52:49.363191130 PM",
="",31093,,,,,105,="",="2/5/2026 4:52:49.428380515 PM",
="",31094,,,,,105,="",="2/5/2026 4:52:49.428858510 PM",
="",31096,,,,,467,="",="2/5/2026 4:52:49.438067825 PM",
="",31116,,,,,113,="",="2/5/2026 4:52:49.485005270 PM",
="",31117,,,,,113,="",="2/5/2026 4:52:49.485621925 PM",
="",31118,,,,,113,="",="2/5/2026 4:52:49.486250940 PM",
="",31119,,,,,316,="",="2/5/2026 4:52:49.495170535 PM",
="",31123,,,,,315,="",="2/5/2026 4:52:49.496265675 PM",
="",31139,,,,,105,="",="2/5/2026 4:52:49.538932980 PM",
="",31151,,,,,379,="",="2/5/2026 4:52:49.572697690 PM",
="",31164,,,,,315,="",="2/5/2026 4:52:49.598307180 PM",
="",31179,,,,,105,="",="2/5/2026 4:52:49.649851290 PM",
="",31180,,,,,105,="",="2/5/2026 4:52:49.650119955 PM",
="",31182,,,,,117,="",="2/5/2026 4:52:49.650777430 PM",
="",31183,,,,,105,="",="2/5/2026 4:52:49.650946740 PM",
="",31195,,,,,379,="",="2/5/2026 4:52:49.675031355 PM",
="",31218,,,,,420,="",="2/5/2026 4:52:49.733448095 PM",
="",31220,,,,,113,="",="2/5/2026 4:52:49.755502350 PM",
="",31256,,,,,315,="",="2/5/2026 4:52:49.905143745 PM",
="",31268,,,,,369,="",="2/5/2026 4:52:49.984606055 PM",
="",31273,,,,,113,="",="2/5/2026 4:52:50.003863220 PM",
="",31274,,,,,315,="",="2/5/2026 4:52:50.007904430 PM",
="",31275,,,,,117,="",="2/5/2026 4:52:50.008677390 PM",
="",31277,,,,,113,="",="2/5/2026 4:52:50.033653925 PM",
="",31285,,,,,113,="",="2/5/2026 4:52:50.069254015 PM",
="",31286,,,,,113,="",="2/5/2026 4:52:50.071457235 PM",
="",31287,,,,,105,="",="2/5/2026 4:52:50.078229715 PM",
="",31289,,,,,105,="",="2/5/2026 4:52:50.081298095 PM",
="",31291,,,,,379,="",="2/5/2026 4:52:50.084366020 PM",
="",31307,,,,,105,="",="2/5/2026 4:52:50.138010280 PM",
="",31326,,,,,379,="",="2/5/2026 4:52:50.186701230 PM",
="",31440,,,,,105,="",="2/5/2026 4:52:50.557343810 PM",
="",31463,,,,,105,="",="2/5/2026 4:52:50.634261290 PM",
="",31480,,,,,113,="",="2/5/2026 4:52:50.715758485 PM",
="",31481,,,,,113,="",="2/5/2026 4:52:50.716048565 PM",
="",31511,,,,,420,="",="2/5/2026 4:52:50.840413665 PM",
="",31519,,,,,113,="",="2/5/2026 4:52:50.894452760 PM",
="",31520,,,,,105,="",="2/5/2026 4:52:50.895665600 PM",
="",31535,,,,,515,="",="2/5/2026 4:52:50.930196495 PM",
="",31544,,,,,113,="",="2/5/2026 4:52:50.956599445 PM",
="",31601,,,,,315,="",="2/5/2026 4:52:51.133935635 PM",
="",31629,,,,,105,="",="2/5/2026 4:52:51.258769645 PM",
="",31643,,,,,105,="",="2/5/2026 4:52:51.317896660 PM",
="",31648,,,,,315,="",="2/5/2026 4:52:51.338761330 PM",
="",31661,,,,,369,="",="2/5/2026 4:52:51.418668820 PM",
="",31668,,,,,415,="",="2/5/2026 4:52:51.455155125 PM",
="",31697,,,,,467,="",="2/5/2026 4:52:51.588525290 PM",
="",31706,,,,,401,="",="2/5/2026 4:52:51.601849050 PM",
="",31736,,,,,401,="",="2/5/2026 4:52:51.704260785 PM",
="",31826,,,,,388,="",="2/5/2026 4:52:52.082422570 PM",
="",31834,,,,,401,="",="2/5/2026 4:52:52.113855935 PM",
="",31849,,,,,451,="",="2/5/2026 4:52:52.164573930 PM",
="",31851,,,,,388,="",="2/5/2026 4:52:52.184808355 PM",
="",31885,,,,,339,="",="2/5/2026 4:52:52.342967930 PM",
="",31893,,,,,378,="",="2/5/2026 4:52:52.380049755 PM",
="",31943,,,,,401,="",="2/5/2026 4:52:52.523803750 PM",
="",31975,,,,,388,="",="2/5/2026 4:52:52.696812420 PM",
="",31987,,,,,105,="",="2/5/2026 4:52:52.750759630 PM",
="",31988,,,,,105,="",="2/5/2026 4:52:52.751036950 PM",
="",31990,,,,,229,="",="2/5/2026 4:52:52.751528420 PM",
="",31995,,,,,420,="",="2/5/2026 4:52:52.786025660 PM",
="",31997,,,,,105,="",="2/5/2026 4:52:52.793096760 PM",
="",32027,,,,,105,="",="2/5/2026 4:52:52.928011845 PM",
="",32049,,,,,461,="",="2/5/2026 4:52:53.003440535 PM",
="",32059,,,,,105,="",="2/5/2026 4:52:53.057477485 PM",
="",32154,,,,,378,="",="2/5/2026 4:52:53.405339505 PM",
="",32156,,,,,388,="",="2/5/2026 4:52:53.413619895 PM",
="",32158,,,,,404,="",="2/5/2026 4:52:53.442292845 PM",
="",32163,,,,,338,="",="2/5/2026 4:52:53.458299025 PM",
="",32166,,,,,369,="",="2/5/2026 4:52:53.463979315 PM",
="",32179,,,,,401,="",="2/5/2026 4:52:53.550180845 PM",
="",32191,,,,,117,="",="2/5/2026 4:52:53.569896170 PM",
="",32211,,,,,128,="",="2/5/2026 4:52:53.642477340 PM",
="",32215,,,,,401,="",="2/5/2026 4:52:53.649874295 PM",
="",32231,,,,,401,="",="2/5/2026 4:52:53.754988355 PM",
="",32249,,,,,404,="",="2/5/2026 4:52:53.849498780 PM",
="",32253,,,,,401,="",="2/5/2026 4:52:53.855003700 PM",
="",32269,,,,,484,="",="2/5/2026 4:52:53.877984295 PM",
="",32273,,,,,484,="",="2/5/2026 4:52:53.882652655 PM",
="",32294,,,,,404,="",="2/5/2026 4:52:53.954305185 PM",
="",32296,,,,,401,="",="2/5/2026 4:52:53.957059870 PM",
="",32310,,,,,369,="",="2/5/2026 4:52:53.975793865 PM",
="",32326,,,,,461,="",="2/5/2026 4:52:54.027467650 PM",
="",32354,,,,,378,="",="2/5/2026 4:52:54.120883995 PM",
="",32359,,,,,113,="",="2/5/2026 4:52:54.147099775 PM",
="",32373,,,,,117,="",="2/5/2026 4:52:54.195937695 PM",
="",32387,,,,,315,="",="2/5/2026 4:52:54.277342805 PM",
="",32410,,,,,315,="",="2/5/2026 4:52:54.411221630 PM",
="",32414,,,,,415,="",="2/5/2026 4:52:54.424763125 PM",
="",32429,,,,,105,="",="2/5/2026 4:52:54.478984080 PM",
="",32485,,,,,415,="",="2/5/2026 4:52:54.631356400 PM",
="",32490,,,,,105,="",="2/5/2026 4:52:54.649307620 PM",
="",32499,,,,,377,="",="2/5/2026 4:52:54.687113875 PM",
="",32504,,,,,369,="",="2/5/2026 4:52:54.692226025 PM",
="",32512,,,,,99,="",="2/5/2026 4:52:54.704371250 PM",
="",32554,,,,,105,="",="2/5/2026 4:52:54.936032025 PM",
="",32556,,,,,105,="",="2/5/2026 4:52:54.943778045 PM",
="",32557,,,,,105,="",="2/5/2026 4:52:54.944102820 PM",
="",32558,,,,,103,="",="2/5/2026 4:52:54.946410200 PM",
="",32567,,,,,401,="",="2/5/2026 4:52:54.981548535 PM",
="",32578,,,,,99,="",="2/5/2026 4:52:55.019329240 PM",
="",32579,,,,,116,="",="2/5/2026 4:52:55.019371735 PM",
="",32580,,,,,113,="",="2/5/2026 4:52:55.034444900 PM",
="",32582,,,,,105,="",="2/5/2026 4:52:55.044308615 PM",
="",32583,,,,,105,="",="2/5/2026 4:52:55.044641910 PM",
="",32584,,,,,105,="",="2/5/2026 4:52:55.045470855 PM",
="",32588,,,,,105,="",="2/5/2026 4:52:55.074731775 PM",
="",32590,,,,,119,="",="2/5/2026 4:52:55.076204220 PM",
="",32591,,,,,105,="",="2/5/2026 4:52:55.076368970 PM",
="",32593,,,,,128,="",="2/5/2026 4:52:55.076797220 PM",
="",32595,,,,,99,="",="2/5/2026 4:52:55.077634885 PM",
="",32596,,,,,128,="",="2/5/2026 4:52:55.077677980 PM",
="",32598,,,,,128,="",="2/5/2026 4:52:55.078250020 PM",
="",32652,,,,,115,="",="2/5/2026 4:52:55.251218945 PM",
="",32688,,,,,113,="",="2/5/2026 4:52:55.357970435 PM",
="",32690,,,,,105,="",="2/5/2026 4:52:55.359263470 PM",
="",32698,,,,,401,="",="2/5/2026 4:52:55.391146285 PM",
="",32715,,,,,119,="",="2/5/2026 4:52:55.453656265 PM",
="",32740,,,,,105,="",="2/5/2026 4:52:55.602207875 PM",
="",32741,,,,,128,="",="2/5/2026 4:52:55.602302215 PM",
="",32742,,,,,105,="",="2/5/2026 4:52:55.603206280 PM",
="",32743,,,,,128,="",="2/5/2026 4:52:55.603300515 PM",
="",32746,,,,,128,="",="2/5/2026 4:52:55.604219290 PM",
="",32750,,,,,128,="",="2/5/2026 4:52:55.604830545 PM",
="",32754,,,,,128,="",="2/5/2026 4:52:55.605513575 PM",
="",32763,,,,,105,="",="2/5/2026 4:52:55.653142170 PM",
="",32766,,,,,113,="",="2/5/2026 4:52:55.653389295 PM",
="",32780,,,,,149,="",="2/5/2026 4:52:55.719513080 PM",
="",32784,,,,,239,="",="2/5/2026 4:52:55.721727880 PM",
="",32787,,,,,128,="",="2/5/2026 4:52:55.722770880 PM",
="",32792,,,,,164,="",="2/5/2026 4:52:55.724525975 PM",
="",32793,,,,,117,="",="2/5/2026 4:52:55.724669390 PM",
="",32799,,,,,105,="",="2/5/2026 4:52:55.761086515 PM",
="",32805,,,,,128,="",="2/5/2026 4:52:55.793682005 PM",
="",32808,,,,,448,="",="2/5/2026 4:52:55.794440475 PM",
="",32811,,,,,158,="",="2/5/2026 4:52:55.798464425 PM",
="",32813,,,,,158,="",="2/5/2026 4:52:55.799567675 PM",
="",32817,,,,,379,="",="2/5/2026 4:52:55.816346085 PM",
="",32820,,,,,128,="",="2/5/2026 4:52:55.822840495 PM",
="",32831,,,,,141,="",="2/5/2026 4:52:55.846000600 PM",
="",32834,,,,,128,="",="2/5/2026 4:52:55.848084245 PM",
="",32836,,,,,176,="",="2/5/2026 4:52:55.849776925 PM",
="",32839,,,,,128,="",="2/5/2026 4:52:55.851809735 PM",
="",32843,,,,,128,="",="2/5/2026 4:52:55.852783020 PM",
="",32850,,,,,369,="",="2/5/2026 4:52:55.919961380 PM",
="",32853,,,,,149,="",="2/5/2026 4:52:55.924349565 PM",
="",32856,,,,,128,="",="2/5/2026 4:52:55.925523790 PM",
="",32858,,,,,128,="",="2/5/2026 4:52:55.926693230 PM",
="",32869,,,,,105,="",="2/5/2026 4:52:55.969794485 PM",
="",32880,,,,,404,="",="2/5/2026 4:52:56.000455570 PM",
="",32884,,,,,401,="",="2/5/2026 4:52:56.005940605 PM",
="",32888,,,,,369,="",="2/5/2026 4:52:56.025397495 PM",
="",32898,,,,,415,="",="2/5/2026 4:52:56.063164460 PM",
="",32900,,,,,378,="",="2/5/2026 4:52:56.066454030 PM",
="",32903,,,,,105,="",="2/5/2026 4:52:56.071638475 PM",
="",32911,,,,,442,="",="2/5/2026 4:52:56.097962390 PM",
="",32916,,,,,401,="",="2/5/2026 4:52:56.105076275 PM",
="",32997,,,,,420,="",="2/5/2026 4:52:56.472448075 PM",
="",32999,,,,,378,="",="2/5/2026 4:52:56.476078155 PM",
="",33003,,,,,128,="",="2/5/2026 4:52:56.509700260 PM",
