Bookmark,Frame#,SSI,Type,Subtype,Seq #,Addresses,Receive Addr,Transmit Addr,Address 3,ToDS,FromDS,Frag,Retry,More,Protected,FCS,Frame Size,Delta,Timestamp,
="",11,,,,,,,,,,,,,,,,235,="",="2/6/2026 6:48:14.579265165 AM",
="",13,,,,,,,,,,,,,,,,235,="",="2/6/2026 6:48:14.580185905 AM",
="",15,,,,,,,,,,,,,,,,229,="",="2/6/2026 6:48:14.580633160 AM",
="",17,,,,,,,,,,,,,,,,229,="",="2/6/2026 6:48:14.581218255 AM",
="",23,,,,,,,,,,,,,,,,229,="",="2/6/2026 6:48:14.584109015 AM",
="",31,,,,,,,,,,,,,,,,339,="",="2/6/2026 6:48:14.604103680 AM",
="",32,,,,,,,,,,,,,,,,366,="",="2/6/2026 6:48:14.604478065 AM",
="",45,,,,,,,,,,,,,,,,229,="",="2/6/2026 6:48:14.625891965 AM",
="",57,,,,,,,,,,,,,,,,229,="",="2/6/2026 6:48:14.645431755 AM",
="",58,,,,,,,,,,,,,,,,392,="",="2/6/2026 6:48:14.645805255 AM",
="",59,,,,,,,,,,,,,,,,425,="",="2/6/2026 6:48:14.646233890 AM",
="",65,,,,,,,,,,,,,,,,313,="",="2/6/2026 6:48:14.658570035 AM",
="",71,,,,,,,,,,,,,,,,421,="",="2/6/2026 6:48:14.673976030 AM",
="",73,,,,,,,,,,,,,,,,229,="",="2/6/2026 6:48:14.681222770 AM",
="",74,,,,,,,,,,,,,,,,229,="",="2/6/2026 6:48:14.681152930 AM",
="",75,,,,,,,,,,,,,,,,229,="",="2/6/2026 6:48:14.681534520 AM",
="",77,,,,,,,,,,,,,,,,392,="",="2/6/2026 6:48:14.683935520 AM",
="",78,,,,,,,,,,,,,,,,414,="",="2/6/2026 6:48:14.681170380 AM",
="",79,,,,,,,,,,,,,,,,229,="",="2/6/2026 6:48:14.681602150 AM",
="",80,,,,,,,,,,,,,,,,229,="",="2/6/2026 6:48:14.681902285 AM",
="",87,,,,,,,,,,,,,,,,366,="",="2/6/2026 6:48:14.707761880 AM",
="",92,,,,,,,,,,,,,,,,373,="",="2/6/2026 6:48:14.730286535 AM",
="",93,,,,,,,,,,,,,,,,396,="",="2/6/2026 6:48:14.727899805 AM",
="",98,,,,,,,,,,,,,,,,392,="",="2/6/2026 6:48:14.753890700 AM",
="",99,,,,,,,,,,,,,,,,425,="",="2/6/2026 6:48:14.753877420 AM",
="",102,,,,,,,,,,,,,,,,313,="",="2/6/2026 6:48:14.764957775 AM",
="",103,,,,,,,,,,,,,,,,229,="",="2/6/2026 6:48:14.764913255 AM",
="",104,,,,,,,,,,,,,,,,421,="",="2/6/2026 6:48:14.764902805 AM",
="",106,,,,,,,,,,,,,,,,373,="",="2/6/2026 6:48:14.767356165 AM",
="",110,,,,,,,,,,,,,,,,421,="",="2/6/2026 6:48:14.775071185 AM",
="",116,,,,,,,,,,,,,,,,211,="",="2/6/2026 6:48:14.779886850 AM",
="",120,,,,,,,,,,,,,,,,211,="",="2/6/2026 6:48:14.787698650 AM",
="",122,,,,,,,,,,,,,,,,211,="",="2/6/2026 6:48:14.788056160 AM",
="",137,,,,,,,,,,,,,,,,339,="",="2/6/2026 6:48:14.813891020 AM",
="",138,,,,,,,,,,,,,,,,229,="",="2/6/2026 6:48:14.813882745 AM",
="",146,,,,,,,,,,,,,,,,396,="",="2/6/2026 6:48:14.830434780 AM",
="",151,,,,,,,,,,,,,,,,313,="",="2/6/2026 6:48:14.850724085 AM",
="",152,,,,,,,,,,,,,,,,392,="",="2/6/2026 6:48:14.850681805 AM",
="",153,,,,,,,,,,,,,,,,425,="",="2/6/2026 6:48:14.851031450 AM",
="",165,,,,,,,,,,,,,,,,392,="",="2/6/2026 6:48:14.886657090 AM",
="",166,,,,,,,,,,,,,,,,229,="",="2/6/2026 6:48:14.884488850 AM",
="",171,,,,,,,,,,,,,,,,339,="",="2/6/2026 6:48:14.914089705 AM",
="",172,,,,,,,,,,,,,,,,366,="",="2/6/2026 6:48:14.914080845 AM",
="",182,,,,,,,,,,,,,,,,211,="",="2/6/2026 6:48:14.932854160 AM",
="",185,,,,,,,,,,,,,,,,211,="",="2/6/2026 6:48:14.933208545 AM",
="",186,,,,,,,,,,,,,,,,373,="",="2/6/2026 6:48:14.932501060 AM",
="",187,,,,,,,,,,,,,,,,396,="",="2/6/2026 6:48:14.932495065 AM",
="",191,,,,,,,,,,,,,,,,229,="",="2/6/2026 6:48:14.935796305 AM",
="",198,,,,,,,,,,,,,,,,392,="",="2/6/2026 6:48:14.956849720 AM",
="",201,,,,,,,,,,,,,,,,229,="",="2/6/2026 6:48:14.965458160 AM",
="",203,,,,,,,,,,,,,,,,373,="",="2/6/2026 6:48:14.967911520 AM",
="",206,,,,,,,,,,,,,,,,117,="",="2/6/2026 6:48:14.976640310 AM",
="",207,,,,,,,,,,,,,,,,117,="",="2/6/2026 6:48:14.976681475 AM",
="",208,,,,,,,,,,,,,,,,229,="",="2/6/2026 6:48:14.975070600 AM",
="",220,,,,,,,,,,,,,,,,99,="",="2/6/2026 6:48:15.008432345 AM",
="",221,,,,,,,,,,,,,,,,117,="",="2/6/2026 6:48:15.008472180 AM",
="",223,,,,,,,,,,,,,,,,392,="",="2/6/2026 6:48:15.010529845 AM",
="",224,,,,,,,,,,,,,,,,414,="",="2/6/2026 6:48:15.010924260 AM",
="",285,,,,,,,,,,,,,,,,392,="",="2/6/2026 6:48:15.058848735 AM",
="",286,,,,,,,,,,,,,,,,425,="",="2/6/2026 6:48:15.058830735 AM",
="",291,,,,,,,,,,,,,,,,229,="",="2/6/2026 6:48:15.068681925 AM",
="",293,,,,,,,,,,,,,,,,373,="",="2/6/2026 6:48:15.071114195 AM",
="",295,,,,,,,,,,,,,,,,430,="",="2/6/2026 6:48:15.079055720 AM",
="",296,,,,,,,,,,,,,,,,99,="",="2/6/2026 6:48:15.079499125 AM",
="",297,,,,,,,,,,,,,,,,117,="",="2/6/2026 6:48:15.079538960 AM",
="",305,,,,,,,,,,,,,,,,392,="",="2/6/2026 6:48:15.091263535 AM",
="",306,,,,,,,,,,,,,,,,414,="",="2/6/2026 6:48:15.090846695 AM",
="",315,,,,,,,,,,,,,,,,99,="",="2/6/2026 6:48:15.110899175 AM",
="",316,,,,,,,,,,,,,,,,117,="",="2/6/2026 6:48:15.110939010 AM",
="",351,,,,,,,,,,,,,,,,313,="",="2/6/2026 6:48:15.157432430 AM",
="",352,,,,,,,,,,,,,,,,392,="",="2/6/2026 6:48:15.157803410 AM",
="",353,,,,,,,,,,,,,,,,425,="",="2/6/2026 6:48:15.158231485 AM",
="",361,,,,,,,,,,,,,,,,313,="",="2/6/2026 6:48:15.168996835 AM",
="",363,,,,,,,,,,,,,,,,373,="",="2/6/2026 6:48:15.172434830 AM",
="",365,,,,,,,,,,,,,,,,313,="",="2/6/2026 6:48:15.176208300 AM",
="",366,,,,,,,,,,,,,,,,392,="",="2/6/2026 6:48:15.176579840 AM",
="",367,,,,,,,,,,,,,,,,430,="",="2/6/2026 6:48:15.177008640 AM",
="",375,,,,,,,,,,,,,,,,392,="",="2/6/2026 6:48:15.191289530 AM",
="",376,,,,,,,,,,,,,,,,414,="",="2/6/2026 6:48:15.191702050 AM",
="",395,,,,,,,,,,,,,,,,117,="",="2/6/2026 6:48:15.205895560 AM",
="",404,,,,,,,,,,,,,,,,366,="",="2/6/2026 6:48:15.218880640 AM",
="",405,,,,,,,,,,,,,,,,206,="",="2/6/2026 6:48:15.219311220 AM",
="",407,,,,,,,,,,,,,,,,117,="",="2/6/2026 6:48:15.221300770 AM",
="",438,,,,,,,,,,,,,,,,229,="",="2/6/2026 6:48:15.260632930 AM",
="",440,,,,,,,,,,,,,,,,125,="",="2/6/2026 6:48:15.261625185 AM",
="",441,,,,,,,,,,,,,,,,99,="",="2/6/2026 6:48:15.262195460 AM",
="",442,,,,,,,,,,,,,,,,117,="",="2/6/2026 6:48:15.262309825 AM",
="",445,,,,,,,,,,,,,,,,117,="",="2/6/2026 6:48:15.262914520 AM",
="",447,,,,,,,,,,,,,,,,117,="",="2/6/2026 6:48:15.263220215 AM",
="",456,,,,,,,,,,,,,,,,396,="",="2/6/2026 6:48:15.275239670 AM",
="",468,,,,,,,,,,,,,,,,99,="",="2/6/2026 6:48:15.288658800 AM",
="",469,,,,,,,,,,,,,,,,117,="",="2/6/2026 6:48:15.288776245 AM",
="",471,,,,,,,,,,,,,,,,167,="",="2/6/2026 6:48:15.291460830 AM",
="",473,,,,,,,,,,,,,,,,392,="",="2/6/2026 6:48:15.293729465 AM",
="",474,,,,,,,,,,,,,,,,414,="",="2/6/2026 6:48:15.294103120 AM",
="",475,,,,,,,,,,,,,,,,229,="",="2/6/2026 6:48:15.295091425 AM",
="",574,,,,,,,,,,,,,,,,388,="",="2/6/2026 6:48:15.335066755 AM",
="",597,,,,,,,,,,,,,,,,117,="",="2/6/2026 6:48:15.357378480 AM",
="",603,,,,,,,,,,,,,,,,313,="",="2/6/2026 6:48:15.362231905 AM",
="",604,,,,,,,,,,,,,,,,392,="",="2/6/2026 6:48:15.362603510 AM",
="",605,,,,,,,,,,,,,,,,425,="",="2/6/2026 6:48:15.363032200 AM",
="",619,,,,,,,,,,,,,,,,392,="",="2/6/2026 6:48:15.386805120 AM",
="",620,,,,,,,,,,,,,,,,229,="",="2/6/2026 6:48:15.387224645 AM",
="",625,,,,,,,,,,,,,,,,392,="",="2/6/2026 6:48:15.396091150 AM",
="",626,,,,,,,,,,,,,,,,414,="",="2/6/2026 6:48:15.396504030 AM",
="",627,,,,,,,,,,,,,,,,229,="",="2/6/2026 6:48:15.397002835 AM",
="",639,,,,,,,,,,,,,,,,197,="",="2/6/2026 6:48:15.416520060 AM",
="",644,,,,,,,,,,,,,,,,366,="",="2/6/2026 6:48:15.423681260 AM",
="",647,,,,,,,,,,,,,,,,99,="",="2/6/2026 6:48:15.425692465 AM",
="",648,,,,,,,,,,,,,,,,117,="",="2/6/2026 6:48:15.425810015 AM",
="",682,,,,,,,,,,,,,,,,105,="",="2/6/2026 6:48:15.449900345 AM",
="",686,,,,,,,,,,,,,,,,105,="",="2/6/2026 6:48:15.450936840 AM",
="",688,,,,,,,,,,,,,,,,103,="",="2/6/2026 6:48:15.451086080 AM",
="",689,,,,,,,,,,,,,,,,105,="",="2/6/2026 6:48:15.451226145 AM",
="",698,,,,,,,,,,,,,,,,117,="",="2/6/2026 6:48:15.454070245 AM",
="",714,,,,,,,,,,,,,,,,392,="",="2/6/2026 6:48:15.465003355 AM",
="",730,,,,,,,,,,,,,,,,392,="",="2/6/2026 6:48:15.489338705 AM",
="",731,,,,,,,,,,,,,,,,421,="",="2/6/2026 6:48:15.489751255 AM",
="",735,,,,,,,,,,,,,,,,392,="",="2/6/2026 6:48:15.498491995 AM",
="",736,,,,,,,,,,,,,,,,414,="",="2/6/2026 6:48:15.498905235 AM",
="",740,,,,,,,,,,,,,,,,117,="",="2/6/2026 6:48:15.507353675 AM",
="",828,,,,,,,,,,,,,,,,313,="",="2/6/2026 6:48:15.567445480 AM",
="",829,,,,,,,,,,,,,,,,392,="",="2/6/2026 6:48:15.567527325 AM",
="",830,,,,,,,,,,,,,,,,425,="",="2/6/2026 6:48:15.567956135 AM",
="",835,,,,,,,,,,,,,,,,373,="",="2/6/2026 6:48:15.582073955 AM",
="",841,,,,,,,,,,,,,,,,392,="",="2/6/2026 6:48:15.591605970 AM",
="",842,,,,,,,,,,,,,,,,229,="",="2/6/2026 6:48:15.592026440 AM",
="",847,,,,,,,,,,,,,,,,392,="",="2/6/2026 6:48:15.600892800 AM",
="",848,,,,,,,,,,,,,,,,414,="",="2/6/2026 6:48:15.601332760 AM",
="",910,,,,,,,,,,,,,,,,313,="",="2/6/2026 6:48:15.669432690 AM",
="",911,,,,,,,,,,,,,,,,392,="",="2/6/2026 6:48:15.669804230 AM",
="",912,,,,,,,,,,,,,,,,425,="",="2/6/2026 6:48:15.670232465 AM",
="",913,,,,,,,,,,,,,,,,99,="",="2/6/2026 6:48:15.672512165 AM",
="",914,,,,,,,,,,,,,,,,117,="",="2/6/2026 6:48:15.672744775 AM",
="",922,,,,,,,,,,,,,,,,373,="",="2/6/2026 6:48:15.684436250 AM",
="",925,,,,,,,,,,,,,,,,392,="",="2/6/2026 6:48:15.688582140 AM",
="",931,,,,,,,,,,,,,,,,392,="",="2/6/2026 6:48:15.694006160 AM",
="",937,,,,,,,,,,,,,,,,99,="",="2/6/2026 6:48:15.698926810 AM",
="",970,,,,,,,,,,,,,,,,366,="",="2/6/2026 6:48:15.730883020 AM",
="",1004,,,,,,,,,,,,,,,,117,="",="2/6/2026 6:48:15.766487580 AM",
="",1011,,,,,,,,,,,,,,,,313,="",="2/6/2026 6:48:15.771858710 AM",
="",1012,,,,,,,,,,,,,,,,392,="",="2/6/2026 6:48:15.772230235 AM",
="",1013,,,,,,,,,,,,,,,,425,="",="2/6/2026 6:48:15.772658725 AM",
="",1014,,,,,,,,,,,,,,,,99,="",="2/6/2026 6:48:15.775252105 AM",
="",1019,,,,,,,,,,,,,,,,373,="",="2/6/2026 6:48:15.786836415 AM",
="",1023,,,,,,,,,,,,,,,,392,="",="2/6/2026 6:48:15.794348030 AM",
="",1038,,,,,,,,,,,,,,,,117,="",="2/6/2026 6:48:15.830906585 AM",
="",1093,,,,,,,,,,,,,,,,373,="",="2/6/2026 6:48:15.855822325 AM",
="",1107,,,,,,,,,,,,,,,,313,="",="2/6/2026 6:48:15.874232780 AM",
="",1108,,,,,,,,,,,,,,,,392,="",="2/6/2026 6:48:15.874604265 AM",
="",1109,,,,,,,,,,,,,,,,425,="",="2/6/2026 6:48:15.875032915 AM",
="",1121,,,,,,,,,,,,,,,,229,="",="2/6/2026 6:48:15.889236605 AM",
="",1129,,,,,,,,,,,,,,,,211,="",="2/6/2026 6:48:15.894733910 AM",
="",1130,,,,,,,,,,,,,,,,99,="",="2/6/2026 6:48:15.895030495 AM",
="",1138,,,,,,,,,,,,,,,,392,="",="2/6/2026 6:48:15.908093025 AM",
="",1139,,,,,,,,,,,,,,,,414,="",="2/6/2026 6:48:15.908508945 AM",
="",1147,,,,,,,,,,,,,,,,229,="",="2/6/2026 6:48:15.920489270 AM",
="",1148,,,,,,,,,,,,,,,,425,="",="2/6/2026 6:48:15.920903700 AM",
="",1200,,,,,,,,,,,,,,,,392,="",="2/6/2026 6:48:15.977004775 AM",
="",1201,,,,,,,,,,,,,,,,425,="",="2/6/2026 6:48:15.977433265 AM",
="",1213,,,,,,,,,,,,,,,,392,="",="2/6/2026 6:48:15.995783525 AM",
="",1214,,,,,,,,,,,,,,,,430,="",="2/6/2026 6:48:15.996212645 AM",
="",1231,,,,,,,,,,,,,,,,229,="",="2/6/2026 6:48:16.022505810 AM",
="",1232,,,,,,,,,,,,,,,,392,="",="2/6/2026 6:48:16.022875950 AM",
="",1234,,,,,,,,,,,,,,,,323,="",="2/6/2026 6:48:16.025810995 AM",
="",1239,,,,,,,,,,,,,,,,339,="",="2/6/2026 6:48:16.037697435 AM",
="",1240,,,,,,,,,,,,,,,,366,="",="2/6/2026 6:48:16.038085740 AM",
="",1273,,,,,,,,,,,,,,,,119,="",="2/6/2026 6:48:16.071823925 AM",
="",1280,,,,,,,,,,,,,,,,392,="",="2/6/2026 6:48:16.079560335 AM",
="",1282,,,,,,,,,,,,,,,,424,="",="2/6/2026 6:48:16.082710155 AM",
="",1285,,,,,,,,,,,,,,,,373,="",="2/6/2026 6:48:16.094037615 AM",
="",1286,,,,,,,,,,,,,,,,396,="",="2/6/2026 6:48:16.094441890 AM",
="",1291,,,,,,,,,,,,,,,,392,="",="2/6/2026 6:48:16.112896355 AM",
="",1292,,,,,,,,,,,,,,,,388,="",="2/6/2026 6:48:16.113316070 AM",
="",1325,,,,,,,,,,,,,,,,425,="",="2/6/2026 6:48:16.182233145 AM",
="",1334,,,,,,,,,,,,,,,,229,="",="2/6/2026 6:48:16.213074025 AM",
="",1335,,,,,,,,,,,,,,,,392,="",="2/6/2026 6:48:16.215282435 AM",
="",1336,,,,,,,,,,,,,,,,229,="",="2/6/2026 6:48:16.215711550 AM",
="",1363,,,,,,,,,,,,,,,,313,="",="2/6/2026 6:48:16.283833990 AM",
="",1364,,,,,,,,,,,,,,,,392,="",="2/6/2026 6:48:16.284204650 AM",
="",1365,,,,,,,,,,,,,,,,425,="",="2/6/2026 6:48:16.284633685 AM",
="",1367,,,,,,,,,,,,,,,,373,="",="2/6/2026 6:48:16.298837965 AM",
="",1373,,,,,,,,,,,,,,,,117,="",="2/6/2026 6:48:16.309550350 AM",
="",1377,,,,,,,,,,,,,,,,392,="",="2/6/2026 6:48:16.317696185 AM",
="",1378,,,,,,,,,,,,,,,,414,="",="2/6/2026 6:48:16.318112265 AM",
="",1386,,,,,,,,,,,,,,,,117,="",="2/6/2026 6:48:16.345891710 AM",
="",1395,,,,,,,,,,,,,,,,313,="",="2/6/2026 6:48:16.363447915 AM",
="",1402,,,,,,,,,,,,,,,,99,="",="2/6/2026 6:48:16.376643050 AM",
="",1409,,,,,,,,,,,,,,,,313,="",="2/6/2026 6:48:16.386233960 AM",
="",1411,,,,,,,,,,,,,,,,425,="",="2/6/2026 6:48:16.387034055 AM",
="",1441,,,,,,,,,,,,,,,,117,="",="2/6/2026 6:48:16.474019040 AM",
="",1444,,,,,,,,,,,,,,,,105,="",="2/6/2026 6:48:16.477016440 AM",
="",1452,,,,,,,,,,,,,,,,105,="",="2/6/2026 6:48:16.480351110 AM",
="",1456,,,,,,,,,,,,,,,,105,="",="2/6/2026 6:48:16.481616880 AM",
="",1461,,,,,,,,,,,,,,,,197,="",="2/6/2026 6:48:16.485392185 AM",
="",1464,,,,,,,,,,,,,,,,313,="",="2/6/2026 6:48:16.489222505 AM",
="",1465,,,,,,,,,,,,,,,,392,="",="2/6/2026 6:48:16.489593645 AM",
="",1466,,,,,,,,,,,,,,,,425,="",="2/6/2026 6:48:16.490021920 AM",
="",1472,,,,,,,,,,,,,,,,105,="",="2/6/2026 6:48:16.501354370 AM",
="",1485,,,,,,,,,,,,,,,,414,="",="2/6/2026 6:48:16.522917070 AM",
="",1487,,,,,,,,,,,,,,,,313,="",="2/6/2026 6:48:16.534510705 AM",
="",1488,,,,,,,,,,,,,,,,392,="",="2/6/2026 6:48:16.534881325 AM",
="",1511,,,,,,,,,,,,,,,,381,="",="2/6/2026 6:48:16.576750680 AM",
="",1512,,,,,,,,,,,,,,,,117,="",="2/6/2026 6:48:16.578621980 AM",
="",1513,,,,,,,,,,,,,,,,117,="",="2/6/2026 6:48:16.579658805 AM",
="",1518,,,,,,,,,,,,,,,,313,="",="2/6/2026 6:48:16.591034150 AM",
="",1519,,,,,,,,,,,,,,,,392,="",="2/6/2026 6:48:16.591405235 AM",
="",1520,,,,,,,,,,,,,,,,425,="",="2/6/2026 6:48:16.591833965 AM",
="",1521,,,,,,,,,,,,,,,,408,="",="2/6/2026 6:48:16.595671570 AM",
="",1523,,,,,,,,,,,,,,,,408,="",="2/6/2026 6:48:16.598831740 AM",
="",1524,,,,,,,,,,,,,,,,229,="",="2/6/2026 6:48:16.599499425 AM",
="",1527,,,,,,,,,,,,,,,,373,="",="2/6/2026 6:48:16.606038855 AM",
="",1533,,,,,,,,,,,,,,,,392,="",="2/6/2026 6:48:16.615610660 AM",
="",1534,,,,,,,,,,,,,,,,421,="",="2/6/2026 6:48:16.616026250 AM",
="",1538,,,,,,,,,,,,,,,,392,="",="2/6/2026 6:48:16.624899315 AM",
="",1539,,,,,,,,,,,,,,,,414,="",="2/6/2026 6:48:16.625314755 AM",
="",1548,,,,,,,,,,,,,,,,408,="",="2/6/2026 6:48:16.660855200 AM",
="",1549,,,,,,,,,,,,,,,,408,="",="2/6/2026 6:48:16.661502005 AM",
="",1551,,,,,,,,,,,,,,,,408,="",="2/6/2026 6:48:16.662202840 AM",
="",1552,,,,,,,,,,,,,,,,408,="",="2/6/2026 6:48:16.665425785 AM",
="",1560,,,,,,,,,,,,,,,,396,="",="2/6/2026 6:48:16.673088045 AM",
="",1562,,,,,,,,,,,,,,,,528,="",="2/6/2026 6:48:16.678264845 AM",
="",1571,,,,,,,,,,,,,,,,408,="",="2/6/2026 6:48:16.687392050 AM",
="",1574,,,,,,,,,,,,,,,,99,="",="2/6/2026 6:48:16.689490255 AM",
="",1575,,,,,,,,,,,,,,,,408,="",="2/6/2026 6:48:16.689851825 AM",
="",1578,,,,,,,,,,,,,,,,313,="",="2/6/2026 6:48:16.693478530 AM",
="",1583,,,,,,,,,,,,,,,,430,="",="2/6/2026 6:48:16.713016190 AM",
="",1584,,,,,,,,,,,,,,,,313,="",="2/6/2026 6:48:16.715968230 AM",
="",1585,,,,,,,,,,,,,,,,392,="",="2/6/2026 6:48:16.717998015 AM",
="",1586,,,,,,,,,,,,,,,,421,="",="2/6/2026 6:48:16.718426775 AM",
="",1590,,,,,,,,,,,,,,,,392,="",="2/6/2026 6:48:16.727307180 AM",
="",1591,,,,,,,,,,,,,,,,414,="",="2/6/2026 6:48:16.727719055 AM",
="",1595,,,,,,,,,,,,,,,,438,="",="2/6/2026 6:48:16.745105750 AM",
="",1609,,,,,,,,,,,,,,,,373,="",="2/6/2026 6:48:16.775084590 AM",
="",1610,,,,,,,,,,,,,,,,396,="",="2/6/2026 6:48:16.775486425 AM",
="",1611,,,,,,,,,,,,,,,,117,="",="2/6/2026 6:48:16.776863775 AM",
="",1616,,,,,,,,,,,,,,,,313,="",="2/6/2026 6:48:16.795834680 AM",
="",1617,,,,,,,,,,,,,,,,392,="",="2/6/2026 6:48:16.796205565 AM",
="",1618,,,,,,,,,,,,,,,,425,="",="2/6/2026 6:48:16.796634615 AM",
="",1625,,,,,,,,,,,,,,,,392,="",="2/6/2026 6:48:16.814988155 AM",
="",1627,,,,,,,,,,,,,,,,430,="",="2/6/2026 6:48:16.815416730 AM",
="",1630,,,,,,,,,,,,,,,,392,="",="2/6/2026 6:48:16.820411150 AM",
="",1631,,,,,,,,,,,,,,,,229,="",="2/6/2026 6:48:16.820827740 AM",
="",1636,,,,,,,,,,,,,,,,414,="",="2/6/2026 6:48:16.830118620 AM",
="",1639,,,,,,,,,,,,,,,,229,="",="2/6/2026 6:48:16.831635705 AM",
="",1640,,,,,,,,,,,,,,,,229,="",="2/6/2026 6:48:16.832782255 AM",
="",1644,,,,,,,,,,,,,,,,229,="",="2/6/2026 6:48:16.842514655 AM",
="",1656,,,,,,,,,,,,,,,,373,="",="2/6/2026 6:48:16.877485420 AM",
="",1657,,,,,,,,,,,,,,,,396,="",="2/6/2026 6:48:16.877888375 AM",
="",1659,,,,,,,,,,,,,,,,408,="",="2/6/2026 6:48:16.886495020 AM",
="",1660,,,,,,,,,,,,,,,,408,="",="2/6/2026 6:48:16.887141865 AM",
="",1661,,,,,,,,,,,,,,,,408,="",="2/6/2026 6:48:16.887800710 AM",
="",1667,,,,,,,,,,,,,,,,425,="",="2/6/2026 6:48:16.899035005 AM",
="",1675,,,,,,,,,,,,,,,,392,="",="2/6/2026 6:48:16.922811980 AM",
="",1676,,,,,,,,,,,,,,,,421,="",="2/6/2026 6:48:16.923227770 AM",
="",1681,,,,,,,,,,,,,,,,109,="",="2/6/2026 6:48:16.932143465 AM",
="",1682,,,,,,,,,,,,,,,,117,="",="2/6/2026 6:48:16.932182180 AM",
="",1692,,,,,,,,,,,,,,,,417,="",="2/6/2026 6:48:16.951469560 AM",
="",1694,,,,,,,,,,,,,,,,366,="",="2/6/2026 6:48:16.959691745 AM",
="",1705,,,,,,,,,,,,,,,,396,="",="2/6/2026 6:48:16.980287885 AM",
="",1710,,,,,,,,,,,,,,,,313,="",="2/6/2026 6:48:17.000979130 AM",
="",1711,,,,,,,,,,,,,,,,229,="",="2/6/2026 6:48:17.001350735 AM",
="",1712,,,,,,,,,,,,,,,,425,="",="2/6/2026 6:48:17.001779460 AM",
="",1724,,,,,,,,,,,,,,,,388,="",="2/6/2026 6:48:17.034937675 AM",
="",1727,,,,,,,,,,,,,,,,323,="",="2/6/2026 6:48:17.049410360 AM",
="",1730,,,,,,,,,,,,,,,,438,="",="2/6/2026 6:48:17.052322175 AM",
="",1732,,,,,,,,,,,,,,,,366,="",="2/6/2026 6:48:17.062092135 AM",
="",1742,,,,,,,,,,,,,,,,313,="",="2/6/2026 6:48:17.080246005 AM",
="",1753,,,,,,,,,,,,,,,,313,="",="2/6/2026 6:48:17.103185335 AM",
="",1768,,,,,,,,,,,,,,,,167,="",="2/6/2026 6:48:17.134680230 AM",
="",1776,,,,,,,,,,,,,,,,366,="",="2/6/2026 6:48:17.164525565 AM",
="",1789,,,,,,,,,,,,,,,,408,="",="2/6/2026 6:48:17.196258835 AM",
="",1790,,,,,,,,,,,,,,,,408,="",="2/6/2026 6:48:17.198276015 AM",
="",1809,,,,,,,,,,,,,,,,392,="",="2/6/2026 6:48:17.239304580 AM",
="",1810,,,,,,,,,,,,,,,,229,="",="2/6/2026 6:48:17.239720620 AM",
="",1812,,,,,,,,,,,,,,,,99,="",="2/6/2026 6:48:17.243743390 AM",
="",1816,,,,,,,,,,,,,,,,99,="",="2/6/2026 6:48:17.252477660 AM",
="",1821,,,,,,,,,,,,,,,,99,="",="2/6/2026 6:48:17.269130800 AM",
="",1822,,,,,,,,,,,,,,,,117,="",="2/6/2026 6:48:17.269405305 AM",
="",1840,,,,,,,,,,,,,,,,313,="",="2/6/2026 6:48:17.307835820 AM",
="",1841,,,,,,,,,,,,,,,,392,="",="2/6/2026 6:48:17.308209720 AM",
="",1842,,,,,,,,,,,,,,,,425,="",="2/6/2026 6:48:17.308637795 AM",
="",1846,,,,,,,,,,,,,,,,313,="",="2/6/2026 6:48:17.326619450 AM",
="",1847,,,,,,,,,,,,,,,,392,="",="2/6/2026 6:48:17.326990670 AM",
="",1848,,,,,,,,,,,,,,,,430,="",="2/6/2026 6:48:17.327419190 AM",
="",1863,,,,,,,,,,,,,,,,117,="",="2/6/2026 6:48:17.378092580 AM",
="",1883,,,,,,,,,,,,,,,,392,="",="2/6/2026 6:48:17.410613285 AM",
="",1884,,,,,,,,,,,,,,,,425,="",="2/6/2026 6:48:17.411042440 AM",
="",1888,,,,,,,,,,,,,,,,373,="",="2/6/2026 6:48:17.425257305 AM",
="",1890,,,,,,,,,,,,,,,,392,="",="2/6/2026 6:48:17.429492800 AM",
="",1891,,,,,,,,,,,,,,,,430,="",="2/6/2026 6:48:17.429921760 AM",
="",1893,,,,,,,,,,,,,,,,421,="",="2/6/2026 6:48:17.435229965 AM",
="",1897,,,,,,,,,,,,,,,,392,="",="2/6/2026 6:48:17.444106125 AM",
="",1903,,,,,,,,,,,,,,,,417,="",="2/6/2026 6:48:17.463471810 AM",
="",1910,,,,,,,,,,,,,,,,420,="",="2/6/2026 6:48:17.485511000 AM",
="",1915,,,,,,,,,,,,,,,,373,="",="2/6/2026 6:48:17.491886780 AM",
="",1916,,,,,,,,,,,,,,,,396,="",="2/6/2026 6:48:17.492288855 AM",
="",1923,,,,,,,,,,,,,,,,117,="",="2/6/2026 6:48:17.503418205 AM",
="",1927,,,,,,,,,,,,,,,,313,="",="2/6/2026 6:48:17.512753395 AM",
="",1928,,,,,,,,,,,,,,,,392,="",="2/6/2026 6:48:17.513124415 AM",
="",1929,,,,,,,,,,,,,,,,425,="",="2/6/2026 6:48:17.513552650 AM",
="",1932,,,,,,,,,,,,,,,,373,="",="2/6/2026 6:48:17.527643630 AM",
="",1936,,,,,,,,,,,,,,,,99,="",="2/6/2026 6:48:17.534124690 AM",
="",1945,,,,,,,,,,,,,,,,202,="",="2/6/2026 6:48:17.538168050 AM",
="",1948,,,,,,,,,,,,,,,,392,="",="2/6/2026 6:48:17.546495175 AM",
="",1949,,,,,,,,,,,,,,,,229,="",="2/6/2026 6:48:17.546923770 AM",
="",1951,,,,,,,,,,,,,,,,202,="",="2/6/2026 6:48:17.547498615 AM",
="",1952,,,,,,,,,,,,,,,,423,="",="2/6/2026 6:48:17.547593145 AM",
="",1954,,,,,,,,,,,,,,,,202,="",="2/6/2026 6:48:17.550649210 AM",
="",1958,,,,,,,,,,,,,,,,99,="",="2/6/2026 6:48:17.556090130 AM",
="",1963,,,,,,,,,,,,,,,,313,="",="2/6/2026 6:48:17.565072555 AM",
="",1964,,,,,,,,,,,,,,,,392,="",="2/6/2026 6:48:17.565443480 AM",
="",1965,,,,,,,,,,,,,,,,417,="",="2/6/2026 6:48:17.565871975 AM",
="",1968,,,,,,,,,,,,,,,,339,="",="2/6/2026 6:48:17.573723775 AM",
="",1978,,,,,,,,,,,,,,,,99,="",="2/6/2026 6:48:17.595971475 AM",
="",1980,,,,,,,,,,,,,,,,105,="",="2/6/2026 6:48:17.596295890 AM",
="",1982,,,,,,,,,,,,,,,,105,="",="2/6/2026 6:48:17.596810930 AM",
="",1986,,,,,,,,,,,,,,,,105,="",="2/6/2026 6:48:17.597625610 AM",
="",1990,,,,,,,,,,,,,,,,105,="",="2/6/2026 6:48:17.598759105 AM",
="",1997,,,,,,,,,,,,,,,,313,="",="2/6/2026 6:48:17.615036505 AM",
="",1998,,,,,,,,,,,,,,,,392,="",="2/6/2026 6:48:17.615407470 AM",
="",1999,,,,,,,,,,,,,,,,229,="",="2/6/2026 6:48:17.615836000 AM",
="",2006,,,,,,,,,,,,,,,,99,="",="2/6/2026 6:48:17.626518380 AM",
="",2012,,,,,,,,,,,,,,,,430,="",="2/6/2026 6:48:17.634620395 AM",
="",2017,,,,,,,,,,,,,,,,392,="",="2/6/2026 6:48:17.648908300 AM",
="",2021,,,,,,,,,,,,,,,,313,="",="2/6/2026 6:48:17.667472950 AM",
="",2022,,,,,,,,,,,,,,,,392,="",="2/6/2026 6:48:17.667844090 AM",
="",2023,,,,,,,,,,,,,,,,417,="",="2/6/2026 6:48:17.668272665 AM",
="",2034,,,,,,,,,,,,,,,,396,="",="2/6/2026 6:48:17.697091325 AM",
="",2040,,,,,,,,,,,,,,,,381,="",="2/6/2026 6:48:17.703166205 AM",
="",2050,,,,,,,,,,,,,,,,235,="",="2/6/2026 6:48:17.729548250 AM",
="",2054,,,,,,,,,,,,,,,,313,="",="2/6/2026 6:48:17.736221825 AM",
="",2055,,,,,,,,,,,,,,,,392,="",="2/6/2026 6:48:17.736592405 AM",
="",2056,,,,,,,,,,,,,,,,430,="",="2/6/2026 6:48:17.737021285 AM",
="",2065,,,,,,,,,,,,,,,,323,="",="2/6/2026 6:48:17.759435365 AM",
="",2068,,,,,,,,,,,,,,,,323,="",="2/6/2026 6:48:17.761558790 AM",
="",2071,,,,,,,,,,,,,,,,313,="",="2/6/2026 6:48:17.769873160 AM",
="",2072,,,,,,,,,,,,,,,,392,="",="2/6/2026 6:48:17.770244340 AM",
="",2073,,,,,,,,,,,,,,,,417,="",="2/6/2026 6:48:17.770673235 AM",
="",2077,,,,,,,,,,,,,,,,229,="",="2/6/2026 6:48:17.778515555 AM",
="",2078,,,,,,,,,,,,,,,,366,="",="2/6/2026 6:48:17.778891940 AM",
="",2096,,,,,,,,,,,,,,,,313,="",="2/6/2026 6:48:17.819836510 AM",
="",2097,,,,,,,,,,,,,,,,392,="",="2/6/2026 6:48:17.820209595 AM",
="",2098,,,,,,,,,,,,,,,,425,="",="2/6/2026 6:48:17.820651285 AM",
="",2108,,,,,,,,,,,,,,,,392,="",="2/6/2026 6:48:17.853712490 AM",
="",2109,,,,,,,,,,,,,,,,414,="",="2/6/2026 6:48:17.854125970 AM",
="",2113,,,,,,,,,,,,,,,,229,="",="2/6/2026 6:48:17.873111830 AM",
="",2122,,,,,,,,,,,,,,,,388,="",="2/6/2026 6:48:17.895098140 AM",
="",2140,,,,,,,,,,,,,,,,313,="",="2/6/2026 6:48:17.922236370 AM",
="",2141,,,,,,,,,,,,,,,,392,="",="2/6/2026 6:48:17.922607550 AM",
="",2142,,,,,,,,,,,,,,,,425,="",="2/6/2026 6:48:17.923036320 AM",
="",2151,,,,,,,,,,,,,,,,392,="",="2/6/2026 6:48:17.956121180 AM",
="",2152,,,,,,,,,,,,,,,,414,="",="2/6/2026 6:48:17.956526700 AM",
="",2157,,,,,,,,,,,,,,,,313,="",="2/6/2026 6:48:17.974674470 AM",
="",2176,,,,,,,,,,,,,,,,313,="",="2/6/2026 6:48:18.024636875 AM",
="",2177,,,,,,,,,,,,,,,,392,="",="2/6/2026 6:48:18.025008255 AM",
="",2194,,,,,,,,,,,,,,,,229,="",="2/6/2026 6:48:18.060679265 AM",
="",2195,,,,,,,,,,,,,,,,99,="",="2/6/2026 6:48:18.061563480 AM",
="",2214,,,,,,,,,,,,,,,,313,="",="2/6/2026 6:48:18.127037045 AM",
="",2215,,,,,,,,,,,,,,,,392,="",="2/6/2026 6:48:18.127413425 AM",
="",2216,,,,,,,,,,,,,,,,425,="",="2/6/2026 6:48:18.127837060 AM",
="",2221,,,,,,,,,,,,,,,,313,="",="2/6/2026 6:48:18.140000090 AM",
="",2228,,,,,,,,,,,,,,,,392,="",="2/6/2026 6:48:18.160902230 AM",
="",2229,,,,,,,,,,,,,,,,414,="",="2/6/2026 6:48:18.161328385 AM",
="",2240,,,,,,,,,,,,,,,,229,="",="2/6/2026 6:48:18.182477375 AM",
="",2244,,,,,,,,,,,,,,,,229,="",="2/6/2026 6:48:18.185965980 AM",
="",2250,,,,,,,,,,,,,,,,408,="",="2/6/2026 6:48:18.198313010 AM",
="",2251,,,,,,,,,,,,,,,,408,="",="2/6/2026 6:48:18.199634300 AM",
="",2270,,,,,,,,,,,,,,,,414,="",="2/6/2026 6:48:18.263732195 AM",
="",2272,,,,,,,,,,,,,,,,423,="",="2/6/2026 6:48:18.264251415 AM",
="",2288,,,,,,,,,,,,,,,,408,="",="2/6/2026 6:48:18.313296505 AM",
="",2293,,,,,,,,,,,,,,,,360,="",="2/6/2026 6:48:18.319240305 AM",
="",2294,,,,,,,,,,,,,,,,360,="",="2/6/2026 6:48:18.320545515 AM",
="",2299,,,,,,,,,,,,,,,,313,="",="2/6/2026 6:48:18.331837450 AM",
="",2316,,,,,,,,,,,,,,,,99,="",="2/6/2026 6:48:18.401406190 AM",
="",2317,,,,,,,,,,,,,,,,117,="",="2/6/2026 6:48:18.401553505 AM",
="",2324,,,,,,,,,,,,,,,,373,="",="2/6/2026 6:48:18.413488205 AM",
="",2364,,,,,,,,,,,,,,,,229,="",="2/6/2026 6:48:18.509916240 AM",
="",2388,,,,,,,,,,,,,,,,229,="",="2/6/2026 6:48:18.573506315 AM",
="",2401,,,,,,,,,,,,,,,,388,="",="2/6/2026 6:48:18.611942780 AM",
="",2411,,,,,,,,,,,,,,,,313,="",="2/6/2026 6:48:18.639040530 AM",
="",2412,,,,,,,,,,,,,,,,392,="",="2/6/2026 6:48:18.639408830 AM",
="",2413,,,,,,,,,,,,,,,,425,="",="2/6/2026 6:48:18.639837985 AM",
="",2422,,,,,,,,,,,,,,,,105,="",="2/6/2026 6:48:18.652682135 AM",
="",2427,,,,,,,,,,,,,,,,206,="",="2/6/2026 6:48:18.656683290 AM",
="",2438,,,,,,,,,,,,,,,,423,="",="2/6/2026 6:48:18.673912800 AM",
="",2444,,,,,,,,,,,,,,,,313,="",="2/6/2026 6:48:18.691477080 AM",
="",2459,,,,,,,,,,,,,,,,345,="",="2/6/2026 6:48:18.736184550 AM",
="",2466,,,,,,,,,,,,,,,,229,="",="2/6/2026 6:48:18.741439030 AM",
="",2510,,,,,,,,,,,,,,,,211,="",="2/6/2026 6:48:18.852912275 AM",
="",2512,,,,,,,,,,,,,,,,211,="",="2/6/2026 6:48:18.853446285 AM",
="",2514,,,,,,,,,,,,,,,,211,="",="2/6/2026 6:48:18.854029315 AM",
="",2516,,,,,,,,,,,,,,,,211,="",="2/6/2026 6:48:18.854584460 AM",
="",2518,,,,,,,,,,,,,,,,211,="",="2/6/2026 6:48:18.855142660 AM",
="",2521,,,,,,,,,,,,,,,,211,="",="2/6/2026 6:48:18.856450655 AM",
="",2525,,,,,,,,,,,,,,,,211,="",="2/6/2026 6:48:18.857376955 AM",
="",2537,,,,,,,,,,,,,,,,313,="",="2/6/2026 6:48:18.896278005 AM",
="",2546,,,,,,,,,,,,,,,,211,="",="2/6/2026 6:48:18.921199390 AM",
="",2554,,,,,,,,,,,,,,,,313,="",="2/6/2026 6:48:18.946238755 AM",
="",2555,,,,,,,,,,,,,,,,425,="",="2/6/2026 6:48:18.947038370 AM",
="",2567,,,,,,,,,,,,,,,,117,="",="2/6/2026 6:48:18.971895445 AM",
="",2572,,,,,,,,,,,,,,,,229,="",="2/6/2026 6:48:18.977871925 AM",
="",2583,,,,,,,,,,,,,,,,99,="",="2/6/2026 6:48:19.011674095 AM",
="",2592,,,,,,,,,,,,,,,,396,="",="2/6/2026 6:48:19.028290910 AM",
="",2597,,,,,,,,,,,,,,,,313,="",="2/6/2026 6:48:19.048958795 AM",
="",2598,,,,,,,,,,,,,,,,392,="",="2/6/2026 6:48:19.049329720 AM",
="",2599,,,,,,,,,,,,,,,,425,="",="2/6/2026 6:48:19.049758170 AM",
="",2633,,,,,,,,,,,,,,,,313,="",="2/6/2026 6:48:19.151038760 AM",
="",2634,,,,,,,,,,,,,,,,392,="",="2/6/2026 6:48:19.151415340 AM",
="",2635,,,,,,,,,,,,,,,,425,="",="2/6/2026 6:48:19.151838215 AM",
="",2637,,,,,,,,,,,,,,,,313,="",="2/6/2026 6:48:19.164002980 AM",
="",2649,,,,,,,,,,,,,,,,229,="",="2/6/2026 6:48:19.189637650 AM",
="",2687,,,,,,,,,,,,,,,,388,="",="2/6/2026 6:48:19.328730015 AM",
="",2708,,,,,,,,,,,,,,,,392,="",="2/6/2026 6:48:19.408666820 AM",
="",2719,,,,,,,,,,,,,,,,396,="",="2/6/2026 6:48:19.437891840 AM",
="",2727,,,,,,,,,,,,,,,,99,="",="2/6/2026 6:48:19.476784970 AM",
="",2734,,,,,,,,,,,,,,,,99,="",="2/6/2026 6:48:19.493140375 AM",
="",2735,,,,,,,,,,,,,,,,99,="",="2/6/2026 6:48:19.493258340 AM",
="",2737,,,,,,,,,,,,,,,,117,="",="2/6/2026 6:48:19.494322460 AM",
="",2745,,,,,,,,,,,,,,,,319,="",="2/6/2026 6:48:19.533547395 AM",
="",2767,,,,,,,,,,,,,,,,311,="",="2/6/2026 6:48:19.594890815 AM",
="",2768,,,,,,,,,,,,,,,,229,="",="2/6/2026 6:48:19.595371940 AM",
="",2773,,,,,,,,,,,,,,,,311,="",="2/6/2026 6:48:19.599478635 AM",
="",2775,,,,,,,,,,,,,,,,229,="",="2/6/2026 6:48:19.600643105 AM",
="",2776,,,,,,,,,,,,,,,,311,="",="2/6/2026 6:48:19.601129165 AM",
="",2777,,,,,,,,,,,,,,,,229,="",="2/6/2026 6:48:19.601789210 AM",
="",2779,,,,,,,,,,,,,,,,311,="",="2/6/2026 6:48:19.603367955 AM",
="",2782,,,,,,,,,,,,,,,,392,="",="2/6/2026 6:48:19.613454590 AM",
="",2791,,,,,,,,,,,,,,,,396,="",="2/6/2026 6:48:19.642692505 AM",
="",2794,,,,,,,,,,,,,,,,105,="",="2/6/2026 6:48:19.644409780 AM",
="",2805,,,,,,,,,,,,,,,,313,="",="2/6/2026 6:48:19.663047550 AM",
="",2806,,,,,,,,,,,,,,,,425,="",="2/6/2026 6:48:19.663839310 AM",
="",2810,,,,,,,,,,,,,,,,392,="",="2/6/2026 6:48:19.682202520 AM",
="",2812,,,,,,,,,,,,,,,,115,="",="2/6/2026 6:48:19.685171375 AM",
="",2817,,,,,,,,,,,,,,,,443,="",="2/6/2026 6:48:19.693136690 AM",
="",2824,,,,,,,,,,,,,,,,424,="",="2/6/2026 6:48:19.706874705 AM",
="",2852,,,,,,,,,,,,,,,,117,="",="2/6/2026 6:48:19.746270125 AM",
="",2869,,,,,,,,,,,,,,,,211,="",="2/6/2026 6:48:19.799909245 AM",
="",2892,,,,,,,,,,,,,,,,390,="",="2/6/2026 6:48:19.865921255 AM",
="",2949,,,,,,,,,,,,,,,,313,="",="2/6/2026 6:48:19.983205340 AM",
="",2960,,,,,,,,,,,,,,,,229,="",="2/6/2026 6:48:20.016923085 AM",
="",2988,,,,,,,,,,,,,,,,392,="",="2/6/2026 6:48:20.106530470 AM",
="",2992,,,,,,,,,,,,,,,,392,="",="2/6/2026 6:48:20.130541740 AM",
="",2993,,,,,,,,,,,,,,,,414,="",="2/6/2026 6:48:20.130957620 AM",
="",3075,,,,,,,,,,,,,,,,392,="",="2/6/2026 6:48:20.399005965 AM",
="",3086,,,,,,,,,,,,,,,,227,="",="2/6/2026 6:48:20.439024755 AM",
="",3091,,,,,,,,,,,,,,,,396,="",="2/6/2026 6:48:20.461819175 AM",
="",3104,,,,,,,,,,,,,,,,229,="",="2/6/2026 6:48:20.528523595 AM",
="",3112,,,,,,,,,,,,,,,,388,="",="2/6/2026 6:48:20.554774950 AM",
="",3135,,,,,,,,,,,,,,,,373,="",="2/6/2026 6:48:20.666279290 AM",
="",3165,,,,,,,,,,,,,,,,313,="",="2/6/2026 6:48:20.802407595 AM",
="",3241,,,,,,,,,,,,,,,,313,="",="2/6/2026 6:48:21.096659110 AM",
="",3259,,,,,,,,,,,,,,,,206,="",="2/6/2026 6:48:21.158545440 AM",
="",3300,,,,,,,,,,,,,,,,105,="",="2/6/2026 6:48:21.285411140 AM",
="",3302,,,,,,,,,,,,,,,,105,="",="2/6/2026 6:48:21.285654645 AM",
="",3304,,,,,,,,,,,,,,,,117,="",="2/6/2026 6:48:21.285769125 AM",
="",3308,,,,,,,,,,,,,,,,105,="",="2/6/2026 6:48:21.300757815 AM",
="",3309,,,,,,,,,,,,,,,,99,="",="2/6/2026 6:48:21.300801470 AM",
="",3310,,,,,,,,,,,,,,,,99,="",="2/6/2026 6:48:21.301311735 AM",
="",3311,,,,,,,,,,,,,,,,99,="",="2/6/2026 6:48:21.302262330 AM",
="",3314,,,,,,,,,,,,,,,,99,="",="2/6/2026 6:48:21.305225675 AM",
="",3317,,,,,,,,,,,,,,,,105,="",="2/6/2026 6:48:21.309235580 AM",
="",3318,,,,,,,,,,,,,,,,117,="",="2/6/2026 6:48:21.309412135 AM",
="",3320,,,,,,,,,,,,,,,,387,="",="2/6/2026 6:48:21.313373550 AM",
="",3321,,,,,,,,,,,,,,,,229,="",="2/6/2026 6:48:21.314047035 AM",
="",3323,,,,,,,,,,,,,,,,387,="",="2/6/2026 6:48:21.314596695 AM",
="",3325,,,,,,,,,,,,,,,,387,="",="2/6/2026 6:48:21.315170630 AM",
="",3327,,,,,,,,,,,,,,,,229,="",="2/6/2026 6:48:21.322491765 AM",
="",3328,,,,,,,,,,,,,,,,229,="",="2/6/2026 6:48:21.323291605 AM",
="",3330,,,,,,,,,,,,,,,,387,="",="2/6/2026 6:48:21.324289880 AM",
="",3349,,,,,,,,,,,,,,,,316,="",="2/6/2026 6:48:21.402374250 AM",
="",3355,,,,,,,,,,,,,,,,117,="",="2/6/2026 6:48:21.406743515 AM",
="",3356,,,,,,,,,,,,,,,,313,="",="2/6/2026 6:48:21.416812125 AM",
="",3370,,,,,,,,,,,,,,,,392,="",="2/6/2026 6:48:21.457077620 AM",
="",3375,,,,,,,,,,,,,,,,420,="",="2/6/2026 6:48:21.479651660 AM",
="",3376,,,,,,,,,,,,,,,,229,="",="2/6/2026 6:48:21.481265150 AM",
="",3387,,,,,,,,,,,,,,,,313,="",="2/6/2026 6:48:21.506264135 AM",
="",3388,,,,,,,,,,,,,,,,425,="",="2/6/2026 6:48:21.507045575 AM",
="",3391,,,,,,,,,,,,,,,,115,="",="2/6/2026 6:48:21.515285650 AM",
="",3407,,,,,,,,,,,,,,,,99,="",="2/6/2026 6:48:21.566440485 AM",
="",3409,,,,,,,,,,,,,,,,312,="",="2/6/2026 6:48:21.572765750 AM",
="",3419,,,,,,,,,,,,,,,,113,="",="2/6/2026 6:48:21.610612795 AM",
="",3423,,,,,,,,,,,,,,,,373,="",="2/6/2026 6:48:21.623652510 AM",
="",3427,,,,,,,,,,,,,,,,235,="",="2/6/2026 6:48:21.637714280 AM",
="",3428,,,,,,,,,,,,,,,,235,="",="2/6/2026 6:48:21.638258840 AM",
="",3429,,,,,,,,,,,,,,,,235,="",="2/6/2026 6:48:21.638857990 AM",
="",3430,,,,,,,,,,,,,,,,235,="",="2/6/2026 6:48:21.639403860 AM",
="",3431,,,,,,,,,,,,,,,,229,="",="2/6/2026 6:48:21.640255955 AM",
="",3433,,,,,,,,,,,,,,,,235,="",="2/6/2026 6:48:21.640810075 AM",
="",3434,,,,,,,,,,,,,,,,235,="",="2/6/2026 6:48:21.641456680 AM",
="",3435,,,,,,,,,,,,,,,,235,="",="2/6/2026 6:48:21.642364710 AM",
="",3437,,,,,,,,,,,,,,,,235,="",="2/6/2026 6:48:21.642849975 AM",
="",3440,,,,,,,,,,,,,,,,392,="",="2/6/2026 6:48:21.661461310 AM",
="",3462,,,,,,,,,,,,,,,,313,="",="2/6/2026 6:48:21.711043150 AM",
="",3463,,,,,,,,,,,,,,,,392,="",="2/6/2026 6:48:21.711414035 AM",
="",3467,,,,,,,,,,,,,,,,396,="",="2/6/2026 6:48:21.726454600 AM",
="",3489,,,,,,,,,,,,,,,,99,="",="2/6/2026 6:48:21.794751965 AM",
="",3505,,,,,,,,,,,,,,,,229,="",="2/6/2026 6:48:21.869570820 AM",
="",3541,,,,,,,,,,,,,,,,243,="",="2/6/2026 6:48:22.006040070 AM",
="",3543,,,,,,,,,,,,,,,,229,="",="2/6/2026 6:48:22.006838255 AM",
="",3545,,,,,,,,,,,,,,,,117,="",="2/6/2026 6:48:22.010607295 AM",
="",3547,,,,,,,,,,,,,,,,117,="",="2/6/2026 6:48:22.018176605 AM",
="",3548,,,,,,,,,,,,,,,,99,="",="2/6/2026 6:48:22.018702405 AM",
="",3551,,,,,,,,,,,,,,,,185,="",="2/6/2026 6:48:22.021022970 AM",
="",3555,,,,,,,,,,,,,,,,392,="",="2/6/2026 6:48:22.037414500 AM",
="",3557,,,,,,,,,,,,,,,,392,="",="2/6/2026 6:48:22.052133850 AM",
="",3560,,,,,,,,,,,,,,,,313,="",="2/6/2026 6:48:22.070691855 AM",
="",3562,,,,,,,,,,,,,,,,363,="",="2/6/2026 6:48:22.077133960 AM",
="",3584,,,,,,,,,,,,,,,,189,="",="2/6/2026 6:48:22.113610395 AM",
="",3585,,,,,,,,,,,,,,,,189,="",="2/6/2026 6:48:22.118133965 AM",
="",3587,,,,,,,,,,,,,,,,189,="",="2/6/2026 6:48:22.118669445 AM",
="",3597,,,,,,,,,,,,,,,,229,="",="2/6/2026 6:48:22.173892395 AM",
="",3605,,,,,,,,,,,,,,,,99,="",="2/6/2026 6:48:22.192365950 AM",
="",3613,,,,,,,,,,,,,,,,117,="",="2/6/2026 6:48:22.203644945 AM",
="",3640,,,,,,,,,,,,,,,,319,="",="2/6/2026 6:48:22.298855545 AM",
="",3646,,,,,,,,,,,,,,,,170,="",="2/6/2026 6:48:22.311025250 AM",
="",3650,,,,,,,,,,,,,,,,105,="",="2/6/2026 6:48:22.337530240 AM",
="",3651,,,,,,,,,,,,,,,,115,="",="2/6/2026 6:48:22.337636875 AM",
="",3652,,,,,,,,,,,,,,,,115,="",="2/6/2026 6:48:22.337799870 AM",
="",3653,,,,,,,,,,,,,,,,115,="",="2/6/2026 6:48:22.337914355 AM",
="",3664,,,,,,,,,,,,,,,,105,="",="2/6/2026 6:48:22.378020445 AM",
="",3665,,,,,,,,,,,,,,,,119,="",="2/6/2026 6:48:22.378135750 AM",
="",3666,,,,,,,,,,,,,,,,105,="",="2/6/2026 6:48:22.378863820 AM",
="",3668,,,,,,,,,,,,,,,,105,="",="2/6/2026 6:48:22.379484810 AM",
="",3671,,,,,,,,,,,,,,,,99,="",="2/6/2026 6:48:22.380813530 AM",
="",3673,,,,,,,,,,,,,,,,117,="",="2/6/2026 6:48:22.381251685 AM",
="",3678,,,,,,,,,,,,,,,,99,="",="2/6/2026 6:48:22.395150875 AM",
="",3679,,,,,,,,,,,,,,,,99,="",="2/6/2026 6:48:22.396476140 AM",
="",3685,,,,,,,,,,,,,,,,105,="",="2/6/2026 6:48:22.401272150 AM",
="",3686,,,,,,,,,,,,,,,,105,="",="2/6/2026 6:48:22.401883260 AM",
="",3688,,,,,,,,,,,,,,,,99,="",="2/6/2026 6:48:22.402696420 AM",
="",3702,,,,,,,,,,,,,,,,99,="",="2/6/2026 6:48:22.463688740 AM",
="",3703,,,,,,,,,,,,,,,,99,="",="2/6/2026 6:48:22.464305225 AM",
="",3716,,,,,,,,,,,,,,,,388,="",="2/6/2026 6:48:22.503215895 AM",
="",3724,,,,,,,,,,,,,,,,229,="",="2/6/2026 6:48:22.516933705 AM",
="",3725,,,,,,,,,,,,,,,,99,="",="2/6/2026 6:48:22.518899750 AM",
="",3736,,,,,,,,,,,,,,,,392,="",="2/6/2026 6:48:22.564138750 AM",
="",3743,,,,,,,,,,,,,,,,388,="",="2/6/2026 6:48:22.605592945 AM",
="",3764,,,,,,,,,,,,,,,,392,="",="2/6/2026 6:48:22.666539455 AM",
="",3782,,,,,,,,,,,,,,,,373,="",="2/6/2026 6:48:22.750058360 AM",
="",3789,,,,,,,,,,,,,,,,417,="",="2/6/2026 6:48:22.788297150 AM",
="",3793,,,,,,,,,,,,,,,,319,="",="2/6/2026 6:48:22.810397475 AM",
="",3802,,,,,,,,,,,,,,,,425,="",="2/6/2026 6:48:22.838245070 AM",
="",3803,,,,,,,,,,,,,,,,117,="",="2/6/2026 6:48:22.838762960 AM",
="",3811,,,,,,,,,,,,,,,,417,="",="2/6/2026 6:48:22.890697845 AM",
="",3830,,,,,,,,,,,,,,,,392,="",="2/6/2026 6:48:22.940216515 AM",
="",3842,,,,,,,,,,,,,,,,390,="",="2/6/2026 6:48:22.965045380 AM",
="",3844,,,,,,,,,,,,,,,,390,="",="2/6/2026 6:48:22.966486745 AM",
="",3849,,,,,,,,,,,,,,,,392,="",="2/6/2026 6:48:22.973741940 AM",
="",3850,,,,,,,,,,,,,,,,414,="",="2/6/2026 6:48:22.974170815 AM",
="",3854,,,,,,,,,,,,,,,,392,="",="2/6/2026 6:48:22.993275275 AM",
="",3859,,,,,,,,,,,,,,,,319,="",="2/6/2026 6:48:23.015201080 AM",
="",3860,,,,,,,,,,,,,,,,420,="",="2/6/2026 6:48:23.015653080 AM",
="",3864,,,,,,,,,,,,,,,,243,="",="2/6/2026 6:48:23.017193865 AM",
="",3869,,,,,,,,,,,,,,,,105,="",="2/6/2026 6:48:23.022922535 AM",
="",3871,,,,,,,,,,,,,,,,117,="",="2/6/2026 6:48:23.023085730 AM",
="",3881,,,,,,,,,,,,,,,,105,="",="2/6/2026 6:48:23.054189395 AM",
="",3882,,,,,,,,,,,,,,,,105,="",="2/6/2026 6:48:23.054423060 AM",
="",3884,,,,,,,,,,,,,,,,123,="",="2/6/2026 6:48:23.054532160 AM",
="",3908,,,,,,,,,,,,,,,,189,="",="2/6/2026 6:48:23.139562190 AM",
="",3909,,,,,,,,,,,,,,,,99,="",="2/6/2026 6:48:23.139609935 AM",
="",3911,,,,,,,,,,,,,,,,392,="",="2/6/2026 6:48:23.145016695 AM",
="",3912,,,,,,,,,,,,,,,,425,="",="2/6/2026 6:48:23.145445330 AM",
="",3923,,,,,,,,,,,,,,,,392,="",="2/6/2026 6:48:23.197467745 AM",
="",3924,,,,,,,,,,,,,,,,417,="",="2/6/2026 6:48:23.197898080 AM",
="",3926,,,,,,,,,,,,,,,,113,="",="2/6/2026 6:48:23.203329355 AM",
="",3927,,,,,,,,,,,,,,,,99,="",="2/6/2026 6:48:23.203374035 AM",
="",3942,,,,,,,,,,,,,,,,105,="",="2/6/2026 6:48:23.258621155 AM",
="",3943,,,,,,,,,,,,,,,,113,="",="2/6/2026 6:48:23.258758230 AM",
="",3944,,,,,,,,,,,,,,,,113,="",="2/6/2026 6:48:23.258897225 AM",
="",3946,,,,,,,,,,,,,,,,105,="",="2/6/2026 6:48:23.259221065 AM",
="",3951,,,,,,,,,,,,,,,,113,="",="2/6/2026 6:48:23.288838485 AM",
="",3952,,,,,,,,,,,,,,,,99,="",="2/6/2026 6:48:23.288881925 AM",
="",3953,,,,,,,,,,,,,,,,113,="",="2/6/2026 6:48:23.289460930 AM",
="",3961,,,,,,,,,,,,,,,,113,="",="2/6/2026 6:48:23.323291955 AM",
="",3999,,,,,,,,,,,,,,,,105,="",="2/6/2026 6:48:23.438847390 AM",
="",4000,,,,,,,,,,,,,,,,105,="",="2/6/2026 6:48:23.439101175 AM",
="",4001,,,,,,,,,,,,,,,,115,="",="2/6/2026 6:48:23.439187210 AM",
="",4002,,,,,,,,,,,,,,,,105,="",="2/6/2026 6:48:23.439385655 AM",
="",4003,,,,,,,,,,,,,,,,117,="",="2/6/2026 6:48:23.439687115 AM",
="",4004,,,,,,,,,,,,,,,,99,="",="2/6/2026 6:48:23.439861625 AM",
="",4005,,,,,,,,,,,,,,,,105,="",="2/6/2026 6:48:23.440322555 AM",
="",4006,,,,,,,,,,,,,,,,117,="",="2/6/2026 6:48:23.442303480 AM",
="",4012,,,,,,,,,,,,,,,,99,="",="2/6/2026 6:48:23.454766000 AM",
="",4014,,,,,,,,,,,,,,,,99,="",="2/6/2026 6:48:23.455240970 AM",
="",4015,,,,,,,,,,,,,,,,99,="",="2/6/2026 6:48:23.456509285 AM",
="",4017,,,,,,,,,,,,,,,,312,="",="2/6/2026 6:48:23.457709125 AM",
="",4020,,,,,,,,,,,,,,,,113,="",="2/6/2026 6:48:23.459791395 AM",
="",4022,,,,,,,,,,,,,,,,105,="",="2/6/2026 6:48:23.461436835 AM",
="",4023,,,,,,,,,,,,,,,,105,="",="2/6/2026 6:48:23.462105455 AM",
="",4026,,,,,,,,,,,,,,,,109,="",="2/6/2026 6:48:23.462546910 AM",
="",4029,,,,,,,,,,,,,,,,373,="",="2/6/2026 6:48:23.466857790 AM",
="",4030,,,,,,,,,,,,,,,,392,="",="2/6/2026 6:48:23.471068215 AM",
="",4035,,,,,,,,,,,,,,,,243,="",="2/6/2026 6:48:23.525093980 AM",
="",4037,,,,,,,,,,,,,,,,243,="",="2/6/2026 6:48:23.525791495 AM",
="",4038,,,,,,,,,,,,,,,,243,="",="2/6/2026 6:48:23.526249380 AM",
="",4040,,,,,,,,,,,,,,,,229,="",="2/6/2026 6:48:23.526875025 AM",
="",4041,,,,,,,,,,,,,,,,388,="",="2/6/2026 6:48:23.526974045 AM",
="",4046,,,,,,,,,,,,,,,,243,="",="2/6/2026 6:48:23.529131165 AM",
="",4047,,,,,,,,,,,,,,,,99,="",="2/6/2026 6:48:23.529195145 AM",
="",4052,,,,,,,,,,,,,,,,105,="",="2/6/2026 6:48:23.534740005 AM",
="",4054,,,,,,,,,,,,,,,,113,="",="2/6/2026 6:48:23.534971950 AM",
="",4056,,,,,,,,,,,,,,,,105,="",="2/6/2026 6:48:23.535358395 AM",
="",4058,,,,,,,,,,,,,,,,117,="",="2/6/2026 6:48:23.535520190 AM",
="",4065,,,,,,,,,,,,,,,,113,="",="2/6/2026 6:48:23.562654380 AM",
="",4066,,,,,,,,,,,,,,,,113,="",="2/6/2026 6:48:23.563373430 AM",
="",4068,,,,,,,,,,,,,,,,113,="",="2/6/2026 6:48:23.564654120 AM",
="",4074,,,,,,,,,,,,,,,,392,="",="2/6/2026 6:48:23.588147795 AM",
="",4078,,,,,,,,,,,,,,,,99,="",="2/6/2026 6:48:23.592744065 AM",
="",4083,,,,,,,,,,,,,,,,313,="",="2/6/2026 6:48:23.606698120 AM",
="",4084,,,,,,,,,,,,,,,,417,="",="2/6/2026 6:48:23.607498395 AM",
="",4098,,,,,,,,,,,,,,,,113,="",="2/6/2026 6:48:23.658433485 AM",
="",4100,,,,,,,,,,,,,,,,105,="",="2/6/2026 6:48:23.658590090 AM",
="",4106,,,,,,,,,,,,,,,,115,="",="2/6/2026 6:48:23.667962635 AM",
="",4109,,,,,,,,,,,,,,,,313,="",="2/6/2026 6:48:23.675453640 AM",
="",4110,,,,,,,,,,,,,,,,392,="",="2/6/2026 6:48:23.675824900 AM",
="",4111,,,,,,,,,,,,,,,,430,="",="2/6/2026 6:48:23.676253660 AM",
="",4115,,,,,,,,,,,,,,,,229,="",="2/6/2026 6:48:23.709899025 AM",
="",4135,,,,,,,,,,,,,,,,313,="",="2/6/2026 6:48:23.759049690 AM",
="",4162,,,,,,,,,,,,,,,,105,="",="2/6/2026 6:48:23.859378245 AM",
="",4166,,,,,,,,,,,,,,,,313,="",="2/6/2026 6:48:23.861447120 AM",
="",4167,,,,,,,,,,,,,,,,392,="",="2/6/2026 6:48:23.861828900 AM",
="",4182,,,,,,,,,,,,,,,,438,="",="2/6/2026 6:48:23.913138815 AM",
="",4196,,,,,,,,,,,,,,,,183,="",="2/6/2026 6:48:23.973967095 AM",
="",4197,,,,,,,,,,,,,,,,832,="",="2/6/2026 6:48:23.976828650 AM",
="",4199,,,,,,,,,,,,,,,,837,="",="2/6/2026 6:48:23.977044105 AM",
="",4210,,,,,,,,,,,,,,,,243,="",="2/6/2026 6:48:24.017489625 AM",
="",4211,,,,,,,,,,,,,,,,243,="",="2/6/2026 6:48:24.017945430 AM",
="",4212,,,,,,,,,,,,,,,,243,="",="2/6/2026 6:48:24.018399640 AM",
="",4213,,,,,,,,,,,,,,,,229,="",="2/6/2026 6:48:24.018850770 AM",
="",4215,,,,,,,,,,,,,,,,229,="",="2/6/2026 6:48:24.019623060 AM",
="",4217,,,,,,,,,,,,,,,,243,="",="2/6/2026 6:48:24.020100345 AM",
="",4220,,,,,,,,,,,,,,,,208,="",="2/6/2026 6:48:24.035892760 AM",
="",4224,,,,,,,,,,,,,,,,99,="",="2/6/2026 6:48:24.040768945 AM",
="",4232,,,,,,,,,,,,,,,,117,="",="2/6/2026 6:48:24.056369060 AM",
="",4238,,,,,,,,,,,,,,,,417,="",="2/6/2026 6:48:24.088011345 AM",
="",4240,,,,,,,,,,,,,,,,392,="",="2/6/2026 6:48:24.100152135 AM",
="",4242,,,,,,,,,,,,,,,,99,="",="2/6/2026 6:48:24.113297235 AM",
="",4244,,,,,,,,,,,,,,,,99,="",="2/6/2026 6:48:24.114562070 AM",
="",4253,,,,,,,,,,,,,,,,189,="",="2/6/2026 6:48:24.143311155 AM",
="",4263,,,,,,,,,,,,,,,,373,="",="2/6/2026 6:48:24.183646850 AM",
="",4267,,,,,,,,,,,,,,,,313,="",="2/6/2026 6:48:24.221101355 AM",
="",4270,,,,,,,,,,,,,,,,319,="",="2/6/2026 6:48:24.244021730 AM",
="",4278,,,,,,,,,,,,,,,,99,="",="2/6/2026 6:48:24.258872270 AM",
="",4279,,,,,,,,,,,,,,,,99,="",="2/6/2026 6:48:24.259042505 AM",
="",4286,,,,,,,,,,,,,,,,117,="",="2/6/2026 6:48:24.273273620 AM",
="",4295,,,,,,,,,,,,,,,,373,="",="2/6/2026 6:48:24.286062990 AM",
="",4301,,,,,,,,,,,,,,,,99,="",="2/6/2026 6:48:24.335243470 AM",
="",4308,,,,,,,,,,,,,,,,170,="",="2/6/2026 6:48:24.360795270 AM",
="",4322,,,,,,,,,,,,,,,,227,="",="2/6/2026 6:48:24.433856655 AM",
="",4331,,,,,,,,,,,,,,,,99,="",="2/6/2026 6:48:24.473974640 AM",
="",4336,,,,,,,,,,,,,,,,313,="",="2/6/2026 6:48:24.488817540 AM",
="",4343,,,,,,,,,,,,,,,,105,="",="2/6/2026 6:48:24.531397165 AM",
="",4366,,,,,,,,,,,,,,,,229,="",="2/6/2026 6:48:24.588955890 AM",
="",4374,,,,,,,,,,,,,,,,99,="",="2/6/2026 6:48:24.617988875 AM",
="",4393,,,,,,,,,,,,,,,,313,="",="2/6/2026 6:48:24.699456440 AM",
="",4402,,,,,,,,,,,,,,,,390,="",="2/6/2026 6:48:24.730180690 AM",
="",4407,,,,,,,,,,,,,,,,319,="",="2/6/2026 6:48:24.756466020 AM",
="",4424,,,,,,,,,,,,,,,,313,="",="2/6/2026 6:48:24.835506535 AM",
="",4425,,,,,,,,,,,,,,,,417,="",="2/6/2026 6:48:24.836303130 AM",
="",4442,,,,,,,,,,,,,,,,373,="",="2/6/2026 6:48:24.900461720 AM",
="",4458,,,,,,,,,,,,,,,,373,="",="2/6/2026 6:48:25.002861970 AM",
="",4460,,,,,,,,,,,,,,,,117,="",="2/6/2026 6:48:25.008875725 AM",
="",4478,,,,,,,,,,,,,,,,99,="",="2/6/2026 6:48:25.075068615 AM",
="",4491,,,,,,,,,,,,,,,,373,="",="2/6/2026 6:48:25.105262260 AM",
="",4514,,,,,,,,,,,,,,,,117,="",="2/6/2026 6:48:25.191895695 AM",
="",4521,,,,,,,,,,,,,,,,238,="",="2/6/2026 6:48:25.225941075 AM",
="",4540,,,,,,,,,,,,,,,,373,="",="2/6/2026 6:48:25.310062970 AM",
="",4546,,,,,,,,,,,,,,,,313,="",="2/6/2026 6:48:25.340998765 AM",
="",4564,,,,,,,,,,,,,,,,117,="",="2/6/2026 6:48:25.392651100 AM",
="",4575,,,,,,,,,,,,,,,,227,="",="2/6/2026 6:48:25.443853670 AM",
="",4578,,,,,,,,,,,,,,,,313,="",="2/6/2026 6:48:25.449905855 AM",
="",4579,,,,,,,,,,,,,,,,392,="",="2/6/2026 6:48:25.450277435 AM",
="",4598,,,,,,,,,,,,,,,,195,="",="2/6/2026 6:48:25.507458395 AM",
="",4600,,,,,,,,,,,,,,,,117,="",="2/6/2026 6:48:25.525830505 AM",
="",4623,,,,,,,,,,,,,,,,425,="",="2/6/2026 6:48:25.603049140 AM",
="",4643,,,,,,,,,,,,,,,,396,="",="2/6/2026 6:48:25.684302755 AM",
="",4650,,,,,,,,,,,,,,,,117,="",="2/6/2026 6:48:25.712323565 AM",
="",4653,,,,,,,,,,,,,,,,99,="",="2/6/2026 6:48:25.743381695 AM",
="",4654,,,,,,,,,,,,,,,,117,="",="2/6/2026 6:48:25.743495915 AM",
="",4675,,,,,,,,,,,,,,,,115,="",="2/6/2026 6:48:25.788747815 AM",
="",4680,,,,,,,,,,,,,,,,392,="",="2/6/2026 6:48:25.826236005 AM",
="",4681,,,,,,,,,,,,,,,,430,="",="2/6/2026 6:48:25.826664620 AM",
="",4709,,,,,,,,,,,,,,,,117,="",="2/6/2026 6:48:25.946173825 AM",
="",4729,,,,,,,,,,,,,,,,117,="",="2/6/2026 6:48:26.010000385 AM",
="",4739,,,,,,,,,,,,,,,,316,="",="2/6/2026 6:48:26.064071830 AM",
="",4740,,,,,,,,,,,,,,,,392,="",="2/6/2026 6:48:26.064680135 AM",
="",4763,,,,,,,,,,,,,,,,390,="",="2/6/2026 6:48:26.124264940 AM",
="",4765,,,,,,,,,,,,,,,,373,="",="2/6/2026 6:48:26.129252030 AM",
="",4794,,,,,,,,,,,,,,,,117,="",="2/6/2026 6:48:26.197710170 AM",
="",4801,,,,,,,,,,,,,,,,313,="",="2/6/2026 6:48:26.262608235 AM",
="",4822,,,,,,,,,,,,,,,,99,="",="2/6/2026 6:48:26.320724340 AM",
="",4823,,,,,,,,,,,,,,,,99,="",="2/6/2026 6:48:26.321347570 AM",
="",4826,,,,,,,,,,,,,,,,373,="",="2/6/2026 6:48:26.334099500 AM",
="",4830,,,,,,,,,,,,,,,,313,="",="2/6/2026 6:48:26.371869165 AM",
="",4851,,,,,,,,,,,,,,,,117,="",="2/6/2026 6:48:26.429818275 AM",
="",4853,,,,,,,,,,,,,,,,373,="",="2/6/2026 6:48:26.436466185 AM",
="",4862,,,,,,,,,,,,,,,,425,="",="2/6/2026 6:48:26.468210810 AM",
="",4876,,,,,,,,,,,,,,,,195,="",="2/6/2026 6:48:26.504893185 AM",
="",4880,,,,,,,,,,,,,,,,425,="",="2/6/2026 6:48:26.524650765 AM",
="",4883,,,,,,,,,,,,,,,,396,="",="2/6/2026 6:48:26.539268200 AM",
="",4887,,,,,,,,,,,,,,,,313,="",="2/6/2026 6:48:26.544822730 AM",
="",4897,,,,,,,,,,,,,,,,337,="",="2/6/2026 6:48:26.580231520 AM",
="",4907,,,,,,,,,,,,,,,,99,="",="2/6/2026 6:48:26.597407615 AM",
="",4914,,,,,,,,,,,,,,,,115,="",="2/6/2026 6:48:26.610436115 AM",
="",4915,,,,,,,,,,,,,,,,105,="",="2/6/2026 6:48:26.610561290 AM",
="",4923,,,,,,,,,,,,,,,,373,="",="2/6/2026 6:48:26.641304815 AM",
="",4930,,,,,,,,,,,,,,,,414,="",="2/6/2026 6:48:26.660602985 AM",
="",4931,,,,,,,,,,,,,,,,313,="",="2/6/2026 6:48:26.672211955 AM",
="",4933,,,,,,,,,,,,,,,,392,="",="2/6/2026 6:48:26.679082295 AM",
="",4943,,,,,,,,,,,,,,,,312,="",="2/6/2026 6:48:26.703827975 AM",
="",4952,,,,,,,,,,,,,,,,316,="",="2/6/2026 6:48:26.727699135 AM",
="",4954,,,,,,,,,,,,,,,,425,="",="2/6/2026 6:48:26.729451285 AM",
="",4957,,,,,,,,,,,,,,,,373,="",="2/6/2026 6:48:26.743666925 AM",
="",4963,,,,,,,,,,,,,,,,230,="",="2/6/2026 6:48:26.771273440 AM",
="",4965,,,,,,,,,,,,,,,,117,="",="2/6/2026 6:48:26.775333410 AM",
="",5043,,,,,,,,,,,,,,,,313,="",="2/6/2026 6:48:26.844024190 AM",
="",5122,,,,,,,,,,,,,,,,414,="",="2/6/2026 6:48:26.967805540 AM",
="",5143,,,,,,,,,,,,,,,,373,="",="2/6/2026 6:48:27.050870590 AM",
="",5146,,,,,,,,,,,,,,,,313,="",="2/6/2026 6:48:27.056824955 AM",
="",5149,,,,,,,,,,,,,,,,99,="",="2/6/2026 6:48:27.084207465 AM",
="",5174,,,,,,,,,,,,,,,,316,="",="2/6/2026 6:48:27.137314675 AM",
="",5179,,,,,,,,,,,,,,,,373,="",="2/6/2026 6:48:27.153255970 AM",
="",5183,,,,,,,,,,,,,,,,321,="",="2/6/2026 6:48:27.163165810 AM",
="",5200,,,,,,,,,,,,,,,,396,="",="2/6/2026 6:48:27.220305975 AM",
="",5209,,,,,,,,,,,,,,,,417,="",="2/6/2026 6:48:27.262425570 AM",
="",5233,,,,,,,,,,,,,,,,373,="",="2/6/2026 6:48:27.358090125 AM",
="",5235,,,,,,,,,,,,,,,,392,="",="2/6/2026 6:48:27.362240855 AM",
="",5240,,,,,,,,,,,,,,,,417,="",="2/6/2026 6:48:27.396313795 AM",
="",5265,,,,,,,,,,,,,,,,373,="",="2/6/2026 6:48:27.460469025 AM",
="",5271,,,,,,,,,,,,,,,,392,="",="2/6/2026 6:48:27.479384590 AM",
="",5272,,,,,,,,,,,,,,,,414,="",="2/6/2026 6:48:27.479813305 AM",
="",5274,,,,,,,,,,,,,,,,313,="",="2/6/2026 6:48:27.497915075 AM",
="",5275,,,,,,,,,,,,,,,,392,="",="2/6/2026 6:48:27.498286040 AM",
="",5287,,,,,,,,,,,,,,,,316,="",="2/6/2026 6:48:27.546832170 AM",
="",5291,,,,,,,,,,,,,,,,425,="",="2/6/2026 6:48:27.548652590 AM",
="",5294,,,,,,,,,,,,,,,,373,="",="2/6/2026 6:48:27.562869710 AM",
="",5304,,,,,,,,,,,,,,,,388,="",="2/6/2026 6:48:27.620508390 AM",
="",5310,,,,,,,,,,,,,,,,99,="",="2/6/2026 6:48:27.639085030 AM",
="",5323,,,,,,,,,,,,,,,,392,="",="2/6/2026 6:48:27.684389795 AM",
="",5324,,,,,,,,,,,,,,,,99,="",="2/6/2026 6:48:27.691059350 AM",
="",5335,,,,,,,,,,,,,,,,388,="",="2/6/2026 6:48:27.725655745 AM",
="",5340,,,,,,,,,,,,,,,,99,="",="2/6/2026 6:48:27.736239150 AM",
="",5348,,,,,,,,,,,,,,,,373,="",="2/6/2026 6:48:27.767656945 AM",
="",5351,,,,,,,,,,,,,,,,417,="",="2/6/2026 6:48:27.774428040 AM",
="",5378,,,,,,,,,,,,,,,,425,="",="2/6/2026 6:48:27.855853475 AM",
="",5381,,,,,,,,,,,,,,,,373,="",="2/6/2026 6:48:27.870070010 AM",
="",5404,,,,,,,,,,,,,,,,313,="",="2/6/2026 6:48:27.957454030 AM",
="",5405,,,,,,,,,,,,,,,,392,="",="2/6/2026 6:48:27.957824755 AM",
="",5408,,,,,,,,,,,,,,,,373,="",="2/6/2026 6:48:27.972470725 AM",
="",5416,,,,,,,,,,,,,,,,117,="",="2/6/2026 6:48:27.998604420 AM",
="",5420,,,,,,,,,,,,,,,,195,="",="2/6/2026 6:48:28.005052280 AM",
="",5453,,,,,,,,,,,,,,,,417,="",="2/6/2026 6:48:28.113117380 AM",
="",5462,,,,,,,,,,,,,,,,105,="",="2/6/2026 6:48:28.158220010 AM",
="",5466,,,,,,,,,,,,,,,,105,="",="2/6/2026 6:48:28.162163990 AM",
="",5468,,,,,,,,,,,,,,,,392,="",="2/6/2026 6:48:28.162644095 AM",
="",5471,,,,,,,,,,,,,,,,373,="",="2/6/2026 6:48:28.177273970 AM",
="",5480,,,,,,,,,,,,,,,,417,="",="2/6/2026 6:48:28.215540030 AM",
="",5487,,,,,,,,,,,,,,,,294,="",="2/6/2026 6:48:28.231949920 AM",
="",5489,,,,,,,,,,,,,,,,99,="",="2/6/2026 6:48:28.233683130 AM",
="",5490,,,,,,,,,,,,,,,,99,="",="2/6/2026 6:48:28.234317135 AM",
="",5497,,,,,,,,,,,,,,,,408,="",="2/6/2026 6:48:28.250482510 AM",
="",5498,,,,,,,,,,,,,,,,408,="",="2/6/2026 6:48:28.251120115 AM",
="",5503,,,,,,,,,,,,,,,,313,="",="2/6/2026 6:48:28.264654270 AM",
="",5504,,,,,,,,,,,,,,,,392,="",="2/6/2026 6:48:28.265025075 AM",
="",5505,,,,,,,,,,,,,,,,425,="",="2/6/2026 6:48:28.265454005 AM",
="",5514,,,,,,,,,,,,,,,,392,="",="2/6/2026 6:48:28.298588610 AM",
="",5515,,,,,,,,,,,,,,,,414,="",="2/6/2026 6:48:28.299019445 AM",
="",5543,,,,,,,,,,,,,,,,99,="",="2/6/2026 6:48:28.402208855 AM",
="",5577,,,,,,,,,,,,,,,,392,="",="2/6/2026 6:48:28.503393140 AM",
="",5579,,,,,,,,,,,,,,,,195,="",="2/6/2026 6:48:28.505393460 AM",
="",5603,,,,,,,,,,,,,,,,373,="",="2/6/2026 6:48:28.586872505 AM",
="",5611,,,,,,,,,,,,,,,,337,="",="2/6/2026 6:48:28.628235435 AM",
="",5635,,,,,,,,,,,,,,,,392,="",="2/6/2026 6:48:28.708192120 AM",
="",5636,,,,,,,,,,,,,,,,229,="",="2/6/2026 6:48:28.708621850 AM",
="",5675,,,,,,,,,,,,,,,,373,="",="2/6/2026 6:48:28.791673085 AM",
="",5697,,,,,,,,,,,,,,,,373,="",="2/6/2026 6:48:28.894072800 AM",
="",5698,,,,,,,,,,,,,,,,430,="",="2/6/2026 6:48:28.898679745 AM",
="",5700,,,,,,,,,,,,,,,,99,="",="2/6/2026 6:48:28.900520950 AM",
="",5702,,,,,,,,,,,,,,,,117,="",="2/6/2026 6:48:28.900988000 AM",
="",5726,,,,,,,,,,,,,,,,195,="",="2/6/2026 6:48:29.007721455 AM",
="",5728,,,,,,,,,,,,,,,,99,="",="2/6/2026 6:48:29.016470505 AM",
="",5729,,,,,,,,,,,,,,,,99,="",="2/6/2026 6:48:29.016736225 AM",
="",5731,,,,,,,,,,,,,,,,117,="",="2/6/2026 6:48:29.017197740 AM",
="",5742,,,,,,,,,,,,,,,,99,="",="2/6/2026 6:48:29.065153545 AM",
="",5747,,,,,,,,,,,,,,,,425,="",="2/6/2026 6:48:29.084655150 AM",
="",5752,,,,,,,,,,,,,,,,373,="",="2/6/2026 6:48:29.098876365 AM",
="",5769,,,,,,,,,,,,,,,,392,="",="2/6/2026 6:48:29.136692570 AM",
="",5783,,,,,,,,,,,,,,,,373,="",="2/6/2026 6:48:29.201276775 AM",
="",5788,,,,,,,,,,,,,,,,250,="",="2/6/2026 6:48:29.232841700 AM",
="",5798,,,,,,,,,,,,,,,,373,="",="2/6/2026 6:48:29.303677170 AM",
="",5808,,,,,,,,,,,,,,,,99,="",="2/6/2026 6:48:29.343957055 AM",
="",5821,,,,,,,,,,,,,,,,373,="",="2/6/2026 6:48:29.406088180 AM",
="",5841,,,,,,,,,,,,,,,,99,="",="2/6/2026 6:48:29.501557440 AM",
="",5845,,,,,,,,,,,,,,,,195,="",="2/6/2026 6:48:29.505488470 AM",
="",5846,,,,,,,,,,,,,,,,195,="",="2/6/2026 6:48:29.506051870 AM",
="",5848,,,,,,,,,,,,,,,,195,="",="2/6/2026 6:48:29.506560935 AM",
="",5863,,,,,,,,,,,,,,,,99,="",="2/6/2026 6:48:29.588812890 AM",
="",5866,,,,,,,,,,,,,,,,99,="",="2/6/2026 6:48:29.603625235 AM",
="",5868,,,,,,,,,,,,,,,,229,="",="2/6/2026 6:48:29.604280785 AM",
="",5870,,,,,,,,,,,,,,,,311,="",="2/6/2026 6:48:29.604854320 AM",
="",5871,,,,,,,,,,,,,,,,99,="",="2/6/2026 6:48:29.607654100 AM",
="",5873,,,,,,,,,,,,,,,,117,="",="2/6/2026 6:48:29.608255330 AM",
="",5874,,,,,,,,,,,,,,,,373,="",="2/6/2026 6:48:29.610862145 AM",
="",5877,,,,,,,,,,,,,,,,99,="",="2/6/2026 6:48:29.618353015 AM",
="",5888,,,,,,,,,,,,,,,,396,="",="2/6/2026 6:48:29.678128320 AM",
="",5891,,,,,,,,,,,,,,,,189,="",="2/6/2026 6:48:29.689570270 AM",
="",5911,,,,,,,,,,,,,,,,211,="",="2/6/2026 6:48:29.757015590 AM",
="",5916,,,,,,,,,,,,,,,,99,="",="2/6/2026 6:48:29.802011645 AM",
="",5918,,,,,,,,,,,,,,,,117,="",="2/6/2026 6:48:29.802771030 AM",
="",5934,,,,,,,,,,,,,,,,313,="",="2/6/2026 6:48:29.853278040 AM",
="",5952,,,,,,,,,,,,,,,,373,="",="2/6/2026 6:48:29.918063175 AM",
="",5954,,,,,,,,,,,,,,,,313,="",="2/6/2026 6:48:29.924310530 AM",
="",5963,,,,,,,,,,,,,,,,313,="",="2/6/2026 6:48:29.955528270 AM",
="",5964,,,,,,,,,,,,,,,,392,="",="2/6/2026 6:48:29.955896675 AM",
="",5965,,,,,,,,,,,,,,,,417,="",="2/6/2026 6:48:29.956324825 AM",
="",5984,,,,,,,,,,,,,,,,189,="",="2/6/2026 6:48:30.080791945 AM",
="",5987,,,,,,,,,,,,,,,,373,="",="2/6/2026 6:48:30.087098940 AM",
="",6001,,,,,,,,,,,,,,,,373,="",="2/6/2026 6:48:30.189497420 AM",
="",6033,,,,,,,,,,,,,,,,392,="",="2/6/2026 6:48:30.365498405 AM",
="",6036,,,,,,,,,,,,,,,,117,="",="2/6/2026 6:48:30.372931305 AM",
="",6045,,,,,,,,,,,,,,,,526,="",="2/6/2026 6:48:30.430168260 AM",
="",6050,,,,,,,,,,,,,,,,99,="",="2/6/2026 6:48:30.445615970 AM",
="",6066,,,,,,,,,,,,,,,,229,="",="2/6/2026 6:48:30.553059185 AM",
="",6082,,,,,,,,,,,,,,,,313,="",="2/6/2026 6:48:30.638686310 AM",
="",6083,,,,,,,,,,,,,,,,392,="",="2/6/2026 6:48:30.639057795 AM",
="",6084,,,,,,,,,,,,,,,,430,="",="2/6/2026 6:48:30.639486090 AM",
="",6097,,,,,,,,,,,,,,,,99,="",="2/6/2026 6:48:30.718179165 AM",
="",6100,,,,,,,,,,,,,,,,373,="",="2/6/2026 6:48:30.737267900 AM",
="",6102,,,,,,,,,,,,,,,,430,="",="2/6/2026 6:48:30.741886555 AM",
="",6115,,,,,,,,,,,,,,,,316,="",="2/6/2026 6:48:30.823327360 AM",
="",6117,,,,,,,,,,,,,,,,373,="",="2/6/2026 6:48:30.839668555 AM",
="",6118,,,,,,,,,,,,,,,,392,="",="2/6/2026 6:48:30.843858715 AM",
="",6150,,,,,,,,,,,,,,,,396,="",="2/6/2026 6:48:31.009468550 AM",
="",6198,,,,,,,,,,,,,,,,373,="",="2/6/2026 6:48:31.249279430 AM",
="",6201,,,,,,,,,,,,,,,,99,="",="2/6/2026 6:48:31.270576805 AM",
="",6202,,,,,,,,,,,,,,,,392,="",="2/6/2026 6:48:31.287102260 AM",
="",6208,,,,,,,,,,,,,,,,396,="",="2/6/2026 6:48:31.316313670 AM",
="",6218,,,,,,,,,,,,,,,,373,="",="2/6/2026 6:48:31.351669875 AM",
="",6219,,,,,,,,,,,,,,,,313,="",="2/6/2026 6:48:31.357644950 AM",
="",6220,,,,,,,,,,,,,,,,417,="",="2/6/2026 6:48:31.358444705 AM",
="",6223,,,,,,,,,,,,,,,,392,="",="2/6/2026 6:48:31.389529670 AM",
="",6236,,,,,,,,,,,,,,,,430,="",="2/6/2026 6:48:31.458690410 AM",
="",6239,,,,,,,,,,,,,,,,99,="",="2/6/2026 6:48:31.465317610 AM",
="",6250,,,,,,,,,,,,,,,,99,="",="2/6/2026 6:48:31.539643585 AM",
="",6334,,,,,,,,,,,,,,,,313,="",="2/6/2026 6:48:31.664849375 AM",
="",6359,,,,,,,,,,,,,,,,99,="",="2/6/2026 6:48:31.699611170 AM",
="",6404,,,,,,,,,,,,,,,,411,="",="2/6/2026 6:48:31.787512635 AM",
="",6413,,,,,,,,,,,,,,,,99,="",="2/6/2026 6:48:31.833136225 AM",
="",6414,,,,,,,,,,,,,,,,171,="",="2/6/2026 6:48:31.837462000 AM",
="",6421,,,,,,,,,,,,,,,,392,="",="2/6/2026 6:48:31.867863500 AM",
="",6445,,,,,,,,,,,,,,,,373,="",="2/6/2026 6:48:31.966084475 AM",
="",6463,,,,,,,,,,,,,,,,373,="",="2/6/2026 6:48:32.068485010 AM",
="",6465,,,,,,,,,,,,,,,,417,="",="2/6/2026 6:48:32.095295040 AM",
="",6494,,,,,,,,,,,,,,,,417,="",="2/6/2026 6:48:32.280051955 AM",
="",6520,,,,,,,,,,,,,,,,99,="",="2/6/2026 6:48:32.369205305 AM",
="",6521,,,,,,,,,,,,,,,,99,="",="2/6/2026 6:48:32.369845630 AM",
="",6538,,,,,,,,,,,,,,,,306,="",="2/6/2026 6:48:32.435146870 AM",
="",6547,,,,,,,,,,,,,,,,373,="",="2/6/2026 6:48:32.478085885 AM",
="",6550,,,,,,,,,,,,,,,,478,="",="2/6/2026 6:48:32.529755925 AM",
="",6564,,,,,,,,,,,,,,,,373,="",="2/6/2026 6:48:32.580505935 AM",
="",6583,,,,,,,,,,,,,,,,230,="",="2/6/2026 6:48:32.772567665 AM",
="",6584,,,,,,,,,,,,,,,,99,="",="2/6/2026 6:48:32.780334285 AM",
="",6619,,,,,,,,,,,,,,,,373,="",="2/6/2026 6:48:32.990071870 AM",
="",6623,,,,,,,,,,,,,,,,195,="",="2/6/2026 6:48:33.005571665 AM",
="",6631,,,,,,,,,,,,,,,,99,="",="2/6/2026 6:48:33.086328775 AM",
="",6632,,,,,,,,,,,,,,,,117,="",="2/6/2026 6:48:33.086492930 AM",
="",6650,,,,,,,,,,,,,,,,337,="",="2/6/2026 6:48:33.206243015 AM",
="",6661,,,,,,,,,,,,,,,,396,="",="2/6/2026 6:48:33.261916675 AM",
="",6678,,,,,,,,,,,,,,,,117,="",="2/6/2026 6:48:33.392518495 AM",
="",6679,,,,,,,,,,,,,,,,313,="",="2/6/2026 6:48:33.405654530 AM",
="",6692,,,,,,,,,,,,,,,,373,="",="2/6/2026 6:48:33.466574825 AM",
="",6732,,,,,,,,,,,,,,,,105,="",="2/6/2026 6:48:33.669086715 AM",
="",6733,,,,,,,,,,,,,,,,373,="",="2/6/2026 6:48:33.671104080 AM",
="",6735,,,,,,,,,,,,,,,,373,="",="2/6/2026 6:48:33.706873325 AM",
="",6750,,,,,,,,,,,,,,,,189,="",="2/6/2026 6:48:33.774443480 AM",
="",6775,,,,,,,,,,,,,,,,392,="",="2/6/2026 6:48:33.939532615 AM",
="",6783,,,,,,,,,,,,,,,,381,="",="2/6/2026 6:48:33.985014385 AM",
="",6788,,,,,,,,,,,,,,,,195,="",="2/6/2026 6:48:34.007063890 AM",
="",6806,,,,,,,,,,,,,,,,396,="",="2/6/2026 6:48:34.081118600 AM",
="",6808,,,,,,,,,,,,,,,,99,="",="2/6/2026 6:48:34.086337820 AM",
="",6809,,,,,,,,,,,,,,,,117,="",="2/6/2026 6:48:34.086452560 AM",
="",6847,,,,,,,,,,,,,,,,189,="",="2/6/2026 6:48:34.281455855 AM",
="",6855,,,,,,,,,,,,,,,,99,="",="2/6/2026 6:48:34.300738050 AM",
="",6860,,,,,,,,,,,,,,,,417,="",="2/6/2026 6:48:34.328061500 AM",
="",6865,,,,,,,,,,,,,,,,99,="",="2/6/2026 6:48:34.344425180 AM",
="",6878,,,,,,,,,,,,,,,,415,="",="2/6/2026 6:48:34.452236300 AM",
="",6883,,,,,,,,,,,,,,,,117,="",="2/6/2026 6:48:34.488123995 AM",
="",6887,,,,,,,,,,,,,,,,316,="",="2/6/2026 6:48:34.509789215 AM",
="",6890,,,,,,,,,,,,,,,,99,="",="2/6/2026 6:48:34.520318250 AM",
="",6893,,,,,,,,,,,,,,,,195,="",="2/6/2026 6:48:34.523169120 AM",
="",6910,,,,,,,,,,,,,,,,319,="",="2/6/2026 6:48:34.586588780 AM",
="",6912,,,,,,,,,,,,,,,,396,="",="2/6/2026 6:48:34.593120160 AM",
="",6924,,,,,,,,,,,,,,,,313,="",="2/6/2026 6:48:34.634460255 AM",
="",6938,,,,,,,,,,,,,,,,229,="",="2/6/2026 6:48:34.691528895 AM",
="",6942,,,,,,,,,,,,,,,,427,="",="2/6/2026 6:48:34.704001460 AM",
="",7031,,,,,,,,,,,,,,,,373,="",="2/6/2026 6:48:34.797505600 AM",
="",7053,,,,,,,,,,,,,,,,211,="",="2/6/2026 6:48:34.838844370 AM",
="",7074,,,,,,,,,,,,,,,,419,="",="2/6/2026 6:48:34.873197965 AM",
="",7082,,,,,,,,,,,,,,,,373,="",="2/6/2026 6:48:34.900428825 AM",
="",7088,,,,,,,,,,,,,,,,392,="",="2/6/2026 6:48:34.942033365 AM",
="",7097,,,,,,,,,,,,,,,,388,="",="2/6/2026 6:48:34.975157275 AM",
="",7100,,,,,,,,,,,,,,,,478,="",="2/6/2026 6:48:34.987359355 AM",
="",7103,,,,,,,,,,,,,,,,396,="",="2/6/2026 6:48:35.002720290 AM",
="",7122,,,,,,,,,,,,,,,,526,="",="2/6/2026 6:48:35.140636605 AM",
="",7149,,,,,,,,,,,,,,,,373,="",="2/6/2026 6:48:35.309506510 AM",
="",7165,,,,,,,,,,,,,,,,373,="",="2/6/2026 6:48:35.411920085 AM",
="",7174,,,,,,,,,,,,,,,,411,="",="2/6/2026 6:48:35.430333620 AM",
="",7178,,,,,,,,,,,,,,,,113,="",="2/6/2026 6:48:35.453289340 AM",
="",7188,,,,,,,,,,,,,,,,337,="",="2/6/2026 6:48:35.561444675 AM",
="",7218,,,,,,,,,,,,,,,,313,="",="2/6/2026 6:48:35.740678025 AM",
="",7230,,,,,,,,,,,,,,,,396,="",="2/6/2026 6:48:35.821922180 AM",
="",7231,,,,,,,,,,,,,,,,105,="",="2/6/2026 6:48:35.833452300 AM",
="",7232,,,,,,,,,,,,,,,,105,="",="2/6/2026 6:48:35.833838425 AM",
="",7233,,,,,,,,,,,,,,,,117,="",="2/6/2026 6:48:35.834351575 AM",
="",7249,,,,,,,,,,,,,,,,99,="",="2/6/2026 6:48:35.901021155 AM",
="",7250,,,,,,,,,,,,,,,,117,="",="2/6/2026 6:48:35.901500860 AM",
="",7263,,,,,,,,,,,,,,,,99,="",="2/6/2026 6:48:35.952384985 AM",
="",7264,,,,,,,,,,,,,,,,99,="",="2/6/2026 6:48:35.952998975 AM",
="",7266,,,,,,,,,,,,,,,,392,="",="2/6/2026 6:48:35.966037965 AM",
="",7286,,,,,,,,,,,,,,,,373,="",="2/6/2026 6:48:36.026965740 AM",
="",7287,,,,,,,,,,,,,,,,396,="",="2/6/2026 6:48:36.027329135 AM",
="",7294,,,,,,,,,,,,,,,,117,="",="2/6/2026 6:48:36.082461060 AM",
="",7295,,,,,,,,,,,,,,,,99,="",="2/6/2026 6:48:36.086667880 AM",
="",7308,,,,,,,,,,,,,,,,396,="",="2/6/2026 6:48:36.129122880 AM",
="",7309,,,,,,,,,,,,,,,,313,="",="2/6/2026 6:48:36.170468230 AM",
="",7317,,,,,,,,,,,,,,,,478,="",="2/6/2026 6:48:36.216185760 AM",
="",7322,,,,,,,,,,,,,,,,373,="",="2/6/2026 6:48:36.231410445 AM",
="",7327,,,,,,,,,,,,,,,,313,="",="2/6/2026 6:48:36.252055750 AM",
="",7351,,,,,,,,,,,,,,,,373,="",="2/6/2026 6:48:36.435921715 AM",
="",7365,,,,,,,,,,,,,,,,373,="",="2/6/2026 6:48:36.538564820 AM",
="",7381,,,,,,,,,,,,,,,,229,="",="2/6/2026 6:48:36.635642170 AM",
="",7401,,,,,,,,,,,,,,,,195,="",="2/6/2026 6:48:36.734870265 AM",
="",7407,,,,,,,,,,,,,,,,337,="",="2/6/2026 6:48:36.790246730 AM",
="",7412,,,,,,,,,,,,,,,,195,="",="2/6/2026 6:48:36.799819940 AM",
="",7413,,,,,,,,,,,,,,,,117,="",="2/6/2026 6:48:36.799875375 AM",
="",7476,,,,,,,,,,,,,,,,459,="",="2/6/2026 6:48:37.148336820 AM",
="",7478,,,,,,,,,,,,,,,,396,="",="2/6/2026 6:48:37.153123910 AM",
="",7486,,,,,,,,,,,,,,,,99,="",="2/6/2026 6:48:37.207389030 AM",
="",7527,,,,,,,,,,,,,,,,323,="",="2/6/2026 6:48:37.462840790 AM",
="",7596,,,,,,,,,,,,,,,,417,="",="2/6/2026 6:48:37.809675200 AM",
="",7641,,,,,,,,,,,,,,,,99,="",="2/6/2026 6:48:38.017678570 AM",
="",7656,,,,,,,,,,,,,,,,373,="",="2/6/2026 6:48:38.074140390 AM",
="",7659,,,,,,,,,,,,,,,,99,="",="2/6/2026 6:48:38.086452925 AM",
="",7660,,,,,,,,,,,,,,,,117,="",="2/6/2026 6:48:38.086567985 AM",
="",7662,,,,,,,,,,,,,,,,199,="",="2/6/2026 6:48:38.103941870 AM",
="",7675,,,,,,,,,,,,,,,,471,="",="2/6/2026 6:48:38.165166935 AM",
="",7682,,,,,,,,,,,,,,,,99,="",="2/6/2026 6:48:38.207430405 AM",
="",7699,,,,,,,,,,,,,,,,313,="",="2/6/2026 6:48:38.287247985 AM",
="",7727,,,,,,,,,,,,,,,,337,="",="2/6/2026 6:48:38.428649880 AM",
="",7735,,,,,,,,,,,,,,,,419,="",="2/6/2026 6:48:38.457305195 AM",
="",7738,,,,,,,,,,,,,,,,316,="",="2/6/2026 6:48:38.464198840 AM",
="",7759,,,,,,,,,,,,,,,,229,="",="2/6/2026 6:48:38.608669700 AM",
="",7760,,,,,,,,,,,,,,,,417,="",="2/6/2026 6:48:38.628879370 AM",
="",7782,,,,,,,,,,,,,,,,337,="",="2/6/2026 6:48:38.735880275 AM",
="",7836,,,,,,,,,,,,,,,,427,="",="2/6/2026 6:48:39.004530425 AM",
="",7885,,,,,,,,,,,,,,,,313,="",="2/6/2026 6:48:39.311262115 AM",
="",7899,,,,,,,,,,,,,,,,419,="",="2/6/2026 6:48:39.378916000 AM",
="",7903,,,,,,,,,,,,,,,,109,="",="2/6/2026 6:48:39.383033790 AM",
="",7919,,,,,,,,,,,,,,,,117,="",="2/6/2026 6:48:39.451718990 AM",
="",7923,,,,,,,,,,,,,,,,195,="",="2/6/2026 6:48:39.452559085 AM",
="",7933,,,,,,,,,,,,,,,,478,="",="2/6/2026 6:48:39.493018270 AM",
="",7935,,,,,,,,,,,,,,,,312,="",="2/6/2026 6:48:39.505070120 AM",
="",7941,,,,,,,,,,,,,,,,105,="",="2/6/2026 6:48:39.539007055 AM",
="",7964,,,,,,,,,,,,,,,,331,="",="2/6/2026 6:48:39.684205520 AM",
="",7977,,,,,,,,,,,,,,,,323,="",="2/6/2026 6:48:39.718833360 AM",
="",7979,,,,,,,,,,,,,,,,105,="",="2/6/2026 6:48:39.726205860 AM",
="",8115,,,,,,,,,,,,,,,,373,="",="2/6/2026 6:48:40.122328190 AM",
="",8190,,,,,,,,,,,,,,,,313,="",="2/6/2026 6:48:40.335272420 AM",
="",8205,,,,,,,,,,,,,,,,323,="",="2/6/2026 6:48:40.432484205 AM",
="",8221,,,,,,,,,,,,,,,,396,="",="2/6/2026 6:48:40.532475660 AM",
="",8251,,,,,,,,,,,,,,,,117,="",="2/6/2026 6:48:40.710731295 AM",
="",8264,,,,,,,,,,,,,,,,113,="",="2/6/2026 6:48:40.797123465 AM",
="",8302,,,,,,,,,,,,,,,,313,="",="2/6/2026 6:48:41.052082500 AM",
="",8314,,,,,,,,,,,,,,,,141,="",="2/6/2026 6:48:41.122375800 AM",
="",8316,,,,,,,,,,,,,,,,478,="",="2/6/2026 6:48:41.131431440 AM",
="",8322,,,,,,,,,,,,,,,,200,="",="2/6/2026 6:48:41.166994105 AM",
="",8325,,,,,,,,,,,,,,,,141,="",="2/6/2026 6:48:41.169208725 AM",
="",8326,,,,,,,,,,,,,,,,141,="",="2/6/2026 6:48:41.171090765 AM",
="",8337,,,,,,,,,,,,,,,,141,="",="2/6/2026 6:48:41.200927585 AM",
="",8338,,,,,,,,,,,,,,,,141,="",="2/6/2026 6:48:41.201277670 AM",
="",8339,,,,,,,,,,,,,,,,392,="",="2/6/2026 6:48:41.214265310 AM",
="",8340,,,,,,,,,,,,,,,,414,="",="2/6/2026 6:48:41.214694720 AM",
="",8341,,,,,,,,,,,,,,,,141,="",="2/6/2026 6:48:41.216296505 AM",
="",8347,,,,,,,,,,,,,,,,141,="",="2/6/2026 6:48:41.226961365 AM",
="",8350,,,,,,,,,,,,,,,,471,="",="2/6/2026 6:48:41.237212020 AM",
="",8351,,,,,,,,,,,,,,,,141,="",="2/6/2026 6:48:41.241152545 AM",
="",8352,,,,,,,,,,,,,,,,1091,="",="2/6/2026 6:48:41.243988965 AM",
="",8354,,,,,,,,,,,,,,,,313,="",="2/6/2026 6:48:41.256881880 AM",
="",8355,,,,,,,,,,,,,,,,149,="",="2/6/2026 6:48:41.258455540 AM",
="",8359,,,,,,,,,,,,,,,,125,="",="2/6/2026 6:48:41.273899165 AM",
="",8370,,,,,,,,,,,,,,,,313,="",="2/6/2026 6:48:41.330655030 AM",
="",8376,,,,,,,,,,,,,,,,427,="",="2/6/2026 6:48:41.360080150 AM",
="",8391,,,,,,,,,,,,,,,,417,="",="2/6/2026 6:48:41.393692285 AM",
="",8411,,,,,,,,,,,,,,,,337,="",="2/6/2026 6:48:41.500655645 AM",
="",8412,,,,,,,,,,,,,,,,175,="",="2/6/2026 6:48:41.518778490 AM",
="",8414,,,,,,,,,,,,,,,,175,="",="2/6/2026 6:48:41.519133640 AM",
="",8416,,,,,,,,,,,,,,,,175,="",="2/6/2026 6:48:41.519482365 AM",
="",8421,,,,,,,,,,,,,,,,392,="",="2/6/2026 6:48:41.535608595 AM",
="",8422,,,,,,,,,,,,,,,,418,="",="2/6/2026 6:48:41.536036960 AM",
="",8429,,,,,,,,,,,,,,,,427,="",="2/6/2026 6:48:41.564885960 AM",
="",8431,,,,,,,,,,,,,,,,99,="",="2/6/2026 6:48:41.583488680 AM",
="",8432,,,,,,,,,,,,,,,,99,="",="2/6/2026 6:48:41.587027375 AM",
="",8435,,,,,,,,,,,,,,,,313,="",="2/6/2026 6:48:41.597693460 AM",
="",8436,,,,,,,,,,,,,,,,417,="",="2/6/2026 6:48:41.598493895 AM",
="",8447,,,,,,,,,,,,,,,,396,="",="2/6/2026 6:48:41.658733140 AM",
="",8460,,,,,,,,,,,,,,,,313,="",="2/6/2026 6:48:41.725901660 AM",
="",8468,,,,,,,,,,,,,,,,375,="",="2/6/2026 6:48:41.763443400 AM",
="",8470,,,,,,,,,,,,,,,,313,="",="2/6/2026 6:48:41.768890045 AM",
="",8486,,,,,,,,,,,,,,,,471,="",="2/6/2026 6:48:41.852642445 AM",
="",8490,,,,,,,,,,,,,,,,313,="",="2/6/2026 6:48:41.872052320 AM",
="",8492,,,,,,,,,,,,,,,,119,="",="2/6/2026 6:48:41.873443220 AM",
="",8493,,,,,,,,,,,,,,,,141,="",="2/6/2026 6:48:41.874825325 AM",
="",8494,,,,,,,,,,,,,,,,119,="",="2/6/2026 6:48:41.878361890 AM",
="",8495,,,,,,,,,,,,,,,,421,="",="2/6/2026 6:48:41.892210455 AM",
="",8497,,,,,,,,,,,,,,,,473,="",="2/6/2026 6:48:41.894469495 AM",
="",8507,,,,,,,,,,,,,,,,99,="",="2/6/2026 6:48:41.914653665 AM",
="",8534,,,,,,,,,,,,,,,,331,="",="2/6/2026 6:48:41.982941160 AM",
="",8539,,,,,,,,,,,,,,,,99,="",="2/6/2026 6:48:41.995919350 AM",
="",8541,,,,,,,,,,,,,,,,396,="",="2/6/2026 6:48:42.001711430 AM",
="",8559,,,,,,,,,,,,,,,,105,="",="2/6/2026 6:48:42.080045920 AM",
="",8575,,,,,,,,,,,,,,,,414,="",="2/6/2026 6:48:42.136452935 AM",
="",8600,,,,,,,,,,,,,,,,471,="",="2/6/2026 6:48:42.261205210 AM",
="",8606,,,,,,,,,,,,,,,,141,="",="2/6/2026 6:48:42.300611980 AM",
="",8634,,,,,,,,,,,,,,,,125,="",="2/6/2026 6:48:42.419387705 AM",
="",8636,,,,,,,,,,,,,,,,117,="",="2/6/2026 6:48:42.420115025 AM",
="",8640,,,,,,,,,,,,,,,,125,="",="2/6/2026 6:48:42.426405690 AM",
="",8641,,,,,,,,,,,,,,,,141,="",="2/6/2026 6:48:42.428374785 AM",
="",8644,,,,,,,,,,,,,,,,411,="",="2/6/2026 6:48:42.435111245 AM",
="",8647,,,,,,,,,,,,,,,,411,="",="2/6/2026 6:48:42.437934450 AM",
="",8683,,,,,,,,,,,,,,,,197,="",="2/6/2026 6:48:42.588654220 AM",
="",8696,,,,,,,,,,,,,,,,113,="",="2/6/2026 6:48:42.654551055 AM",
="",8705,,,,,,,,,,,,,,,,417,="",="2/6/2026 6:48:42.724898905 AM",
="",8717,,,,,,,,,,,,,,,,313,="",="2/6/2026 6:48:42.792159380 AM",
="",8724,,,,,,,,,,,,,,,,195,="",="2/6/2026 6:48:42.860221975 AM",
="",8745,,,,,,,,,,,,,,,,478,="",="2/6/2026 6:48:42.974643335 AM",
="",8772,,,,,,,,,,,,,,,,337,="",="2/6/2026 6:48:43.139058695 AM",
="",8846,,,,,,,,,,,,,,,,316,="",="2/6/2026 6:48:43.503894710 AM",
="",8907,,,,,,,,,,,,,,,,478,="",="2/6/2026 6:48:43.896244710 AM",
="",8912,,,,,,,,,,,,,,,,113,="",="2/6/2026 6:48:43.939317665 AM",
="",8924,,,,,,,,,,,,,,,,364,="",="2/6/2026 6:48:44.013448455 AM",
="",8934,,,,,,,,,,,,,,,,195,="",="2/6/2026 6:48:44.036098750 AM",
="",8935,,,,,,,,,,,,,,,,195,="",="2/6/2026 6:48:44.036287200 AM",
="",8936,,,,,,,,,,,,,,,,99,="",="2/6/2026 6:48:44.036343690 AM",
="",8942,,,,,,,,,,,,,,,,211,="",="2/6/2026 6:48:44.048805495 AM",
="",8946,,,,,,,,,,,,,,,,105,="",="2/6/2026 6:48:44.080050570 AM",
="",8959,,,,,,,,,,,,,,,,117,="",="2/6/2026 6:48:44.100313365 AM",
="",8960,,,,,,,,,,,,,,,,117,="",="2/6/2026 6:48:44.100716385 AM",
="",9009,,,,,,,,,,,,,,,,313,="",="2/6/2026 6:48:44.421094205 AM",
="",9046,,,,,,,,,,,,,,,,388,="",="2/6/2026 6:48:44.600963760 AM",
="",9048,,,,,,,,,,,,,,,,471,="",="2/6/2026 6:48:44.616414145 AM",
="",9050,,,,,,,,,,,,,,,,99,="",="2/6/2026 6:48:44.626329670 AM",
="",9052,,,,,,,,,,,,,,,,105,="",="2/6/2026 6:48:44.639439625 AM",
="",9054,,,,,,,,,,,,,,,,117,="",="2/6/2026 6:48:44.639553080 AM",
="",9067,,,,,,,,,,,,,,,,117,="",="2/6/2026 6:48:44.707233155 AM",
="",9093,,,,,,,,,,,,,,,,113,="",="2/6/2026 6:48:44.810381435 AM",
="",9128,,,,,,,,,,,,,,,,113,="",="2/6/2026 6:48:44.947821545 AM",
="",9133,,,,,,,,,,,,,,,,99,="",="2/6/2026 6:48:44.981221055 AM",
="",9134,,,,,,,,,,,,,,,,117,="",="2/6/2026 6:48:44.981404730 AM",
="",9142,,,,,,,,,,,,,,,,331,="",="2/6/2026 6:48:45.021777515 AM",
="",9147,,,,,,,,,,,,,,,,105,="",="2/6/2026 6:48:45.045743990 AM",
="",9165,,,,,,,,,,,,,,,,117,="",="2/6/2026 6:48:45.089818550 AM",
="",9171,,,,,,,,,,,,,,,,471,="",="2/6/2026 6:48:45.128455495 AM",
="",9195,,,,,,,,,,,,,,,,313,="",="2/6/2026 6:48:45.250527975 AM",
="",9219,,,,,,,,,,,,,,,,117,="",="2/6/2026 6:48:45.379348410 AM",
="",9229,,,,,,,,,,,,,,,,113,="",="2/6/2026 6:48:45.445549090 AM",
="",9256,,,,,,,,,,,,,,,,417,="",="2/6/2026 6:48:45.592112140 AM",
="",9281,,,,,,,,,,,,,,,,141,="",="2/6/2026 6:48:45.704285735 AM",
="",9283,,,,,,,,,,,,,,,,140,="",="2/6/2026 6:48:45.712171970 AM",
="",9284,,,,,,,,,,,,,,,,141,="",="2/6/2026 6:48:45.712934910 AM",
="",9285,,,,,,,,,,,,,,,,99,="",="2/6/2026 6:48:45.720533245 AM",
="",9298,,,,,,,,,,,,,,,,141,="",="2/6/2026 6:48:45.749569735 AM",
="",9311,,,,,,,,,,,,,,,,141,="",="2/6/2026 6:48:45.821385580 AM",
="",9312,,,,,,,,,,,,,,,,414,="",="2/6/2026 6:48:45.822754995 AM",
="",9347,,,,,,,,,,,,,,,,313,="",="2/6/2026 6:48:45.967334195 AM",
="",9351,,,,,,,,,,,,,,,,141,="",="2/6/2026 6:48:45.976447220 AM",
="",9352,,,,,,,,,,,,,,,,141,="",="2/6/2026 6:48:45.978877660 AM",
="",9353,,,,,,,,,,,,,,,,141,="",="2/6/2026 6:48:45.980146030 AM",
="",9354,,,,,,,,,,,,,,,,141,="",="2/6/2026 6:48:45.982219880 AM",
="",9355,,,,,,,,,,,,,,,,421,="",="2/6/2026 6:48:45.986879780 AM",
="",9356,,,,,,,,,,,,,,,,141,="",="2/6/2026 6:48:46.002590980 AM",
="",9364,,,,,,,,,,,,,,,,141,="",="2/6/2026 6:48:46.022193950 AM",
="",9365,,,,,,,,,,,,,,,,141,="",="2/6/2026 6:48:46.023366980 AM",
="",9366,,,,,,,,,,,,,,,,141,="",="2/6/2026 6:48:46.023824990 AM",
="",9367,,,,,,,,,,,,,,,,141,="",="2/6/2026 6:48:46.028336920 AM",
="",9370,,,,,,,,,,,,,,,,719,="",="2/6/2026 6:48:46.034001295 AM",
="",9373,,,,,,,,,,,,,,,,141,="",="2/6/2026 6:48:46.040401050 AM",
="",9377,,,,,,,,,,,,,,,,141,="",="2/6/2026 6:48:46.074181680 AM",
="",9397,,,,,,,,,,,,,,,,113,="",="2/6/2026 6:48:46.148122995 AM",
="",9400,,,,,,,,,,,,,,,,141,="",="2/6/2026 6:48:46.159410375 AM",
="",9403,,,,,,,,,,,,,,,,141,="",="2/6/2026 6:48:46.169093040 AM",
="",9405,,,,,,,,,,,,,,,,141,="",="2/6/2026 6:48:46.177518950 AM",
="",9406,,,,,,,,,,,,,,,,141,="",="2/6/2026 6:48:46.177779110 AM",
="",9407,,,,,,,,,,,,,,,,141,="",="2/6/2026 6:48:46.178279895 AM",
="",9408,,,,,,,,,,,,,,,,141,="",="2/6/2026 6:48:46.178460090 AM",
="",9409,,,,,,,,,,,,,,,,141,="",="2/6/2026 6:48:46.179857960 AM",
="",9410,,,,,,,,,,,,,,,,229,="",="2/6/2026 6:48:46.185524650 AM",
="",9411,,,,,,,,,,,,,,,,141,="",="2/6/2026 6:48:46.192921900 AM",
="",9417,,,,,,,,,,,,,,,,417,="",="2/6/2026 6:48:46.206515580 AM",
="",9418,,,,,,,,,,,,,,,,141,="",="2/6/2026 6:48:46.208326210 AM",
="",9419,,,,,,,,,,,,,,,,141,="",="2/6/2026 6:48:46.209989890 AM",
="",9421,,,,,,,,,,,,,,,,455,="",="2/6/2026 6:48:46.219451210 AM",
="",9423,,,,,,,,,,,,,,,,141,="",="2/6/2026 6:48:46.220699940 AM",
="",9426,,,,,,,,,,,,,,,,229,="",="2/6/2026 6:48:46.224045755 AM",
="",9428,,,,,,,,,,,,,,,,152,="",="2/6/2026 6:48:46.236417270 AM",
="",9432,,,,,,,,,,,,,,,,113,="",="2/6/2026 6:48:46.262171585 AM",
="",9437,,,,,,,,,,,,,,,,427,="",="2/6/2026 6:48:46.275196810 AM",
="",9455,,,,,,,,,,,,,,,,392,="",="2/6/2026 6:48:46.334332590 AM",
="",9462,,,,,,,,,,,,,,,,392,="",="2/6/2026 6:48:46.349128935 AM",
="",9514,,,,,,,,,,,,,,,,471,="",="2/6/2026 6:48:46.562051090 AM",
="",9515,,,,,,,,,,,,,,,,113,="",="2/6/2026 6:48:46.572399725 AM",
="",9520,,,,,,,,,,,,,,,,313,="",="2/6/2026 6:48:46.581748335 AM",
="",9533,,,,,,,,,,,,,,,,313,="",="2/6/2026 6:48:46.641163200 AM",
="",9534,,,,,,,,,,,,,,,,392,="",="2/6/2026 6:48:46.641538660 AM",
="",9548,,,,,,,,,,,,,,,,392,="",="2/6/2026 6:48:46.684525535 AM",
="",9565,,,,,,,,,,,,,,,,113,="",="2/6/2026 6:48:46.805509115 AM",
="",9567,,,,,,,,,,,,,,,,195,="",="2/6/2026 6:48:46.810222120 AM",
="",9627,,,,,,,,,,,,,,,,567,="",="2/6/2026 6:48:47.000325780 AM",
="",9634,,,,,,,,,,,,,,,,331,="",="2/6/2026 6:48:47.069805240 AM",
="",9635,,,,,,,,,,,,,,,,99,="",="2/6/2026 6:48:47.072254745 AM",
="",9637,,,,,,,,,,,,,,,,459,="",="2/6/2026 6:48:47.081272415 AM",
="",9645,,,,,,,,,,,,,,,,392,="",="2/6/2026 6:48:47.094123960 AM",
="",9646,,,,,,,,,,,,,,,,141,="",="2/6/2026 6:48:47.099320285 AM",
="",9651,,,,,,,,,,,,,,,,392,="",="2/6/2026 6:48:47.153543980 AM",
="",9662,,,,,,,,,,,,,,,,113,="",="2/6/2026 6:48:47.179839940 AM",
="",9686,,,,,,,,,,,,,,,,113,="",="2/6/2026 6:48:47.288899720 AM",
="",9708,,,,,,,,,,,,,,,,141,="",="2/6/2026 6:48:47.425250375 AM",
="",9709,,,,,,,,,,,,,,,,113,="",="2/6/2026 6:48:47.448682500 AM",
="",9710,,,,,,,,,,,,,,,,113,="",="2/6/2026 6:48:47.448993930 AM",
="",9757,,,,,,,,,,,,,,,,113,="",="2/6/2026 6:48:47.661545710 AM",
="",9767,,,,,,,,,,,,,,,,392,="",="2/6/2026 6:48:47.680393930 AM",
="",9768,,,,,,,,,,,,,,,,418,="",="2/6/2026 6:48:47.680822335 AM",
="",9802,,,,,,,,,,,,,,,,113,="",="2/6/2026 6:48:47.841950315 AM",
="",9811,,,,,,,,,,,,,,,,313,="",="2/6/2026 6:48:47.884076380 AM",
="",9819,,,,,,,,,,,,,,,,113,="",="2/6/2026 6:48:47.903317340 AM",
="",9838,,,,,,,,,,,,,,,,414,="",="2/6/2026 6:48:47.973182670 AM",
="",9846,,,,,,,,,,,,,,,,116,="",="2/6/2026 6:48:48.021342815 AM",
="",9852,,,,,,,,,,,,,,,,141,="",="2/6/2026 6:48:48.039946560 AM",
="",9864,,,,,,,,,,,,,,,,105,="",="2/6/2026 6:48:48.088769135 AM",
="",9870,,,,,,,,,,,,,,,,313,="",="2/6/2026 6:48:48.117765250 AM",
="",9871,,,,,,,,,,,,,,,,141,="",="2/6/2026 6:48:48.121967565 AM",
="",9910,,,,,,,,,,,,,,,,141,="",="2/6/2026 6:48:48.287025680 AM",
="",9930,,,,,,,,,,,,,,,,364,="",="2/6/2026 6:48:48.416703460 AM",
="",9949,,,,,,,,,,,,,,,,323,="",="2/6/2026 6:48:48.525242230 AM",
="",10023,,,,,,,,,,,,,,,,471,="",="2/6/2026 6:48:48.917280795 AM",
="",10027,,,,,,,,,,,,,,,,313,="",="2/6/2026 6:48:48.936978200 AM",
="",10062,,,,,,,,,,,,,,,,113,="",="2/6/2026 6:48:49.174205905 AM",
="",10068,,,,,,,,,,,,,,,,141,="",="2/6/2026 6:48:49.179878660 AM",
="",10084,,,,,,,,,,,,,,,,113,="",="2/6/2026 6:48:49.244186250 AM",
="",10097,,,,,,,,,,,,,,,,113,="",="2/6/2026 6:48:49.287063705 AM",
="",10099,,,,,,,,,,,,,,,,215,="",="2/6/2026 6:48:49.287519765 AM",
="",10108,,,,,,,,,,,,,,,,418,="",="2/6/2026 6:48:49.318482450 AM",
="",10110,,,,,,,,,,,,,,,,478,="",="2/6/2026 6:48:49.323869645 AM",
="",10114,,,,,,,,,,,,,,,,99,="",="2/6/2026 6:48:49.348957145 AM",
="",10128,,,,,,,,,,,,,,,,392,="",="2/6/2026 6:48:49.406373185 AM",
="",10129,,,,,,,,,,,,,,,,414,="",="2/6/2026 6:48:49.406801580 AM",
="",10136,,,,,,,,,,,,,,,,105,="",="2/6/2026 6:48:49.418229785 AM",
="",10137,,,,,,,,,,,,,,,,105,="",="2/6/2026 6:48:49.418542440 AM",
="",10169,,,,,,,,,,,,,,,,313,="",="2/6/2026 6:48:49.551381280 AM",
="",10187,,,,,,,,,,,,,,,,418,="",="2/6/2026 6:48:49.625684450 AM",
="",10230,,,,,,,,,,,,,,,,113,="",="2/6/2026 6:48:49.822653465 AM",
="",10231,,,,,,,,,,,,,,,,113,="",="2/6/2026 6:48:49.822972255 AM",
="",10238,,,,,,,,,,,,,,,,313,="",="2/6/2026 6:48:49.829685380 AM",
="",10242,,,,,,,,,,,,,,,,392,="",="2/6/2026 6:48:49.858959590 AM",
="",10259,,,,,,,,,,,,,,,,471,="",="2/6/2026 6:48:49.941286790 AM",
="",10262,,,,,,,,,,,,,,,,117,="",="2/6/2026 6:48:49.945468480 AM",
="",10294,,,,,,,,,,,,,,,,113,="",="2/6/2026 6:48:50.039426040 AM",
="",10295,,,,,,,,,,,,,,,,99,="",="2/6/2026 6:48:50.039646390 AM",
="",10296,,,,,,,,,,,,,,,,478,="",="2/6/2026 6:48:50.040335470 AM",
="",10301,,,,,,,,,,,,,,,,105,="",="2/6/2026 6:48:50.080162155 AM",
="",10310,,,,,,,,,,,,,,,,313,="",="2/6/2026 6:48:50.096937265 AM",
="",10313,,,,,,,,,,,,,,,,417,="",="2/6/2026 6:48:50.097734140 AM",
="",10328,,,,,,,,,,,,,,,,392,="",="2/6/2026 6:48:50.166163160 AM",
="",10345,,,,,,,,,,,,,,,,418,="",="2/6/2026 6:48:50.240104470 AM",
="",10346,,,,,,,,,,,,,,,,113,="",="2/6/2026 6:48:50.240915065 AM",
="",10349,,,,,,,,,,,,,,,,471,="",="2/6/2026 6:48:50.249068910 AM",
="",10353,,,,,,,,,,,,,,,,323,="",="2/6/2026 6:48:50.266068315 AM",
="",10354,,,,,,,,,,,,,,,,113,="",="2/6/2026 6:48:50.289424385 AM",
="",10365,,,,,,,,,,,,,,,,117,="",="2/6/2026 6:48:50.325549180 AM",
="",10379,,,,,,,,,,,,,,,,113,="",="2/6/2026 6:48:50.387458890 AM",
="",10393,,,,,,,,,,,,,,,,418,="",="2/6/2026 6:48:50.444991170 AM",
="",10525,,,,,,,,,,,,,,,,313,="",="2/6/2026 6:48:50.608938970 AM",
="",10541,,,,,,,,,,,,,,,,229,="",="2/6/2026 6:48:50.671983475 AM",
="",10557,,,,,,,,,,,,,,,,313,="",="2/6/2026 6:48:50.737279300 AM",
="",10558,,,,,,,,,,,,,,,,392,="",="2/6/2026 6:48:50.737650625 AM",
="",10559,,,,,,,,,,,,,,,,414,="",="2/6/2026 6:48:50.738079395 AM",
="",10566,,,,,,,,,,,,,,,,313,="",="2/6/2026 6:48:50.780196195 AM",
="",10567,,,,,,,,,,,,,,,,392,="",="2/6/2026 6:48:50.780564805 AM",
="",10572,,,,,,,,,,,,,,,,141,="",="2/6/2026 6:48:50.804981855 AM",
="",10581,,,,,,,,,,,,,,,,197,="",="2/6/2026 6:48:50.858008560 AM",
="",10604,,,,,,,,,,,,,,,,313,="",="2/6/2026 6:48:50.956188845 AM",
="",10607,,,,,,,,,,,,,,,,551,="",="2/6/2026 6:48:50.976350915 AM",
="",10608,,,,,,,,,,,,,,,,152,="",="2/6/2026 6:48:50.977066405 AM",
="",10610,,,,,,,,,,,,,,,,316,="",="2/6/2026 6:48:50.982503860 AM",
="",10612,,,,,,,,,,,,,,,,141,="",="2/6/2026 6:48:51.004253625 AM",
="",10613,,,,,,,,,,,,,,,,518,="",="2/6/2026 6:48:51.004930515 AM",
="",10614,,,,,,,,,,,,,,,,251,="",="2/6/2026 6:48:51.005906905 AM",
="",10616,,,,,,,,,,,,,,,,141,="",="2/6/2026 6:48:51.018065095 AM",
="",10641,,,,,,,,,,,,,,,,141,="",="2/6/2026 6:48:51.105458580 AM",
="",10655,,,,,,,,,,,,,,,,305,="",="2/6/2026 6:48:51.156404370 AM",
="",10656,,,,,,,,,,,,,,,,418,="",="2/6/2026 6:48:51.161734135 AM",
="",10680,,,,,,,,,,,,,,,,313,="",="2/6/2026 6:48:51.292235875 AM",
="",10681,,,,,,,,,,,,,,,,392,="",="2/6/2026 6:48:51.292606415 AM",
="",10682,,,,,,,,,,,,,,,,141,="",="2/6/2026 6:48:51.302635165 AM",
="",10687,,,,,,,,,,,,,,,,141,="",="2/6/2026 6:48:51.313461820 AM",
="",10705,,,,,,,,,,,,,,,,113,="",="2/6/2026 6:48:51.364076425 AM",
="",10755,,,,,,,,,,,,,,,,175,="",="2/6/2026 6:48:51.583141035 AM",
="",10758,,,,,,,,,,,,,,,,175,="",="2/6/2026 6:48:51.583722625 AM",
="",10760,,,,,,,,,,,,,,,,175,="",="2/6/2026 6:48:51.584074735 AM",
="",10771,,,,,,,,,,,,,,,,414,="",="2/6/2026 6:48:51.659634350 AM",
="",10774,,,,,,,,,,,,,,,,99,="",="2/6/2026 6:48:51.661597820 AM",
="",10782,,,,,,,,,,,,,,,,411,="",="2/6/2026 6:48:51.666444640 AM",
="",10783,,,,,,,,,,,,,,,,418,="",="2/6/2026 6:48:51.673695375 AM",
="",10790,,,,,,,,,,,,,,,,313,="",="2/6/2026 6:48:51.701809565 AM",
="",10837,,,,,,,,,,,,,,,,392,="",="2/6/2026 6:48:51.906974380 AM",
="",10838,,,,,,,,,,,,,,,,427,="",="2/6/2026 6:48:51.907403135 AM",
="",10877,,,,,,,,,,,,,,,,105,="",="2/6/2026 6:48:52.080194970 AM",
="",10887,,,,,,,,,,,,,,,,171,="",="2/6/2026 6:48:52.105653005 AM",
="",10892,,,,,,,,,,,,,,,,313,="",="2/6/2026 6:48:52.111413550 AM",
="",10901,,,,,,,,,,,,,,,,113,="",="2/6/2026 6:48:52.155543335 AM",
="",10914,,,,,,,,,,,,,,,,313,="",="2/6/2026 6:48:52.213812970 AM",
="",10925,,,,,,,,,,,,,,,,141,="",="2/6/2026 6:48:52.303293195 AM",
="",10929,,,,,,,,,,,,,,,,323,="",="2/6/2026 6:48:52.314092740 AM",
="",10985,,,,,,,,,,,,,,,,427,="",="2/6/2026 6:48:52.624214780 AM",
="",11032,,,,,,,,,,,,,,,,195,="",="2/6/2026 6:48:52.940759405 AM",
="",11033,,,,,,,,,,,,,,,,195,="",="2/6/2026 6:48:52.941010470 AM",
="",11051,,,,,,,,,,,,,,,,420,="",="2/6/2026 6:48:53.042414385 AM",
="",11064,,,,,,,,,,,,,,,,364,="",="2/6/2026 6:48:53.127152385 AM",
="",11095,,,,,,,,,,,,,,,,388,="",="2/6/2026 6:48:53.229109880 AM",
="",11097,,,,,,,,,,,,,,,,316,="",="2/6/2026 6:48:53.232009315 AM",
="",11098,,,,,,,,,,,,,,,,99,="",="2/6/2026 6:48:53.235895780 AM",
="",11100,,,,,,,,,,,,,,,,323,="",="2/6/2026 6:48:53.236125710 AM",
="",11111,,,,,,,,,,,,,,,,229,="",="2/6/2026 6:48:53.312636775 AM",
="",11116,,,,,,,,,,,,,,,,427,="",="2/6/2026 6:48:53.341022930 AM",
="",11132,,,,,,,,,,,,,,,,420,="",="2/6/2026 6:48:53.452014195 AM",
="",11166,,,,,,,,,,,,,,,,402,="",="2/6/2026 6:48:53.623438440 AM",
="",11199,,,,,,,,,,,,,,,,313,="",="2/6/2026 6:48:53.809282520 AM",
="",11200,,,,,,,,,,,,,,,,229,="",="2/6/2026 6:48:53.809630885 AM",
="",11201,,,,,,,,,,,,,,,,223,="",="2/6/2026 6:48:53.810485200 AM",
="",11202,,,,,,,,,,,,,,,,223,="",="2/6/2026 6:48:53.810749840 AM",
="",11216,,,,,,,,,,,,,,,,195,="",="2/6/2026 6:48:53.877247265 AM",
="",11245,,,,,,,,,,,,,,,,313,="",="2/6/2026 6:48:54.014062005 AM",
="",11270,,,,,,,,,,,,,,,,323,="",="2/6/2026 6:48:54.112139500 AM",
="",11274,,,,,,,,,,,,,,,,229,="",="2/6/2026 6:48:54.130511050 AM",
="",11275,,,,,,,,,,,,,,,,392,="",="2/6/2026 6:48:54.130881310 AM",
="",11276,,,,,,,,,,,,,,,,418,="",="2/6/2026 6:48:54.131310675 AM",
="",11278,,,,,,,,,,,,,,,,229,="",="2/6/2026 6:48:54.153817130 AM",
="",11295,,,,,,,,,,,,,,,,478,="",="2/6/2026 6:48:54.238770620 AM",
="",11297,,,,,,,,,,,,,,,,313,="",="2/6/2026 6:48:54.261845470 AM",
="",11303,,,,,,,,,,,,,,,,113,="",="2/6/2026 6:48:54.322773795 AM",
="",11315,,,,,,,,,,,,,,,,113,="",="2/6/2026 6:48:54.364834705 AM",
="",11350,,,,,,,,,,,,,,,,99,="",="2/6/2026 6:48:54.594685325 AM",
="",11356,,,,,,,,,,,,,,,,117,="",="2/6/2026 6:48:54.615647245 AM",
="",11361,,,,,,,,,,,,,,,,105,="",="2/6/2026 6:48:54.658349215 AM",
="",11368,,,,,,,,,,,,,,,,313,="",="2/6/2026 6:48:54.704956005 AM",
="",11385,,,,,,,,,,,,,,,,478,="",="2/6/2026 6:48:54.853252090 AM",
="",11397,,,,,,,,,,,,,,,,105,="",="2/6/2026 6:48:54.994716305 AM",
="",11409,,,,,,,,,,,,,,,,471,="",="2/6/2026 6:48:55.061321875 AM",
="",11436,,,,,,,,,,,,,,,,313,="",="2/6/2026 6:48:55.183451000 AM",
="",11438,,,,,,,,,,,,,,,,105,="",="2/6/2026 6:48:55.190088115 AM",
="",11439,,,,,,,,,,,,,,,,105,="",="2/6/2026 6:48:55.191254040 AM",
="",11440,,,,,,,,,,,,,,,,105,="",="2/6/2026 6:48:55.197181160 AM",
="",11441,,,,,,,,,,,,,,,,117,="",="2/6/2026 6:48:55.198235640 AM",
="",11442,,,,,,,,,,,,,,,,117,="",="2/6/2026 6:48:55.198362565 AM",
="",11443,,,,,,,,,,,,,,,,105,="",="2/6/2026 6:48:55.203738125 AM",
="",11445,,,,,,,,,,,,,,,,105,="",="2/6/2026 6:48:55.205237840 AM",
="",11446,,,,,,,,,,,,,,,,105,="",="2/6/2026 6:48:55.209918165 AM",
="",11447,,,,,,,,,,,,,,,,99,="",="2/6/2026 6:48:55.210173350 AM",
="",11448,,,,,,,,,,,,,,,,105,="",="2/6/2026 6:48:55.210567130 AM",
="",11449,,,,,,,,,,,,,,,,105,="",="2/6/2026 6:48:55.210684430 AM",
="",11450,,,,,,,,,,,,,,,,105,="",="2/6/2026 6:48:55.210778660 AM",
="",11451,,,,,,,,,,,,,,,,99,="",="2/6/2026 6:48:55.210964030 AM",
="",11452,,,,,,,,,,,,,,,,117,="",="2/6/2026 6:48:55.211109290 AM",
="",11453,,,,,,,,,,,,,,,,117,="",="2/6/2026 6:48:55.217078835 AM",
="",11456,,,,,,,,,,,,,,,,99,="",="2/6/2026 6:48:55.226484945 AM",
="",11457,,,,,,,,,,,,,,,,117,="",="2/6/2026 6:48:55.226690930 AM",
="",11458,,,,,,,,,,,,,,,,117,="",="2/6/2026 6:48:55.226816415 AM",
="",11459,,,,,,,,,,,,,,,,105,="",="2/6/2026 6:48:55.226947555 AM",
="",11463,,,,,,,,,,,,,,,,99,="",="2/6/2026 6:48:55.246574995 AM",
="",11464,,,,,,,,,,,,,,,,117,="",="2/6/2026 6:48:55.246743790 AM",
="",11465,,,,,,,,,,,,,,,,117,="",="2/6/2026 6:48:55.248065415 AM",
="",11468,,,,,,,,,,,,,,,,105,="",="2/6/2026 6:48:55.252192100 AM",
="",11469,,,,,,,,,,,,,,,,105,="",="2/6/2026 6:48:55.253539380 AM",
="",11470,,,,,,,,,,,,,,,,105,="",="2/6/2026 6:48:55.259221115 AM",
="",11471,,,,,,,,,,,,,,,,99,="",="2/6/2026 6:48:55.260913545 AM",
="",11472,,,,,,,,,,,,,,,,117,="",="2/6/2026 6:48:55.261034325 AM",
="",11473,,,,,,,,,,,,,,,,115,="",="2/6/2026 6:48:55.262338865 AM",
="",11477,,,,,,,,,,,,,,,,117,="",="2/6/2026 6:48:55.270720405 AM",
="",11479,,,,,,,,,,,,,,,,105,="",="2/6/2026 6:48:55.306459415 AM",
="",11480,,,,,,,,,,,,,,,,105,="",="2/6/2026 6:48:55.306756310 AM",
="",11481,,,,,,,,,,,,,,,,105,="",="2/6/2026 6:48:55.307041230 AM",
="",11482,,,,,,,,,,,,,,,,183,="",="2/6/2026 6:48:55.312297615 AM",
="",11489,,,,,,,,,,,,,,,,402,="",="2/6/2026 6:48:55.364258350 AM",
="",11495,,,,,,,,,,,,,,,,392,="",="2/6/2026 6:48:55.422131015 AM",
="",11502,,,,,,,,,,,,,,,,417,="",="2/6/2026 6:48:55.454034695 AM",
="",11512,,,,,,,,,,,,,,,,383,="",="2/6/2026 6:48:55.509968985 AM",
="",11522,,,,,,,,,,,,,,,,113,="",="2/6/2026 6:48:55.547519220 AM",
="",11535,,,,,,,,,,,,,,,,313,="",="2/6/2026 6:48:55.626560475 AM",
="",11537,,,,,,,,,,,,,,,,417,="",="2/6/2026 6:48:55.627360230 AM",
="",11543,,,,,,,,,,,,,,,,313,="",="2/6/2026 6:48:55.666596940 AM",
="",11544,,,,,,,,,,,,,,,,392,="",="2/6/2026 6:48:55.666968265 AM",
="",11549,,,,,,,,,,,,,,,,313,="",="2/6/2026 6:48:55.695455410 AM",
="",11567,,,,,,,,,,,,,,,,313,="",="2/6/2026 6:48:55.768941280 AM",
="",11568,,,,,,,,,,,,,,,,418,="",="2/6/2026 6:48:55.769741465 AM",
="",11576,,,,,,,,,,,,,,,,117,="",="2/6/2026 6:48:55.811684280 AM",
="",11578,,,,,,,,,,,,,,,,313,="",="2/6/2026 6:48:55.831361920 AM",
="",11583,,,,,,,,,,,,,,,,392,="",="2/6/2026 6:48:55.857658785 AM",
="",11587,,,,,,,,,,,,,,,,419,="",="2/6/2026 6:48:55.865693365 AM",
="",11591,,,,,,,,,,,,,,,,388,="",="2/6/2026 6:48:55.891577795 AM",
="",11597,,,,,,,,,,,,,,,,99,="",="2/6/2026 6:48:55.957074900 AM",
="",11602,,,,,,,,,,,,,,,,418,="",="2/6/2026 6:48:55.974582285 AM",
="",11603,,,,,,,,,,,,,,,,331,="",="2/6/2026 6:48:55.978726895 AM",
="",11674,,,,,,,,,,,,,,,,99,="",="2/6/2026 6:48:56.067239320 AM",
="",11675,,,,,,,,,,,,,,,,99,="",="2/6/2026 6:48:56.067391275 AM",
="",11676,,,,,,,,,,,,,,,,117,="",="2/6/2026 6:48:56.067564350 AM",
="",11690,,,,,,,,,,,,,,,,117,="",="2/6/2026 6:48:56.080452895 AM",
="",11692,,,,,,,,,,,,,,,,117,="",="2/6/2026 6:48:56.088817790 AM",
="",11697,,,,,,,,,,,,,,,,411,="",="2/6/2026 6:48:56.102111190 AM",
="",11698,,,,,,,,,,,,,,,,99,="",="2/6/2026 6:48:56.102559270 AM",
="",11699,,,,,,,,,,,,,,,,411,="",="2/6/2026 6:48:56.103016155 AM",
="",11700,,,,,,,,,,,,,,,,99,="",="2/6/2026 6:48:56.103464995 AM",
="",11706,,,,,,,,,,,,,,,,99,="",="2/6/2026 6:48:56.123691410 AM",
="",11707,,,,,,,,,,,,,,,,117,="",="2/6/2026 6:48:56.123808310 AM",
="",11709,,,,,,,,,,,,,,,,117,="",="2/6/2026 6:48:56.125086520 AM",
="",11712,,,,,,,,,,,,,,,,105,="",="2/6/2026 6:48:56.137519510 AM",
="",11715,,,,,,,,,,,,,,,,105,="",="2/6/2026 6:48:56.141710490 AM",
="",11716,,,,,,,,,,,,,,,,105,="",="2/6/2026 6:48:56.142571600 AM",
="",11717,,,,,,,,,,,,,,,,105,="",="2/6/2026 6:48:56.142786530 AM",
="",11721,,,,,,,,,,,,,,,,99,="",="2/6/2026 6:48:56.144943490 AM",
="",11734,,,,,,,,,,,,,,,,313,="",="2/6/2026 6:48:56.170038480 AM",
="",11735,,,,,,,,,,,,,,,,478,="",="2/6/2026 6:48:56.184366250 AM",
="",11756,,,,,,,,,,,,,,,,99,="",="2/6/2026 6:48:56.331751295 AM",
="",11761,,,,,,,,,,,,,,,,313,="",="2/6/2026 6:48:56.344201405 AM",
="",11769,,,,,,,,,,,,,,,,478,="",="2/6/2026 6:48:56.389167735 AM",
="",11770,,,,,,,,,,,,,,,,99,="",="2/6/2026 6:48:56.416645050 AM",
="",11771,,,,,,,,,,,,,,,,117,="",="2/6/2026 6:48:56.416817020 AM",
="",11773,,,,,,,,,,,,,,,,117,="",="2/6/2026 6:48:56.431201680 AM",
="",11775,,,,,,,,,,,,,,,,117,="",="2/6/2026 6:48:56.458351825 AM",
="",11791,,,,,,,,,,,,,,,,99,="",="2/6/2026 6:48:56.586580475 AM",
="",11793,,,,,,,,,,,,,,,,218,="",="2/6/2026 6:48:56.616722375 AM",
="",11809,,,,,,,,,,,,,,,,313,="",="2/6/2026 6:48:56.690524320 AM",
="",11811,,,,,,,,,,,,,,,,99,="",="2/6/2026 6:48:56.705214595 AM",
="",11822,,,,,,,,,,,,,,,,313,="",="2/6/2026 6:48:56.792927890 AM",
="",11823,,,,,,,,,,,,,,,,392,="",="2/6/2026 6:48:56.793300510 AM",
="",11824,,,,,,,,,,,,,,,,418,="",="2/6/2026 6:48:56.793726115 AM",
="",11826,,,,,,,,,,,,,,,,195,="",="2/6/2026 6:48:56.880182355 AM",
="",11835,,,,,,,,,,,,,,,,392,="",="2/6/2026 6:48:56.896346190 AM",
="",11843,,,,,,,,,,,,,,,,427,="",="2/6/2026 6:48:56.925961085 AM",
="",11848,,,,,,,,,,,,,,,,117,="",="2/6/2026 6:48:56.945909620 AM",
="",11853,,,,,,,,,,,,,,,,416,="",="2/6/2026 6:48:57.017484205 AM",
="",11857,,,,,,,,,,,,,,,,313,="",="2/6/2026 6:48:57.091642165 AM",
="",11863,,,,,,,,,,,,,,,,313,="",="2/6/2026 6:48:57.100126840 AM",
="",11868,,,,,,,,,,,,,,,,229,="",="2/6/2026 6:48:57.127423305 AM",
="",11869,,,,,,,,,,,,,,,,313,="",="2/6/2026 6:48:57.129076835 AM",
="",11871,,,,,,,,,,,,,,,,340,="",="2/6/2026 6:48:57.156579060 AM",
="",11876,,,,,,,,,,,,,,,,99,="",="2/6/2026 6:48:57.188213995 AM",
="",11886,,,,,,,,,,,,,,,,313,="",="2/6/2026 6:48:57.202527650 AM",
="",11920,,,,,,,,,,,,,,,,117,="",="2/6/2026 6:48:57.426931890 AM",
="",11921,,,,,,,,,,,,,,,,227,="",="2/6/2026 6:48:57.427855160 AM",
="",11925,,,,,,,,,,,,,,,,117,="",="2/6/2026 6:48:57.434039175 AM",
="",11926,,,,,,,,,,,,,,,,227,="",="2/6/2026 6:48:57.457998040 AM",
="",11927,,,,,,,,,,,,,,,,227,="",="2/6/2026 6:48:57.458294575 AM",
="",11929,,,,,,,,,,,,,,,,417,="",="2/6/2026 6:48:57.470600740 AM",
="",11933,,,,,,,,,,,,,,,,227,="",="2/6/2026 6:48:57.491221965 AM",
="",11934,,,,,,,,,,,,,,,,117,="",="2/6/2026 6:48:57.499203630 AM",
="",11938,,,,,,,,,,,,,,,,227,="",="2/6/2026 6:48:57.523027675 AM",
="",11939,,,,,,,,,,,,,,,,117,="",="2/6/2026 6:48:57.527342970 AM",
="",11940,,,,,,,,,,,,,,,,227,="",="2/6/2026 6:48:57.549085165 AM",
="",11941,,,,,,,,,,,,,,,,117,="",="2/6/2026 6:48:57.554875415 AM",
="",11949,,,,,,,,,,,,,,,,392,="",="2/6/2026 6:48:57.612501095 AM",
="",11955,,,,,,,,,,,,,,,,420,="",="2/6/2026 6:48:57.650547655 AM",
="",11984,,,,,,,,,,,,,,,,141,="",="2/6/2026 6:48:57.858024035 AM",
="",11985,,,,,,,,,,,,,,,,333,="",="2/6/2026 6:48:57.882325935 AM",
="",12001,,,,,,,,,,,,,,,,313,="",="2/6/2026 6:48:58.013246395 AM",
="",12013,,,,,,,,,,,,,,,,117,="",="2/6/2026 6:48:58.083276620 AM",
="",12015,,,,,,,,,,,,,,,,392,="",="2/6/2026 6:48:58.101467770 AM",
="",12017,,,,,,,,,,,,,,,,313,="",="2/6/2026 6:48:58.115649620 AM",
="",12028,,,,,,,,,,,,,,,,459,="",="2/6/2026 6:48:58.141077825 AM",
="",12038,,,,,,,,,,,,,,,,339,="",="2/6/2026 6:48:58.226683520 AM",
="",12069,,,,,,,,,,,,,,,,392,="",="2/6/2026 6:48:58.408670975 AM",
="",12070,,,,,,,,,,,,,,,,313,="",="2/6/2026 6:48:58.422847810 AM",
="",12091,,,,,,,,,,,,,,,,388,="",="2/6/2026 6:48:58.551249955 AM",
="",12117,,,,,,,,,,,,,,,,99,="",="2/6/2026 6:48:58.698550665 AM",
="",12119,,,,,,,,,,,,,,,,392,="",="2/6/2026 6:48:58.715886720 AM",
="",12135,,,,,,,,,,,,,,,,413,="",="2/6/2026 6:48:58.776163310 AM",
="",12150,,,,,,,,,,,,,,,,313,="",="2/6/2026 6:48:58.877764455 AM",
="",12153,,,,,,,,,,,,,,,,121,="",="2/6/2026 6:48:58.889080445 AM",
="",12154,,,,,,,,,,,,,,,,105,="",="2/6/2026 6:48:58.889392685 AM",
="",12155,,,,,,,,,,,,,,,,99,="",="2/6/2026 6:48:58.891694720 AM",
="",12158,,,,,,,,,,,,,,,,313,="",="2/6/2026 6:48:58.903376525 AM",
="",12159,,,,,,,,,,,,,,,,392,="",="2/6/2026 6:48:58.903747410 AM",
="",12165,,,,,,,,,,,,,,,,105,="",="2/6/2026 6:48:58.916330140 AM",
="",12168,,,,,,,,,,,,,,,,524,="",="2/6/2026 6:48:58.921415810 AM",
="",12169,,,,,,,,,,,,,,,,567,="",="2/6/2026 6:48:58.923355200 AM",
="",12173,,,,,,,,,,,,,,,,105,="",="2/6/2026 6:48:58.932232915 AM",
="",12174,,,,,,,,,,,,,,,,109,="",="2/6/2026 6:48:58.932345535 AM",
="",12198,,,,,,,,,,,,,,,,459,="",="2/6/2026 6:48:59.062099245 AM",
="",12202,,,,,,,,,,,,,,,,99,="",="2/6/2026 6:48:59.081426780 AM",
="",12209,,,,,,,,,,,,,,,,392,="",="2/6/2026 6:48:59.125478110 AM",
="",12210,,,,,,,,,,,,,,,,418,="",="2/6/2026 6:48:59.125906915 AM",
="",12216,,,,,,,,,,,,,,,,42,="",="2/6/2026 6:48:59.155109790 AM",
="",12225,,,,,,,,,,,,,,,,383,="",="2/6/2026 6:48:59.198627810 AM",
="",12267,,,,,,,,,,,,,,,,117,="",="2/6/2026 6:48:59.421053310 AM",
="",12274,,,,,,,,,,,,,,,,117,="",="2/6/2026 6:48:59.437987305 AM",
="",12276,,,,,,,,,,,,,,,,117,="",="2/6/2026 6:48:59.439442755 AM",
="",12278,,,,,,,,,,,,,,,,117,="",="2/6/2026 6:48:59.439784505 AM",
="",12285,,,,,,,,,,,,,,,,105,="",="2/6/2026 6:48:59.474563510 AM",
="",12288,,,,,,,,,,,,,,,,388,="",="2/6/2026 6:48:59.475656000 AM",
="",12300,,,,,,,,,,,,,,,,524,="",="2/6/2026 6:48:59.498088025 AM",
="",12325,,,,,,,,,,,,,,,,117,="",="2/6/2026 6:48:59.616104940 AM",
="",12330,,,,,,,,,,,,,,,,340,="",="2/6/2026 6:48:59.631170520 AM",
="",12339,,,,,,,,,,,,,,,,99,="",="2/6/2026 6:48:59.662906835 AM",
="",12342,,,,,,,,,,,,,,,,117,="",="2/6/2026 6:48:59.675069860 AM",
="",12347,,,,,,,,,,,,,,,,99,="",="2/6/2026 6:48:59.689330705 AM",
="",12358,,,,,,,,,,,,,,,,117,="",="2/6/2026 6:48:59.713151340 AM",
="",12382,,,,,,,,,,,,,,,,117,="",="2/6/2026 6:48:59.766208155 AM",
="",12385,,,,,,,,,,,,,,,,117,="",="2/6/2026 6:48:59.780755210 AM",
="",12394,,,,,,,,,,,,,,,,117,="",="2/6/2026 6:48:59.806267510 AM",
="",12401,,,,,,,,,,,,,,,,105,="",="2/6/2026 6:48:59.821689665 AM",
="",12403,,,,,,,,,,,,,,,,99,="",="2/6/2026 6:48:59.828663985 AM",
="",12408,,,,,,,,,,,,,,,,366,="",="2/6/2026 6:48:59.866156220 AM",
="",12420,,,,,,,,,,,,,,,,383,="",="2/6/2026 6:48:59.913242890 AM",
="",12430,,,,,,,,,,,,,,,,109,="",="2/6/2026 6:48:59.918205515 AM",
="",12434,,,,,,,,,,,,,,,,195,="",="2/6/2026 6:48:59.940923140 AM",
="",12440,,,,,,,,,,,,,,,,117,="",="2/6/2026 6:48:59.955299335 AM",
="",12454,,,,,,,,,,,,,,,,105,="",="2/6/2026 6:48:59.998764975 AM",
="",12455,,,,,,,,,,,,,,,,105,="",="2/6/2026 6:48:59.999283640 AM",
="",12456,,,,,,,,,,,,,,,,119,="",="2/6/2026 6:49:00.000513880 AM",
="",12459,,,,,,,,,,,,,,,,117,="",="2/6/2026 6:49:00.005239890 AM",
="",12464,,,,,,,,,,,,,,,,117,="",="2/6/2026 6:49:00.008582875 AM",
="",12466,,,,,,,,,,,,,,,,105,="",="2/6/2026 6:49:00.008800205 AM",
="",12467,,,,,,,,,,,,,,,,99,="",="2/6/2026 6:49:00.010321840 AM",
="",12468,,,,,,,,,,,,,,,,117,="",="2/6/2026 6:49:00.010442940 AM",
="",12469,,,,,,,,,,,,,,,,105,="",="2/6/2026 6:49:00.012211495 AM",
="",12472,,,,,,,,,,,,,,,,117,="",="2/6/2026 6:49:00.014156805 AM",
="",12474,,,,,,,,,,,,,,,,105,="",="2/6/2026 6:49:00.019348435 AM",
="",12475,,,,,,,,,,,,,,,,99,="",="2/6/2026 6:49:00.020149915 AM",
="",12476,,,,,,,,,,,,,,,,117,="",="2/6/2026 6:49:00.020318790 AM",
="",12477,,,,,,,,,,,,,,,,105,="",="2/6/2026 6:49:00.020508185 AM",
="",12482,,,,,,,,,,,,,,,,105,="",="2/6/2026 6:49:00.025835490 AM",
="",12483,,,,,,,,,,,,,,,,105,="",="2/6/2026 6:49:00.026322420 AM",
="",12484,,,,,,,,,,,,,,,,105,="",="2/6/2026 6:49:00.027157675 AM",
="",12485,,,,,,,,,,,,,,,,117,="",="2/6/2026 6:49:00.028225030 AM",
="",12487,,,,,,,,,,,,,,,,117,="",="2/6/2026 6:49:00.028546410 AM",
="",12488,,,,,,,,,,,,,,,,99,="",="2/6/2026 6:49:00.035871200 AM",
="",12490,,,,,,,,,,,,,,,,105,="",="2/6/2026 6:49:00.039950655 AM",
="",12492,,,,,,,,,,,,,,,,117,="",="2/6/2026 6:49:00.042362095 AM",
="",12493,,,,,,,,,,,,,,,,105,="",="2/6/2026 6:49:00.042601200 AM",
="",12498,,,,,,,,,,,,,,,,117,="",="2/6/2026 6:49:00.045412380 AM",
="",12500,,,,,,,,,,,,,,,,117,="",="2/6/2026 6:49:00.047054590 AM",
="",12502,,,,,,,,,,,,,,,,117,="",="2/6/2026 6:49:00.047388305 AM",
="",12503,,,,,,,,,,,,,,,,117,="",="2/6/2026 6:49:00.047514910 AM",
="",12507,,,,,,,,,,,,,,,,99,="",="2/6/2026 6:49:00.053603785 AM",
="",12508,,,,,,,,,,,,,,,,117,="",="2/6/2026 6:49:00.053724565 AM",
="",12509,,,,,,,,,,,,,,,,105,="",="2/6/2026 6:49:00.054575900 AM",
="",12514,,,,,,,,,,,,,,,,117,="",="2/6/2026 6:49:00.058627875 AM",
="",12516,,,,,,,,,,,,,,,,99,="",="2/6/2026 6:49:00.062841390 AM",
="",12519,,,,,,,,,,,,,,,,99,="",="2/6/2026 6:49:00.071832210 AM",
="",12520,,,,,,,,,,,,,,,,229,="",="2/6/2026 6:49:00.071921925 AM",
="",12521,,,,,,,,,,,,,,,,105,="",="2/6/2026 6:49:00.082401480 AM",
="",12523,,,,,,,,,,,,,,,,109,="",="2/6/2026 6:49:00.087424835 AM",
="",12526,,,,,,,,,,,,,,,,117,="",="2/6/2026 6:49:00.098238865 AM",
="",12527,,,,,,,,,,,,,,,,117,="",="2/6/2026 6:49:00.098361645 AM",
="",12532,,,,,,,,,,,,,,,,117,="",="2/6/2026 6:49:00.118803365 AM",
="",12533,,,,,,,,,,,,,,,,105,="",="2/6/2026 6:49:00.121887825 AM",
="",12534,,,,,,,,,,,,,,,,117,="",="2/6/2026 6:49:00.124596280 AM",
="",12538,,,,,,,,,,,,,,,,407,="",="2/6/2026 6:49:00.126595055 AM",
="",12540,,,,,,,,,,,,,,,,105,="",="2/6/2026 6:49:00.133631740 AM",
="",12541,,,,,,,,,,,,,,,,105,="",="2/6/2026 6:49:00.134161900 AM",
="",12543,,,,,,,,,,,,,,,,117,="",="2/6/2026 6:49:00.146501480 AM",
="",12544,,,,,,,,,,,,,,,,229,="",="2/6/2026 6:49:00.147292315 AM",
="",12550,,,,,,,,,,,,,,,,105,="",="2/6/2026 6:49:00.160886385 AM",
="",12552,,,,,,,,,,,,,,,,117,="",="2/6/2026 6:49:00.163638815 AM",
="",12553,,,,,,,,,,,,,,,,99,="",="2/6/2026 6:49:00.168719840 AM",
="",12554,,,,,,,,,,,,,,,,117,="",="2/6/2026 6:49:00.168852780 AM",
="",12563,,,,,,,,,,,,,,,,117,="",="2/6/2026 6:49:00.203537620 AM",
="",12564,,,,,,,,,,,,,,,,99,="",="2/6/2026 6:49:00.205921070 AM",
="",12565,,,,,,,,,,,,,,,,117,="",="2/6/2026 6:49:00.206053905 AM",
="",12566,,,,,,,,,,,,,,,,117,="",="2/6/2026 6:49:00.208234795 AM",
="",12567,,,,,,,,,,,,,,,,117,="",="2/6/2026 6:49:00.208832415 AM",
="",12568,,,,,,,,,,,,,,,,117,="",="2/6/2026 6:49:00.211126845 AM",
="",12569,,,,,,,,,,,,,,,,117,="",="2/6/2026 6:49:00.211526495 AM",
="",12570,,,,,,,,,,,,,,,,105,="",="2/6/2026 6:49:00.214157160 AM",
="",12571,,,,,,,,,,,,,,,,105,="",="2/6/2026 6:49:00.214731575 AM",
="",12572,,,,,,,,,,,,,,,,117,="",="2/6/2026 6:49:00.220314545 AM",
="",12573,,,,,,,,,,,,,,,,99,="",="2/6/2026 6:49:00.221953505 AM",
="",12574,,,,,,,,,,,,,,,,117,="",="2/6/2026 6:49:00.222074565 AM",
="",12575,,,,,,,,,,,,,,,,117,="",="2/6/2026 6:49:00.224440375 AM",
="",12583,,,,,,,,,,,,,,,,105,="",="2/6/2026 6:49:00.262429725 AM",
="",12584,,,,,,,,,,,,,,,,536,="",="2/6/2026 6:49:00.276114205 AM",
="",12585,,,,,,,,,,,,,,,,105,="",="2/6/2026 6:49:00.277386360 AM",
="",12590,,,,,,,,,,,,,,,,567,="",="2/6/2026 6:49:00.288168100 AM",
="",12591,,,,,,,,,,,,,,,,99,="",="2/6/2026 6:49:00.290695260 AM",
="",12592,,,,,,,,,,,,,,,,117,="",="2/6/2026 6:49:00.290813440 AM",
="",12600,,,,,,,,,,,,,,,,117,="",="2/6/2026 6:49:00.301363425 AM",
="",12601,,,,,,,,,,,,,,,,105,="",="2/6/2026 6:49:00.301451060 AM",
="",12602,,,,,,,,,,,,,,,,105,="",="2/6/2026 6:49:00.301813185 AM",
="",12603,,,,,,,,,,,,,,,,105,="",="2/6/2026 6:49:00.302530060 AM",
="",12604,,,,,,,,,,,,,,,,117,="",="2/6/2026 6:49:00.303688620 AM",
="",12605,,,,,,,,,,,,,,,,105,="",="2/6/2026 6:49:00.304316535 AM",
="",12606,,,,,,,,,,,,,,,,117,="",="2/6/2026 6:49:00.306217145 AM",
="",12607,,,,,,,,,,,,,,,,99,="",="2/6/2026 6:49:00.306452695 AM",
="",12608,,,,,,,,,,,,,,,,117,="",="2/6/2026 6:49:00.306585595 AM",
="",12609,,,,,,,,,,,,,,,,105,="",="2/6/2026 6:49:00.306831420 AM",
="",12610,,,,,,,,,,,,,,,,99,="",="2/6/2026 6:49:00.309681375 AM",
="",12613,,,,,,,,,,,,,,,,99,="",="2/6/2026 6:49:00.311134740 AM",
="",12614,,,,,,,,,,,,,,,,117,="",="2/6/2026 6:49:00.311253040 AM",
="",12617,,,,,,,,,,,,,,,,117,="",="2/6/2026 6:49:00.315421455 AM",
="",12618,,,,,,,,,,,,,,,,105,="",="2/6/2026 6:49:00.315847680 AM",
="",12619,,,,,,,,,,,,,,,,117,="",="2/6/2026 6:49:00.316473040 AM",
="",12620,,,,,,,,,,,,,,,,117,="",="2/6/2026 6:49:00.327736550 AM",
="",12621,,,,,,,,,,,,,,,,117,="",="2/6/2026 6:49:00.328157650 AM",
="",12623,,,,,,,,,,,,,,,,105,="",="2/6/2026 6:49:00.328840405 AM",
="",12624,,,,,,,,,,,,,,,,99,="",="2/6/2026 6:49:00.329514225 AM",
="",12625,,,,,,,,,,,,,,,,117,="",="2/6/2026 6:49:00.329630950 AM",
="",12633,,,,,,,,,,,,,,,,99,="",="2/6/2026 6:49:00.339722570 AM",
="",12635,,,,,,,,,,,,,,,,105,="",="2/6/2026 6:49:00.347353175 AM",
="",12637,,,,,,,,,,,,,,,,117,="",="2/6/2026 6:49:00.370333235 AM",
="",12644,,,,,,,,,,,,,,,,313,="",="2/6/2026 6:49:00.405911290 AM",
="",12652,,,,,,,,,,,,,,,,364,="",="2/6/2026 6:49:00.434042320 AM",
="",12664,,,,,,,,,,,,,,,,99,="",="2/6/2026 6:49:00.462413545 AM",
="",12667,,,,,,,,,,,,,,,,99,="",="2/6/2026 6:49:00.464269650 AM",
="",12668,,,,,,,,,,,,,,,,117,="",="2/6/2026 6:49:00.475926650 AM",
="",12677,,,,,,,,,,,,,,,,376,="",="2/6/2026 6:49:00.548538780 AM",
="",12697,,,,,,,,,,,,,,,,420,="",="2/6/2026 6:49:00.620232110 AM",
="",12719,,,,,,,,,,,,,,,,218,="",="2/6/2026 6:49:00.716292085 AM",
="",12725,,,,,,,,,,,,,,,,316,="",="2/6/2026 6:49:00.743331750 AM",
="",12731,,,,,,,,,,,,,,,,392,="",="2/6/2026 6:49:00.764035395 AM",
="",12745,,,,,,,,,,,,,,,,388,="",="2/6/2026 6:49:00.824530885 AM",
="",12763,,,,,,,,,,,,,,,,471,="",="2/6/2026 6:49:00.898207400 AM",
="",12766,,,,,,,,,,,,,,,,388,="",="2/6/2026 6:49:00.905897835 AM",
="",12772,,,,,,,,,,,,,,,,388,="",="2/6/2026 6:49:00.926956805 AM",
="",12800,,,,,,,,,,,,,,,,99,="",="2/6/2026 6:49:01.090906165 AM",
="",12815,,,,,,,,,,,,,,,,131,="",="2/6/2026 6:49:01.136023415 AM",
="",12816,,,,,,,,,,,,,,,,383,="",="2/6/2026 6:49:01.142043990 AM",
="",12840,,,,,,,,,,,,,,,,141,="",="2/6/2026 6:49:01.230725730 AM",
="",12860,,,,,,,,,,,,,,,,229,="",="2/6/2026 6:49:01.290216880 AM",
="",12872,,,,,,,,,,,,,,,,340,="",="2/6/2026 6:49:01.371422595 AM",
="",12888,,,,,,,,,,,,,,,,229,="",="2/6/2026 6:49:01.419537580 AM",
="",12900,,,,,,,,,,,,,,,,392,="",="2/6/2026 6:49:01.495232355 AM",
="",12918,,,,,,,,,,,,,,,,376,="",="2/6/2026 6:49:01.572543115 AM",
="",12938,,,,,,,,,,,,,,,,175,="",="2/6/2026 6:49:01.630457080 AM",
="",12939,,,,,,,,,,,,,,,,392,="",="2/6/2026 6:49:01.635092010 AM",
="",12940,,,,,,,,,,,,,,,,175,="",="2/6/2026 6:49:01.635978475 AM",
="",12941,,,,,,,,,,,,,,,,175,="",="2/6/2026 6:49:01.636325625 AM",
="",12965,,,,,,,,,,,,,,,,427,="",="2/6/2026 6:49:01.737136645 AM",
="",12980,,,,,,,,,,,,,,,,313,="",="2/6/2026 6:49:01.802062705 AM",
="",13008,,,,,,,,,,,,,,,,524,="",="2/6/2026 6:49:01.885221060 AM",
="",13010,,,,,,,,,,,,,,,,360,="",="2/6/2026 6:49:01.887801165 AM",
="",13012,,,,,,,,,,,,,,,,418,="",="2/6/2026 6:49:01.890736955 AM",
="",13013,,,,,,,,,,,,,,,,360,="",="2/6/2026 6:49:01.891532190 AM",
="",13017,,,,,,,,,,,,,,,,99,="",="2/6/2026 6:49:01.897631045 AM",
="",13023,,,,,,,,,,,,,,,,360,="",="2/6/2026 6:49:01.902160450 AM",
="",13025,,,,,,,,,,,,,,,,360,="",="2/6/2026 6:49:01.904270515 AM",
="",13041,,,,,,,,,,,,,,,,316,="",="2/6/2026 6:49:01.971208905 AM",
="",13043,,,,,,,,,,,,,,,,333,="",="2/6/2026 6:49:01.977645965 AM",
="",13045,,,,,,,,,,,,,,,,392,="",="2/6/2026 6:49:01.992791100 AM",
="",13054,,,,,,,,,,,,,,,,567,="",="2/6/2026 6:49:02.028644310 AM",
="",13070,,,,,,,,,,,,,,,,420,="",="2/6/2026 6:49:02.053838590 AM",
="",13076,,,,,,,,,,,,,,,,392,="",="2/6/2026 6:49:02.095109855 AM",
="",13079,,,,,,,,,,,,,,,,417,="",="2/6/2026 6:49:02.110063910 AM",
="",13097,,,,,,,,,,,,,,,,313,="",="2/6/2026 6:49:02.212765955 AM",
="",13103,,,,,,,,,,,,,,,,105,="",="2/6/2026 6:49:02.230502610 AM",
="",13108,,,,,,,,,,,,,,,,392,="",="2/6/2026 6:49:02.249499845 AM",
="",13132,,,,,,,,,,,,,,,,402,="",="2/6/2026 6:49:02.327553815 AM",
="",13138,,,,,,,,,,,,,,,,459,="",="2/6/2026 6:49:02.338949480 AM",
="",13167,,,,,,,,,,,,,,,,392,="",="2/6/2026 6:49:02.417639720 AM",
="",13172,,,,,,,,,,,,,,,,459,="",="2/6/2026 6:49:02.441410510 AM",
="",13182,,,,,,,,,,,,,,,,141,="",="2/6/2026 6:49:02.466179060 AM",
="",13188,,,,,,,,,,,,,,,,528,="",="2/6/2026 6:49:02.481049785 AM",
="",13196,,,,,,,,,,,,,,,,141,="",="2/6/2026 6:49:02.506155175 AM",
="",13202,,,,,,,,,,,,,,,,421,="",="2/6/2026 6:49:02.532278235 AM",
="",13206,,,,,,,,,,,,,,,,141,="",="2/6/2026 6:49:02.547153035 AM",
="",13209,,,,,,,,,,,,,,,,313,="",="2/6/2026 6:49:02.556332355 AM",
="",13210,,,,,,,,,,,,,,,,392,="",="2/6/2026 6:49:02.556702215 AM",
="",13217,,,,,,,,,,,,,,,,162,="",="2/6/2026 6:49:02.594517655 AM",
="",13227,,,,,,,,,,,,,,,,141,="",="2/6/2026 6:49:02.623037065 AM",
="",13244,,,,,,,,,,,,,,,,141,="",="2/6/2026 6:49:02.673054120 AM",
="",13251,,,,,,,,,,,,,,,,392,="",="2/6/2026 6:49:02.724038155 AM",
="",13255,,,,,,,,,,,,,,,,229,="",="2/6/2026 6:49:02.732696760 AM",
="",13273,,,,,,,,,,,,,,,,313,="",="2/6/2026 6:49:02.760392250 AM",
="",13318,,,,,,,,,,,,,,,,412,="",="2/6/2026 6:49:02.943807940 AM",
="",13319,,,,,,,,,,,,,,,,412,="",="2/6/2026 6:49:02.947342915 AM",
="",13324,,,,,,,,,,,,,,,,392,="",="2/6/2026 6:49:02.966910990 AM",
="",13325,,,,,,,,,,,,,,,,427,="",="2/6/2026 6:49:02.967340090 AM",
="",13340,,,,,,,,,,,,,,,,414,="",="2/6/2026 6:49:03.012923125 AM",
="",13363,,,,,,,,,,,,,,,,117,="",="2/6/2026 6:49:03.066009665 AM",
="",13364,,,,,,,,,,,,,,,,99,="",="2/6/2026 6:49:03.069966555 AM",
="",13368,,,,,,,,,,,,,,,,227,="",="2/6/2026 6:49:03.072021360 AM",
="",13375,,,,,,,,,,,,,,,,316,="",="2/6/2026 6:49:03.092036245 AM",
="",13384,,,,,,,,,,,,,,,,417,="",="2/6/2026 6:49:03.134068515 AM",
="",13440,,,,,,,,,,,,,,,,99,="",="2/6/2026 6:49:03.306709765 AM",
="",13441,,,,,,,,,,,,,,,,117,="",="2/6/2026 6:49:03.306878015 AM",
="",13450,,,,,,,,,,,,,,,,103,="",="2/6/2026 6:49:03.344691660 AM",
="",13457,,,,,,,,,,,,,,,,117,="",="2/6/2026 6:49:03.359552875 AM",
="",13501,,,,,,,,,,,,,,,,99,="",="2/6/2026 6:49:03.503189755 AM",
="",13590,,,,,,,,,,,,,,,,229,="",="2/6/2026 6:49:03.812419645 AM",
="",13624,,,,,,,,,,,,,,,,183,="",="2/6/2026 6:49:03.915474390 AM",
="",13633,,,,,,,,,,,,,,,,117,="",="2/6/2026 6:49:03.930772430 AM",
="",13635,,,,,,,,,,,,,,,,117,="",="2/6/2026 6:49:03.931362580 AM",
="",13639,,,,,,,,,,,,,,,,392,="",="2/6/2026 6:49:03.938342485 AM",
="",13643,,,,,,,,,,,,,,,,545,="",="2/6/2026 6:49:03.962551095 AM",
="",13644,,,,,,,,,,,,,,,,229,="",="2/6/2026 6:49:03.963091145 AM",
