Bookmark,Frame#,SSI,Type,Subtype,Seq #,Addresses,Receive Addr,Transmit Addr,Address 3,ToDS,FromDS,Frag,Retry,More,Protected,FCS,Frame Size,Delta,Timestamp,
="",14,,,,,,,,,,,,,,,,392,="",="2/5/2026 6:47:49.108575940 AM",
="",15,,,,,,,,,,,,,,,,364,="",="2/5/2026 6:47:49.112525060 AM",
="",16,,,,,,,,,,,,,,,,414,="",="2/5/2026 6:47:49.120158440 AM",
="",17,,,,,,,,,,,,,,,,229,="",="2/5/2026 6:47:49.120644825 AM",
="",18,,,,,,,,,,,,,,,,249,="",="2/5/2026 6:47:49.120757715 AM",
="",20,,,,,,,,,,,,,,,,249,="",="2/5/2026 6:47:49.120986300 AM",
="",21,,,,,,,,,,,,,,,,249,="",="2/5/2026 6:47:49.121224125 AM",
="",31,,,,,,,,,,,,,,,,313,="",="2/5/2026 6:47:49.155975280 AM",
="",38,,,,,,,,,,,,,,,,331,="",="2/5/2026 6:47:49.166558490 AM",
="",42,,,,,,,,,,,,,,,,347,="",="2/5/2026 6:47:49.174346050 AM",
="",44,,,,,,,,,,,,,,,,113,="",="2/5/2026 6:47:49.183108220 AM",
="",49,,,,,,,,,,,,,,,,414,="",="2/5/2026 6:47:49.211404760 AM",
="",59,,,,,,,,,,,,,,,,229,="",="2/5/2026 6:47:49.261219660 AM",
="",60,,,,,,,,,,,,,,,,313,="",="2/5/2026 6:47:49.262189315 AM",
="",61,,,,,,,,,,,,,,,,392,="",="2/5/2026 6:47:49.262147675 AM",
="",62,,,,,,,,,,,,,,,,430,="",="2/5/2026 6:47:49.262331970 AM",
="",78,,,,,,,,,,,,,,,,414,="",="2/5/2026 6:47:49.318477785 AM",
="",93,,,,,,,,,,,,,,,,420,="",="2/5/2026 6:47:49.370131245 AM",
="",95,,,,,,,,,,,,,,,,312,="",="2/5/2026 6:47:49.390488250 AM",
="",113,,,,,,,,,,,,,,,,388,="",="2/5/2026 6:47:49.467455490 AM",
="",114,,,,,,,,,,,,,,,,388,="",="2/5/2026 6:47:49.467889990 AM",
="",121,,,,,,,,,,,,,,,,396,="",="2/5/2026 6:47:49.507796140 AM",
="",123,,,,,,,,,,,,,,,,117,="",="2/5/2026 6:47:49.511750575 AM",
="",135,,,,,,,,,,,,,,,,113,="",="2/5/2026 6:47:49.575195945 AM",
="",136,,,,,,,,,,,,,,,,424,="",="2/5/2026 6:47:49.584089635 AM",
="",142,,,,,,,,,,,,,,,,524,="",="2/5/2026 6:47:49.611747370 AM",
="",144,,,,,,,,,,,,,,,,360,="",="2/5/2026 6:47:49.612979035 AM",
="",145,,,,,,,,,,,,,,,,105,="",="2/5/2026 6:47:49.613371535 AM",
="",147,,,,,,,,,,,,,,,,416,="",="2/5/2026 6:47:49.619432065 AM",
="",149,,,,,,,,,,,,,,,,473,="",="2/5/2026 6:47:49.644320525 AM",
="",160,,,,,,,,,,,,,,,,388,="",="2/5/2026 6:47:49.672332925 AM",
="",164,,,,,,,,,,,,,,,,229,="",="2/5/2026 6:47:49.691972855 AM",
="",169,,,,,,,,,,,,,,,,229,="",="2/5/2026 6:47:49.706071680 AM",
="",174,,,,,,,,,,,,,,,,105,="",="2/5/2026 6:47:49.715970460 AM",
="",178,,,,,,,,,,,,,,,,414,="",="2/5/2026 6:47:49.723409930 AM",
="",182,,,,,,,,,,,,,,,,392,="",="2/5/2026 6:47:49.734125425 AM",
="",199,,,,,,,,,,,,,,,,392,="",="2/5/2026 6:47:49.805692505 AM",
="",202,,,,,,,,,,,,,,,,373,="",="2/5/2026 6:47:49.812772655 AM",
="",203,,,,,,,,,,,,,,,,396,="",="2/5/2026 6:47:49.813189760 AM",
="",204,,,,,,,,,,,,,,,,313,="",="2/5/2026 6:47:49.814260035 AM",
="",209,,,,,,,,,,,,,,,,567,="",="2/5/2026 6:47:49.823709695 AM",
="",213,,,,,,,,,,,,,,,,340,="",="2/5/2026 6:47:49.829398240 AM",
="",229,,,,,,,,,,,,,,,,360,="",="2/5/2026 6:47:49.868192775 AM",
="",231,,,,,,,,,,,,,,,,313,="",="2/5/2026 6:47:49.872777990 AM",
="",239,,,,,,,,,,,,,,,,396,="",="2/5/2026 6:47:49.915587730 AM",
="",250,,,,,,,,,,,,,,,,414,="",="2/5/2026 6:47:49.939355215 AM",
="",270,,,,,,,,,,,,,,,,339,="",="2/5/2026 6:47:50.021103690 AM",
="",271,,,,,,,,,,,,,,,,366,="",="2/5/2026 6:47:50.021480930 AM",
="",272,,,,,,,,,,,,,,,,113,="",="2/5/2026 6:47:50.022748605 AM",
="",273,,,,,,,,,,,,,,,,99,="",="2/5/2026 6:47:50.023216465 AM",
="",277,,,,,,,,,,,,,,,,392,="",="2/5/2026 6:47:50.030183245 AM",
="",292,,,,,,,,,,,,,,,,388,="",="2/5/2026 6:47:50.081923580 AM",
="",296,,,,,,,,,,,,,,,,337,="",="2/5/2026 6:47:50.117095410 AM",
="",303,,,,,,,,,,,,,,,,414,="",="2/5/2026 6:47:50.133014105 AM",
="",317,,,,,,,,,,,,,,,,313,="",="2/5/2026 6:47:50.179980050 AM",
="",324,,,,,,,,,,,,,,,,567,="",="2/5/2026 6:47:50.208697950 AM",
="",327,,,,,,,,,,,,,,,,373,="",="2/5/2026 6:47:50.222386715 AM",
="",328,,,,,,,,,,,,,,,,396,="",="2/5/2026 6:47:50.222788110 AM",
="",351,,,,,,,,,,,,,,,,388,="",="2/5/2026 6:47:50.286279875 AM",
="",357,,,,,,,,,,,,,,,,396,="",="2/5/2026 6:47:50.325189255 AM",
="",361,,,,,,,,,,,,,,,,229,="",="2/5/2026 6:47:50.337389320 AM",
="",371,,,,,,,,,,,,,,,,117,="",="2/5/2026 6:47:50.348894310 AM",
="",378,,,,,,,,,,,,,,,,340,="",="2/5/2026 6:47:50.357339300 AM",
="",379,,,,,,,,,,,,,,,,105,="",="2/5/2026 6:47:50.358343435 AM",
="",401,,,,,,,,,,,,,,,,105,="",="2/5/2026 6:47:50.388832950 AM",
="",403,,,,,,,,,,,,,,,,103,="",="2/5/2026 6:47:50.391857665 AM",
="",415,,,,,,,,,,,,,,,,418,="",="2/5/2026 6:47:50.420524680 AM",
="",418,,,,,,,,,,,,,,,,396,="",="2/5/2026 6:47:50.427588770 AM",
="",424,,,,,,,,,,,,,,,,414,="",="2/5/2026 6:47:50.440215670 AM",
="",428,,,,,,,,,,,,,,,,392,="",="2/5/2026 6:47:50.450955820 AM",
="",429,,,,,,,,,,,,,,,,414,="",="2/5/2026 6:47:50.451383495 AM",
="",431,,,,,,,,,,,,,,,,333,="",="2/5/2026 6:47:50.452331570 AM",
="",445,,,,,,,,,,,,,,,,313,="",="2/5/2026 6:47:50.487181120 AM",
="",447,,,,,,,,,,,,,,,,388,="",="2/5/2026 6:47:50.491547410 AM",
="",448,,,,,,,,,,,,,,,,420,="",="2/5/2026 6:47:50.492027060 AM",
="",451,,,,,,,,,,,,,,,,313,="",="2/5/2026 6:47:50.523748745 AM",
="",452,,,,,,,,,,,,,,,,229,="",="2/5/2026 6:47:50.524549195 AM",
="",454,,,,,,,,,,,,,,,,229,="",="2/5/2026 6:47:50.527000375 AM",
="",458,,,,,,,,,,,,,,,,383,="",="2/5/2026 6:47:50.537541920 AM",
="",463,,,,,,,,,,,,,,,,392,="",="2/5/2026 6:47:50.553331030 AM",
="",464,,,,,,,,,,,,,,,,229,="",="2/5/2026 6:47:50.553759705 AM",
="",487,,,,,,,,,,,,,,,,312,="",="2/5/2026 6:47:50.600905610 AM",
="",492,,,,,,,,,,,,,,,,396,="",="2/5/2026 6:47:50.631107835 AM",
="",495,,,,,,,,,,,,,,,,229,="",="2/5/2026 6:47:50.635507995 AM",
="",498,,,,,,,,,,,,,,,,414,="",="2/5/2026 6:47:50.645017665 AM",
="",499,,,,,,,,,,,,,,,,340,="",="2/5/2026 6:47:50.648123395 AM",
="",505,,,,,,,,,,,,,,,,381,="",="2/5/2026 6:47:50.668097995 AM",
="",518,,,,,,,,,,,,,,,,313,="",="2/5/2026 6:47:50.691981835 AM",
="",530,,,,,,,,,,,,,,,,337,="",="2/5/2026 6:47:50.754505755 AM",
="",540,,,,,,,,,,,,,,,,115,="",="2/5/2026 6:47:50.786067190 AM",
="",543,,,,,,,,,,,,,,,,115,="",="2/5/2026 6:47:50.787267835 AM",
="",544,,,,,,,,,,,,,,,,105,="",="2/5/2026 6:47:50.787537765 AM",
="",548,,,,,,,,,,,,,,,,105,="",="2/5/2026 6:47:50.788897965 AM",
="",549,,,,,,,,,,,,,,,,99,="",="2/5/2026 6:47:50.789244955 AM",
="",550,,,,,,,,,,,,,,,,99,="",="2/5/2026 6:47:50.789738645 AM",
="",551,,,,,,,,,,,,,,,,99,="",="2/5/2026 6:47:50.790530845 AM",
="",553,,,,,,,,,,,,,,,,313,="",="2/5/2026 6:47:50.794382245 AM",
="",555,,,,,,,,,,,,,,,,99,="",="2/5/2026 6:47:50.808914315 AM",
="",559,,,,,,,,,,,,,,,,105,="",="2/5/2026 6:47:50.822271220 AM",
="",562,,,,,,,,,,,,,,,,373,="",="2/5/2026 6:47:50.836775600 AM",
="",563,,,,,,,,,,,,,,,,396,="",="2/5/2026 6:47:50.837190265 AM",
="",568,,,,,,,,,,,,,,,,414,="",="2/5/2026 6:47:50.849819685 AM",
="",572,,,,,,,,,,,,,,,,381,="",="2/5/2026 6:47:50.873008435 AM",
="",587,,,,,,,,,,,,,,,,313,="",="2/5/2026 6:47:50.896937715 AM",
="",588,,,,,,,,,,,,,,,,392,="",="2/5/2026 6:47:50.897308855 AM",
="",592,,,,,,,,,,,,,,,,313,="",="2/5/2026 6:47:50.937146405 AM",
="",593,,,,,,,,,,,,,,,,396,="",="2/5/2026 6:47:50.939590875 AM",
="",594,,,,,,,,,,,,,,,,167,="",="2/5/2026 6:47:50.944552720 AM",
="",603,,,,,,,,,,,,,,,,414,="",="2/5/2026 6:47:50.952220335 AM",
="",638,,,,,,,,,,,,,,,,392,="",="2/5/2026 6:47:51.054208130 AM",
="",639,,,,,,,,,,,,,,,,414,="",="2/5/2026 6:47:51.054621130 AM",
="",655,,,,,,,,,,,,,,,,392,="",="2/5/2026 6:47:51.101954905 AM",
="",656,,,,,,,,,,,,,,,,430,="",="2/5/2026 6:47:51.102383385 AM",
="",659,,,,,,,,,,,,,,,,99,="",="2/5/2026 6:47:51.132797410 AM",
="",660,,,,,,,,,,,,,,,,229,="",="2/5/2026 6:47:51.138720125 AM",
="",661,,,,,,,,,,,,,,,,418,="",="2/5/2026 6:47:51.139521630 AM",
="",663,,,,,,,,,,,,,,,,396,="",="2/5/2026 6:47:51.144692295 AM",
="",667,,,,,,,,,,,,,,,,364,="",="2/5/2026 6:47:51.160536345 AM",
="",685,,,,,,,,,,,,,,,,313,="",="2/5/2026 6:47:51.203984430 AM",
="",687,,,,,,,,,,,,,,,,567,="",="2/5/2026 6:47:51.214730840 AM",
="",697,,,,,,,,,,,,,,,,339,="",="2/5/2026 6:47:51.249909295 AM",
="",698,,,,,,,,,,,,,,,,229,="",="2/5/2026 6:47:51.253362290 AM",
="",701,,,,,,,,,,,,,,,,388,="",="2/5/2026 6:47:51.255418025 AM",
="",702,,,,,,,,,,,,,,,,414,="",="2/5/2026 6:47:51.259423245 AM",
="",706,,,,,,,,,,,,,,,,424,="",="2/5/2026 6:47:51.281273495 AM",
="",707,,,,,,,,,,,,,,,,364,="",="2/5/2026 6:47:51.282943565 AM",
="",714,,,,,,,,,,,,,,,,459,="",="2/5/2026 6:47:51.299644565 AM",
="",724,,,,,,,,,,,,,,,,227,="",="2/5/2026 6:47:51.329664625 AM",
="",738,,,,,,,,,,,,,,,,414,="",="2/5/2026 6:47:51.361823990 AM",
="",741,,,,,,,,,,,,,,,,414,="",="2/5/2026 6:47:51.372965480 AM",
="",746,,,,,,,,,,,,,,,,99,="",="2/5/2026 6:47:51.382658565 AM",
="",763,,,,,,,,,,,,,,,,313,="",="2/5/2026 6:47:51.408788225 AM",
="",767,,,,,,,,,,,,,,,,229,="",="2/5/2026 6:47:51.413660780 AM",
="",769,,,,,,,,,,,,,,,,347,="",="2/5/2026 6:47:51.427186625 AM",
="",770,,,,,,,,,,,,,,,,226,="",="2/5/2026 6:47:51.443737165 AM",
="",771,,,,,,,,,,,,,,,,418,="",="2/5/2026 6:47:51.444531315 AM",
="",777,,,,,,,,,,,,,,,,408,="",="2/5/2026 6:47:51.452455790 AM",
="",781,,,,,,,,,,,,,,,,392,="",="2/5/2026 6:47:51.463795765 AM",
="",797,,,,,,,,,,,,,,,,313,="",="2/5/2026 6:47:51.511204450 AM",
="",803,,,,,,,,,,,,,,,,408,="",="2/5/2026 6:47:51.546502485 AM",
="",804,,,,,,,,,,,,,,,,408,="",="2/5/2026 6:47:51.547372555 AM",
="",806,,,,,,,,,,,,,,,,328,="",="2/5/2026 6:47:51.554710520 AM",
="",807,,,,,,,,,,,,,,,,306,="",="2/5/2026 6:47:51.561330980 AM",
="",808,,,,,,,,,,,,,,,,414,="",="2/5/2026 6:47:51.566625850 AM",
="",811,,,,,,,,,,,,,,,,306,="",="2/5/2026 6:47:51.588084740 AM",
="",819,,,,,,,,,,,,,,,,392,="",="2/5/2026 6:47:51.613957825 AM",
="",820,,,,,,,,,,,,,,,,430,="",="2/5/2026 6:47:51.614386400 AM",
="",832,,,,,,,,,,,,,,,,373,="",="2/5/2026 6:47:51.655990405 AM",
="",835,,,,,,,,,,,,,,,,414,="",="2/5/2026 6:47:51.669027035 AM",
="",846,,,,,,,,,,,,,,,,312,="",="2/5/2026 6:47:51.727309950 AM",
="",856,,,,,,,,,,,,,,,,424,="",="2/5/2026 6:47:51.749505425 AM",
="",870,,,,,,,,,,,,,,,,414,="",="2/5/2026 6:47:51.782572550 AM",
="",894,,,,,,,,,,,,,,,,105,="",="2/5/2026 6:47:51.867521055 AM",
="",895,,,,,,,,,,,,,,,,105,="",="2/5/2026 6:47:51.867819255 AM",
="",896,,,,,,,,,,,,,,,,105,="",="2/5/2026 6:47:51.867946315 AM",
="",897,,,,,,,,,,,,,,,,383,="",="2/5/2026 6:47:51.869039910 AM",
="",899,,,,,,,,,,,,,,,,414,="",="2/5/2026 6:47:51.873850125 AM",
="",900,,,,,,,,,,,,,,,,117,="",="2/5/2026 6:47:51.875924865 AM",
="",902,,,,,,,,,,,,,,,,414,="",="2/5/2026 6:47:51.884968880 AM",
="",917,,,,,,,,,,,,,,,,313,="",="2/5/2026 6:47:51.920787720 AM",
="",918,,,,,,,,,,,,,,,,392,="",="2/5/2026 6:47:51.921159005 AM",
="",926,,,,,,,,,,,,,,,,408,="",="2/5/2026 6:47:51.943678470 AM",
="",927,,,,,,,,,,,,,,,,408,="",="2/5/2026 6:47:51.944351890 AM",
="",928,,,,,,,,,,,,,,,,229,="",="2/5/2026 6:47:51.945156050 AM",
="",931,,,,,,,,,,,,,,,,360,="",="2/5/2026 6:47:51.976750445 AM",
="",932,,,,,,,,,,,,,,,,229,="",="2/5/2026 6:47:51.978736650 AM",
="",937,,,,,,,,,,,,,,,,340,="",="2/5/2026 6:47:51.995729210 AM",
="",942,,,,,,,,,,,,,,,,313,="",="2/5/2026 6:47:52.023190930 AM",
="",961,,,,,,,,,,,,,,,,373,="",="2/5/2026 6:47:52.065578780 AM",
="",962,,,,,,,,,,,,,,,,396,="",="2/5/2026 6:47:52.065993165 AM",
="",969,,,,,,,,,,,,,,,,364,="",="2/5/2026 6:47:52.083709080 AM",
="",972,,,,,,,,,,,,,,,,117,="",="2/5/2026 6:47:52.090739870 AM",
="",973,,,,,,,,,,,,,,,,117,="",="2/5/2026 6:47:52.098013665 AM",
="",974,,,,,,,,,,,,,,,,117,="",="2/5/2026 6:47:52.100880925 AM",
="",982,,,,,,,,,,,,,,,,313,="",="2/5/2026 6:47:52.125589850 AM",
="",983,,,,,,,,,,,,,,,,392,="",="2/5/2026 6:47:52.125959735 AM",
="",985,,,,,,,,,,,,,,,,347,="",="2/5/2026 6:47:52.143999475 AM",
="",991,,,,,,,,,,,,,,,,408,="",="2/5/2026 6:47:52.160779280 AM",
="",992,,,,,,,,,,,,,,,,229,="",="2/5/2026 6:47:52.161453780 AM",
="",993,,,,,,,,,,,,,,,,408,="",="2/5/2026 6:47:52.162109345 AM",
="",994,,,,,,,,,,,,,,,,408,="",="2/5/2026 6:47:52.162765430 AM",
="",1000,,,,,,,,,,,,,,,,392,="",="2/5/2026 6:47:52.180602270 AM",
="",1015,,,,,,,,,,,,,,,,313,="",="2/5/2026 6:47:52.229405425 AM",
="",1016,,,,,,,,,,,,,,,,430,="",="2/5/2026 6:47:52.230205085 AM",
="",1022,,,,,,,,,,,,,,,,524,="",="2/5/2026 6:47:52.261921270 AM",
="",1026,,,,,,,,,,,,,,,,396,="",="2/5/2026 6:47:52.271112285 AM",
="",1031,,,,,,,,,,,,,,,,392,="",="2/5/2026 6:47:52.283046745 AM",
="",1032,,,,,,,,,,,,,,,,414,="",="2/5/2026 6:47:52.283432090 AM",
="",1037,,,,,,,,,,,,,,,,392,="",="2/5/2026 6:47:52.294142400 AM",
="",1038,,,,,,,,,,,,,,,,414,="",="2/5/2026 6:47:52.294570795 AM",
="",1039,,,,,,,,,,,,,,,,333,="",="2/5/2026 6:47:52.295575085 AM",
="",1057,,,,,,,,,,,,,,,,227,="",="2/5/2026 6:47:52.330414945 AM",
="",1066,,,,,,,,,,,,,,,,443,="",="2/5/2026 6:47:52.380663880 AM",
="",1073,,,,,,,,,,,,,,,,313,="",="2/5/2026 6:47:52.432793100 AM",
="",1074,,,,,,,,,,,,,,,,392,="",="2/5/2026 6:47:52.433161465 AM",
="",1075,,,,,,,,,,,,,,,,430,="",="2/5/2026 6:47:52.433589785 AM",
="",1086,,,,,,,,,,,,,,,,396,="",="2/5/2026 6:47:52.475595120 AM",
="",1092,,,,,,,,,,,,,,,,392,="",="2/5/2026 6:47:52.498943810 AM",
="",1093,,,,,,,,,,,,,,,,414,="",="2/5/2026 6:47:52.499372525 AM",
="",1105,,,,,,,,,,,,,,,,183,="",="2/5/2026 6:47:52.540582570 AM",
="",1106,,,,,,,,,,,,,,,,165,="",="2/5/2026 6:47:52.540790780 AM",
="",1107,,,,,,,,,,,,,,,,567,="",="2/5/2026 6:47:52.545884935 AM",
="",1111,,,,,,,,,,,,,,,,113,="",="2/5/2026 6:47:52.572524555 AM",
="",1116,,,,,,,,,,,,,,,,396,="",="2/5/2026 6:47:52.577995215 AM",
="",1117,,,,,,,,,,,,,,,,416,="",="2/5/2026 6:47:52.586112825 AM",
="",1119,,,,,,,,,,,,,,,,414,="",="2/5/2026 6:47:52.590647210 AM",
="",1139,,,,,,,,,,,,,,,,313,="",="2/5/2026 6:47:52.637590915 AM",
="",1140,,,,,,,,,,,,,,,,392,="",="2/5/2026 6:47:52.637962240 AM",
="",1141,,,,,,,,,,,,,,,,430,="",="2/5/2026 6:47:52.638390735 AM",
="",1174,,,,,,,,,,,,,,,,229,="",="2/5/2026 6:47:52.735919875 AM",
="",1176,,,,,,,,,,,,,,,,117,="",="2/5/2026 6:47:52.739091765 AM",
="",1177,,,,,,,,,,,,,,,,313,="",="2/5/2026 6:47:52.739991500 AM",
="",1178,,,,,,,,,,,,,,,,392,="",="2/5/2026 6:47:52.740362680 AM",
="",1181,,,,,,,,,,,,,,,,117,="",="2/5/2026 6:47:52.749323850 AM",
="",1183,,,,,,,,,,,,,,,,117,="",="2/5/2026 6:47:52.767827140 AM",
="",1189,,,,,,,,,,,,,,,,396,="",="2/5/2026 6:47:52.782798520 AM",
="",1191,,,,,,,,,,,,,,,,383,="",="2/5/2026 6:47:52.790371940 AM",
="",1224,,,,,,,,,,,,,,,,383,="",="2/5/2026 6:47:52.892903985 AM",
="",1228,,,,,,,,,,,,,,,,316,="",="2/5/2026 6:47:52.908227610 AM",
="",1242,,,,,,,,,,,,,,,,229,="",="2/5/2026 6:47:52.982504985 AM",
="",1243,,,,,,,,,,,,,,,,337,="",="2/5/2026 6:47:52.985150150 AM",
="",1247,,,,,,,,,,,,,,,,396,="",="2/5/2026 6:47:52.987598905 AM",
="",1256,,,,,,,,,,,,,,,,364,="",="2/5/2026 6:47:53.003760225 AM",
="",1264,,,,,,,,,,,,,,,,392,="",="2/5/2026 6:47:53.047580970 AM",
="",1265,,,,,,,,,,,,,,,,430,="",="2/5/2026 6:47:53.048009930 AM",
="",1272,,,,,,,,,,,,,,,,337,="",="2/5/2026 6:47:53.085235945 AM",
="",1275,,,,,,,,,,,,,,,,396,="",="2/5/2026 6:47:53.089999305 AM",
="",1308,,,,,,,,,,,,,,,,373,="",="2/5/2026 6:47:53.191986265 AM",
="",1309,,,,,,,,,,,,,,,,396,="",="2/5/2026 6:47:53.192400115 AM",
="",1313,,,,,,,,,,,,,,,,392,="",="2/5/2026 6:47:53.204613115 AM",
="",1335,,,,,,,,,,,,,,,,373,="",="2/5/2026 6:47:53.294382570 AM",
="",1337,,,,,,,,,,,,,,,,396,="",="2/5/2026 6:47:53.294797755 AM",
="",1350,,,,,,,,,,,,,,,,117,="",="2/5/2026 6:47:53.333637885 AM",
="",1367,,,,,,,,,,,,,,,,313,="",="2/5/2026 6:47:53.354394505 AM",
="",1368,,,,,,,,,,,,,,,,381,="",="2/5/2026 6:47:53.356516415 AM",
="",1378,,,,,,,,,,,,,,,,115,="",="2/5/2026 6:47:53.404931855 AM",
="",1383,,,,,,,,,,,,,,,,215,="",="2/5/2026 6:47:53.406263565 AM",
="",1387,,,,,,,,,,,,,,,,99,="",="2/5/2026 6:47:53.406644650 AM",
="",1389,,,,,,,,,,,,,,,,117,="",="2/5/2026 6:47:53.407028995 AM",
="",1394,,,,,,,,,,,,,,,,99,="",="2/5/2026 6:47:53.408814805 AM",
="",1396,,,,,,,,,,,,,,,,105,="",="2/5/2026 6:47:53.411970795 AM",
="",1397,,,,,,,,,,,,,,,,117,="",="2/5/2026 6:47:53.412148150 AM",
="",1404,,,,,,,,,,,,,,,,117,="",="2/5/2026 6:47:53.415197740 AM",
="",1405,,,,,,,,,,,,,,,,99,="",="2/5/2026 6:47:53.415396095 AM",
="",1406,,,,,,,,,,,,,,,,105,="",="2/5/2026 6:47:53.415560690 AM",
="",1407,,,,,,,,,,,,,,,,99,="",="2/5/2026 6:47:53.415603945 AM",
="",1408,,,,,,,,,,,,,,,,119,="",="2/5/2026 6:47:53.415686465 AM",
="",1410,,,,,,,,,,,,,,,,117,="",="2/5/2026 6:47:53.416267165 AM",
="",1412,,,,,,,,,,,,,,,,99,="",="2/5/2026 6:47:53.418714750 AM",
="",1416,,,,,,,,,,,,,,,,105,="",="2/5/2026 6:47:53.420054430 AM",
="",1417,,,,,,,,,,,,,,,,117,="",="2/5/2026 6:47:53.420167720 AM",
="",1423,,,,,,,,,,,,,,,,105,="",="2/5/2026 6:47:53.423094965 AM",
="",1443,,,,,,,,,,,,,,,,113,="",="2/5/2026 6:47:53.435865550 AM",
="",1449,,,,,,,,,,,,,,,,276,="",="2/5/2026 6:47:53.446087545 AM",
="",1452,,,,,,,,,,,,,,,,105,="",="2/5/2026 6:47:53.448241045 AM",
="",1453,,,,,,,,,,,,,,,,105,="",="2/5/2026 6:47:53.448430240 AM",
="",1468,,,,,,,,,,,,,,,,392,="",="2/5/2026 6:47:53.457167880 AM",
="",1490,,,,,,,,,,,,,,,,414,="",="2/5/2026 6:47:53.523439860 AM",
="",1500,,,,,,,,,,,,,,,,227,="",="2/5/2026 6:47:53.554208825 AM",
="",1540,,,,,,,,,,,,,,,,567,="",="2/5/2026 6:47:53.723642075 AM",
="",1566,,,,,,,,,,,,,,,,229,="",="2/5/2026 6:47:53.824525390 AM",
="",1588,,,,,,,,,,,,,,,,392,="",="2/5/2026 6:47:53.866767790 AM",
="",1614,,,,,,,,,,,,,,,,392,="",="2/5/2026 6:47:53.969168830 AM",
="",1661,,,,,,,,,,,,,,,,373,="",="2/5/2026 6:47:54.113585340 AM",
="",1679,,,,,,,,,,,,,,,,337,="",="2/5/2026 6:47:54.211653255 AM",
="",1713,,,,,,,,,,,,,,,,416,="",="2/5/2026 6:47:54.326929650 AM",
="",1716,,,,,,,,,,,,,,,,109,="",="2/5/2026 6:47:54.332538550 AM",
="",1763,,,,,,,,,,,,,,,,528,="",="2/5/2026 6:47:54.439092730 AM",
="",1794,,,,,,,,,,,,,,,,99,="",="2/5/2026 6:47:54.476342815 AM",
="",1800,,,,,,,,,,,,,,,,105,="",="2/5/2026 6:47:54.490136420 AM",
="",1807,,,,,,,,,,,,,,,,99,="",="2/5/2026 6:47:54.502021390 AM",
="",1809,,,,,,,,,,,,,,,,105,="",="2/5/2026 6:47:54.502345495 AM",
="",1811,,,,,,,,,,,,,,,,105,="",="2/5/2026 6:47:54.502642790 AM",
="",1818,,,,,,,,,,,,,,,,229,="",="2/5/2026 6:47:54.503343760 AM",
="",1820,,,,,,,,,,,,,,,,105,="",="2/5/2026 6:47:54.505078535 AM",
="",1822,,,,,,,,,,,,,,,,119,="",="2/5/2026 6:47:54.505191380 AM",
="",1844,,,,,,,,,,,,,,,,381,="",="2/5/2026 6:47:54.584576435 AM",
="",1853,,,,,,,,,,,,,,,,373,="",="2/5/2026 6:47:54.625586425 AM",
="",1856,,,,,,,,,,,,,,,,392,="",="2/5/2026 6:47:54.638223955 AM",
="",1858,,,,,,,,,,,,,,,,337,="",="2/5/2026 6:47:54.645713590 AM",
="",1881,,,,,,,,,,,,,,,,115,="",="2/5/2026 6:47:54.710632520 AM",
="",1929,,,,,,,,,,,,,,,,392,="",="2/5/2026 6:47:54.890773080 AM",
="",1943,,,,,,,,,,,,,,,,392,="",="2/5/2026 6:47:54.945426360 AM",
="",1946,,,,,,,,,,,,,,,,229,="",="2/5/2026 6:47:54.971905400 AM",
="",1955,,,,,,,,,,,,,,,,420,="",="2/5/2026 6:47:54.997708640 AM",
="",1972,,,,,,,,,,,,,,,,276,="",="2/5/2026 6:47:55.084214180 AM",
="",2006,,,,,,,,,,,,,,,,117,="",="2/5/2026 6:47:55.206718890 AM",
="",2008,,,,,,,,,,,,,,,,117,="",="2/5/2026 6:47:55.220849900 AM",
="",2011,,,,,,,,,,,,,,,,337,="",="2/5/2026 6:47:55.237876800 AM",
="",2016,,,,,,,,,,,,,,,,117,="",="2/5/2026 6:47:55.248315160 AM",
="",2017,,,,,,,,,,,,,,,,416,="",="2/5/2026 6:47:55.248553635 AM",
="",2018,,,,,,,,,,,,,,,,117,="",="2/5/2026 6:47:55.256603685 AM",
="",2020,,,,,,,,,,,,,,,,117,="",="2/5/2026 6:47:55.260111030 AM",
="",2028,,,,,,,,,,,,,,,,392,="",="2/5/2026 6:47:55.301639645 AM",
="",2029,,,,,,,,,,,,,,,,430,="",="2/5/2026 6:47:55.302068605 AM",
="",2040,,,,,,,,,,,,,,,,227,="",="2/5/2026 6:47:55.349452410 AM",
="",2051,,,,,,,,,,,,,,,,229,="",="2/5/2026 6:47:55.394465640 AM",
="",2077,,,,,,,,,,,,,,,,195,="",="2/5/2026 6:47:55.500131135 AM",
="",2078,,,,,,,,,,,,,,,,195,="",="2/5/2026 6:47:55.500251650 AM",
="",2079,,,,,,,,,,,,,,,,195,="",="2/5/2026 6:47:55.500374750 AM",
="",2080,,,,,,,,,,,,,,,,37,="",="2/5/2026 6:47:55.503763200 AM",
="",2095,,,,,,,,,,,,,,,,99,="",="2/5/2026 6:47:55.547940680 AM",
="",2096,,,,,,,,,,,,,,,,105,="",="2/5/2026 6:47:55.548200945 AM",
="",2101,,,,,,,,,,,,,,,,117,="",="2/5/2026 6:47:55.551868645 AM",
="",2109,,,,,,,,,,,,,,,,105,="",="2/5/2026 6:47:55.564336000 AM",
="",2112,,,,,,,,,,,,,,,,99,="",="2/5/2026 6:47:55.565391065 AM",
="",2114,,,,,,,,,,,,,,,,105,="",="2/5/2026 6:47:55.565684985 AM",
="",2116,,,,,,,,,,,,,,,,99,="",="2/5/2026 6:47:55.566027815 AM",
="",2130,,,,,,,,,,,,,,,,105,="",="2/5/2026 6:47:55.599418005 AM",
="",2168,,,,,,,,,,,,,,,,229,="",="2/5/2026 6:47:55.705659410 AM",
="",2220,,,,,,,,,,,,,,,,115,="",="2/5/2026 6:47:55.868255280 AM",
="",2221,,,,,,,,,,,,,,,,306,="",="2/5/2026 6:47:55.869207580 AM",
="",2224,,,,,,,,,,,,,,,,111,="",="2/5/2026 6:47:55.873782615 AM",
="",2228,,,,,,,,,,,,,,,,99,="",="2/5/2026 6:47:55.875322380 AM",
="",2230,,,,,,,,,,,,,,,,99,="",="2/5/2026 6:47:55.876120580 AM",
="",2259,,,,,,,,,,,,,,,,392,="",="2/5/2026 6:47:55.969435855 AM",
="",2284,,,,,,,,,,,,,,,,115,="",="2/5/2026 6:47:56.082322330 AM",
="",2285,,,,,,,,,,,,,,,,115,="",="2/5/2026 6:47:56.082440375 AM",
="",2318,,,,,,,,,,,,,,,,229,="",="2/5/2026 6:47:56.207040015 AM",
="",2323,,,,,,,,,,,,,,,,313,="",="2/5/2026 6:47:56.221611755 AM",
="",2356,,,,,,,,,,,,,,,,129,="",="2/5/2026 6:47:56.346855775 AM",
="",2357,,,,,,,,,,,,,,,,227,="",="2/5/2026 6:47:56.359200960 AM",
="",2363,,,,,,,,,,,,,,,,123,="",="2/5/2026 6:47:56.371679115 AM",
="",2379,,,,,,,,,,,,,,,,381,="",="2/5/2026 6:47:56.427776360 AM",
="",2387,,,,,,,,,,,,,,,,347,="",="2/5/2026 6:47:56.444810940 AM",
="",2425,,,,,,,,,,,,,,,,115,="",="2/5/2026 6:47:56.585682985 AM",
="",2426,,,,,,,,,,,,,,,,115,="",="2/5/2026 6:47:56.586914620 AM",
="",2427,,,,,,,,,,,,,,,,105,="",="2/5/2026 6:47:56.587192990 AM",
="",2428,,,,,,,,,,,,,,,,105,="",="2/5/2026 6:47:56.587762950 AM",
="",2430,,,,,,,,,,,,,,,,117,="",="2/5/2026 6:47:56.589989700 AM",
="",2435,,,,,,,,,,,,,,,,99,="",="2/5/2026 6:47:56.602418680 AM",
="",2436,,,,,,,,,,,,,,,,105,="",="2/5/2026 6:47:56.602631930 AM",
="",2442,,,,,,,,,,,,,,,,99,="",="2/5/2026 6:47:56.603809280 AM",
="",2443,,,,,,,,,,,,,,,,229,="",="2/5/2026 6:47:56.603874010 AM",
="",2444,,,,,,,,,,,,,,,,117,="",="2/5/2026 6:47:56.603966155 AM",
="",2453,,,,,,,,,,,,,,,,420,="",="2/5/2026 6:47:56.636096625 AM",
="",2518,,,,,,,,,,,,,,,,396,="",="2/5/2026 6:47:56.878807010 AM",
="",2524,,,,,,,,,,,,,,,,392,="",="2/5/2026 6:47:56.891043450 AM",
="",2528,,,,,,,,,,,,,,,,105,="",="2/5/2026 6:47:56.929497515 AM",
="",2547,,,,,,,,,,,,,,,,567,="",="2/5/2026 6:47:56.963749350 AM",
="",2556,,,,,,,,,,,,,,,,392,="",="2/5/2026 6:47:56.993444490 AM",
="",2570,,,,,,,,,,,,,,,,99,="",="2/5/2026 6:47:57.057486375 AM",
="",2617,,,,,,,,,,,,,,,,388,="",="2/5/2026 6:47:57.239675225 AM",
="",2641,,,,,,,,,,,,,,,,388,="",="2/5/2026 6:47:57.341828425 AM",
="",2642,,,,,,,,,,,,,,,,99,="",="2/5/2026 6:47:57.345439285 AM",
="",2644,,,,,,,,,,,,,,,,430,="",="2/5/2026 6:47:57.348828070 AM",
="",2661,,,,,,,,,,,,,,,,396,="",="2/5/2026 6:47:57.390809150 AM",
="",2666,,,,,,,,,,,,,,,,113,="",="2/5/2026 6:47:57.420283020 AM",
="",2679,,,,,,,,,,,,,,,,419,="",="2/5/2026 6:47:57.449789425 AM",
="",2697,,,,,,,,,,,,,,,,99,="",="2/5/2026 6:47:57.477888605 AM",
="",2704,,,,,,,,,,,,,,,,416,="",="2/5/2026 6:47:57.501322265 AM",
="",2727,,,,,,,,,,,,,,,,105,="",="2/5/2026 6:47:57.550956360 AM",
="",2728,,,,,,,,,,,,,,,,117,="",="2/5/2026 6:47:57.551309875 AM",
="",2741,,,,,,,,,,,,,,,,388,="",="2/5/2026 6:47:57.604238285 AM",
="",2758,,,,,,,,,,,,,,,,117,="",="2/5/2026 6:47:57.653053905 AM",
="",2759,,,,,,,,,,,,,,,,115,="",="2/5/2026 6:47:57.653346190 AM",
="",2761,,,,,,,,,,,,,,,,105,="",="2/5/2026 6:47:57.653472140 AM",
="",2762,,,,,,,,,,,,,,,,99,="",="2/5/2026 6:47:57.653516555 AM",
="",2763,,,,,,,,,,,,,,,,117,="",="2/5/2026 6:47:57.653633640 AM",
="",2766,,,,,,,,,,,,,,,,105,="",="2/5/2026 6:47:57.654781070 AM",
="",2767,,,,,,,,,,,,,,,,105,="",="2/5/2026 6:47:57.655256920 AM",
="",2770,,,,,,,,,,,,,,,,117,="",="2/5/2026 6:47:57.656734120 AM",
="",2771,,,,,,,,,,,,,,,,105,="",="2/5/2026 6:47:57.657243270 AM",
="",2772,,,,,,,,,,,,,,,,117,="",="2/5/2026 6:47:57.657424305 AM",
="",2778,,,,,,,,,,,,,,,,105,="",="2/5/2026 6:47:57.668565930 AM",
="",2779,,,,,,,,,,,,,,,,99,="",="2/5/2026 6:47:57.668608905 AM",
="",2780,,,,,,,,,,,,,,,,105,="",="2/5/2026 6:47:57.668798195 AM",
="",2781,,,,,,,,,,,,,,,,105,="",="2/5/2026 6:47:57.668880665 AM",
="",2782,,,,,,,,,,,,,,,,99,="",="2/5/2026 6:47:57.668923680 AM",
="",2783,,,,,,,,,,,,,,,,117,="",="2/5/2026 6:47:57.669081795 AM",
="",2789,,,,,,,,,,,,,,,,414,="",="2/5/2026 6:47:57.710679520 AM",
="",2801,,,,,,,,,,,,,,,,229,="",="2/5/2026 6:47:57.756950705 AM",
="",2816,,,,,,,,,,,,,,,,396,="",="2/5/2026 6:47:57.800409350 AM",
="",2817,,,,,,,,,,,,,,,,392,="",="2/5/2026 6:47:57.812655005 AM",
="",2839,,,,,,,,,,,,,,,,115,="",="2/5/2026 6:47:57.891870515 AM",
="",2851,,,,,,,,,,,,,,,,312,="",="2/5/2026 6:47:57.949211290 AM",
="",2881,,,,,,,,,,,,,,,,313,="",="2/5/2026 6:47:58.064816435 AM",
="",2882,,,,,,,,,,,,,,,,392,="",="2/5/2026 6:47:58.065191040 AM",
="",2883,,,,,,,,,,,,,,,,430,="",="2/5/2026 6:47:58.065616175 AM",
="",2926,,,,,,,,,,,,,,,,414,="",="2/5/2026 6:47:58.234163785 AM",
="",2950,,,,,,,,,,,,,,,,105,="",="2/5/2026 6:47:58.339227340 AM",
="",2956,,,,,,,,,,,,,,,,227,="",="2/5/2026 6:47:58.357838340 AM",
="",3036,,,,,,,,,,,,,,,,99,="",="2/5/2026 6:47:58.646797950 AM",
="",3057,,,,,,,,,,,,,,,,229,="",="2/5/2026 6:47:58.695164745 AM",
="",3069,,,,,,,,,,,,,,,,117,="",="2/5/2026 6:47:58.729206840 AM",
="",3078,,,,,,,,,,,,,,,,99,="",="2/5/2026 6:47:58.748741460 AM",
="",3090,,,,,,,,,,,,,,,,28,="",="2/5/2026 6:47:58.819457200 AM",
="",3115,,,,,,,,,,,,,,,,337,="",="2/5/2026 6:47:58.964452385 AM",
="",3134,,,,,,,,,,,,,,,,364,="",="2/5/2026 6:47:59.065465945 AM",
="",3218,,,,,,,,,,,,,,,,396,="",="2/5/2026 6:47:59.438814165 AM",
="",3228,,,,,,,,,,,,,,,,313,="",="2/5/2026 6:47:59.498423360 AM",
="",3261,,,,,,,,,,,,,,,,364,="",="2/5/2026 6:47:59.679870410 AM",
="",3285,,,,,,,,,,,,,,,,310,="",="2/5/2026 6:47:59.748091400 AM",
="",3334,,,,,,,,,,,,,,,,337,="",="2/5/2026 6:47:59.946176380 AM",
="",3344,,,,,,,,,,,,,,,,113,="",="2/5/2026 6:47:59.996807685 AM",
="",3346,,,,,,,,,,,,,,,,99,="",="2/5/2026 6:48:00.001470250 AM",
="",3363,,,,,,,,,,,,,,,,331,="",="2/5/2026 6:48:00.051879140 AM",
="",3456,,,,,,,,,,,,,,,,115,="",="2/5/2026 6:48:00.405468915 AM",
="",3458,,,,,,,,,,,,,,,,105,="",="2/5/2026 6:48:00.406487195 AM",
="",3460,,,,,,,,,,,,,,,,99,="",="2/5/2026 6:48:00.410175100 AM",
="",3485,,,,,,,,,,,,,,,,105,="",="2/5/2026 6:48:00.446528075 AM",
="",3488,,,,,,,,,,,,,,,,105,="",="2/5/2026 6:48:00.447155960 AM",
="",3497,,,,,,,,,,,,,,,,321,="",="2/5/2026 6:48:00.493783405 AM",
="",3507,,,,,,,,,,,,,,,,313,="",="2/5/2026 6:48:00.522428580 AM",
="",3519,,,,,,,,,,,,,,,,396,="",="2/5/2026 6:48:00.565221040 AM",
="",3548,,,,,,,,,,,,,,,,414,="",="2/5/2026 6:48:00.691428100 AM",
="",3558,,,,,,,,,,,,,,,,388,="",="2/5/2026 6:48:00.731696085 AM",
="",3569,,,,,,,,,,,,,,,,373,="",="2/5/2026 6:48:00.769627415 AM",
="",3570,,,,,,,,,,,,,,,,396,="",="2/5/2026 6:48:00.770041920 AM",
="",3608,,,,,,,,,,,,,,,,229,="",="2/5/2026 6:48:00.924788050 AM",
="",3614,,,,,,,,,,,,,,,,392,="",="2/5/2026 6:48:00.932401305 AM",
="",3654,,,,,,,,,,,,,,,,392,="",="2/5/2026 6:48:01.089480605 AM",
="",3668,,,,,,,,,,,,,,,,312,="",="2/5/2026 6:48:01.148120740 AM",
="",3712,,,,,,,,,,,,,,,,381,="",="2/5/2026 6:48:01.343286445 AM",
="",3720,,,,,,,,,,,,,,,,312,="",="2/5/2026 6:48:01.370711305 AM",
="",3749,,,,,,,,,,,,,,,,373,="",="2/5/2026 6:48:01.486406330 AM",
="",3750,,,,,,,,,,,,,,,,396,="",="2/5/2026 6:48:01.486820715 AM",
="",3755,,,,,,,,,,,,,,,,103,="",="2/5/2026 6:48:01.494242715 AM",
="",3756,,,,,,,,,,,,,,,,99,="",="2/5/2026 6:48:01.494413675 AM",
="",3757,,,,,,,,,,,,,,,,117,="",="2/5/2026 6:48:01.494546015 AM",
="",3762,,,,,,,,,,,,,,,,390,="",="2/5/2026 6:48:01.533498960 AM",
="",3785,,,,,,,,,,,,,,,,373,="",="2/5/2026 6:48:01.588805905 AM",
="",3788,,,,,,,,,,,,,,,,392,="",="2/5/2026 6:48:01.601484625 AM",
="",3789,,,,,,,,,,,,,,,,414,="",="2/5/2026 6:48:01.601914180 AM",
="",3794,,,,,,,,,,,,,,,,414,="",="2/5/2026 6:48:01.613031790 AM",
="",3815,,,,,,,,,,,,,,,,115,="",="2/5/2026 6:48:01.699927730 AM",
="",3816,,,,,,,,,,,,,,,,99,="",="2/5/2026 6:48:01.699969835 AM",
="",3817,,,,,,,,,,,,,,,,392,="",="2/5/2026 6:48:01.703885480 AM",
="",3848,,,,,,,,,,,,,,,,396,="",="2/5/2026 6:48:01.794021655 AM",
="",3850,,,,,,,,,,,,,,,,392,="",="2/5/2026 6:48:01.806299625 AM",
="",3861,,,,,,,,,,,,,,,,430,="",="2/5/2026 6:48:01.854434615 AM",
="",3879,,,,,,,,,,,,,,,,117,="",="2/5/2026 6:48:01.890214850 AM",
="",3884,,,,,,,,,,,,,,,,99,="",="2/5/2026 6:48:01.894766780 AM",
="",3886,,,,,,,,,,,,,,,,109,="",="2/5/2026 6:48:01.896535845 AM",
="",3892,,,,,,,,,,,,,,,,109,="",="2/5/2026 6:48:01.941043170 AM",
="",3906,,,,,,,,,,,,,,,,420,="",="2/5/2026 6:48:01.962479895 AM",
="",3913,,,,,,,,,,,,,,,,117,="",="2/5/2026 6:48:01.978318625 AM",
="",3925,,,,,,,,,,,,,,,,117,="",="2/5/2026 6:48:02.017781690 AM",
="",3929,,,,,,,,,,,,,,,,414,="",="2/5/2026 6:48:02.022634345 AM",
="",3938,,,,,,,,,,,,,,,,117,="",="2/5/2026 6:48:02.055650305 AM",
="",3943,,,,,,,,,,,,,,,,388,="",="2/5/2026 6:48:02.062461140 AM",
="",3948,,,,,,,,,,,,,,,,425,="",="2/5/2026 6:48:02.074777160 AM",
="",3956,,,,,,,,,,,,,,,,115,="",="2/5/2026 6:48:02.100308195 AM",
="",3957,,,,,,,,,,,,,,,,373,="",="2/5/2026 6:48:02.100807890 AM",
="",3963,,,,,,,,,,,,,,,,117,="",="2/5/2026 6:48:02.105378525 AM",
="",3973,,,,,,,,,,,,,,,,117,="",="2/5/2026 6:48:02.137088530 AM",
="",3995,,,,,,,,,,,,,,,,396,="",="2/5/2026 6:48:02.203623010 AM",
="",3999,,,,,,,,,,,,,,,,392,="",="2/5/2026 6:48:02.215906395 AM",
="",4001,,,,,,,,,,,,,,,,117,="",="2/5/2026 6:48:02.222139750 AM",
="",4004,,,,,,,,,,,,,,,,392,="",="2/5/2026 6:48:02.227007315 AM",
="",4005,,,,,,,,,,,,,,,,414,="",="2/5/2026 6:48:02.227435750 AM",
="",4010,,,,,,,,,,,,,,,,121,="",="2/5/2026 6:48:02.260373395 AM",
="",4012,,,,,,,,,,,,,,,,117,="",="2/5/2026 6:48:02.261011035 AM",
="",4014,,,,,,,,,,,,,,,,313,="",="2/5/2026 6:48:02.263236910 AM",
="",4016,,,,,,,,,,,,,,,,430,="",="2/5/2026 6:48:02.264036410 AM",
="",4024,,,,,,,,,,,,,,,,312,="",="2/5/2026 6:48:02.274522590 AM",
="",4033,,,,,,,,,,,,,,,,117,="",="2/5/2026 6:48:02.303539800 AM",
="",4034,,,,,,,,,,,,,,,,373,="",="2/5/2026 6:48:02.305608280 AM",
="",4042,,,,,,,,,,,,,,,,337,="",="2/5/2026 6:48:02.325725260 AM",
="",4047,,,,,,,,,,,,,,,,364,="",="2/5/2026 6:48:02.342315640 AM",
="",4050,,,,,,,,,,,,,,,,313,="",="2/5/2026 6:48:02.365637045 AM",
="",4052,,,,,,,,,,,,,,,,430,="",="2/5/2026 6:48:02.366437145 AM",
="",4070,,,,,,,,,,,,,,,,392,="",="2/5/2026 6:48:02.420692415 AM",
="",4071,,,,,,,,,,,,,,,,414,="",="2/5/2026 6:48:02.421120930 AM",
="",4073,,,,,,,,,,,,,,,,117,="",="2/5/2026 6:48:02.423847075 AM",
="",4075,,,,,,,,,,,,,,,,392,="",="2/5/2026 6:48:02.431808305 AM",
="",4076,,,,,,,,,,,,,,,,414,="",="2/5/2026 6:48:02.432257300 AM",
="",4080,,,,,,,,,,,,,,,,117,="",="2/5/2026 6:48:02.465557125 AM",
="",4095,,,,,,,,,,,,,,,,109,="",="2/5/2026 6:48:02.505875485 AM",
="",4096,,,,,,,,,,,,,,,,117,="",="2/5/2026 6:48:02.505947950 AM",
="",4098,,,,,,,,,,,,,,,,117,="",="2/5/2026 6:48:02.508401110 AM",
="",4100,,,,,,,,,,,,,,,,392,="",="2/5/2026 6:48:02.523092855 AM",
="",4102,,,,,,,,,,,,,,,,117,="",="2/5/2026 6:48:02.524734015 AM",
="",4106,,,,,,,,,,,,,,,,105,="",="2/5/2026 6:48:02.526270170 AM",
="",4108,,,,,,,,,,,,,,,,99,="",="2/5/2026 6:48:02.526570705 AM",
="",4109,,,,,,,,,,,,,,,,105,="",="2/5/2026 6:48:02.526987325 AM",
="",4114,,,,,,,,,,,,,,,,117,="",="2/5/2026 6:48:02.527640290 AM",
="",4118,,,,,,,,,,,,,,,,414,="",="2/5/2026 6:48:02.534637445 AM",
="",4125,,,,,,,,,,,,,,,,105,="",="2/5/2026 6:48:02.543734035 AM",
="",4127,,,,,,,,,,,,,,,,105,="",="2/5/2026 6:48:02.543955820 AM",
="",4155,,,,,,,,,,,,,,,,392,="",="2/5/2026 6:48:02.625509545 AM",
="",4159,,,,,,,,,,,,,,,,414,="",="2/5/2026 6:48:02.637038260 AM",
="",4165,,,,,,,,,,,,,,,,117,="",="2/5/2026 6:48:02.667063130 AM",
="",4176,,,,,,,,,,,,,,,,312,="",="2/5/2026 6:48:02.701912780 AM",
="",4180,,,,,,,,,,,,,,,,117,="",="2/5/2026 6:48:02.707130615 AM",
="",4183,,,,,,,,,,,,,,,,229,="",="2/5/2026 6:48:02.715211550 AM",
="",4184,,,,,,,,,,,,,,,,396,="",="2/5/2026 6:48:02.715623920 AM",
="",4196,,,,,,,,,,,,,,,,185,="",="2/5/2026 6:48:02.761292370 AM",
="",4211,,,,,,,,,,,,,,,,392,="",="2/5/2026 6:48:02.791146785 AM",
="",4215,,,,,,,,,,,,,,,,331,="",="2/5/2026 6:48:02.806378970 AM",
="",4224,,,,,,,,,,,,,,,,419,="",="2/5/2026 6:48:02.823535000 AM",
="",4242,,,,,,,,,,,,,,,,388,="",="2/5/2026 6:48:02.882143985 AM",
="",4249,,,,,,,,,,,,,,,,117,="",="2/5/2026 6:48:02.909549200 AM",
="",4275,,,,,,,,,,,,,,,,121,="",="2/5/2026 6:48:02.983419525 AM",
="",4293,,,,,,,,,,,,,,,,373,="",="2/5/2026 6:48:03.022410035 AM",
="",4335,,,,,,,,,,,,,,,,381,="",="2/5/2026 6:48:03.186226200 AM",
="",4350,,,,,,,,,,,,,,,,117,="",="2/5/2026 6:48:03.195569390 AM",
="",4363,,,,,,,,,,,,,,,,373,="",="2/5/2026 6:48:03.224324435 AM",
="",4368,,,,,,,,,,,,,,,,117,="",="2/5/2026 6:48:03.234546680 AM",
="",4377,,,,,,,,,,,,,,,,117,="",="2/5/2026 6:48:03.277076545 AM",
="",4379,,,,,,,,,,,,,,,,459,="",="2/5/2026 6:48:03.280526000 AM",
="",4404,,,,,,,,,,,,,,,,117,="",="2/5/2026 6:48:03.358411420 AM",
="",4411,,,,,,,,,,,,,,,,229,="",="2/5/2026 6:48:03.384885810 AM",
="",4419,,,,,,,,,,,,,,,,117,="",="2/5/2026 6:48:03.399429895 AM",
="",4424,,,,,,,,,,,,,,,,425,="",="2/5/2026 6:48:03.405976345 AM",
="",4432,,,,,,,,,,,,,,,,117,="",="2/5/2026 6:48:03.440468820 AM",
="",4434,,,,,,,,,,,,,,,,117,="",="2/5/2026 6:48:03.442774475 AM",
="",4435,,,,,,,,,,,,,,,,392,="",="2/5/2026 6:48:03.444704275 AM",
="",4437,,,,,,,,,,,,,,,,414,="",="2/5/2026 6:48:03.456244160 AM",
="",4461,,,,,,,,,,,,,,,,313,="",="2/5/2026 6:48:03.529494930 AM",
="",4465,,,,,,,,,,,,,,,,229,="",="2/5/2026 6:48:03.539353945 AM",
="",4467,,,,,,,,,,,,,,,,229,="",="2/5/2026 6:48:03.541076455 AM",
="",4469,,,,,,,,,,,,,,,,229,="",="2/5/2026 6:48:03.541951945 AM",
="",4475,,,,,,,,,,,,,,,,99,="",="2/5/2026 6:48:03.569933925 AM",
="",4477,,,,,,,,,,,,,,,,99,="",="2/5/2026 6:48:03.570014545 AM",
="",4481,,,,,,,,,,,,,,,,99,="",="2/5/2026 6:48:03.571164095 AM",
="",4484,,,,,,,,,,,,,,,,105,="",="2/5/2026 6:48:03.577778855 AM",
="",4485,,,,,,,,,,,,,,,,105,="",="2/5/2026 6:48:03.578552640 AM",
="",4487,,,,,,,,,,,,,,,,105,="",="2/5/2026 6:48:03.586710385 AM",
="",4489,,,,,,,,,,,,,,,,105,="",="2/5/2026 6:48:03.587002545 AM",
="",4491,,,,,,,,,,,,,,,,105,="",="2/5/2026 6:48:03.587230210 AM",
="",4493,,,,,,,,,,,,,,,,105,="",="2/5/2026 6:48:03.587536185 AM",
="",4494,,,,,,,,,,,,,,,,105,="",="2/5/2026 6:48:03.587618935 AM",
="",4496,,,,,,,,,,,,,,,,105,="",="2/5/2026 6:48:03.587931925 AM",
="",4501,,,,,,,,,,,,,,,,105,="",="2/5/2026 6:48:03.591669400 AM",
="",4503,,,,,,,,,,,,,,,,105,="",="2/5/2026 6:48:03.591902745 AM",
="",4505,,,,,,,,,,,,,,,,117,="",="2/5/2026 6:48:03.592084260 AM",
="",4510,,,,,,,,,,,,,,,,117,="",="2/5/2026 6:48:03.601231525 AM",
="",4515,,,,,,,,,,,,,,,,117,="",="2/5/2026 6:48:03.607868725 AM",
="",4518,,,,,,,,,,,,,,,,117,="",="2/5/2026 6:48:03.608488035 AM",
="",4578,,,,,,,,,,,,,,,,312,="",="2/5/2026 6:48:03.828314125 AM",
="",4582,,,,,,,,,,,,,,,,373,="",="2/5/2026 6:48:03.841611855 AM",
="",4585,,,,,,,,,,,,,,,,392,="",="2/5/2026 6:48:03.854306375 AM",
="",4587,,,,,,,,,,,,,,,,364,="",="2/5/2026 6:48:03.878337975 AM",
="",4606,,,,,,,,,,,,,,,,373,="",="2/5/2026 6:48:03.941137305 AM",
="",4611,,,,,,,,,,,,,,,,373,="",="2/5/2026 6:48:03.944013070 AM",
="",4612,,,,,,,,,,,,,,,,396,="",="2/5/2026 6:48:03.944428055 AM",
="",4614,,,,,,,,,,,,,,,,392,="",="2/5/2026 6:48:03.956705805 AM",
="",4625,,,,,,,,,,,,,,,,392,="",="2/5/2026 6:48:04.019948815 AM",
="",4636,,,,,,,,,,,,,,,,392,="",="2/5/2026 6:48:04.059106435 AM",
="",4671,,,,,,,,,,,,,,,,229,="",="2/5/2026 6:48:04.223272055 AM",
="",4673,,,,,,,,,,,,,,,,229,="",="2/5/2026 6:48:04.223547500 AM",
="",4679,,,,,,,,,,,,,,,,373,="",="2/5/2026 6:48:04.251213255 AM",
="",4688,,,,,,,,,,,,,,,,113,="",="2/5/2026 6:48:04.300148795 AM",
="",4723,,,,,,,,,,,,,,,,373,="",="2/5/2026 6:48:04.453127345 AM",
="",4724,,,,,,,,,,,,,,,,396,="",="2/5/2026 6:48:04.453542090 AM",
="",4773,,,,,,,,,,,,,,,,99,="",="2/5/2026 6:48:04.629461670 AM",
="",4775,,,,,,,,,,,,,,,,99,="",="2/5/2026 6:48:04.629583765 AM",
="",4776,,,,,,,,,,,,,,,,117,="",="2/5/2026 6:48:04.629693700 AM",
="",4781,,,,,,,,,,,,,,,,105,="",="2/5/2026 6:48:04.646391890 AM",
="",4783,,,,,,,,,,,,,,,,105,="",="2/5/2026 6:48:04.646657355 AM",
="",4786,,,,,,,,,,,,,,,,105,="",="2/5/2026 6:48:04.647402445 AM",
="",4790,,,,,,,,,,,,,,,,117,="",="2/5/2026 6:48:04.649955000 AM",
="",4797,,,,,,,,,,,,,,,,99,="",="2/5/2026 6:48:04.665394555 AM",
="",4798,,,,,,,,,,,,,,,,117,="",="2/5/2026 6:48:04.665509290 AM",
="",4805,,,,,,,,,,,,,,,,229,="",="2/5/2026 6:48:04.718769370 AM",
="",4822,,,,,,,,,,,,,,,,425,="",="2/5/2026 6:48:04.765350025 AM",
="",4847,,,,,,,,,,,,,,,,115,="",="2/5/2026 6:48:04.870589650 AM",
="",4855,,,,,,,,,,,,,,,,323,="",="2/5/2026 6:48:04.908499285 AM",
="",4870,,,,,,,,,,,,,,,,392,="",="2/5/2026 6:48:04.980714390 AM",
="",4878,,,,,,,,,,,,,,,,364,="",="2/5/2026 6:48:05.004760405 AM",
="",4895,,,,,,,,,,,,,,,,229,="",="2/5/2026 6:48:05.075253225 AM",
="",4897,,,,,,,,,,,,,,,,392,="",="2/5/2026 6:48:05.083118660 AM",
="",4899,,,,,,,,,,,,,,,,392,="",="2/5/2026 6:48:05.094226175 AM",
="",4918,,,,,,,,,,,,,,,,392,="",="2/5/2026 6:48:05.185938230 AM",
="",4939,,,,,,,,,,,,,,,,117,="",="2/5/2026 6:48:05.268780605 AM",
="",4972,,,,,,,,,,,,,,,,396,="",="2/5/2026 6:48:05.378031655 AM",
="",5003,,,,,,,,,,,,,,,,117,="",="2/5/2026 6:48:05.441437000 AM",
="",5010,,,,,,,,,,,,,,,,117,="",="2/5/2026 6:48:05.462082290 AM",
="",5014,,,,,,,,,,,,,,,,313,="",="2/5/2026 6:48:05.475100780 AM",
="",5015,,,,,,,,,,,,,,,,337,="",="2/5/2026 6:48:05.477139355 AM",
="",5023,,,,,,,,,,,,,,,,392,="",="2/5/2026 6:48:05.492719315 AM",
="",5054,,,,,,,,,,,,,,,,229,="",="2/5/2026 6:48:05.638572960 AM",
="",5080,,,,,,,,,,,,,,,,319,="",="2/5/2026 6:48:05.680121935 AM",
="",5087,,,,,,,,,,,,,,,,117,="",="2/5/2026 6:48:05.693972885 AM",
="",5088,,,,,,,,,,,,,,,,105,="",="2/5/2026 6:48:05.697073170 AM",
="",5089,,,,,,,,,,,,,,,,392,="",="2/5/2026 6:48:05.697521005 AM",
="",5091,,,,,,,,,,,,,,,,105,="",="2/5/2026 6:48:05.710072285 AM",
="",5092,,,,,,,,,,,,,,,,99,="",="2/5/2026 6:48:05.710117540 AM",
="",5093,,,,,,,,,,,,,,,,105,="",="2/5/2026 6:48:05.710611165 AM",
="",5095,,,,,,,,,,,,,,,,105,="",="2/5/2026 6:48:05.711672470 AM",
="",5097,,,,,,,,,,,,,,,,99,="",="2/5/2026 6:48:05.711924095 AM",
="",5098,,,,,,,,,,,,,,,,105,="",="2/5/2026 6:48:05.712229470 AM",
="",5100,,,,,,,,,,,,,,,,117,="",="2/5/2026 6:48:05.713391255 AM",
="",5101,,,,,,,,,,,,,,,,105,="",="2/5/2026 6:48:05.713525200 AM",
="",5103,,,,,,,,,,,,,,,,99,="",="2/5/2026 6:48:05.713887285 AM",
="",5128,,,,,,,,,,,,,,,,392,="",="2/5/2026 6:48:05.799924490 AM",
="",5150,,,,,,,,,,,,,,,,392,="",="2/5/2026 6:48:05.902322535 AM",
="",5176,,,,,,,,,,,,,,,,373,="",="2/5/2026 6:48:05.989131865 AM",
="",5180,,,,,,,,,,,,,,,,310,="",="2/5/2026 6:48:05.994506715 AM",
="",5183,,,,,,,,,,,,,,,,414,="",="2/5/2026 6:48:06.005152430 AM",
="",5202,,,,,,,,,,,,,,,,313,="",="2/5/2026 6:48:06.089526320 AM",
="",5227,,,,,,,,,,,,,,,,392,="",="2/5/2026 6:48:06.220633135 AM",
="",5255,,,,,,,,,,,,,,,,331,="",="2/5/2026 6:48:06.330871245 AM",
="",5273,,,,,,,,,,,,,,,,313,="",="2/5/2026 6:48:06.359405345 AM",
="",5315,,,,,,,,,,,,,,,,392,="",="2/5/2026 6:48:06.516742700 AM",
="",5319,,,,,,,,,,,,,,,,364,="",="2/5/2026 6:48:06.540780715 AM",
="",5337,,,,,,,,,,,,,,,,416,="",="2/5/2026 6:48:06.614976670 AM",
="",5338,,,,,,,,,,,,,,,,30,="",="2/5/2026 6:48:06.615554700 AM",
="",5409,,,,,,,,,,,,,,,,312,="",="2/5/2026 6:48:06.900317290 AM",
="",5421,,,,,,,,,,,,,,,,195,="",="2/5/2026 6:48:06.955506815 AM",
="",5422,,,,,,,,,,,,,,,,195,="",="2/5/2026 6:48:06.955962610 AM",
="",5423,,,,,,,,,,,,,,,,195,="",="2/5/2026 6:48:06.956651590 AM",
="",5424,,,,,,,,,,,,,,,,195,="",="2/5/2026 6:48:06.958030765 AM",
="",5425,,,,,,,,,,,,,,,,312,="",="2/5/2026 6:48:06.960428350 AM",
="",5427,,,,,,,,,,,,,,,,195,="",="2/5/2026 6:48:06.968344845 AM",
="",5437,,,,,,,,,,,,,,,,313,="",="2/5/2026 6:48:07.011105655 AM",
="",5441,,,,,,,,,,,,,,,,392,="",="2/5/2026 6:48:07.030131845 AM",
="",5449,,,,,,,,,,,,,,,,388,="",="2/5/2026 6:48:07.071928285 AM",
="",5486,,,,,,,,,,,,,,,,414,="",="2/5/2026 6:48:07.245069585 AM",
="",5492,,,,,,,,,,,,,,,,105,="",="2/5/2026 6:48:07.270445225 AM",
="",5493,,,,,,,,,,,,,,,,99,="",="2/5/2026 6:48:07.270489975 AM",
="",5496,,,,,,,,,,,,,,,,117,="",="2/5/2026 6:48:07.271771330 AM",
="",5506,,,,,,,,,,,,,,,,117,="",="2/5/2026 6:48:07.278249675 AM",
="",5509,,,,,,,,,,,,,,,,105,="",="2/5/2026 6:48:07.294491135 AM",
="",5512,,,,,,,,,,,,,,,,105,="",="2/5/2026 6:48:07.296057505 AM",
="",5513,,,,,,,,,,,,,,,,105,="",="2/5/2026 6:48:07.297736560 AM",
="",5514,,,,,,,,,,,,,,,,99,="",="2/5/2026 6:48:07.297780230 AM",
="",5515,,,,,,,,,,,,,,,,105,="",="2/5/2026 6:48:07.298303615 AM",
="",5516,,,,,,,,,,,,,,,,105,="",="2/5/2026 6:48:07.298448395 AM",
="",5517,,,,,,,,,,,,,,,,99,="",="2/5/2026 6:48:07.298494865 AM",
="",5519,,,,,,,,,,,,,,,,99,="",="2/5/2026 6:48:07.299302690 AM",
="",5520,,,,,,,,,,,,,,,,105,="",="2/5/2026 6:48:07.299384535 AM",
="",5521,,,,,,,,,,,,,,,,99,="",="2/5/2026 6:48:07.299675735 AM",
="",5522,,,,,,,,,,,,,,,,105,="",="2/5/2026 6:48:07.300029540 AM",
="",5526,,,,,,,,,,,,,,,,105,="",="2/5/2026 6:48:07.301422595 AM",
="",5528,,,,,,,,,,,,,,,,105,="",="2/5/2026 6:48:07.302144550 AM",
="",5530,,,,,,,,,,,,,,,,99,="",="2/5/2026 6:48:07.302706230 AM",
="",5532,,,,,,,,,,,,,,,,99,="",="2/5/2026 6:48:07.304127220 AM",
="",5536,,,,,,,,,,,,,,,,99,="",="2/5/2026 6:48:07.307596870 AM",
="",5539,,,,,,,,,,,,,,,,105,="",="2/5/2026 6:48:07.309175760 AM",
="",5546,,,,,,,,,,,,,,,,117,="",="2/5/2026 6:48:07.312926905 AM",
="",5549,,,,,,,,,,,,,,,,117,="",="2/5/2026 6:48:07.313292010 AM",
="",5561,,,,,,,,,,,,,,,,373,="",="2/5/2026 6:48:07.323223040 AM",
="",5571,,,,,,,,,,,,,,,,105,="",="2/5/2026 6:48:07.336566980 AM",
="",5573,,,,,,,,,,,,,,,,117,="",="2/5/2026 6:48:07.337094820 AM",
="",5574,,,,,,,,,,,,,,,,105,="",="2/5/2026 6:48:07.340675620 AM",
="",5575,,,,,,,,,,,,,,,,99,="",="2/5/2026 6:48:07.340720090 AM",
="",5578,,,,,,,,,,,,,,,,105,="",="2/5/2026 6:48:07.352586230 AM",
="",5595,,,,,,,,,,,,,,,,313,="",="2/5/2026 6:48:07.420733450 AM",
="",5599,,,,,,,,,,,,,,,,396,="",="2/5/2026 6:48:07.426037460 AM",
="",5618,,,,,,,,,,,,,,,,313,="",="2/5/2026 6:48:07.487531300 AM",
="",5644,,,,,,,,,,,,,,,,388,="",="2/5/2026 6:48:07.593671365 AM",
="",5648,,,,,,,,,,,,,,,,388,="",="2/5/2026 6:48:07.595007950 AM",
="",5658,,,,,,,,,,,,,,,,105,="",="2/5/2026 6:48:07.625353550 AM",
="",5682,,,,,,,,,,,,,,,,109,="",="2/5/2026 6:48:07.747050490 AM",
="",5686,,,,,,,,,,,,,,,,117,="",="2/5/2026 6:48:07.759157205 AM",
="",5722,,,,,,,,,,,,,,,,99,="",="2/5/2026 6:48:07.905842700 AM",
="",5723,,,,,,,,,,,,,,,,117,="",="2/5/2026 6:48:07.905904385 AM",
="",5724,,,,,,,,,,,,,,,,117,="",="2/5/2026 6:48:07.905957010 AM",
="",5727,,,,,,,,,,,,,,,,109,="",="2/5/2026 6:48:07.906563750 AM",
="",5728,,,,,,,,,,,,,,,,117,="",="2/5/2026 6:48:07.906602465 AM",
="",5734,,,,,,,,,,,,,,,,99,="",="2/5/2026 6:48:07.918157055 AM",
="",5735,,,,,,,,,,,,,,,,105,="",="2/5/2026 6:48:07.918590400 AM",
="",5737,,,,,,,,,,,,,,,,105,="",="2/5/2026 6:48:07.919250980 AM",
="",5742,,,,,,,,,,,,,,,,105,="",="2/5/2026 6:48:07.920719865 AM",
="",5743,,,,,,,,,,,,,,,,105,="",="2/5/2026 6:48:07.920801495 AM",
="",5744,,,,,,,,,,,,,,,,105,="",="2/5/2026 6:48:07.921180620 AM",
="",5745,,,,,,,,,,,,,,,,105,="",="2/5/2026 6:48:07.921667365 AM",
="",5747,,,,,,,,,,,,,,,,105,="",="2/5/2026 6:48:07.921969780 AM",
="",5749,,,,,,,,,,,,,,,,105,="",="2/5/2026 6:48:07.922343305 AM",
="",5751,,,,,,,,,,,,,,,,105,="",="2/5/2026 6:48:07.922850995 AM",
="",5752,,,,,,,,,,,,,,,,105,="",="2/5/2026 6:48:07.923256215 AM",
="",5765,,,,,,,,,,,,,,,,392,="",="2/5/2026 6:48:07.950340780 AM",
="",5772,,,,,,,,,,,,,,,,313,="",="2/5/2026 6:48:07.997664145 AM",
="",5785,,,,,,,,,,,,,,,,105,="",="2/5/2026 6:48:08.034977350 AM",
="",5786,,,,,,,,,,,,,,,,337,="",="2/5/2026 6:48:08.037561020 AM",
="",5845,,,,,,,,,,,,,,,,392,="",="2/5/2026 6:48:08.257543680 AM",
="",5874,,,,,,,,,,,,,,,,396,="",="2/5/2026 6:48:08.344753715 AM",
="",5878,,,,,,,,,,,,,,,,99,="",="2/5/2026 6:48:08.352583935 AM",
="",5885,,,,,,,,,,,,,,,,105,="",="2/5/2026 6:48:08.354174125 AM",
="",5887,,,,,,,,,,,,,,,,105,="",="2/5/2026 6:48:08.354528890 AM",
="",5893,,,,,,,,,,,,,,,,117,="",="2/5/2026 6:48:08.355225385 AM",
="",5897,,,,,,,,,,,,,,,,105,="",="2/5/2026 6:48:08.355863275 AM",
="",5900,,,,,,,,,,,,,,,,105,="",="2/5/2026 6:48:08.356158275 AM",
="",5905,,,,,,,,,,,,,,,,99,="",="2/5/2026 6:48:08.369694965 AM",
="",5908,,,,,,,,,,,,,,,,105,="",="2/5/2026 6:48:08.371465025 AM",
="",5909,,,,,,,,,,,,,,,,105,="",="2/5/2026 6:48:08.372035825 AM",
="",5917,,,,,,,,,,,,,,,,105,="",="2/5/2026 6:48:08.374349525 AM",
="",5921,,,,,,,,,,,,,,,,105,="",="2/5/2026 6:48:08.376642625 AM",
="",5922,,,,,,,,,,,,,,,,105,="",="2/5/2026 6:48:08.377337645 AM",
="",5923,,,,,,,,,,,,,,,,103,="",="2/5/2026 6:48:08.377452845 AM",
="",5924,,,,,,,,,,,,,,,,144,="",="2/5/2026 6:48:08.384465450 AM",
="",5976,,,,,,,,,,,,,,,,316,="",="2/5/2026 6:48:08.625712655 AM",
="",5978,,,,,,,,,,,,,,,,313,="",="2/5/2026 6:48:08.649509675 AM",
="",5985,,,,,,,,,,,,,,,,392,="",="2/5/2026 6:48:08.667151465 AM",
="",6001,,,,,,,,,,,,,,,,388,="",="2/5/2026 6:48:08.718556470 AM",
="",6006,,,,,,,,,,,,,,,,229,="",="2/5/2026 6:48:08.733018000 AM",
="",6007,,,,,,,,,,,,,,,,195,="",="2/5/2026 6:48:08.739158555 AM",
="",6027,,,,,,,,,,,,,,,,229,="",="2/5/2026 6:48:08.812645740 AM",
="",6032,,,,,,,,,,,,,,,,420,="",="2/5/2026 6:48:08.821895875 AM",
="",6050,,,,,,,,,,,,,,,,337,="",="2/5/2026 6:48:08.879332375 AM",
="",6068,,,,,,,,,,,,,,,,373,="",="2/5/2026 6:48:08.958743505 AM",
="",6112,,,,,,,,,,,,,,,,321,="",="2/5/2026 6:48:09.161341890 AM",
="",6114,,,,,,,,,,,,,,,,105,="",="2/5/2026 6:48:09.163951785 AM",
="",6123,,,,,,,,,,,,,,,,392,="",="2/5/2026 6:48:09.179151150 AM",
="",6124,,,,,,,,,,,,,,,,321,="",="2/5/2026 6:48:09.182542820 AM",
="",6125,,,,,,,,,,,,,,,,424,="",="2/5/2026 6:48:09.184625430 AM",
="",6135,,,,,,,,,,,,,,,,430,="",="2/5/2026 6:48:09.227272030 AM",
="",6155,,,,,,,,,,,,,,,,392,="",="2/5/2026 6:48:09.281552400 AM",
="",6178,,,,,,,,,,,,,,,,373,="",="2/5/2026 6:48:09.371228075 AM",
="",6182,,,,,,,,,,,,,,,,392,="",="2/5/2026 6:48:09.383952945 AM",
="",6187,,,,,,,,,,,,,,,,115,="",="2/5/2026 6:48:09.428392615 AM",
="",6191,,,,,,,,,,,,,,,,117,="",="2/5/2026 6:48:09.429614645 AM",
="",6192,,,,,,,,,,,,,,,,105,="",="2/5/2026 6:48:09.430017385 AM",
="",6193,,,,,,,,,,,,,,,,105,="",="2/5/2026 6:48:09.430329440 AM",
="",6195,,,,,,,,,,,,,,,,105,="",="2/5/2026 6:48:09.430802650 AM",
="",6197,,,,,,,,,,,,,,,,105,="",="2/5/2026 6:48:09.431052795 AM",
="",6212,,,,,,,,,,,,,,,,105,="",="2/5/2026 6:48:09.447545150 AM",
="",6216,,,,,,,,,,,,,,,,99,="",="2/5/2026 6:48:09.455919790 AM",
="",6217,,,,,,,,,,,,,,,,117,="",="2/5/2026 6:48:09.456036405 AM",
="",6219,,,,,,,,,,,,,,,,99,="",="2/5/2026 6:48:09.456278070 AM",
="",6221,,,,,,,,,,,,,,,,117,="",="2/5/2026 6:48:09.456655795 AM",
="",6224,,,,,,,,,,,,,,,,117,="",="2/5/2026 6:48:09.457248225 AM",
="",6235,,,,,,,,,,,,,,,,229,="",="2/5/2026 6:48:09.477569355 AM",
="",6265,,,,,,,,,,,,,,,,392,="",="2/5/2026 6:48:09.588755115 AM",
="",6267,,,,,,,,,,,,,,,,414,="",="2/5/2026 6:48:09.600283920 AM",
="",6279,,,,,,,,,,,,,,,,313,="",="2/5/2026 6:48:09.655747140 AM",
="",6287,,,,,,,,,,,,,,,,392,="",="2/5/2026 6:48:09.691156035 AM",
="",6315,,,,,,,,,,,,,,,,392,="",="2/5/2026 6:48:09.793556930 AM",
="",6316,,,,,,,,,,,,,,,,337,="",="2/5/2026 6:48:09.800934040 AM",
="",6352,,,,,,,,,,,,,,,,373,="",="2/5/2026 6:48:09.985630165 AM",
="",6362,,,,,,,,,,,,,,,,392,="",="2/5/2026 6:48:10.046044850 AM",
="",6395,,,,,,,,,,,,,,,,313,="",="2/5/2026 6:48:10.185514390 AM",
="",6405,,,,,,,,,,,,,,,,337,="",="2/5/2026 6:48:10.228321735 AM",
="",6422,,,,,,,,,,,,,,,,373,="",="2/5/2026 6:48:10.289944580 AM",
="",6427,,,,,,,,,,,,,,,,392,="",="2/5/2026 6:48:10.305561285 AM",
="",6428,,,,,,,,,,,,,,,,414,="",="2/5/2026 6:48:10.305987160 AM",
="",6466,,,,,,,,,,,,,,,,388,="",="2/5/2026 6:48:10.459845180 AM",
="",6470,,,,,,,,,,,,,,,,105,="",="2/5/2026 6:48:10.486427605 AM",
="",6471,,,,,,,,,,,,,,,,99,="",="2/5/2026 6:48:10.486471395 AM",
="",6473,,,,,,,,,,,,,,,,105,="",="2/5/2026 6:48:10.487664360 AM",
="",6474,,,,,,,,,,,,,,,,99,="",="2/5/2026 6:48:10.487709655 AM",
="",6475,,,,,,,,,,,,,,,,117,="",="2/5/2026 6:48:10.487828355 AM",
="",6476,,,,,,,,,,,,,,,,105,="",="2/5/2026 6:48:10.488010110 AM",
="",6477,,,,,,,,,,,,,,,,99,="",="2/5/2026 6:48:10.488053765 AM",
="",6478,,,,,,,,,,,,,,,,105,="",="2/5/2026 6:48:10.488302790 AM",
="",6480,,,,,,,,,,,,,,,,105,="",="2/5/2026 6:48:10.488515615 AM",
="",6489,,,,,,,,,,,,,,,,99,="",="2/5/2026 6:48:10.502859810 AM",
="",6491,,,,,,,,,,,,,,,,99,="",="2/5/2026 6:48:10.503913235 AM",
="",6492,,,,,,,,,,,,,,,,105,="",="2/5/2026 6:48:10.504429620 AM",
="",6493,,,,,,,,,,,,,,,,229,="",="2/5/2026 6:48:10.504538860 AM",
="",6495,,,,,,,,,,,,,,,,229,="",="2/5/2026 6:48:10.505498725 AM",
="",6498,,,,,,,,,,,,,,,,105,="",="2/5/2026 6:48:10.522343430 AM",
="",6517,,,,,,,,,,,,,,,,337,="",="2/5/2026 6:48:10.597153825 AM",
="",6545,,,,,,,,,,,,,,,,99,="",="2/5/2026 6:48:10.692708335 AM",
="",6572,,,,,,,,,,,,,,,,312,="",="2/5/2026 6:48:10.791522470 AM",
="",6582,,,,,,,,,,,,,,,,396,="",="2/5/2026 6:48:10.805247425 AM",
="",6610,,,,,,,,,,,,,,,,115,="",="2/5/2026 6:48:10.899589120 AM",
="",6619,,,,,,,,,,,,,,,,392,="",="2/5/2026 6:48:10.919979910 AM",
="",6635,,,,,,,,,,,,,,,,390,="",="2/5/2026 6:48:10.972795625 AM",
="",6640,,,,,,,,,,,,,,,,390,="",="2/5/2026 6:48:10.978795225 AM",
="",6656,,,,,,,,,,,,,,,,392,="",="2/5/2026 6:48:11.033464890 AM",
="",6673,,,,,,,,,,,,,,,,420,="",="2/5/2026 6:48:11.074713505 AM",
="",6679,,,,,,,,,,,,,,,,392,="",="2/5/2026 6:48:11.124768765 AM",
="",6684,,,,,,,,,,,,,,,,392,="",="2/5/2026 6:48:11.135865175 AM",
="",6685,,,,,,,,,,,,,,,,414,="",="2/5/2026 6:48:11.136293730 AM",
="",6689,,,,,,,,,,,,,,,,331,="",="2/5/2026 6:48:11.165826750 AM",
="",6703,,,,,,,,,,,,,,,,392,="",="2/5/2026 6:48:11.227169690 AM",
="",6722,,,,,,,,,,,,,,,,392,="",="2/5/2026 6:48:11.329592790 AM",
="",6749,,,,,,,,,,,,,,,,381,="",="2/5/2026 6:48:11.480561180 AM",
="",6759,,,,,,,,,,,,,,,,313,="",="2/5/2026 6:48:11.500784070 AM",
="",6769,,,,,,,,,,,,,,,,103,="",="2/5/2026 6:48:11.535475060 AM",
="",6775,,,,,,,,,,,,,,,,115,="",="2/5/2026 6:48:11.556790100 AM",
="",6776,,,,,,,,,,,,,,,,105,="",="2/5/2026 6:48:11.556915235 AM",
="",6777,,,,,,,,,,,,,,,,105,="",="2/5/2026 6:48:11.559107250 AM",
="",6779,,,,,,,,,,,,,,,,99,="",="2/5/2026 6:48:11.573600040 AM",
="",6785,,,,,,,,,,,,,,,,392,="",="2/5/2026 6:48:11.582051680 AM",
="",6795,,,,,,,,,,,,,,,,313,="",="2/5/2026 6:48:11.619152905 AM",
="",6832,,,,,,,,,,,,,,,,390,="",="2/5/2026 6:48:11.767460465 AM",
="",6837,,,,,,,,,,,,,,,,424,="",="2/5/2026 6:48:11.785557995 AM",
="",6850,,,,,,,,,,,,,,,,115,="",="2/5/2026 6:48:11.800238520 AM",
="",6881,,,,,,,,,,,,,,,,313,="",="2/5/2026 6:48:11.991282995 AM",
="",6906,,,,,,,,,,,,,,,,123,="",="2/5/2026 6:48:12.099331270 AM",
="",6921,,,,,,,,,,,,,,,,392,="",="2/5/2026 6:48:12.148777285 AM",
="",6934,,,,,,,,,,,,,,,,195,="",="2/5/2026 6:48:12.216843475 AM",
="",6940,,,,,,,,,,,,,,,,373,="",="2/5/2026 6:48:12.235549645 AM",
="",6999,,,,,,,,,,,,,,,,312,="",="2/5/2026 6:48:12.532324335 AM",
="",7002,,,,,,,,,,,,,,,,313,="",="2/5/2026 6:48:12.540723640 AM",
="",7016,,,,,,,,,,,,,,,,528,="",="2/5/2026 6:48:12.594700530 AM",
="",7031,,,,,,,,,,,,,,,,99,="",="2/5/2026 6:48:12.630749825 AM",
="",7032,,,,,,,,,,,,,,,,312,="",="2/5/2026 6:48:12.634727360 AM",
="",7040,,,,,,,,,,,,,,,,105,="",="2/5/2026 6:48:12.648917315 AM",
="",7074,,,,,,,,,,,,,,,,115,="",="2/5/2026 6:48:12.854719970 AM",
="",7122,,,,,,,,,,,,,,,,392,="",="2/5/2026 6:48:13.070385465 AM",
="",7136,,,,,,,,,,,,,,,,313,="",="2/5/2026 6:48:13.155122210 AM",
="",7142,,,,,,,,,,,,,,,,337,="",="2/5/2026 6:48:13.158007175 AM",
="",7145,,,,,,,,,,,,,,,,392,="",="2/5/2026 6:48:13.172786510 AM",
="",7171,,,,,,,,,,,,,,,,105,="",="2/5/2026 6:48:13.288973895 AM",
="",7172,,,,,,,,,,,,,,,,105,="",="2/5/2026 6:48:13.294415615 AM",
="",7189,,,,,,,,,,,,,,,,313,="",="2/5/2026 6:48:13.359923310 AM",
="",7194,,,,,,,,,,,,,,,,396,="",="2/5/2026 6:48:13.365257295 AM",
="",7216,,,,,,,,,,,,,,,,115,="",="2/5/2026 6:48:13.549740710 AM",
="",7226,,,,,,,,,,,,,,,,392,="",="2/5/2026 6:48:13.582390200 AM",
="",7266,,,,,,,,,,,,,,,,313,="",="2/5/2026 6:48:13.834491815 AM",
="",7267,,,,,,,,,,,,,,,,392,="",="2/5/2026 6:48:13.834863340 AM",
="",7283,,,,,,,,,,,,,,,,414,="",="2/5/2026 6:48:13.890021670 AM",
="",7300,,,,,,,,,,,,,,,,392,="",="2/5/2026 6:48:13.981014925 AM",
="",7339,,,,,,,,,,,,,,,,99,="",="2/5/2026 6:48:14.210966720 AM",
="",7340,,,,,,,,,,,,,,,,117,="",="2/5/2026 6:48:14.212442045 AM",
="",7375,,,,,,,,,,,,,,,,337,="",="2/5/2026 6:48:14.408941245 AM",
="",7394,,,,,,,,,,,,,,,,313,="",="2/5/2026 6:48:14.551295120 AM",
="",7425,,,,,,,,,,,,,,,,313,="",="2/5/2026 6:48:14.697451145 AM",
="",7442,,,,,,,,,,,,,,,,313,="",="2/5/2026 6:48:14.793556540 AM",
="",7453,,,,,,,,,,,,,,,,392,="",="2/5/2026 6:48:14.811203450 AM",
="",7509,,,,,,,,,,,,,,,,396,="",="2/5/2026 6:48:15.106059260 AM",
="",7530,,,,,,,,,,,,,,,,392,="",="2/5/2026 6:48:15.209827985 AM",
="",7534,,,,,,,,,,,,,,,,337,="",="2/5/2026 6:48:15.228141965 AM",
="",7538,,,,,,,,,,,,,,,,115,="",="2/5/2026 6:48:15.238538355 AM",
="",7567,,,,,,,,,,,,,,,,313,="",="2/5/2026 6:48:15.407928870 AM",
="",7580,,,,,,,,,,,,,,,,117,="",="2/5/2026 6:48:15.474342305 AM",
="",7581,,,,,,,,,,,,,,,,381,="",="2/5/2026 6:48:15.474477090 AM",
="",7590,,,,,,,,,,,,,,,,121,="",="2/5/2026 6:48:15.500876125 AM",
="",7591,,,,,,,,,,,,,,,,117,="",="2/5/2026 6:48:15.500925980 AM",
="",7594,,,,,,,,,,,,,,,,117,="",="2/5/2026 6:48:15.510249810 AM",
="",7600,,,,,,,,,,,,,,,,123,="",="2/5/2026 6:48:15.526713990 AM",
="",7601,,,,,,,,,,,,,,,,117,="",="2/5/2026 6:48:15.526763740 AM",
="",7602,,,,,,,,,,,,,,,,392,="",="2/5/2026 6:48:15.528009040 AM",
="",7603,,,,,,,,,,,,,,,,414,="",="2/5/2026 6:48:15.528439170 AM",
="",7605,,,,,,,,,,,,,,,,109,="",="2/5/2026 6:48:15.530840910 AM",
="",7606,,,,,,,,,,,,,,,,117,="",="2/5/2026 6:48:15.530887515 AM",
="",7608,,,,,,,,,,,,,,,,337,="",="2/5/2026 6:48:15.553128475 AM",
="",7613,,,,,,,,,,,,,,,,313,="",="2/5/2026 6:48:15.575301530 AM",
="",7614,,,,,,,,,,,,,,,,392,="",="2/5/2026 6:48:15.575670895 AM",
="",7615,,,,,,,,,,,,,,,,430,="",="2/5/2026 6:48:15.576099790 AM",
="",7637,,,,,,,,,,,,,,,,443,="",="2/5/2026 6:48:15.687235870 AM",
="",7644,,,,,,,,,,,,,,,,337,="",="2/5/2026 6:48:15.717583235 AM",
="",7650,,,,,,,,,,,,,,,,337,="",="2/5/2026 6:48:15.757928305 AM",
="",7660,,,,,,,,,,,,,,,,313,="",="2/5/2026 6:48:15.780100720 AM",
="",7669,,,,,,,,,,,,,,,,313,="",="2/5/2026 6:48:15.823862650 AM",
="",7675,,,,,,,,,,,,,,,,392,="",="2/5/2026 6:48:15.882872650 AM",
="",7686,,,,,,,,,,,,,,,,113,="",="2/5/2026 6:48:15.922230640 AM",
="",7732,,,,,,,,,,,,,,,,337,="",="2/5/2026 6:48:16.167557830 AM",
="",7754,,,,,,,,,,,,,,,,105,="",="2/5/2026 6:48:16.294113800 AM",
="",7761,,,,,,,,,,,,,,,,105,="",="2/5/2026 6:48:16.301854245 AM",
="",7762,,,,,,,,,,,,,,,,312,="",="2/5/2026 6:48:16.303343405 AM",
="",7764,,,,,,,,,,,,,,,,105,="",="2/5/2026 6:48:16.318716565 AM",
="",7765,,,,,,,,,,,,,,,,99,="",="2/5/2026 6:48:16.319487375 AM",
="",7772,,,,,,,,,,,,,,,,99,="",="2/5/2026 6:48:16.341034230 AM",
="",7774,,,,,,,,,,,,,,,,105,="",="2/5/2026 6:48:16.359489095 AM",
="",7778,,,,,,,,,,,,,,,,337,="",="2/5/2026 6:48:16.373786090 AM",
="",7796,,,,,,,,,,,,,,,,392,="",="2/5/2026 6:48:16.497275670 AM",
="",7811,,,,,,,,,,,,,,,,312,="",="2/5/2026 6:48:16.587595925 AM",
="",7841,,,,,,,,,,,,,,,,99,="",="2/5/2026 6:48:16.703436005 AM",
="",7875,,,,,,,,,,,,,,,,109,="",="2/5/2026 6:48:16.852554505 AM",
="",7876,,,,,,,,,,,,,,,,117,="",="2/5/2026 6:48:16.852602550 AM",
="",7882,,,,,,,,,,,,,,,,117,="",="2/5/2026 6:48:16.892251625 AM",
="",7891,,,,,,,,,,,,,,,,117,="",="2/5/2026 6:48:16.933761805 AM",
="",7892,,,,,,,,,,,,,,,,109,="",="2/5/2026 6:48:16.934381805 AM",
="",7893,,,,,,,,,,,,,,,,117,="",="2/5/2026 6:48:16.934429970 AM",
="",7903,,,,,,,,,,,,,,,,392,="",="2/5/2026 6:48:16.961619995 AM",
="",7904,,,,,,,,,,,,,,,,117,="",="2/5/2026 6:48:16.975179100 AM",
="",7918,,,,,,,,,,,,,,,,117,="",="2/5/2026 6:48:17.016043580 AM",
="",7927,,,,,,,,,,,,,,,,117,="",="2/5/2026 6:48:17.056254470 AM",
="",7928,,,,,,,,,,,,,,,,117,="",="2/5/2026 6:48:17.057381405 AM",
="",7946,,,,,,,,,,,,,,,,117,="",="2/5/2026 6:48:17.178557390 AM",
="",7947,,,,,,,,,,,,,,,,117,="",="2/5/2026 6:48:17.179597175 AM",
="",7955,,,,,,,,,,,,,,,,117,="",="2/5/2026 6:48:17.217636265 AM",
="",7964,,,,,,,,,,,,,,,,313,="",="2/5/2026 6:48:17.251133700 AM",
="",7970,,,,,,,,,,,,,,,,117,="",="2/5/2026 6:48:17.258691850 AM",
="",7971,,,,,,,,,,,,,,,,125,="",="2/5/2026 6:48:17.261393330 AM",
="",7976,,,,,,,,,,,,,,,,117,="",="2/5/2026 6:48:17.302664005 AM",
="",7989,,,,,,,,,,,,,,,,117,="",="2/5/2026 6:48:17.339955805 AM",
="",8008,,,,,,,,,,,,,,,,430,="",="2/5/2026 6:48:17.419308190 AM",
="",8012,,,,,,,,,,,,,,,,105,="",="2/5/2026 6:48:17.424179635 AM",
="",8014,,,,,,,,,,,,,,,,105,="",="2/5/2026 6:48:17.427341590 AM",
="",8015,,,,,,,,,,,,,,,,105,="",="2/5/2026 6:48:17.428456725 AM",
="",8022,,,,,,,,,,,,,,,,99,="",="2/5/2026 6:48:17.437011290 AM",
="",8029,,,,,,,,,,,,,,,,105,="",="2/5/2026 6:48:17.442749905 AM",
="",8030,,,,,,,,,,,,,,,,105,="",="2/5/2026 6:48:17.442927180 AM",
="",8031,,,,,,,,,,,,,,,,105,="",="2/5/2026 6:48:17.443437485 AM",
="",8032,,,,,,,,,,,,,,,,105,="",="2/5/2026 6:48:17.443580585 AM",
="",8033,,,,,,,,,,,,,,,,105,="",="2/5/2026 6:48:17.444236310 AM",
="",8034,,,,,,,,,,,,,,,,105,="",="2/5/2026 6:48:17.445216305 AM",
="",8036,,,,,,,,,,,,,,,,373,="",="2/5/2026 6:48:17.457964175 AM",
="",8040,,,,,,,,,,,,,,,,117,="",="2/5/2026 6:48:17.462433335 AM",
="",8043,,,,,,,,,,,,,,,,99,="",="2/5/2026 6:48:17.474781420 AM",
="",8044,,,,,,,,,,,,,,,,99,="",="2/5/2026 6:48:17.486297170 AM",
="",8045,,,,,,,,,,,,,,,,99,="",="2/5/2026 6:48:17.489166750 AM",
="",8046,,,,,,,,,,,,,,,,99,="",="2/5/2026 6:48:17.490687145 AM",
="",8047,,,,,,,,,,,,,,,,99,="",="2/5/2026 6:48:17.491533080 AM",
="",8051,,,,,,,,,,,,,,,,99,="",="2/5/2026 6:48:17.493351595 AM",
="",8056,,,,,,,,,,,,,,,,105,="",="2/5/2026 6:48:17.513651710 AM",
="",8057,,,,,,,,,,,,,,,,105,="",="2/5/2026 6:48:17.513803690 AM",
="",8058,,,,,,,,,,,,,,,,105,="",="2/5/2026 6:48:17.514308875 AM",
="",8059,,,,,,,,,,,,,,,,105,="",="2/5/2026 6:48:17.514440295 AM",
="",8060,,,,,,,,,,,,,,,,105,="",="2/5/2026 6:48:17.515618405 AM",
="",8061,,,,,,,,,,,,,,,,105,="",="2/5/2026 6:48:17.516948725 AM",
="",8063,,,,,,,,,,,,,,,,313,="",="2/5/2026 6:48:17.520908770 AM",
="",8074,,,,,,,,,,,,,,,,117,="",="2/5/2026 6:48:17.542651770 AM",
="",8076,,,,,,,,,,,,,,,,117,="",="2/5/2026 6:48:17.548287780 AM",
="",8088,,,,,,,,,,,,,,,,392,="",="2/5/2026 6:48:17.623680790 AM",
="",8093,,,,,,,,,,,,,,,,117,="",="2/5/2026 6:48:17.632422930 AM",
="",8094,,,,,,,,,,,,,,,,117,="",="2/5/2026 6:48:17.632465180 AM",
="",8095,,,,,,,,,,,,,,,,117,="",="2/5/2026 6:48:17.633754350 AM",
="",8108,,,,,,,,,,,,,,,,117,="",="2/5/2026 6:48:17.670266285 AM",
="",8110,,,,,,,,,,,,,,,,117,="",="2/5/2026 6:48:17.671546535 AM",
="",8115,,,,,,,,,,,,,,,,117,="",="2/5/2026 6:48:17.711737650 AM",
="",8131,,,,,,,,,,,,,,,,117,="",="2/5/2026 6:48:17.787129890 AM",
="",8136,,,,,,,,,,,,,,,,117,="",="2/5/2026 6:48:17.793645925 AM",
="",8142,,,,,,,,,,,,,,,,388,="",="2/5/2026 6:48:17.832303460 AM",
="",8144,,,,,,,,,,,,,,,,316,="",="2/5/2026 6:48:17.840128945 AM",
="",8148,,,,,,,,,,,,,,,,373,="",="2/5/2026 6:48:17.867565705 AM",
="",8153,,,,,,,,,,,,,,,,109,="",="2/5/2026 6:48:17.872701800 AM",
="",8159,,,,,,,,,,,,,,,,109,="",="2/5/2026 6:48:17.919365035 AM",
="",8173,,,,,,,,,,,,,,,,117,="",="2/5/2026 6:48:17.951107035 AM",
="",8185,,,,,,,,,,,,,,,,414,="",="2/5/2026 6:48:17.986057230 AM",
="",8186,,,,,,,,,,,,,,,,117,="",="2/5/2026 6:48:17.987917760 AM",
="",8187,,,,,,,,,,,,,,,,117,="",="2/5/2026 6:48:17.989467210 AM",
="",8189,,,,,,,,,,,,,,,,117,="",="2/5/2026 6:48:17.997826780 AM",
="",8194,,,,,,,,,,,,,,,,313,="",="2/5/2026 6:48:18.032965235 AM",
="",8195,,,,,,,,,,,,,,,,430,="",="2/5/2026 6:48:18.033766335 AM",
="",8225,,,,,,,,,,,,,,,,117,="",="2/5/2026 6:48:18.151918825 AM",
="",8240,,,,,,,,,,,,,,,,390,="",="2/5/2026 6:48:18.201349865 AM",
="",8248,,,,,,,,,,,,,,,,390,="",="2/5/2026 6:48:18.238792820 AM",
="",8260,,,,,,,,,,,,,,,,117,="",="2/5/2026 6:48:18.270068180 AM",
="",8261,,,,,,,,,,,,,,,,117,="",="2/5/2026 6:48:18.272556595 AM",
="",8270,,,,,,,,,,,,,,,,117,="",="2/5/2026 6:48:18.294129960 AM",
="",8277,,,,,,,,,,,,,,,,117,="",="2/5/2026 6:48:18.333186795 AM",
="",8295,,,,,,,,,,,,,,,,117,="",="2/5/2026 6:48:18.377145990 AM",
="",8298,,,,,,,,,,,,,,,,337,="",="2/5/2026 6:48:18.379576725 AM",
="",8301,,,,,,,,,,,,,,,,117,="",="2/5/2026 6:48:18.397316845 AM",
="",8314,,,,,,,,,,,,,,,,109,="",="2/5/2026 6:48:18.417505925 AM",
="",8319,,,,,,,,,,,,,,,,117,="",="2/5/2026 6:48:18.424703280 AM",
="",8320,,,,,,,,,,,,,,,,117,="",="2/5/2026 6:48:18.427984255 AM",
="",8323,,,,,,,,,,,,,,,,109,="",="2/5/2026 6:48:18.445105730 AM",
="",8326,,,,,,,,,,,,,,,,99,="",="2/5/2026 6:48:18.452280485 AM",
="",8327,,,,,,,,,,,,,,,,117,="",="2/5/2026 6:48:18.453286415 AM",
="",8340,,,,,,,,,,,,,,,,364,="",="2/5/2026 6:48:18.495550500 AM",
="",8343,,,,,,,,,,,,,,,,117,="",="2/5/2026 6:48:18.511932435 AM",
="",8347,,,,,,,,,,,,,,,,392,="",="2/5/2026 6:48:18.545285165 AM",
="",8365,,,,,,,,,,,,,,,,117,="",="2/5/2026 6:48:18.622938425 AM",
="",8372,,,,,,,,,,,,,,,,117,="",="2/5/2026 6:48:18.656488070 AM",
="",8373,,,,,,,,,,,,,,,,117,="",="2/5/2026 6:48:18.657777160 AM",
="",8392,,,,,,,,,,,,,,,,430,="",="2/5/2026 6:48:18.750515115 AM",
="",8396,,,,,,,,,,,,,,,,117,="",="2/5/2026 6:48:18.781166705 AM",
="",8399,,,,,,,,,,,,,,,,373,="",="2/5/2026 6:48:18.792055285 AM",
="",8416,,,,,,,,,,,,,,,,319,="",="2/5/2026 6:48:18.889781570 AM",
="",8417,,,,,,,,,,,,,,,,396,="",="2/5/2026 6:48:18.894954495 AM",
="",8469,,,,,,,,,,,,,,,,430,="",="2/5/2026 6:48:19.160131050 AM",
="",8515,,,,,,,,,,,,,,,,312,="",="2/5/2026 6:48:19.580148920 AM",
="",8518,,,,,,,,,,,,,,,,373,="",="2/5/2026 6:48:19.611257310 AM",
="",8534,,,,,,,,,,,,,,,,478,="",="2/5/2026 6:48:19.727924785 AM",
="",8535,,,,,,,,,,,,,,,,417,="",="2/5/2026 6:48:19.735956955 AM",
="",8564,,,,,,,,,,,,,,,,471,="",="2/5/2026 6:48:19.936222500 AM",
="",8578,,,,,,,,,,,,,,,,526,="",="2/5/2026 6:48:20.041866340 AM",
="",8597,,,,,,,,,,,,,,,,430,="",="2/5/2026 6:48:20.184121270 AM",
="",8631,,,,,,,,,,,,,,,,229,="",="2/5/2026 6:48:20.423470025 AM",
="",8645,,,,,,,,,,,,,,,,337,="",="2/5/2026 6:48:20.529981985 AM",
="",8657,,,,,,,,,,,,,,,,312,="",="2/5/2026 6:48:20.604150145 AM",
="",8660,,,,,,,,,,,,,,,,443,="",="2/5/2026 6:48:20.630092015 AM",
="",8665,,,,,,,,,,,,,,,,373,="",="2/5/2026 6:48:20.635316435 AM",
="",8678,,,,,,,,,,,,,,,,837,="",="2/5/2026 6:48:20.744532505 AM",
="",8679,,,,,,,,,,,,,,,,99,="",="2/5/2026 6:48:20.744664670 AM",
="",8687,,,,,,,,,,,,,,,,381,="",="2/5/2026 6:48:20.799020020 AM",
="",8691,,,,,,,,,,,,,,,,373,="",="2/5/2026 6:48:20.837173905 AM",
="",8692,,,,,,,,,,,,,,,,337,="",="2/5/2026 6:48:20.837597935 AM",
="",8770,,,,,,,,,,,,,,,,390,="",="2/5/2026 6:48:21.532425370 AM",
="",8778,,,,,,,,,,,,,,,,396,="",="2/5/2026 6:48:21.557277650 AM",
="",8823,,,,,,,,,,,,,,,,319,="",="2/5/2026 6:48:21.859394255 AM",
="",8825,,,,,,,,,,,,,,,,313,="",="2/5/2026 6:48:21.862034360 AM",
="",8850,,,,,,,,,,,,,,,,381,="",="2/5/2026 6:48:22.027825290 AM",
="",8874,,,,,,,,,,,,,,,,117,="",="2/5/2026 6:48:22.101103455 AM",
="",8876,,,,,,,,,,,,,,,,117,="",="2/5/2026 6:48:22.115144530 AM",
="",8891,,,,,,,,,,,,,,,,409,="",="2/5/2026 6:48:22.246050920 AM",
="",8897,,,,,,,,,,,,,,,,373,="",="2/5/2026 6:48:22.273665165 AM",
="",8929,,,,,,,,,,,,,,,,415,="",="2/5/2026 6:48:22.488881005 AM",
="",8941,,,,,,,,,,,,,,,,415,="",="2/5/2026 6:48:22.591281855 AM",
="",8950,,,,,,,,,,,,,,,,373,="",="2/5/2026 6:48:22.683265605 AM",
="",8970,,,,,,,,,,,,,,,,373,="",="2/5/2026 6:48:22.785692525 AM",
="",8996,,,,,,,,,,,,,,,,381,="",="2/5/2026 6:48:22.949492535 AM",
="",9005,,,,,,,,,,,,,,,,105,="",="2/5/2026 6:48:23.028259840 AM",
="",9021,,,,,,,,,,,,,,,,99,="",="2/5/2026 6:48:23.133435915 AM",
="",9026,,,,,,,,,,,,,,,,373,="",="2/5/2026 6:48:23.192391240 AM",
="",9033,,,,,,,,,,,,,,,,314,="",="2/5/2026 6:48:23.204028040 AM",
="",9037,,,,,,,,,,,,,,,,414,="",="2/5/2026 6:48:23.219573395 AM",
="",9095,,,,,,,,,,,,,,,,414,="",="2/5/2026 6:48:23.618106585 AM",
="",9107,,,,,,,,,,,,,,,,373,="",="2/5/2026 6:48:23.707268935 AM",
="",9119,,,,,,,,,,,,,,,,373,="",="2/5/2026 6:48:23.809669705 AM",
="",9129,,,,,,,,,,,,,,,,99,="",="2/5/2026 6:48:23.869655455 AM",
="",9158,,,,,,,,,,,,,,,,229,="",="2/5/2026 6:48:24.087956810 AM",
="",9197,,,,,,,,,,,,,,,,316,="",="2/5/2026 6:48:24.350597965 AM",
="",9215,,,,,,,,,,,,,,,,390,="",="2/5/2026 6:48:24.483120715 AM",
="",9218,,,,,,,,,,,,,,,,425,="",="2/5/2026 6:48:24.501857860 AM",
="",9243,,,,,,,,,,,,,,,,373,="",="2/5/2026 6:48:24.731274810 AM",
="",9295,,,,,,,,,,,,,,,,373,="",="2/5/2026 6:48:25.140876420 AM",
="",9296,,,,,,,,,,,,,,,,396,="",="2/5/2026 6:48:25.141287830 AM",
="",9339,,,,,,,,,,,,,,,,99,="",="2/5/2026 6:48:25.476921225 AM",
="",9351,,,,,,,,,,,,,,,,113,="",="2/5/2026 6:48:25.523714915 AM",
="",9358,,,,,,,,,,,,,,,,139,="",="2/5/2026 6:48:25.560479905 AM",
="",9372,,,,,,,,,,,,,,,,99,="",="2/5/2026 6:48:25.692267005 AM",
="",9404,,,,,,,,,,,,,,,,316,="",="2/5/2026 6:48:25.904190195 AM",
="",9414,,,,,,,,,,,,,,,,430,="",="2/5/2026 6:48:26.020949590 AM",
="",9438,,,,,,,,,,,,,,,,313,="",="2/5/2026 6:48:26.224950550 AM",
="",9479,,,,,,,,,,,,,,,,99,="",="2/5/2026 6:48:26.474385545 AM",
="",9484,,,,,,,,,,,,,,,,117,="",="2/5/2026 6:48:26.528304045 AM",
="",9510,,,,,,,,,,,,,,,,373,="",="2/5/2026 6:48:26.779278035 AM",
="",9537,,,,,,,,,,,,,,,,430,="",="2/5/2026 6:48:26.942553970 AM",
="",9547,,,,,,,,,,,,,,,,313,="",="2/5/2026 6:48:27.044157285 AM",
="",9568,,,,,,,,,,,,,,,,99,="",="2/5/2026 6:48:27.184324605 AM",
="",9569,,,,,,,,,,,,,,,,373,="",="2/5/2026 6:48:27.185992160 AM",
="",9586,,,,,,,,,,,,,,,,99,="",="2/5/2026 6:48:27.223972590 AM",
="",9620,,,,,,,,,,,,,,,,373,="",="2/5/2026 6:48:27.496079795 AM",
="",9628,,,,,,,,,,,,,,,,139,="",="2/5/2026 6:48:27.523089840 AM",
="",9630,,,,,,,,,,,,,,,,117,="",="2/5/2026 6:48:27.528365160 AM",
="",9631,,,,,,,,,,,,,,,,263,="",="2/5/2026 6:48:27.529368310 AM",
="",9648,,,,,,,,,,,,,,,,313,="",="2/5/2026 6:48:27.619484455 AM",
="",9649,,,,,,,,,,,,,,,,417,="",="2/5/2026 6:48:27.620789705 AM",
="",9650,,,,,,,,,,,,,,,,316,="",="2/5/2026 6:48:27.625569555 AM",
="",9651,,,,,,,,,,,,,,,,139,="",="2/5/2026 6:48:27.647978865 AM",
="",9654,,,,,,,,,,,,,,,,373,="",="2/5/2026 6:48:27.700881235 AM",
="",9658,,,,,,,,,,,,,,,,478,="",="2/5/2026 6:48:27.715378040 AM",
="",9703,,,,,,,,,,,,,,,,478,="",="2/5/2026 6:48:28.124795085 AM",
="",9719,,,,,,,,,,,,,,,,373,="",="2/5/2026 6:48:28.212882515 AM",
="",9721,,,,,,,,,,,,,,,,471,="",="2/5/2026 6:48:28.230580345 AM",
="",9737,,,,,,,,,,,,,,,,469,="",="2/5/2026 6:48:28.420205950 AM",
="",9748,,,,,,,,,,,,,,,,117,="",="2/5/2026 6:48:28.528403830 AM",
="",9778,,,,,,,,,,,,,,,,396,="",="2/5/2026 6:48:28.827700950 AM",
="",9795,,,,,,,,,,,,,,,,364,="",="2/5/2026 6:48:28.940472115 AM",
="",9816,,,,,,,,,,,,,,,,373,="",="2/5/2026 6:48:29.134484790 AM",
="",9817,,,,,,,,,,,,,,,,396,="",="2/5/2026 6:48:29.134899255 AM",
="",9868,,,,,,,,,,,,,,,,99,="",="2/5/2026 6:48:29.528291210 AM",
="",9890,,,,,,,,,,,,,,,,142,="",="2/5/2026 6:48:29.683699605 AM",
="",9921,,,,,,,,,,,,,,,,373,="",="2/5/2026 6:48:29.851286570 AM",
="",9922,,,,,,,,,,,,,,,,229,="",="2/5/2026 6:48:29.864771550 AM",
="",9935,,,,,,,,,,,,,,,,113,="",="2/5/2026 6:48:29.976554895 AM",
="",9959,,,,,,,,,,,,,,,,396,="",="2/5/2026 6:48:30.158902175 AM",
="",9971,,,,,,,,,,,,,,,,373,="",="2/5/2026 6:48:30.260902810 AM",
="",9975,,,,,,,,,,,,,,,,99,="",="2/5/2026 6:48:30.301742060 AM",
="",9996,,,,,,,,,,,,,,,,113,="",="2/5/2026 6:48:30.437881670 AM",
="",10001,,,,,,,,,,,,,,,,478,="",="2/5/2026 6:48:30.480015950 AM",
="",10018,,,,,,,,,,,,,,,,113,="",="2/5/2026 6:48:30.577503295 AM",
="",10022,,,,,,,,,,,,,,,,313,="",="2/5/2026 6:48:30.607760905 AM",
="",10037,,,,,,,,,,,,,,,,313,="",="2/5/2026 6:48:30.710180905 AM",
="",10077,,,,,,,,,,,,,,,,478,="",="2/5/2026 6:48:31.094471410 AM",
="",10085,,,,,,,,,,,,,,,,141,="",="2/5/2026 6:48:31.160838585 AM",
="",10116,,,,,,,,,,,,,,,,719,="",="2/5/2026 6:48:31.418983295 AM",
="",10117,,,,,,,,,,,,,,,,117,="",="2/5/2026 6:48:31.419906270 AM",
="",10118,,,,,,,,,,,,,,,,566,="",="2/5/2026 6:48:31.419917210 AM",
="",10119,,,,,,,,,,,,,,,,125,="",="2/5/2026 6:48:31.422615820 AM",
="",10123,,,,,,,,,,,,,,,,141,="",="2/5/2026 6:48:31.425373925 AM",
="",10124,,,,,,,,,,,,,,,,141,="",="2/5/2026 6:48:31.425723930 AM",
="",10126,,,,,,,,,,,,,,,,141,="",="2/5/2026 6:48:31.429521050 AM",
="",10127,,,,,,,,,,,,,,,,141,="",="2/5/2026 6:48:31.429666030 AM",
="",10129,,,,,,,,,,,,,,,,141,="",="2/5/2026 6:48:31.437670050 AM",
="",10130,,,,,,,,,,,,,,,,719,="",="2/5/2026 6:48:31.437832900 AM",
="",10131,,,,,,,,,,,,,,,,117,="",="2/5/2026 6:48:31.438717740 AM",
="",10132,,,,,,,,,,,,,,,,141,="",="2/5/2026 6:48:31.443910010 AM",
="",10133,,,,,,,,,,,,,,,,719,="",="2/5/2026 6:48:31.446714550 AM",
="",10138,,,,,,,,,,,,,,,,117,="",="2/5/2026 6:48:31.469330310 AM",
="",10139,,,,,,,,,,,,,,,,518,="",="2/5/2026 6:48:31.469379210 AM",
="",10145,,,,,,,,,,,,,,,,117,="",="2/5/2026 6:48:31.475130795 AM",
="",10146,,,,,,,,,,,,,,,,141,="",="2/5/2026 6:48:31.479827920 AM",
="",10148,,,,,,,,,,,,,,,,141,="",="2/5/2026 6:48:31.481137385 AM",
="",10153,,,,,,,,,,,,,,,,117,="",="2/5/2026 6:48:31.498357070 AM",
="",10155,,,,,,,,,,,,,,,,471,="",="2/5/2026 6:48:31.507405770 AM",
="",10159,,,,,,,,,,,,,,,,1565,="",="2/5/2026 6:48:31.518792065 AM",
="",10160,,,,,,,,,,,,,,,,674,="",="2/5/2026 6:48:31.520855215 AM",
="",10161,,,,,,,,,,,,,,,,782,="",="2/5/2026 6:48:31.523643025 AM",
="",10164,,,,,,,,,,,,,,,,229,="",="2/5/2026 6:48:31.542313340 AM",
="",10165,,,,,,,,,,,,,,,,117,="",="2/5/2026 6:48:31.558058310 AM",
="",10166,,,,,,,,,,,,,,,,782,="",="2/5/2026 6:48:31.558107865 AM",
="",10170,,,,,,,,,,,,,,,,117,="",="2/5/2026 6:48:31.583701235 AM",
="",10175,,,,,,,,,,,,,,,,117,="",="2/5/2026 6:48:31.603391230 AM",
="",10177,,,,,,,,,,,,,,,,518,="",="2/5/2026 6:48:31.617223445 AM",
="",10178,,,,,,,,,,,,,,,,170,="",="2/5/2026 6:48:31.630106175 AM",
="",10179,,,,,,,,,,,,,,,,117,="",="2/5/2026 6:48:31.647111630 AM",
="",10180,,,,,,,,,,,,,,,,141,="",="2/5/2026 6:48:31.647592895 AM",
="",10181,,,,,,,,,,,,,,,,141,="",="2/5/2026 6:48:31.652470920 AM",
="",10182,,,,,,,,,,,,,,,,227,="",="2/5/2026 6:48:31.654702600 AM",
="",10183,,,,,,,,,,,,,,,,141,="",="2/5/2026 6:48:31.661062050 AM",
="",10184,,,,,,,,,,,,,,,,141,="",="2/5/2026 6:48:31.681905100 AM",
="",10185,,,,,,,,,,,,,,,,141,="",="2/5/2026 6:48:31.684064180 AM",
="",10190,,,,,,,,,,,,,,,,141,="",="2/5/2026 6:48:31.688849055 AM",
="",10191,,,,,,,,,,,,,,,,141,="",="2/5/2026 6:48:31.688994115 AM",
="",10192,,,,,,,,,,,,,,,,782,="",="2/5/2026 6:48:31.689943835 AM",
="",10193,,,,,,,,,,,,,,,,782,="",="2/5/2026 6:48:31.698028805 AM",
="",10194,,,,,,,,,,,,,,,,141,="",="2/5/2026 6:48:31.717332520 AM",
="",10195,,,,,,,,,,,,,,,,141,="",="2/5/2026 6:48:31.719779080 AM",
="",10203,,,,,,,,,,,,,,,,563,="",="2/5/2026 6:48:31.731506555 AM",
="",10204,,,,,,,,,,,,,,,,1286,="",="2/5/2026 6:48:31.739341360 AM",
="",10205,,,,,,,,,,,,,,,,117,="",="2/5/2026 6:48:31.745721620 AM",
="",10206,,,,,,,,,,,,,,,,563,="",="2/5/2026 6:48:31.751967360 AM",
="",10218,,,,,,,,,,,,,,,,229,="",="2/5/2026 6:48:31.806670965 AM",
="",10221,,,,,,,,,,,,,,,,141,="",="2/5/2026 6:48:31.828620560 AM",
="",10237,,,,,,,,,,,,,,,,128,="",="2/5/2026 6:48:31.927467045 AM",
="",10263,,,,,,,,,,,,,,,,333,="",="2/5/2026 6:48:32.096542360 AM",
="",10277,,,,,,,,,,,,,,,,134,="",="2/5/2026 6:48:32.219941195 AM",
="",10278,,,,,,,,,,,,,,,,478,="",="2/5/2026 6:48:32.220852240 AM",
="",10279,,,,,,,,,,,,,,,,229,="",="2/5/2026 6:48:32.227467625 AM",
="",10290,,,,,,,,,,,,,,,,134,="",="2/5/2026 6:48:32.338270670 AM",
="",10296,,,,,,,,,,,,,,,,119,="",="2/5/2026 6:48:32.372361530 AM",
="",10297,,,,,,,,,,,,,,,,134,="",="2/5/2026 6:48:32.383866415 AM",
="",10304,,,,,,,,,,,,,,,,373,="",="2/5/2026 6:48:32.411294390 AM",
="",10308,,,,,,,,,,,,,,,,134,="",="2/5/2026 6:48:32.420787495 AM",
="",10310,,,,,,,,,,,,,,,,134,="",="2/5/2026 6:48:32.424624430 AM",
="",10311,,,,,,,,,,,,,,,,134,="",="2/5/2026 6:48:32.424729635 AM",
="",10312,,,,,,,,,,,,,,,,471,="",="2/5/2026 6:48:32.429023270 AM",
="",10326,,,,,,,,,,,,,,,,119,="",="2/5/2026 6:48:32.494705405 AM",
="",10328,,,,,,,,,,,,,,,,134,="",="2/5/2026 6:48:32.498222685 AM",
="",10353,,,,,,,,,,,,,,,,392,="",="2/5/2026 6:48:32.656140960 AM",
="",10355,,,,,,,,,,,,,,,,128,="",="2/5/2026 6:48:32.662450755 AM",
="",10357,,,,,,,,,,,,,,,,118,="",="2/5/2026 6:48:32.664911120 AM",
="",10365,,,,,,,,,,,,,,,,141,="",="2/5/2026 6:48:32.700106495 AM",
="",10369,,,,,,,,,,,,,,,,229,="",="2/5/2026 6:48:32.767140900 AM",
="",10370,,,,,,,,,,,,,,,,141,="",="2/5/2026 6:48:32.773829690 AM",
="",10384,,,,,,,,,,,,,,,,141,="",="2/5/2026 6:48:32.901308650 AM",
="",10388,,,,,,,,,,,,,,,,373,="",="2/5/2026 6:48:32.923294990 AM",
="",10391,,,,,,,,,,,,,,,,323,="",="2/5/2026 6:48:32.937446650 AM",
="",10418,,,,,,,,,,,,,,,,128,="",="2/5/2026 6:48:33.154043955 AM",
="",10424,,,,,,,,,,,,,,,,373,="",="2/5/2026 6:48:33.230496340 AM",
="",10429,,,,,,,,,,,,,,,,392,="",="2/5/2026 6:48:33.325944290 AM",
="",10436,,,,,,,,,,,,,,,,471,="",="2/5/2026 6:48:33.350618825 AM",
="",10442,,,,,,,,,,,,,,,,478,="",="2/5/2026 6:48:33.449653120 AM",
="",10465,,,,,,,,,,,,,,,,392,="",="2/5/2026 6:48:33.579124425 AM",
="",10488,,,,,,,,,,,,,,,,396,="",="2/5/2026 6:48:33.742912310 AM",
="",10514,,,,,,,,,,,,,,,,323,="",="2/5/2026 6:48:33.961201945 AM",
="",10516,,,,,,,,,,,,,,,,113,="",="2/5/2026 6:48:33.973796960 AM",
="",10517,,,,,,,,,,,,,,,,113,="",="2/5/2026 6:48:33.974423870 AM",
="",10538,,,,,,,,,,,,,,,,396,="",="2/5/2026 6:48:34.152514415 AM",
="",10548,,,,,,,,,,,,,,,,392,="",="2/5/2026 6:48:34.247550020 AM",
="",10552,,,,,,,,,,,,,,,,414,="",="2/5/2026 6:48:34.276297340 AM",
="",10574,,,,,,,,,,,,,,,,113,="",="2/5/2026 6:48:34.378727900 AM",
="",10591,,,,,,,,,,,,,,,,373,="",="2/5/2026 6:48:34.459300445 AM",
="",10594,,,,,,,,,,,,,,,,229,="",="2/5/2026 6:48:34.481097150 AM",
="",10608,,,,,,,,,,,,,,,,373,="",="2/5/2026 6:48:34.561700210 AM",
="",10618,,,,,,,,,,,,,,,,313,="",="2/5/2026 6:48:34.601374220 AM",
="",10628,,,,,,,,,,,,,,,,471,="",="2/5/2026 6:48:34.683299130 AM",
="",10639,,,,,,,,,,,,,,,,478,="",="2/5/2026 6:48:34.780867715 AM",
="",10640,,,,,,,,,,,,,,,,113,="",="2/5/2026 6:48:34.789730580 AM",
="",10658,,,,,,,,,,,,,,,,113,="",="2/5/2026 6:48:34.882868600 AM",
="",10674,,,,,,,,,,,,,,,,323,="",="2/5/2026 6:48:34.985219635 AM",
="",10702,,,,,,,,,,,,,,,,471,="",="2/5/2026 6:48:35.193890005 AM",
="",10735,,,,,,,,,,,,,,,,113,="",="2/5/2026 6:48:35.472945105 AM",
="",10772,,,,,,,,,,,,,,,,471,="",="2/5/2026 6:48:35.705900730 AM",
="",10773,,,,,,,,,,,,,,,,414,="",="2/5/2026 6:48:35.709913100 AM",
="",10795,,,,,,,,,,,,,,,,427,="",="2/5/2026 6:48:35.836647810 AM",
="",10823,,,,,,,,,,,,,,,,113,="",="2/5/2026 6:48:35.976102915 AM",
="",10857,,,,,,,,,,,,,,,,418,="",="2/5/2026 6:48:36.193589415 AM",
="",10858,,,,,,,,,,,,,,,,337,="",="2/5/2026 6:48:36.197225280 AM",
="",10859,,,,,,,,,,,,,,,,373,="",="2/5/2026 6:48:36.200104705 AM",
="",10874,,,,,,,,,,,,,,,,113,="",="2/5/2026 6:48:36.283497020 AM",
="",10876,,,,,,,,,,,,,,,,99,="",="2/5/2026 6:48:36.292908010 AM",
="",10877,,,,,,,,,,,,,,,,390,="",="2/5/2026 6:48:36.293323605 AM",
="",10879,,,,,,,,,,,,,,,,373,="",="2/5/2026 6:48:36.302521010 AM",
="",10880,,,,,,,,,,,,,,,,229,="",="2/5/2026 6:48:36.304550055 AM",
="",10889,,,,,,,,,,,,,,,,229,="",="2/5/2026 6:48:36.358421485 AM",
="",10898,,,,,,,,,,,,,,,,229,="",="2/5/2026 6:48:36.397591825 AM",
="",10899,,,,,,,,,,,,,,,,418,="",="2/5/2026 6:48:36.398390915 AM",
="",10909,,,,,,,,,,,,,,,,1562,="",="2/5/2026 6:48:36.450556675 AM",
="",10910,,,,,,,,,,,,,,,,141,="",="2/5/2026 6:48:36.458176685 AM",
="",10911,,,,,,,,,,,,,,,,926,="",="2/5/2026 6:48:36.458287960 AM",
="",10913,,,,,,,,,,,,,,,,362,="",="2/5/2026 6:48:36.465014415 AM",
="",10917,,,,,,,,,,,,,,,,229,="",="2/5/2026 6:48:36.479450925 AM",
="",10924,,,,,,,,,,,,,,,,341,="",="2/5/2026 6:48:36.512348740 AM",
="",10932,,,,,,,,,,,,,,,,113,="",="2/5/2026 6:48:36.542217105 AM",
="",10936,,,,,,,,,,,,,,,,141,="",="2/5/2026 6:48:36.573013975 AM",
="",10940,,,,,,,,,,,,,,,,141,="",="2/5/2026 6:48:36.590830795 AM",
="",10942,,,,,,,,,,,,,,,,141,="",="2/5/2026 6:48:36.594190935 AM",
="",10947,,,,,,,,,,,,,,,,141,="",="2/5/2026 6:48:36.615969845 AM",
="",10953,,,,,,,,,,,,,,,,471,="",="2/5/2026 6:48:36.627462960 AM",
="",10954,,,,,,,,,,,,,,,,1229,="",="2/5/2026 6:48:36.635224535 AM",
="",10955,,,,,,,,,,,,,,,,113,="",="2/5/2026 6:48:36.636780365 AM",
="",10956,,,,,,,,,,,,,,,,113,="",="2/5/2026 6:48:36.637407160 AM",
="",10957,,,,,,,,,,,,,,,,617,="",="2/5/2026 6:48:36.646529730 AM",
="",10958,,,,,,,,,,,,,,,,869,="",="2/5/2026 6:48:36.647328920 AM",
="",10959,,,,,,,,,,,,,,,,242,="",="2/5/2026 6:48:36.648462520 AM",
="",10960,,,,,,,,,,,,,,,,197,="",="2/5/2026 6:48:36.650670885 AM",
="",10976,,,,,,,,,,,,,,,,331,="",="2/5/2026 6:48:36.751175055 AM",
="",10981,,,,,,,,,,,,,,,,926,="",="2/5/2026 6:48:36.779921085 AM",
="",10983,,,,,,,,,,,,,,,,141,="",="2/5/2026 6:48:36.793570100 AM",
="",10985,,,,,,,,,,,,,,,,141,="",="2/5/2026 6:48:36.796059530 AM",
="",10989,,,,,,,,,,,,,,,,478,="",="2/5/2026 6:48:36.828924125 AM",
="",11045,,,,,,,,,,,,,,,,131,="",="2/5/2026 6:48:37.281471250 AM",
="",11051,,,,,,,,,,,,,,,,141,="",="2/5/2026 6:48:37.311884475 AM",
="",11075,,,,,,,,,,,,,,,,418,="",="2/5/2026 6:48:37.524797425 AM",
="",11077,,,,,,,,,,,,,,,,117,="",="2/5/2026 6:48:37.528613175 AM",
="",11089,,,,,,,,,,,,,,,,99,="",="2/5/2026 6:48:37.629289500 AM",
="",11095,,,,,,,,,,,,,,,,427,="",="2/5/2026 6:48:37.674183615 AM",
="",11105,,,,,,,,,,,,,,,,396,="",="2/5/2026 6:48:37.736523360 AM",
="",11110,,,,,,,,,,,,,,,,471,="",="2/5/2026 6:48:37.753863765 AM",
="",11111,,,,,,,,,,,,,,,,113,="",="2/5/2026 6:48:37.783030510 AM",
="",11120,,,,,,,,,,,,,,,,418,="",="2/5/2026 6:48:37.832000150 AM",
="",11126,,,,,,,,,,,,,,,,471,="",="2/5/2026 6:48:37.856258520 AM",
="",11127,,,,,,,,,,,,,,,,392,="",="2/5/2026 6:48:37.878557600 AM",
="",11138,,,,,,,,,,,,,,,,471,="",="2/5/2026 6:48:37.958670155 AM",
="",11142,,,,,,,,,,,,,,,,313,="",="2/5/2026 6:48:37.980868310 AM",
="",11157,,,,,,,,,,,,,,,,113,="",="2/5/2026 6:48:38.090223415 AM",
="",11165,,,,,,,,,,,,,,,,313,="",="2/5/2026 6:48:38.144709180 AM",
="",11170,,,,,,,,,,,,,,,,313,="",="2/5/2026 6:48:38.166748625 AM",
="",11210,,,,,,,,,,,,,,,,229,="",="2/5/2026 6:48:38.452913060 AM",
="",11225,,,,,,,,,,,,,,,,113,="",="2/5/2026 6:48:38.564796070 AM",
="",11246,,,,,,,,,,,,,,,,373,="",="2/5/2026 6:48:38.657711475 AM",
="",11257,,,,,,,,,,,,,,,,113,="",="2/5/2026 6:48:38.735738470 AM",
="",11259,,,,,,,,,,,,,,,,313,="",="2/5/2026 6:48:38.753754575 AM",
="",11306,,,,,,,,,,,,,,,,93,="",="2/5/2026 6:48:38.982196950 AM",
="",11312,,,,,,,,,,,,,,,,313,="",="2/5/2026 6:48:39.004630725 AM",
="",11326,,,,,,,,,,,,,,,,113,="",="2/5/2026 6:48:39.106618640 AM",
="",11343,,,,,,,,,,,,,,,,313,="",="2/5/2026 6:48:39.209388340 AM",
="",11344,,,,,,,,,,,,,,,,392,="",="2/5/2026 6:48:39.209759960 AM",
="",11345,,,,,,,,,,,,,,,,427,="",="2/5/2026 6:48:39.210188100 AM",
="",11356,,,,,,,,,,,,,,,,478,="",="2/5/2026 6:48:39.286574890 AM",
="",11357,,,,,,,,,,,,,,,,471,="",="2/5/2026 6:48:39.289948800 AM",
="",11363,,,,,,,,,,,,,,,,313,="",="2/5/2026 6:48:39.311887955 AM",
="",11364,,,,,,,,,,,,,,,,427,="",="2/5/2026 6:48:39.312684755 AM",
="",11372,,,,,,,,,,,,,,,,113,="",="2/5/2026 6:48:39.385246240 AM",
="",11411,,,,,,,,,,,,,,,,113,="",="2/5/2026 6:48:39.619715470 AM",
="",11422,,,,,,,,,,,,,,,,313,="",="2/5/2026 6:48:39.721390355 AM",
="",11423,,,,,,,,,,,,,,,,392,="",="2/5/2026 6:48:39.721761855 AM",
="",11438,,,,,,,,,,,,,,,,471,="",="2/5/2026 6:48:39.801859850 AM",
="",11444,,,,,,,,,,,,,,,,113,="",="2/5/2026 6:48:39.823430915 AM",
="",11446,,,,,,,,,,,,,,,,313,="",="2/5/2026 6:48:39.823881515 AM",
="",11447,,,,,,,,,,,,,,,,392,="",="2/5/2026 6:48:39.824250335 AM",
="",11468,,,,,,,,,,,,,,,,113,="",="2/5/2026 6:48:40.030147985 AM",
="",11498,,,,,,,,,,,,,,,,392,="",="2/5/2026 6:48:40.233765350 AM",
="",11529,,,,,,,,,,,,,,,,113,="",="2/5/2026 6:48:40.510421430 AM",
="",11532,,,,,,,,,,,,,,,,421,="",="2/5/2026 6:48:40.514292445 AM",
="",11533,,,,,,,,,,,,,,,,392,="",="2/5/2026 6:48:40.522348450 AM",
="",11588,,,,,,,,,,,,,,,,227,="",="2/5/2026 6:48:40.871491370 AM",
="",11618,,,,,,,,,,,,,,,,323,="",="2/5/2026 6:48:41.129285965 AM",
="",11619,,,,,,,,,,,,,,,,471,="",="2/5/2026 6:48:41.133090850 AM",
="",11621,,,,,,,,,,,,,,,,392,="",="2/5/2026 6:48:41.155368650 AM",
="",11647,,,,,,,,,,,,,,,,323,="",="2/5/2026 6:48:41.334089955 AM",
="",11651,,,,,,,,,,,,,,,,113,="",="2/5/2026 6:48:41.372499415 AM",
="",11657,,,,,,,,,,,,,,,,141,="",="2/5/2026 6:48:41.417978485 AM",
="",11658,,,,,,,,,,,,,,,,341,="",="2/5/2026 6:48:41.418143205 AM",
="",11661,,,,,,,,,,,,,,,,113,="",="2/5/2026 6:48:41.436641025 AM",
="",11662,,,,,,,,,,,,,,,,471,="",="2/5/2026 6:48:41.440284945 AM",
="",11703,,,,,,,,,,,,,,,,1007,="",="2/5/2026 6:48:41.653725320 AM",
="",11704,,,,,,,,,,,,,,,,839,="",="2/5/2026 6:48:41.655045000 AM",
="",11722,,,,,,,,,,,,,,,,141,="",="2/5/2026 6:48:41.790678680 AM",
="",11736,,,,,,,,,,,,,,,,141,="",="2/5/2026 6:48:41.856102220 AM",
="",11738,,,,,,,,,,,,,,,,421,="",="2/5/2026 6:48:41.864075830 AM",
="",11739,,,,,,,,,,,,,,,,364,="",="2/5/2026 6:48:41.869708210 AM",
="",11741,,,,,,,,,,,,,,,,392,="",="2/5/2026 6:48:41.874121400 AM",
="",11743,,,,,,,,,,,,,,,,421,="",="2/5/2026 6:48:41.878323385 AM",
="",11752,,,,,,,,,,,,,,,,134,="",="2/5/2026 6:48:41.911604410 AM",
="",11776,,,,,,,,,,,,,,,,427,="",="2/5/2026 6:48:42.077398380 AM",
="",11781,,,,,,,,,,,,,,,,122,="",="2/5/2026 6:48:42.095788555 AM",
="",11786,,,,,,,,,,,,,,,,313,="",="2/5/2026 6:48:42.134665945 AM",
="",11787,,,,,,,,,,,,,,,,392,="",="2/5/2026 6:48:42.135040845 AM",
="",11797,,,,,,,,,,,,,,,,427,="",="2/5/2026 6:48:42.282198645 AM",
="",11806,,,,,,,,,,,,,,,,388,="",="2/5/2026 6:48:42.353762255 AM",
="",11814,,,,,,,,,,,,,,,,313,="",="2/5/2026 6:48:42.383798830 AM",
="",11815,,,,,,,,,,,,,,,,227,="",="2/5/2026 6:48:42.385084235 AM",
="",11824,,,,,,,,,,,,,,,,364,="",="2/5/2026 6:48:42.457435710 AM",
="",11828,,,,,,,,,,,,,,,,478,="",="2/5/2026 6:48:42.460929580 AM",
="",11829,,,,,,,,,,,,,,,,471,="",="2/5/2026 6:48:42.464302970 AM",
="",11833,,,,,,,,,,,,,,,,113,="",="2/5/2026 6:48:42.480388020 AM",
="",11841,,,,,,,,,,,,,,,,113,="",="2/5/2026 6:48:42.535790535 AM",
="",11861,,,,,,,,,,,,,,,,414,="",="2/5/2026 6:48:42.673205975 AM",
="",11864,,,,,,,,,,,,,,,,402,="",="2/5/2026 6:48:42.713635100 AM",
="",11872,,,,,,,,,,,,,,,,418,="",="2/5/2026 6:48:42.748788305 AM",
="",11889,,,,,,,,,,,,,,,,471,="",="2/5/2026 6:48:42.873919935 AM",
="",11900,,,,,,,,,,,,,,,,416,="",="2/5/2026 6:48:42.967680090 AM",
="",11902,,,,,,,,,,,,,,,,113,="",="2/5/2026 6:48:42.988344625 AM",
="",11928,,,,,,,,,,,,,,,,323,="",="2/5/2026 6:48:43.177735290 AM",
="",11929,,,,,,,,,,,,,,,,471,="",="2/5/2026 6:48:43.181094300 AM",
="",11932,,,,,,,,,,,,,,,,427,="",="2/5/2026 6:48:43.203801815 AM",
="",11936,,,,,,,,,,,,,,,,412,="",="2/5/2026 6:48:43.219143320 AM",
="",11944,,,,,,,,,,,,,,,,392,="",="2/5/2026 6:48:43.258924410 AM",
="",11961,,,,,,,,,,,,,,,,227,="",="2/5/2026 6:48:43.340093470 AM",
="",11967,,,,,,,,,,,,,,,,414,="",="2/5/2026 6:48:43.381521105 AM",
="",11976,,,,,,,,,,,,,,,,392,="",="2/5/2026 6:48:43.463602950 AM",
="",11995,,,,,,,,,,,,,,,,168,="",="2/5/2026 6:48:43.580351435 AM",
="",12002,,,,,,,,,,,,,,,,113,="",="2/5/2026 6:48:43.623151025 AM",
="",12022,,,,,,,,,,,,,,,,229,="",="2/5/2026 6:48:43.733098970 AM",
="",12036,,,,,,,,,,,,,,,,459,="",="2/5/2026 6:48:43.831241005 AM",
="",12054,,,,,,,,,,,,,,,,316,="",="2/5/2026 6:48:43.967583150 AM",
="",12067,,,,,,,,,,,,,,,,113,="",="2/5/2026 6:48:44.092438305 AM",
="",12078,,,,,,,,,,,,,,,,169,="",="2/5/2026 6:48:44.186827960 AM",
="",12080,,,,,,,,,,,,,,,,471,="",="2/5/2026 6:48:44.206254755 AM",
="",12089,,,,,,,,,,,,,,,,392,="",="2/5/2026 6:48:44.282807305 AM",
="",12094,,,,,,,,,,,,,,,,99,="",="2/5/2026 6:48:44.331483460 AM",
="",12098,,,,,,,,,,,,,,,,99,="",="2/5/2026 6:48:44.347124870 AM",
="",12105,,,,,,,,,,,,,,,,117,="",="2/5/2026 6:48:44.362651435 AM",
="",12108,,,,,,,,,,,,,,,,105,="",="2/5/2026 6:48:44.378521175 AM",
="",12111,,,,,,,,,,,,,,,,471,="",="2/5/2026 6:48:44.409913645 AM",
="",12116,,,,,,,,,,,,,,,,229,="",="2/5/2026 6:48:44.446651545 AM",
="",12118,,,,,,,,,,,,,,,,213,="",="2/5/2026 6:48:44.448729440 AM",
="",12126,,,,,,,,,,,,,,,,99,="",="2/5/2026 6:48:44.502232495 AM",
="",12127,,,,,,,,,,,,,,,,416,="",="2/5/2026 6:48:44.503711790 AM",
="",12133,,,,,,,,,,,,,,,,99,="",="2/5/2026 6:48:44.529016680 AM",
="",12135,,,,,,,,,,,,,,,,229,="",="2/5/2026 6:48:44.533406330 AM",
="",12141,,,,,,,,,,,,,,,,416,="",="2/5/2026 6:48:44.606096605 AM",
="",12142,,,,,,,,,,,,,,,,168,="",="2/5/2026 6:48:44.607572085 AM",
="",12143,,,,,,,,,,,,,,,,478,="",="2/5/2026 6:48:44.611352500 AM",
="",12174,,,,,,,,,,,,,,,,113,="",="2/5/2026 6:48:44.811292255 AM",
="",12180,,,,,,,,,,,,,,,,99,="",="2/5/2026 6:48:44.847130185 AM",
="",12206,,,,,,,,,,,,,,,,313,="",="2/5/2026 6:48:45.004364460 AM",
="",12217,,,,,,,,,,,,,,,,99,="",="2/5/2026 6:48:45.085741320 AM",
="",12218,,,,,,,,,,,,,,,,117,="",="2/5/2026 6:48:45.085918090 AM",
="",12219,,,,,,,,,,,,,,,,105,="",="2/5/2026 6:48:45.099117565 AM",
="",12220,,,,,,,,,,,,,,,,119,="",="2/5/2026 6:48:45.099476375 AM",
="",12221,,,,,,,,,,,,,,,,99,="",="2/5/2026 6:48:45.099679380 AM",
="",12222,,,,,,,,,,,,,,,,117,="",="2/5/2026 6:48:45.099792905 AM",
="",12223,,,,,,,,,,,,,,,,105,="",="2/5/2026 6:48:45.099973475 AM",
="",12224,,,,,,,,,,,,,,,,99,="",="2/5/2026 6:48:45.100490260 AM",
="",12225,,,,,,,,,,,,,,,,117,="",="2/5/2026 6:48:45.100607105 AM",
="",12227,,,,,,,,,,,,,,,,313,="",="2/5/2026 6:48:45.101663370 AM",
="",12228,,,,,,,,,,,,,,,,392,="",="2/5/2026 6:48:45.102012375 AM",
="",12229,,,,,,,,,,,,,,,,418,="",="2/5/2026 6:48:45.102440740 AM",
="",12230,,,,,,,,,,,,,,,,99,="",="2/5/2026 6:48:45.109149285 AM",
="",12231,,,,,,,,,,,,,,,,117,="",="2/5/2026 6:48:45.111450600 AM",
="",12234,,,,,,,,,,,,,,,,105,="",="2/5/2026 6:48:45.136290635 AM",
="",12235,,,,,,,,,,,,,,,,105,="",="2/5/2026 6:48:45.141258360 AM",
="",12236,,,,,,,,,,,,,,,,99,="",="2/5/2026 6:48:45.147508280 AM",
="",12241,,,,,,,,,,,,,,,,105,="",="2/5/2026 6:48:45.163294990 AM",
="",12247,,,,,,,,,,,,,,,,105,="",="2/5/2026 6:48:45.174376815 AM",
="",12248,,,,,,,,,,,,,,,,117,="",="2/5/2026 6:48:45.177125430 AM",
="",12249,,,,,,,,,,,,,,,,99,="",="2/5/2026 6:48:45.177286745 AM",
="",12250,,,,,,,,,,,,,,,,117,="",="2/5/2026 6:48:45.177419925 AM",
="",12251,,,,,,,,,,,,,,,,105,="",="2/5/2026 6:48:45.188933825 AM",
="",12252,,,,,,,,,,,,,,,,117,="",="2/5/2026 6:48:45.191648585 AM",
="",12253,,,,,,,,,,,,,,,,105,="",="2/5/2026 6:48:45.191791565 AM",
="",12254,,,,,,,,,,,,,,,,229,="",="2/5/2026 6:48:45.200365230 AM",
="",12255,,,,,,,,,,,,,,,,105,="",="2/5/2026 6:48:45.214111370 AM",
="",12256,,,,,,,,,,,,,,,,105,="",="2/5/2026 6:48:45.214925410 AM",
="",12260,,,,,,,,,,,,,,,,105,="",="2/5/2026 6:48:45.217442695 AM",
="",12261,,,,,,,,,,,,,,,,117,="",="2/5/2026 6:48:45.219067735 AM",
="",12268,,,,,,,,,,,,,,,,117,="",="2/5/2026 6:48:45.267148780 AM",
="",12269,,,,,,,,,,,,,,,,105,="",="2/5/2026 6:48:45.267332670 AM",
="",12270,,,,,,,,,,,,,,,,105,="",="2/5/2026 6:48:45.269314700 AM",
="",12272,,,,,,,,,,,,,,,,117,="",="2/5/2026 6:48:45.279179740 AM",
="",12273,,,,,,,,,,,,,,,,99,="",="2/5/2026 6:48:45.281573650 AM",
="",12274,,,,,,,,,,,,,,,,117,="",="2/5/2026 6:48:45.281694430 AM",
="",12275,,,,,,,,,,,,,,,,105,="",="2/5/2026 6:48:45.281813555 AM",
="",12276,,,,,,,,,,,,,,,,117,="",="2/5/2026 6:48:45.283578535 AM",
="",12277,,,,,,,,,,,,,,,,105,="",="2/5/2026 6:48:45.283778025 AM",
="",12278,,,,,,,,,,,,,,,,117,="",="2/5/2026 6:48:45.285518685 AM",
="",12279,,,,,,,,,,,,,,,,105,="",="2/5/2026 6:48:45.300287730 AM",
="",12280,,,,,,,,,,,,,,,,105,="",="2/5/2026 6:48:45.300752860 AM",
="",12281,,,,,,,,,,,,,,,,117,="",="2/5/2026 6:48:45.301600435 AM",
="",12282,,,,,,,,,,,,,,,,99,="",="2/5/2026 6:48:45.301807205 AM",
="",12283,,,,,,,,,,,,,,,,117,="",="2/5/2026 6:48:45.301940305 AM",
="",12284,,,,,,,,,,,,,,,,117,="",="2/5/2026 6:48:45.305135610 AM",
="",12285,,,,,,,,,,,,,,,,105,="",="2/5/2026 6:48:45.305905180 AM",
="",12286,,,,,,,,,,,,,,,,105,="",="2/5/2026 6:48:45.306498090 AM",
="",12287,,,,,,,,,,,,,,,,105,="",="2/5/2026 6:48:45.308224575 AM",
="",12294,,,,,,,,,,,,,,,,117,="",="2/5/2026 6:48:45.315026390 AM",
="",12295,,,,,,,,,,,,,,,,105,="",="2/5/2026 6:48:45.315125980 AM",
="",12296,,,,,,,,,,,,,,,,117,="",="2/5/2026 6:48:45.319524490 AM",
="",12297,,,,,,,,,,,,,,,,42,="",="2/5/2026 6:48:45.323783450 AM",
="",12298,,,,,,,,,,,,,,,,117,="",="2/5/2026 6:48:45.340266245 AM",
="",12299,,,,,,,,,,,,,,,,105,="",="2/5/2026 6:48:45.340393210 AM",
="",12300,,,,,,,,,,,,,,,,105,="",="2/5/2026 6:48:45.346420200 AM",
="",12304,,,,,,,,,,,,,,,,105,="",="2/5/2026 6:48:45.364084655 AM",
="",12305,,,,,,,,,,,,,,,,105,="",="2/5/2026 6:48:45.364722660 AM",
="",12306,,,,,,,,,,,,,,,,105,="",="2/5/2026 6:48:45.365311970 AM",
="",12307,,,,,,,,,,,,,,,,99,="",="2/5/2026 6:48:45.365966895 AM",
="",12308,,,,,,,,,,,,,,,,117,="",="2/5/2026 6:48:45.366088155 AM",
="",12309,,,,,,,,,,,,,,,,105,="",="2/5/2026 6:48:45.366295125 AM",
="",12314,,,,,,,,,,,,,,,,105,="",="2/5/2026 6:48:45.371470445 AM",
="",12315,,,,,,,,,,,,,,,,117,="",="2/5/2026 6:48:45.375369625 AM",
="",12318,,,,,,,,,,,,,,,,105,="",="2/5/2026 6:48:45.379077260 AM",
="",12319,,,,,,,,,,,,,,,,99,="",="2/5/2026 6:48:45.379252775 AM",
="",12320,,,,,,,,,,,,,,,,117,="",="2/5/2026 6:48:45.379392955 AM",
="",12321,,,,,,,,,,,,,,,,105,="",="2/5/2026 6:48:45.379597565 AM",
="",12322,,,,,,,,,,,,,,,,105,="",="2/5/2026 6:48:45.380332175 AM",
="",12323,,,,,,,,,,,,,,,,99,="",="2/5/2026 6:48:45.382992265 AM",
="",12324,,,,,,,,,,,,,,,,117,="",="2/5/2026 6:48:45.383125565 AM",
="",12325,,,,,,,,,,,,,,,,105,="",="2/5/2026 6:48:45.383571775 AM",
="",12326,,,,,,,,,,,,,,,,117,="",="2/5/2026 6:48:45.385754610 AM",
="",12327,,,,,,,,,,,,,,,,117,="",="2/5/2026 6:48:45.387220220 AM",
="",12328,,,,,,,,,,,,,,,,105,="",="2/5/2026 6:48:45.388122545 AM",
="",12329,,,,,,,,,,,,,,,,117,="",="2/5/2026 6:48:45.388819215 AM",
="",12330,,,,,,,,,,,,,,,,99,="",="2/5/2026 6:48:45.390133310 AM",
="",12331,,,,,,,,,,,,,,,,117,="",="2/5/2026 6:48:45.390254170 AM",
="",12332,,,,,,,,,,,,,,,,105,="",="2/5/2026 6:48:45.396502170 AM",
="",12333,,,,,,,,,,,,,,,,105,="",="2/5/2026 6:48:45.400227300 AM",
="",12334,,,,,,,,,,,,,,,,99,="",="2/5/2026 6:48:45.401225975 AM",
="",12335,,,,,,,,,,,,,,,,117,="",="2/5/2026 6:48:45.401343555 AM",
="",12336,,,,,,,,,,,,,,,,105,="",="2/5/2026 6:48:45.402966235 AM",
="",12337,,,,,,,,,,,,,,,,117,="",="2/5/2026 6:48:45.404185050 AM",
="",12338,,,,,,,,,,,,,,,,117,="",="2/5/2026 6:48:45.406080895 AM",
="",12339,,,,,,,,,,,,,,,,105,="",="2/5/2026 6:48:45.409212475 AM",
="",12340,,,,,,,,,,,,,,,,129,="",="2/5/2026 6:48:45.409387335 AM",
="",12344,,,,,,,,,,,,,,,,99,="",="2/5/2026 6:48:45.413892425 AM",
="",12345,,,,,,,,,,,,,,,,117,="",="2/5/2026 6:48:45.414012405 AM",
="",12346,,,,,,,,,,,,,,,,105,="",="2/5/2026 6:48:45.414138745 AM",
="",12347,,,,,,,,,,,,,,,,99,="",="2/5/2026 6:48:45.417722000 AM",
="",12348,,,,,,,,,,,,,,,,117,="",="2/5/2026 6:48:45.417854980 AM",
="",12349,,,,,,,,,,,,,,,,99,="",="2/5/2026 6:48:45.420591595 AM",
="",12350,,,,,,,,,,,,,,,,99,="",="2/5/2026 6:48:45.422333960 AM",
="",12351,,,,,,,,,,,,,,,,117,="",="2/5/2026 6:48:45.422454700 AM",
="",12353,,,,,,,,,,,,,,,,117,="",="2/5/2026 6:48:45.424601440 AM",
="",12354,,,,,,,,,,,,,,,,416,="",="2/5/2026 6:48:45.425327025 AM",
="",12355,,,,,,,,,,,,,,,,117,="",="2/5/2026 6:48:45.426128240 AM",
="",12356,,,,,,,,,,,,,,,,105,="",="2/5/2026 6:48:45.426209605 AM",
="",12357,,,,,,,,,,,,,,,,117,="",="2/5/2026 6:48:45.427056855 AM",
="",12359,,,,,,,,,,,,,,,,105,="",="2/5/2026 6:48:45.437387235 AM",
="",12360,,,,,,,,,,,,,,,,99,="",="2/5/2026 6:48:45.438153725 AM",
="",12361,,,,,,,,,,,,,,,,117,="",="2/5/2026 6:48:45.438297480 AM",
="",12362,,,,,,,,,,,,,,,,105,="",="2/5/2026 6:48:45.438424685 AM",
="",12363,,,,,,,,,,,,,,,,117,="",="2/5/2026 6:48:45.438904185 AM",
="",12368,,,,,,,,,,,,,,,,105,="",="2/5/2026 6:48:45.459313820 AM",
="",12369,,,,,,,,,,,,,,,,123,="",="2/5/2026 6:48:45.459708385 AM",
="",12370,,,,,,,,,,,,,,,,117,="",="2/5/2026 6:48:45.460184610 AM",
="",12371,,,,,,,,,,,,,,,,99,="",="2/5/2026 6:48:45.463852710 AM",
="",12375,,,,,,,,,,,,,,,,105,="",="2/5/2026 6:48:45.468997590 AM",
="",12387,,,,,,,,,,,,,,,,117,="",="2/5/2026 6:48:45.528831160 AM",
="",12418,,,,,,,,,,,,,,,,229,="",="2/5/2026 6:48:45.677617305 AM",
="",12429,,,,,,,,,,,,,,,,99,="",="2/5/2026 6:48:45.725288330 AM",
="",12435,,,,,,,,,,,,,,,,229,="",="2/5/2026 6:48:45.777868830 AM",
="",12444,,,,,,,,,,,,,,,,392,="",="2/5/2026 6:48:45.819201605 AM",
="",12458,,,,,,,,,,,,,,,,471,="",="2/5/2026 6:48:45.945942325 AM",
="",12460,,,,,,,,,,,,,,,,414,="",="2/5/2026 6:48:45.950049005 AM",
="",12462,,,,,,,,,,,,,,,,459,="",="2/5/2026 6:48:45.981667425 AM",
="",12482,,,,,,,,,,,,,,,,402,="",="2/5/2026 6:48:46.092065490 AM",
="",12491,,,,,,,,,,,,,,,,478,="",="2/5/2026 6:48:46.147365415 AM",
="",12493,,,,,,,,,,,,,,,,171,="",="2/5/2026 6:48:46.175662095 AM",
="",12503,,,,,,,,,,,,,,,,117,="",="2/5/2026 6:48:46.200669385 AM",
="",12510,,,,,,,,,,,,,,,,388,="",="2/5/2026 6:48:46.245980505 AM",
="",12511,,,,,,,,,,,,,,,,414,="",="2/5/2026 6:48:46.248705865 AM",
="",12524,,,,,,,,,,,,,,,,105,="",="2/5/2026 6:48:46.340164070 AM",
="",12530,,,,,,,,,,,,,,,,105,="",="2/5/2026 6:48:46.370306005 AM",
="",12531,,,,,,,,,,,,,,,,125,="",="2/5/2026 6:48:46.370446440 AM",
="",12535,,,,,,,,,,,,,,,,99,="",="2/5/2026 6:48:46.375824650 AM",
="",12537,,,,,,,,,,,,,,,,105,="",="2/5/2026 6:48:46.384843815 AM",
="",12539,,,,,,,,,,,,,,,,117,="",="2/5/2026 6:48:46.385283055 AM",
="",12556,,,,,,,,,,,,,,,,99,="",="2/5/2026 6:48:46.496156465 AM",
="",12567,,,,,,,,,,,,,,,,99,="",="2/5/2026 6:48:46.552311080 AM",
="",12568,,,,,,,,,,,,,,,,99,="",="2/5/2026 6:48:46.568053855 AM",
="",12592,,,,,,,,,,,,,,,,99,="",="2/5/2026 6:48:46.702786565 AM",
="",12605,,,,,,,,,,,,,,,,229,="",="2/5/2026 6:48:46.806877335 AM",
="",12627,,,,,,,,,,,,,,,,105,="",="2/5/2026 6:48:46.914282665 AM",
="",12628,,,,,,,,,,,,,,,,99,="",="2/5/2026 6:48:46.915077090 AM",
="",12629,,,,,,,,,,,,,,,,117,="",="2/5/2026 6:48:46.915197510 AM",
="",12630,,,,,,,,,,,,,,,,105,="",="2/5/2026 6:48:46.915371425 AM",
="",12631,,,,,,,,,,,,,,,,313,="",="2/5/2026 6:48:46.915392065 AM",
="",12632,,,,,,,,,,,,,,,,105,="",="2/5/2026 6:48:46.918649360 AM",
="",12635,,,,,,,,,,,,,,,,105,="",="2/5/2026 6:48:46.920829480 AM",
="",12636,,,,,,,,,,,,,,,,99,="",="2/5/2026 6:48:46.922096355 AM",
="",12637,,,,,,,,,,,,,,,,117,="",="2/5/2026 6:48:46.922216775 AM",
="",12639,,,,,,,,,,,,,,,,105,="",="2/5/2026 6:48:46.923223985 AM",
="",12640,,,,,,,,,,,,,,,,99,="",="2/5/2026 6:48:46.925457120 AM",
="",12641,,,,,,,,,,,,,,,,117,="",="2/5/2026 6:48:46.925574700 AM",
="",12651,,,,,,,,,,,,,,,,418,="",="2/5/2026 6:48:46.945651405 AM",
="",12765,,,,,,,,,,,,,,,,99,="",="2/5/2026 6:48:47.698735990 AM",
="",12811,,,,,,,,,,,,,,,,360,="",="2/5/2026 6:48:47.852389265 AM",
="",12825,,,,,,,,,,,,,,,,366,="",="2/5/2026 6:48:47.878070950 AM",
="",12841,,,,,,,,,,,,,,,,99,="",="2/5/2026 6:48:47.954618780 AM",
="",12843,,,,,,,,,,,,,,,,412,="",="2/5/2026 6:48:47.977897915 AM",
="",12848,,,,,,,,,,,,,,,,99,="",="2/5/2026 6:48:47.997467595 AM",
="",12850,,,,,,,,,,,,,,,,105,="",="2/5/2026 6:48:47.997752210 AM",
="",12854,,,,,,,,,,,,,,,,105,="",="2/5/2026 6:48:48.001147270 AM",
="",12855,,,,,,,,,,,,,,,,99,="",="2/5/2026 6:48:48.001656975 AM",
="",12857,,,,,,,,,,,,,,,,105,="",="2/5/2026 6:48:48.002663665 AM",
="",12859,,,,,,,,,,,,,,,,99,="",="2/5/2026 6:48:48.004604040 AM",
="",12861,,,,,,,,,,,,,,,,105,="",="2/5/2026 6:48:48.009835310 AM",
="",12885,,,,,,,,,,,,,,,,392,="",="2/5/2026 6:48:48.145085205 AM",
="",12886,,,,,,,,,,,,,,,,99,="",="2/5/2026 6:48:48.154138090 AM",
="",12887,,,,,,,,,,,,,,,,117,="",="2/5/2026 6:48:48.154254615 AM",
="",12898,,,,,,,,,,,,,,,,105,="",="2/5/2026 6:48:48.178366415 AM",
="",12919,,,,,,,,,,,,,,,,99,="",="2/5/2026 6:48:48.261436140 AM",
="",12932,,,,,,,,,,,,,,,,109,="",="2/5/2026 6:48:48.315220145 AM",
="",12956,,,,,,,,,,,,,,,,229,="",="2/5/2026 6:48:48.441214455 AM",
="",12958,,,,,,,,,,,,,,,,339,="",="2/5/2026 6:48:48.491757745 AM",
="",12962,,,,,,,,,,,,,,,,333,="",="2/5/2026 6:48:48.514028740 AM",
="",12964,,,,,,,,,,,,,,,,99,="",="2/5/2026 6:48:48.521465170 AM",
="",12966,,,,,,,,,,,,,,,,331,="",="2/5/2026 6:48:48.527337060 AM",
="",12987,,,,,,,,,,,,,,,,331,="",="2/5/2026 6:48:48.629739455 AM",
="",13004,,,,,,,,,,,,,,,,360,="",="2/5/2026 6:48:48.726135245 AM",
="",13005,,,,,,,,,,,,,,,,360,="",="2/5/2026 6:48:48.726792770 AM",
="",13024,,,,,,,,,,,,,,,,331,="",="2/5/2026 6:48:48.834540615 AM",
="",13040,,,,,,,,,,,,,,,,339,="",="2/5/2026 6:48:48.901356405 AM",
="",13074,,,,,,,,,,,,,,,,313,="",="2/5/2026 6:48:49.066042460 AM",
="",13100,,,,,,,,,,,,,,,,331,="",="2/5/2026 6:48:49.244146160 AM",
="",13109,,,,,,,,,,,,,,,,213,="",="2/5/2026 6:48:49.258427095 AM",
="",13147,,,,,,,,,,,,,,,,339,="",="2/5/2026 6:48:49.515759320 AM",
="",13168,,,,,,,,,,,,,,,,323,="",="2/5/2026 6:48:49.658024070 AM",
="",13176,,,,,,,,,,,,,,,,229,="",="2/5/2026 6:48:49.669184025 AM",
="",13190,,,,,,,,,,,,,,,,392,="",="2/5/2026 6:48:49.760185230 AM",
="",13195,,,,,,,,,,,,,,,,388,="",="2/5/2026 6:48:49.771063060 AM",
="",13207,,,,,,,,,,,,,,,,339,="",="2/5/2026 6:48:49.822961340 AM",
="",13222,,,,,,,,,,,,,,,,392,="",="2/5/2026 6:48:49.917344640 AM",
="",13239,,,,,,,,,,,,,,,,339,="",="2/5/2026 6:48:50.028037720 AM",
="",13263,,,,,,,,,,,,,,,,105,="",="2/5/2026 6:48:50.129817215 AM",
="",13264,,,,,,,,,,,,,,,,105,="",="2/5/2026 6:48:50.130984405 AM",
="",13265,,,,,,,,,,,,,,,,105,="",="2/5/2026 6:48:50.131667985 AM",
="",13267,,,,,,,,,,,,,,,,117,="",="2/5/2026 6:48:50.132193705 AM",
="",13268,,,,,,,,,,,,,,,,117,="",="2/5/2026 6:48:50.135235455 AM",
="",13269,,,,,,,,,,,,,,,,383,="",="2/5/2026 6:48:50.135304825 AM",
="",13270,,,,,,,,,,,,,,,,105,="",="2/5/2026 6:48:50.135879500 AM",
="",13273,,,,,,,,,,,,,,,,105,="",="2/5/2026 6:48:50.162499050 AM",
="",13274,,,,,,,,,,,,,,,,117,="",="2/5/2026 6:48:50.162610570 AM",
="",13275,,,,,,,,,,,,,,,,105,="",="2/5/2026 6:48:50.163421935 AM",
="",13276,,,,,,,,,,,,,,,,105,="",="2/5/2026 6:48:50.163859050 AM",
="",13277,,,,,,,,,,,,,,,,105,="",="2/5/2026 6:48:50.164381955 AM",
="",13278,,,,,,,,,,,,,,,,99,="",="2/5/2026 6:48:50.164953850 AM",
="",13281,,,,,,,,,,,,,,,,99,="",="2/5/2026 6:48:50.174815575 AM",
="",13282,,,,,,,,,,,,,,,,117,="",="2/5/2026 6:48:50.175046080 AM",
="",13283,,,,,,,,,,,,,,,,117,="",="2/5/2026 6:48:50.175171540 AM",
="",13284,,,,,,,,,,,,,,,,117,="",="2/5/2026 6:48:50.177517255 AM",
="",13285,,,,,,,,,,,,,,,,117,="",="2/5/2026 6:48:50.177644835 AM",
="",13286,,,,,,,,,,,,,,,,105,="",="2/5/2026 6:48:50.177807190 AM",
="",13288,,,,,,,,,,,,,,,,99,="",="2/5/2026 6:48:50.179181630 AM",
="",13292,,,,,,,,,,,,,,,,105,="",="2/5/2026 6:48:50.187583390 AM",
="",13294,,,,,,,,,,,,,,,,105,="",="2/5/2026 6:48:50.190885335 AM",
="",13295,,,,,,,,,,,,,,,,117,="",="2/5/2026 6:48:50.191942285 AM",
="",13297,,,,,,,,,,,,,,,,99,="",="2/5/2026 6:48:50.199231310 AM",
="",13298,,,,,,,,,,,,,,,,117,="",="2/5/2026 6:48:50.199364650 AM",
="",13299,,,,,,,,,,,,,,,,117,="",="2/5/2026 6:48:50.199487510 AM",
="",13300,,,,,,,,,,,,,,,,99,="",="2/5/2026 6:48:50.201252370 AM",
="",13318,,,,,,,,,,,,,,,,105,="",="2/5/2026 6:48:50.218384025 AM",
="",13322,,,,,,,,,,,,,,,,105,="",="2/5/2026 6:48:50.221563115 AM",
="",13323,,,,,,,,,,,,,,,,117,="",="2/5/2026 6:48:50.222986625 AM",
="",13324,,,,,,,,,,,,,,,,105,="",="2/5/2026 6:48:50.225994200 AM",
="",13325,,,,,,,,,,,,,,,,99,="",="2/5/2026 6:48:50.227251355 AM",
="",13326,,,,,,,,,,,,,,,,117,="",="2/5/2026 6:48:50.227385495 AM",
="",13327,,,,,,,,,,,,,,,,105,="",="2/5/2026 6:48:50.227484940 AM",
="",13328,,,,,,,,,,,,,,,,117,="",="2/5/2026 6:48:50.229508960 AM",
="",13333,,,,,,,,,,,,,,,,105,="",="2/5/2026 6:48:50.234890385 AM",
="",13335,,,,,,,,,,,,,,,,117,="",="2/5/2026 6:48:50.236305615 AM",
="",13336,,,,,,,,,,,,,,,,105,="",="2/5/2026 6:48:50.236458635 AM",
="",13338,,,,,,,,,,,,,,,,117,="",="2/5/2026 6:48:50.238006965 AM",
="",13342,,,,,,,,,,,,,,,,117,="",="2/5/2026 6:48:50.250543275 AM",
="",13343,,,,,,,,,,,,,,,,105,="",="2/5/2026 6:48:50.250744045 AM",
="",13344,,,,,,,,,,,,,,,,117,="",="2/5/2026 6:48:50.252032130 AM",
="",13346,,,,,,,,,,,,,,,,117,="",="2/5/2026 6:48:50.261124710 AM",
="",13352,,,,,,,,,,,,,,,,117,="",="2/5/2026 6:48:50.281497180 AM",
="",13354,,,,,,,,,,,,,,,,117,="",="2/5/2026 6:48:50.281924420 AM",
="",13355,,,,,,,,,,,,,,,,105,="",="2/5/2026 6:48:50.282124295 AM",
="",13357,,,,,,,,,,,,,,,,459,="",="2/5/2026 6:48:50.282500245 AM",
="",13362,,,,,,,,,,,,,,,,105,="",="2/5/2026 6:48:50.284911180 AM",
="",13367,,,,,,,,,,,,,,,,117,="",="2/5/2026 6:48:50.289492880 AM",
="",13372,,,,,,,,,,,,,,,,117,="",="2/5/2026 6:48:50.294008515 AM",
="",13376,,,,,,,,,,,,,,,,2062,="",="2/5/2026 6:48:50.295855470 AM",
="",13386,,,,,,,,,,,,,,,,105,="",="2/5/2026 6:48:50.299874330 AM",
="",13388,,,,,,,,,,,,,,,,117,="",="2/5/2026 6:48:50.301625295 AM",
="",13389,,,,,,,,,,,,,,,,105,="",="2/5/2026 6:48:50.301751155 AM",
="",13390,,,,,,,,,,,,,,,,105,="",="2/5/2026 6:48:50.302032355 AM",
="",13392,,,,,,,,,,,,,,,,99,="",="2/5/2026 6:48:50.303054085 AM",
="",13393,,,,,,,,,,,,,,,,105,="",="2/5/2026 6:48:50.303213480 AM",
="",13395,,,,,,,,,,,,,,,,105,="",="2/5/2026 6:48:50.303788975 AM",
="",13396,,,,,,,,,,,,,,,,117,="",="2/5/2026 6:48:50.304170500 AM",
="",13400,,,,,,,,,,,,,,,,105,="",="2/5/2026 6:48:50.307906205 AM",
="",13401,,,,,,,,,,,,,,,,99,="",="2/5/2026 6:48:50.308731405 AM",
="",13402,,,,,,,,,,,,,,,,117,="",="2/5/2026 6:48:50.308849385 AM",
="",13406,,,,,,,,,,,,,,,,117,="",="2/5/2026 6:48:50.312194575 AM",
="",13408,,,,,,,,,,,,,,,,117,="",="2/5/2026 6:48:50.317893310 AM",
="",13409,,,,,,,,,,,,,,,,105,="",="2/5/2026 6:48:50.321785355 AM",
="",13410,,,,,,,,,,,,,,,,117,="",="2/5/2026 6:48:50.323401420 AM",
="",13411,,,,,,,,,,,,,,,,105,="",="2/5/2026 6:48:50.323518560 AM",
="",13414,,,,,,,,,,,,,,,,105,="",="2/5/2026 6:48:50.328600450 AM",
="",13418,,,,,,,,,,,,,,,,229,="",="2/5/2026 6:48:50.334963960 AM",
="",13419,,,,,,,,,,,,,,,,117,="",="2/5/2026 6:48:50.335904485 AM",
="",13424,,,,,,,,,,,,,,,,105,="",="2/5/2026 6:48:50.338499590 AM",
="",13428,,,,,,,,,,,,,,,,117,="",="2/5/2026 6:48:50.340575875 AM",
="",13429,,,,,,,,,,,,,,,,388,="",="2/5/2026 6:48:50.341258855 AM",
="",13430,,,,,,,,,,,,,,,,105,="",="2/5/2026 6:48:50.342011670 AM",
="",13431,,,,,,,,,,,,,,,,105,="",="2/5/2026 6:48:50.343195555 AM",
="",13433,,,,,,,,,,,,,,,,117,="",="2/5/2026 6:48:50.344176990 AM",
="",13438,,,,,,,,,,,,,,,,117,="",="2/5/2026 6:48:50.357529980 AM",
="",13439,,,,,,,,,,,,,,,,105,="",="2/5/2026 6:48:50.357647960 AM",
="",13442,,,,,,,,,,,,,,,,99,="",="2/5/2026 6:48:50.367196775 AM",
="",13443,,,,,,,,,,,,,,,,117,="",="2/5/2026 6:48:50.367325915 AM",
="",13444,,,,,,,,,,,,,,,,340,="",="2/5/2026 6:48:50.367390685 AM",
="",13447,,,,,,,,,,,,,,,,117,="",="2/5/2026 6:48:50.370069130 AM",
="",13448,,,,,,,,,,,,,,,,105,="",="2/5/2026 6:48:50.370148255 AM",
="",13449,,,,,,,,,,,,,,,,111,="",="2/5/2026 6:48:50.371888030 AM",
="",13451,,,,,,,,,,,,,,,,117,="",="2/5/2026 6:48:50.375163435 AM",
="",13452,,,,,,,,,,,,,,,,117,="",="2/5/2026 6:48:50.376217020 AM",
="",13458,,,,,,,,,,,,,,,,105,="",="2/5/2026 6:48:50.381040630 AM",
="",13462,,,,,,,,,,,,,,,,105,="",="2/5/2026 6:48:50.382519330 AM",
="",13466,,,,,,,,,,,,,,,,2277,="",="2/5/2026 6:48:50.385177770 AM",
="",13470,,,,,,,,,,,,,,,,105,="",="2/5/2026 6:48:50.389493220 AM",
="",13474,,,,,,,,,,,,,,,,99,="",="2/5/2026 6:48:50.392351720 AM",
="",13475,,,,,,,,,,,,,,,,99,="",="2/5/2026 6:48:50.392884520 AM",
="",13478,,,,,,,,,,,,,,,,99,="",="2/5/2026 6:48:50.393490710 AM",
="",13486,,,,,,,,,,,,,,,,117,="",="2/5/2026 6:48:50.405412190 AM",
="",13497,,,,,,,,,,,,,,,,121,="",="2/5/2026 6:48:50.418662510 AM",
="",13502,,,,,,,,,,,,,,,,117,="",="2/5/2026 6:48:50.421258245 AM",
="",13504,,,,,,,,,,,,,,,,117,="",="2/5/2026 6:48:50.422915740 AM",
="",13509,,,,,,,,,,,,,,,,117,="",="2/5/2026 6:48:50.424685280 AM",
="",13511,,,,,,,,,,,,,,,,99,="",="2/5/2026 6:48:50.426452105 AM",
="",13515,,,,,,,,,,,,,,,,117,="",="2/5/2026 6:48:50.434240430 AM",
="",13519,,,,,,,,,,,,,,,,117,="",="2/5/2026 6:48:50.442619035 AM",
="",13523,,,,,,,,,,,,,,,,99,="",="2/5/2026 6:48:50.445507230 AM",
="",13524,,,,,,,,,,,,,,,,117,="",="2/5/2026 6:48:50.445635410 AM",
="",13525,,,,,,,,,,,,,,,,117,="",="2/5/2026 6:48:50.456130620 AM",
="",13527,,,,,,,,,,,,,,,,105,="",="2/5/2026 6:48:50.463406070 AM",
="",13528,,,,,,,,,,,,,,,,117,="",="2/5/2026 6:48:50.465861125 AM",
="",13529,,,,,,,,,,,,,,,,105,="",="2/5/2026 6:48:50.466140525 AM",
="",13530,,,,,,,,,,,,,,,,105,="",="2/5/2026 6:48:50.466937405 AM",
="",13532,,,,,,,,,,,,,,,,117,="",="2/5/2026 6:48:50.469809120 AM",
="",13535,,,,,,,,,,,,,,,,117,="",="2/5/2026 6:48:50.472611910 AM",
="",13536,,,,,,,,,,,,,,,,105,="",="2/5/2026 6:48:50.472780185 AM",
="",13538,,,,,,,,,,,,,,,,105,="",="2/5/2026 6:48:50.482835200 AM",
="",13542,,,,,,,,,,,,,,,,99,="",="2/5/2026 6:48:50.485980035 AM",
="",13543,,,,,,,,,,,,,,,,117,="",="2/5/2026 6:48:50.486101335 AM",
="",13544,,,,,,,,,,,,,,,,105,="",="2/5/2026 6:48:50.486249315 AM",
="",13550,,,,,,,,,,,,,,,,123,="",="2/5/2026 6:48:50.492959070 AM",
="",13551,,,,,,,,,,,,,,,,105,="",="2/5/2026 6:48:50.493381720 AM",
="",13552,,,,,,,,,,,,,,,,117,="",="2/5/2026 6:48:50.494353295 AM",
="",13554,,,,,,,,,,,,,,,,117,="",="2/5/2026 6:48:50.494758160 AM",
="",13561,,,,,,,,,,,,,,,,105,="",="2/5/2026 6:48:50.499730685 AM",
="",13562,,,,,,,,,,,,,,,,117,="",="2/5/2026 6:48:50.501906480 AM",
="",13564,,,,,,,,,,,,,,,,117,="",="2/5/2026 6:48:50.502316945 AM",
="",13575,,,,,,,,,,,,,,,,99,="",="2/5/2026 6:48:50.533495920 AM",
="",13576,,,,,,,,,,,,,,,,117,="",="2/5/2026 6:48:50.533613580 AM",
="",13601,,,,,,,,,,,,,,,,418,="",="2/5/2026 6:48:50.635029875 AM",
="",13634,,,,,,,,,,,,,,,,366,="",="2/5/2026 6:48:50.847355315 AM",
="",13723,,,,,,,,,,,,,,,,117,="",="2/5/2026 6:48:51.266055930 AM",
="",13724,,,,,,,,,,,,,,,,117,="",="2/5/2026 6:48:51.276080450 AM",
="",13725,,,,,,,,,,,,,,,,117,="",="2/5/2026 6:48:51.276230310 AM",
="",13778,,,,,,,,,,,,,,,,99,="",="2/5/2026 6:48:51.448130370 AM",
="",13782,,,,,,,,,,,,,,,,418,="",="2/5/2026 6:48:51.451405715 AM",
="",13786,,,,,,,,,,,,,,,,2772,="",="2/5/2026 6:48:51.472246760 AM",
="",13797,,,,,,,,,,,,,,,,229,="",="2/5/2026 6:48:51.515792335 AM",
="",13803,,,,,,,,,,,,,,,,99,="",="2/5/2026 6:48:51.518739580 AM",
="",13817,,,,,,,,,,,,,,,,412,="",="2/5/2026 6:48:51.572862475 AM",
="",13825,,,,,,,,,,,,,,,,105,="",="2/5/2026 6:48:51.599053615 AM",
="",13833,,,,,,,,,,,,,,,,54,="",="2/5/2026 6:48:51.626048950 AM",
="",13858,,,,,,,,,,,,,,,,229,="",="2/5/2026 6:48:51.718740135 AM",
="",13864,,,,,,,,,,,,,,,,117,="",="2/5/2026 6:48:51.722599765 AM",
="",13869,,,,,,,,,,,,,,,,105,="",="2/5/2026 6:48:51.737358425 AM",
="",13871,,,,,,,,,,,,,,,,117,="",="2/5/2026 6:48:51.739108085 AM",
="",13880,,,,,,,,,,,,,,,,392,="",="2/5/2026 6:48:51.759209555 AM",
="",13885,,,,,,,,,,,,,,,,117,="",="2/5/2026 6:48:51.765099905 AM",
="",13887,,,,,,,,,,,,,,,,117,="",="2/5/2026 6:48:51.765930685 AM",
="",13890,,,,,,,,,,,,,,,,478,="",="2/5/2026 6:48:51.779437035 AM",
="",13897,,,,,,,,,,,,,,,,117,="",="2/5/2026 6:48:51.801215915 AM",
="",13912,,,,,,,,,,,,,,,,105,="",="2/5/2026 6:48:51.853416270 AM",
="",13919,,,,,,,,,,,,,,,,117,="",="2/5/2026 6:48:51.858571385 AM",
="",13924,,,,,,,,,,,,,,,,117,="",="2/5/2026 6:48:51.861851645 AM",
="",13965,,,,,,,,,,,,,,,,381,="",="2/5/2026 6:48:52.006343080 AM",
="",14032,,,,,,,,,,,,,,,,99,="",="2/5/2026 6:48:52.296063435 AM",
="",14034,,,,,,,,,,,,,,,,117,="",="2/5/2026 6:48:52.296548740 AM",
="",14047,,,,,,,,,,,,,,,,122,="",="2/5/2026 6:48:52.375811695 AM",
="",14086,,,,,,,,,,,,,,,,229,="",="2/5/2026 6:48:52.430142055 AM",
="",14093,,,,,,,,,,,,,,,,195,="",="2/5/2026 6:48:52.439354465 AM",
="",14171,,,,,,,,,,,,,,,,105,="",="2/5/2026 6:48:52.780162750 AM",
="",14179,,,,,,,,,,,,,,,,117,="",="2/5/2026 6:48:52.785869885 AM",
="",14198,,,,,,,,,,,,,,,,105,="",="2/5/2026 6:48:52.794978425 AM",
="",14212,,,,,,,,,,,,,,,,195,="",="2/5/2026 6:48:52.808603835 AM",
="",14225,,,,,,,,,,,,,,,,117,="",="2/5/2026 6:48:52.820988480 AM",
="",14258,,,,,,,,,,,,,,,,27,="",="2/5/2026 6:48:52.951410450 AM",
="",14305,,,,,,,,,,,,,,,,113,="",="2/5/2026 6:48:53.173767040 AM",
="",14307,,,,,,,,,,,,,,,,105,="",="2/5/2026 6:48:53.173914565 AM",
="",14311,,,,,,,,,,,,,,,,117,="",="2/5/2026 6:48:53.176373820 AM",
="",14364,,,,,,,,,,,,,,,,392,="",="2/5/2026 6:48:53.399377300 AM",
="",14391,,,,,,,,,,,,,,,,105,="",="2/5/2026 6:48:53.498026220 AM",
="",14400,,,,,,,,,,,,,,,,339,="",="2/5/2026 6:48:53.509377415 AM",
="",14451,,,,,,,,,,,,,,,,392,="",="2/5/2026 6:48:53.706602350 AM",
="",14452,,,,,,,,,,,,,,,,418,="",="2/5/2026 6:48:53.707006880 AM",
="",14453,,,,,,,,,,,,,,,,383,="",="2/5/2026 6:48:53.719274880 AM",
="",14471,,,,,,,,,,,,,,,,109,="",="2/5/2026 6:48:53.805652850 AM",
="",14475,,,,,,,,,,,,,,,,392,="",="2/5/2026 6:48:53.809053360 AM",
="",14492,,,,,,,,,,,,,,,,340,="",="2/5/2026 6:48:53.846689820 AM",
="",14496,,,,,,,,,,,,,,,,45,="",="2/5/2026 6:48:53.852403325 AM",
="",14535,,,,,,,,,,,,,,,,117,="",="2/5/2026 6:48:53.997697255 AM",
="",14548,,,,,,,,,,,,,,,,117,="",="2/5/2026 6:48:54.033225115 AM",
="",14553,,,,,,,,,,,,,,,,333,="",="2/5/2026 6:48:54.045504100 AM",
="",14556,,,,,,,,,,,,,,,,99,="",="2/5/2026 6:48:54.052749150 AM",
="",14557,,,,,,,,,,,,,,,,117,="",="2/5/2026 6:48:54.052858380 AM",
="",14561,,,,,,,,,,,,,,,,105,="",="2/5/2026 6:48:54.054656655 AM",
="",14563,,,,,,,,,,,,,,,,117,="",="2/5/2026 6:48:54.054760455 AM",
="",14577,,,,,,,,,,,,,,,,117,="",="2/5/2026 6:48:54.106525130 AM",
="",14585,,,,,,,,,,,,,,,,117,="",="2/5/2026 6:48:54.112757610 AM",
="",14590,,,,,,,,,,,,,,,,392,="",="2/5/2026 6:48:54.116312500 AM",
="",14591,,,,,,,,,,,,,,,,418,="",="2/5/2026 6:48:54.116728830 AM",
="",14596,,,,,,,,,,,,,,,,388,="",="2/5/2026 6:48:54.130361860 AM",
="",14600,,,,,,,,,,,,,,,,105,="",="2/5/2026 6:48:54.140727375 AM",
="",14606,,,,,,,,,,,,,,,,105,="",="2/5/2026 6:48:54.154084805 AM",
="",14609,,,,,,,,,,,,,,,,331,="",="2/5/2026 6:48:54.159413550 AM",
="",14613,,,,,,,,,,,,,,,,105,="",="2/5/2026 6:48:54.164122540 AM",
="",14619,,,,,,,,,,,,,,,,117,="",="2/5/2026 6:48:54.166218670 AM",
="",14620,,,,,,,,,,,,,,,,117,="",="2/5/2026 6:48:54.166553500 AM",
="",14631,,,,,,,,,,,,,,,,105,="",="2/5/2026 6:48:54.177894365 AM",
="",14637,,,,,,,,,,,,,,,,117,="",="2/5/2026 6:48:54.186565405 AM",
="",14640,,,,,,,,,,,,,,,,105,="",="2/5/2026 6:48:54.192062690 AM",
="",14641,,,,,,,,,,,,,,,,117,="",="2/5/2026 6:48:54.208696655 AM",
="",14651,,,,,,,,,,,,,,,,392,="",="2/5/2026 6:48:54.218603170 AM",
="",14652,,,,,,,,,,,,,,,,418,="",="2/5/2026 6:48:54.219031695 AM",
="",14689,,,,,,,,,,,,,,,,117,="",="2/5/2026 6:48:54.346862230 AM",
="",14712,,,,,,,,,,,,,,,,113,="",="2/5/2026 6:48:54.417976280 AM",
="",14739,,,,,,,,,,,,,,,,364,="",="2/5/2026 6:48:54.548510605 AM",
="",14755,,,,,,,,,,,,,,,,402,="",="2/5/2026 6:48:54.591384830 AM",
="",14761,,,,,,,,,,,,,,,,313,="",="2/5/2026 6:48:54.624895770 AM",
="",14767,,,,,,,,,,,,,,,,333,="",="2/5/2026 6:48:54.658938075 AM",
="",14795,,,,,,,,,,,,,,,,133,="",="2/5/2026 6:48:54.781189440 AM",
="",14809,,,,,,,,,,,,,,,,133,="",="2/5/2026 6:48:54.857994515 AM",
="",14834,,,,,,,,,,,,,,,,117,="",="2/5/2026 6:48:54.922952880 AM",
="",14862,,,,,,,,,,,,,,,,402,="",="2/5/2026 6:48:55.001515060 AM",
="",14866,,,,,,,,,,,,,,,,115,="",="2/5/2026 6:48:55.022590905 AM",
="",14872,,,,,,,,,,,,,,,,105,="",="2/5/2026 6:48:55.095916725 AM",
="",14874,,,,,,,,,,,,,,,,117,="",="2/5/2026 6:48:55.126450625 AM",
="",14879,,,,,,,,,,,,,,,,392,="",="2/5/2026 6:48:55.140186715 AM",
="",14880,,,,,,,,,,,,,,,,117,="",="2/5/2026 6:48:55.146591725 AM",
="",14882,,,,,,,,,,,,,,,,416,="",="2/5/2026 6:48:55.153605440 AM",
="",14899,,,,,,,,,,,,,,,,33,="",="2/5/2026 6:48:55.239609575 AM",
="",14913,,,,,,,,,,,,,,,,105,="",="2/5/2026 6:48:55.280745050 AM",
="",14920,,,,,,,,,,,,,,,,229,="",="2/5/2026 6:48:55.292684680 AM",
="",14927,,,,,,,,,,,,,,,,121,="",="2/5/2026 6:48:55.295208870 AM",
="",14936,,,,,,,,,,,,,,,,117,="",="2/5/2026 6:48:55.296409895 AM",
="",14945,,,,,,,,,,,,,,,,117,="",="2/5/2026 6:48:55.315515170 AM",
="",14951,,,,,,,,,,,,,,,,99,="",="2/5/2026 6:48:55.329968285 AM",
="",14961,,,,,,,,,,,,,,,,117,="",="2/5/2026 6:48:55.335178550 AM",
="",14962,,,,,,,,,,,,,,,,117,="",="2/5/2026 6:48:55.335225625 AM",
="",14963,,,,,,,,,,,,,,,,105,="",="2/5/2026 6:48:55.335324295 AM",
="",14968,,,,,,,,,,,,,,,,117,="",="2/5/2026 6:48:55.336886440 AM",
="",14969,,,,,,,,,,,,,,,,117,="",="2/5/2026 6:48:55.337736415 AM",
="",14971,,,,,,,,,,,,,,,,117,="",="2/5/2026 6:48:55.337963180 AM",
="",14974,,,,,,,,,,,,,,,,103,="",="2/5/2026 6:48:55.340079900 AM",
="",14975,,,,,,,,,,,,,,,,117,="",="2/5/2026 6:48:55.340124265 AM",
="",14978,,,,,,,,,,,,,,,,117,="",="2/5/2026 6:48:55.340445290 AM",
="",14994,,,,,,,,,,,,,,,,105,="",="2/5/2026 6:48:55.352912615 AM",
="",14995,,,,,,,,,,,,,,,,117,="",="2/5/2026 6:48:55.353805245 AM",
="",15002,,,,,,,,,,,,,,,,229,="",="2/5/2026 6:48:55.357030835 AM",
="",15003,,,,,,,,,,,,,,,,117,="",="2/5/2026 6:48:55.357150250 AM",
="",15004,,,,,,,,,,,,,,,,105,="",="2/5/2026 6:48:55.357258055 AM",
="",15006,,,,,,,,,,,,,,,,117,="",="2/5/2026 6:48:55.357373630 AM",
="",15010,,,,,,,,,,,,,,,,229,="",="2/5/2026 6:48:55.358797215 AM",
="",15013,,,,,,,,,,,,,,,,105,="",="2/5/2026 6:48:55.361161340 AM",
="",15019,,,,,,,,,,,,,,,,117,="",="2/5/2026 6:48:55.365354400 AM",
="",15031,,,,,,,,,,,,,,,,117,="",="2/5/2026 6:48:55.369476425 AM",
="",15041,,,,,,,,,,,,,,,,117,="",="2/5/2026 6:48:55.373560125 AM",
="",15043,,,,,,,,,,,,,,,,117,="",="2/5/2026 6:48:55.376574780 AM",
="",15049,,,,,,,,,,,,,,,,117,="",="2/5/2026 6:48:55.381467055 AM",
="",15057,,,,,,,,,,,,,,,,117,="",="2/5/2026 6:48:55.385619865 AM",
="",15066,,,,,,,,,,,,,,,,121,="",="2/5/2026 6:48:55.390704890 AM",
="",15068,,,,,,,,,,,,,,,,105,="",="2/5/2026 6:48:55.392318980 AM",
="",15074,,,,,,,,,,,,,,,,105,="",="2/5/2026 6:48:55.400763850 AM",
="",15078,,,,,,,,,,,,,,,,229,="",="2/5/2026 6:48:55.402257180 AM",
="",15083,,,,,,,,,,,,,,,,109,="",="2/5/2026 6:48:55.404454685 AM",
="",15084,,,,,,,,,,,,,,,,105,="",="2/5/2026 6:48:55.404948015 AM",
="",15085,,,,,,,,,,,,,,,,99,="",="2/5/2026 6:48:55.404994430 AM",
="",15093,,,,,,,,,,,,,,,,105,="",="2/5/2026 6:48:55.409248840 AM",
="",15095,,,,,,,,,,,,,,,,109,="",="2/5/2026 6:48:55.409916620 AM",
="",15104,,,,,,,,,,,,,,,,117,="",="2/5/2026 6:48:55.418200090 AM",
="",15108,,,,,,,,,,,,,,,,121,="",="2/5/2026 6:48:55.418732975 AM",
="",15112,,,,,,,,,,,,,,,,105,="",="2/5/2026 6:48:55.419945260 AM",
="",15117,,,,,,,,,,,,,,,,117,="",="2/5/2026 6:48:55.421050510 AM",
="",15128,,,,,,,,,,,,,,,,229,="",="2/5/2026 6:48:55.424588060 AM",
="",15129,,,,,,,,,,,,,,,,229,="",="2/5/2026 6:48:55.424703470 AM",
="",15130,,,,,,,,,,,,,,,,229,="",="2/5/2026 6:48:55.424777875 AM",
="",15131,,,,,,,,,,,,,,,,1423,="",="2/5/2026 6:48:55.424852280 AM",
="",15132,,,,,,,,,,,,,,,,229,="",="2/5/2026 6:48:55.424926685 AM",
="",15152,,,,,,,,,,,,,,,,229,="",="2/5/2026 6:48:55.432847690 AM",
="",15153,,,,,,,,,,,,,,,,229,="",="2/5/2026 6:48:55.432963095 AM",
="",15154,,,,,,,,,,,,,,,,229,="",="2/5/2026 6:48:55.433038500 AM",
="",15155,,,,,,,,,,,,,,,,229,="",="2/5/2026 6:48:55.433113910 AM",
="",15156,,,,,,,,,,,,,,,,229,="",="2/5/2026 6:48:55.433188315 AM",
="",15158,,,,,,,,,,,,,,,,229,="",="2/5/2026 6:48:55.433337125 AM",
="",15162,,,,,,,,,,,,,,,,117,="",="2/5/2026 6:48:55.433777670 AM",
="",15166,,,,,,,,,,,,,,,,229,="",="2/5/2026 6:48:55.434515625 AM",
="",15167,,,,,,,,,,,,,,,,229,="",="2/5/2026 6:48:55.434631030 AM",
="",15168,,,,,,,,,,,,,,,,229,="",="2/5/2026 6:48:55.434706435 AM",
="",15169,,,,,,,,,,,,,,,,229,="",="2/5/2026 6:48:55.434781845 AM",
="",15174,,,,,,,,,,,,,,,,229,="",="2/5/2026 6:48:55.436754165 AM",
="",15175,,,,,,,,,,,,,,,,229,="",="2/5/2026 6:48:55.436869575 AM",
="",15179,,,,,,,,,,,,,,,,117,="",="2/5/2026 6:48:55.437961915 AM",
="",15183,,,,,,,,,,,,,,,,109,="",="2/5/2026 6:48:55.438542335 AM",
="",15184,,,,,,,,,,,,,,,,117,="",="2/5/2026 6:48:55.439328455 AM",
="",15186,,,,,,,,,,,,,,,,105,="",="2/5/2026 6:48:55.439690245 AM",
="",15193,,,,,,,,,,,,,,,,103,="",="2/5/2026 6:48:55.448093295 AM",
="",15194,,,,,,,,,,,,,,,,121,="",="2/5/2026 6:48:55.449313160 AM",
="",15195,,,,,,,,,,,,,,,,109,="",="2/5/2026 6:48:55.451598285 AM",
="",15202,,,,,,,,,,,,,,,,99,="",="2/5/2026 6:48:55.465069150 AM",
="",15203,,,,,,,,,,,,,,,,117,="",="2/5/2026 6:48:55.465243290 AM",
="",15205,,,,,,,,,,,,,,,,117,="",="2/5/2026 6:48:55.466942840 AM",
="",15206,,,,,,,,,,,,,,,,105,="",="2/5/2026 6:48:55.467018750 AM",
="",15210,,,,,,,,,,,,,,,,99,="",="2/5/2026 6:48:55.467367610 AM",
="",15211,,,,,,,,,,,,,,,,117,="",="2/5/2026 6:48:55.468059975 AM",
="",15218,,,,,,,,,,,,,,,,117,="",="2/5/2026 6:48:55.472165390 AM",
="",15219,,,,,,,,,,,,,,,,105,="",="2/5/2026 6:48:55.472291170 AM",
="",15224,,,,,,,,,,,,,,,,229,="",="2/5/2026 6:48:55.474244545 AM",
="",15225,,,,,,,,,,,,,,,,117,="",="2/5/2026 6:48:55.474747610 AM",
="",15231,,,,,,,,,,,,,,,,229,="",="2/5/2026 6:48:55.488123860 AM",
="",15232,,,,,,,,,,,,,,,,117,="",="2/5/2026 6:48:55.488379410 AM",
="",15236,,,,,,,,,,,,,,,,117,="",="2/5/2026 6:48:55.489346490 AM",
="",15241,,,,,,,,,,,,,,,,229,="",="2/5/2026 6:48:55.500044460 AM",
="",15242,,,,,,,,,,,,,,,,121,="",="2/5/2026 6:48:55.500300270 AM",
="",15250,,,,,,,,,,,,,,,,117,="",="2/5/2026 6:48:55.506484880 AM",
="",15252,,,,,,,,,,,,,,,,117,="",="2/5/2026 6:48:55.506793970 AM",
="",15255,,,,,,,,,,,,,,,,117,="",="2/5/2026 6:48:55.508452670 AM",
="",15256,,,,,,,,,,,,,,,,117,="",="2/5/2026 6:48:55.508570955 AM",
="",15257,,,,,,,,,,,,,,,,105,="",="2/5/2026 6:48:55.510610495 AM",
="",15264,,,,,,,,,,,,,,,,99,="",="2/5/2026 6:48:55.512333970 AM",
="",15265,,,,,,,,,,,,,,,,117,="",="2/5/2026 6:48:55.512507350 AM",
="",15266,,,,,,,,,,,,,,,,113,="",="2/5/2026 6:48:55.512619490 AM",
="",15268,,,,,,,,,,,,,,,,113,="",="2/5/2026 6:48:55.513240240 AM",
="",15275,,,,,,,,,,,,,,,,99,="",="2/5/2026 6:48:55.516867780 AM",
="",15277,,,,,,,,,,,,,,,,117,="",="2/5/2026 6:48:55.519339205 AM",
="",15280,,,,,,,,,,,,,,,,99,="",="2/5/2026 6:48:55.522212760 AM",
="",15289,,,,,,,,,,,,,,,,99,="",="2/5/2026 6:48:55.528345385 AM",
="",15290,,,,,,,,,,,,,,,,109,="",="2/5/2026 6:48:55.528620515 AM",
="",15294,,,,,,,,,,,,,,,,117,="",="2/5/2026 6:48:55.529337480 AM",
="",15300,,,,,,,,,,,,,,,,117,="",="2/5/2026 6:48:55.530824045 AM",
="",15301,,,,,,,,,,,,,,,,105,="",="2/5/2026 6:48:55.531430800 AM",
="",15309,,,,,,,,,,,,,,,,229,="",="2/5/2026 6:48:55.538530500 AM",
="",15310,,,,,,,,,,,,,,,,229,="",="2/5/2026 6:48:55.538644905 AM",
="",15317,,,,,,,,,,,,,,,,117,="",="2/5/2026 6:48:55.539205685 AM",
="",15330,,,,,,,,,,,,,,,,121,="",="2/5/2026 6:48:55.542160770 AM",
="",15334,,,,,,,,,,,,,,,,117,="",="2/5/2026 6:48:55.542521835 AM",
="",15347,,,,,,,,,,,,,,,,117,="",="2/5/2026 6:48:55.547178690 AM",
="",15348,,,,,,,,,,,,,,,,117,="",="2/5/2026 6:48:55.547224885 AM",
="",15353,,,,,,,,,,,,,,,,117,="",="2/5/2026 6:48:55.552815155 AM",
="",15362,,,,,,,,,,,,,,,,99,="",="2/5/2026 6:48:55.555450730 AM",
="",15363,,,,,,,,,,,,,,,,117,="",="2/5/2026 6:48:55.555699355 AM",
="",15366,,,,,,,,,,,,,,,,121,="",="2/5/2026 6:48:55.556308520 AM",
="",15370,,,,,,,,,,,,,,,,117,="",="2/5/2026 6:48:55.557155875 AM",
="",15371,,,,,,,,,,,,,,,,117,="",="2/5/2026 6:48:55.557220430 AM",
="",15372,,,,,,,,,,,,,,,,105,="",="2/5/2026 6:48:55.557347650 AM",
="",15380,,,,,,,,,,,,,,,,117,="",="2/5/2026 6:48:55.559645070 AM",
="",15389,,,,,,,,,,,,,,,,117,="",="2/5/2026 6:48:55.563212285 AM",
="",15394,,,,,,,,,,,,,,,,99,="",="2/5/2026 6:48:55.563590120 AM",
="",15411,,,,,,,,,,,,,,,,99,="",="2/5/2026 6:48:55.571782160 AM",
="",15412,,,,,,,,,,,,,,,,105,="",="2/5/2026 6:48:55.572042040 AM",
="",15413,,,,,,,,,,,,,,,,117,="",="2/5/2026 6:48:55.572889930 AM",
="",15414,,,,,,,,,,,,,,,,105,="",="2/5/2026 6:48:55.573432775 AM",
="",15416,,,,,,,,,,,,,,,,105,="",="2/5/2026 6:48:55.574754280 AM",
="",15420,,,,,,,,,,,,,,,,117,="",="2/5/2026 6:48:55.576415530 AM",
="",15425,,,,,,,,,,,,,,,,117,="",="2/5/2026 6:48:55.578067345 AM",
="",15426,,,,,,,,,,,,,,,,117,="",="2/5/2026 6:48:55.578112605 AM",
="",15430,,,,,,,,,,,,,,,,105,="",="2/5/2026 6:48:55.582435445 AM",
="",15434,,,,,,,,,,,,,,,,229,="",="2/5/2026 6:48:55.586055115 AM",
="",15435,,,,,,,,,,,,,,,,229,="",="2/5/2026 6:48:55.586342080 AM",
="",15439,,,,,,,,,,,,,,,,99,="",="2/5/2026 6:48:55.586949910 AM",
="",15440,,,,,,,,,,,,,,,,117,="",="2/5/2026 6:48:55.588682560 AM",
="",15445,,,,,,,,,,,,,,,,117,="",="2/5/2026 6:48:55.589583725 AM",
="",15454,,,,,,,,,,,,,,,,99,="",="2/5/2026 6:48:55.593666610 AM",
="",15455,,,,,,,,,,,,,,,,117,="",="2/5/2026 6:48:55.593799685 AM",
="",15464,,,,,,,,,,,,,,,,229,="",="2/5/2026 6:48:55.604855805 AM",
="",15487,,,,,,,,,,,,,,,,117,="",="2/5/2026 6:48:55.611621290 AM",
="",15495,,,,,,,,,,,,,,,,117,="",="2/5/2026 6:48:55.618305125 AM",
="",15499,,,,,,,,,,,,,,,,353,="",="2/5/2026 6:48:55.620513040 AM",
="",15534,,,,,,,,,,,,,,,,117,="",="2/5/2026 6:48:55.640163695 AM",
="",15542,,,,,,,,,,,,,,,,117,="",="2/5/2026 6:48:55.643170950 AM",
="",15546,,,,,,,,,,,,,,,,117,="",="2/5/2026 6:48:55.644189560 AM",
="",15558,,,,,,,,,,,,,,,,418,="",="2/5/2026 6:48:55.652618790 AM",
="",15568,,,,,,,,,,,,,,,,121,="",="2/5/2026 6:48:55.658337290 AM",
="",15580,,,,,,,,,,,,,,,,99,="",="2/5/2026 6:48:55.667851985 AM",
="",15585,,,,,,,,,,,,,,,,117,="",="2/5/2026 6:48:55.668904710 AM",
="",15586,,,,,,,,,,,,,,,,117,="",="2/5/2026 6:48:55.668952810 AM",
="",15587,,,,,,,,,,,,,,,,105,="",="2/5/2026 6:48:55.669127685 AM",
="",15593,,,,,,,,,,,,,,,,99,="",="2/5/2026 6:48:55.670649160 AM",
="",15602,,,,,,,,,,,,,,,,117,="",="2/5/2026 6:48:55.673806325 AM",
="",15604,,,,,,,,,,,,,,,,340,="",="2/5/2026 6:48:55.673899220 AM",
="",15605,,,,,,,,,,,,,,,,117,="",="2/5/2026 6:48:55.675278375 AM",
="",15606,,,,,,,,,,,,,,,,117,="",="2/5/2026 6:48:55.675607325 AM",
="",15607,,,,,,,,,,,,,,,,105,="",="2/5/2026 6:48:55.675697315 AM",
="",15611,,,,,,,,,,,,,,,,99,="",="2/5/2026 6:48:55.676070230 AM",
="",15612,,,,,,,,,,,,,,,,117,="",="2/5/2026 6:48:55.676762755 AM",
="",15613,,,,,,,,,,,,,,,,117,="",="2/5/2026 6:48:55.676929590 AM",
="",15617,,,,,,,,,,,,,,,,105,="",="2/5/2026 6:48:55.678197665 AM",
="",15619,,,,,,,,,,,,,,,,117,="",="2/5/2026 6:48:55.678313520 AM",
="",15621,,,,,,,,,,,,,,,,333,="",="2/5/2026 6:48:55.682462050 AM",
="",15624,,,,,,,,,,,,,,,,117,="",="2/5/2026 6:48:55.688028530 AM",
="",15629,,,,,,,,,,,,,,,,117,="",="2/5/2026 6:48:55.691872765 AM",
="",15630,,,,,,,,,,,,,,,,105,="",="2/5/2026 6:48:55.691962675 AM",
="",15635,,,,,,,,,,,,,,,,117,="",="2/5/2026 6:48:55.693139715 AM",
="",15642,,,,,,,,,,,,,,,,117,="",="2/5/2026 6:48:55.698981515 AM",
="",15644,,,,,,,,,,,,,,,,99,="",="2/5/2026 6:48:55.699307640 AM",
="",15647,,,,,,,,,,,,,,,,117,="",="2/5/2026 6:48:55.700342110 AM",
="",15656,,,,,,,,,,,,,,,,109,="",="2/5/2026 6:48:55.702861425 AM",
="",15671,,,,,,,,,,,,,,,,121,="",="2/5/2026 6:48:55.707803550 AM",
="",15673,,,,,,,,,,,,,,,,105,="",="2/5/2026 6:48:55.708055175 AM",
="",15684,,,,,,,,,,,,,,,,229,="",="2/5/2026 6:48:55.714365275 AM",
