Bookmark,Frame#,Source Port,Destination Port,Length,Checksum,Frame Size,Delta,Timestamp,
="",4,,,,,314,="",="2/4/2026 4:55:04.593795900 PM",
="",13,,,,,427,="",="2/4/2026 4:55:04.657912630 PM",
="",15,,,,,397,="",="2/4/2026 4:55:04.659459920 PM",
="",16,,,,,105,="",="2/4/2026 4:55:04.662148670 PM",
="",30,,,,,427,="",="2/4/2026 4:55:04.761842810 PM",
="",31,,,,,424,="",="2/4/2026 4:55:04.762284035 PM",
="",32,,,,,397,="",="2/4/2026 4:55:04.762723080 PM",
="",37,,,,,364,="",="2/4/2026 4:55:04.775964635 PM",
="",40,,,,,342,="",="2/4/2026 4:55:04.793589240 PM",
="",55,,,,,105,="",="2/4/2026 4:55:04.909977345 PM",
="",78,,,,,113,="",="2/4/2026 4:55:05.058092570 PM",
="",80,,,,,360,="",="2/4/2026 4:55:05.061253570 PM",
="",82,,,,,424,="",="2/4/2026 4:55:05.068318925 PM",
="",91,,,,,209,="",="2/4/2026 4:55:05.125587415 PM",
="",92,,,,,99,="",="2/4/2026 4:55:05.135742120 PM",
="",98,,,,,113,="",="2/4/2026 4:55:05.157154010 PM",
="",102,,,,,424,="",="2/4/2026 4:55:05.170702865 PM",
="",106,,,,,340,="",="2/4/2026 4:55:05.187352495 PM",
="",119,,,,,113,="",="2/4/2026 4:55:05.259553950 PM",
="",121,,,,,427,="",="2/4/2026 4:55:05.272314650 PM",
="",122,,,,,424,="",="2/4/2026 4:55:05.273136020 PM",
="",123,,,,,397,="",="2/4/2026 4:55:05.273917650 PM",
="",145,,,,,323,="",="2/4/2026 4:55:05.377413840 PM",
="",162,,,,,99,="",="2/4/2026 4:55:05.434708000 PM",
="",168,,,,,427,="",="2/4/2026 4:55:05.477152130 PM",
="",169,,,,,424,="",="2/4/2026 4:55:05.477889015 PM",
="",170,,,,,397,="",="2/4/2026 4:55:05.478651445 PM",
="",171,,,,,229,="",="2/4/2026 4:55:05.479071305 PM",
="",201,,,,,427,="",="2/4/2026 4:55:05.579520555 PM",
="",202,,,,,229,="",="2/4/2026 4:55:05.580320230 PM",
="",203,,,,,397,="",="2/4/2026 4:55:05.581078660 PM",
="",225,,,,,99,="",="2/4/2026 4:55:05.659834545 PM",
="",226,,,,,533,="",="2/4/2026 4:55:05.669020225 PM",
="",229,,,,,388,="",="2/4/2026 4:55:05.689226095 PM",
="",247,,,,,424,="",="2/4/2026 4:55:05.785080560 PM",
="",248,,,,,365,="",="2/4/2026 4:55:05.788668030 PM",
="",253,,,,,342,="",="2/4/2026 4:55:05.801847070 PM",
="",254,,,,,340,="",="2/4/2026 4:55:05.805990140 PM",
="",273,,,,,229,="",="2/4/2026 4:55:05.889374675 PM",
="",274,,,,,340,="",="2/4/2026 4:55:05.904170985 PM",
="",287,,,,,113,="",="2/4/2026 4:55:05.976359905 PM",
="",290,,,,,229,="",="2/4/2026 4:55:05.988891980 PM",
="",291,,,,,309,="",="2/4/2026 4:55:05.992309220 PM",
="",299,,,,,105,="",="2/4/2026 4:55:06.022982955 PM",
="",309,,,,,229,="",="2/4/2026 4:55:06.078627970 PM",
="",312,,,,,427,="",="2/4/2026 4:55:06.091521410 PM",
="",313,,,,,424,="",="2/4/2026 4:55:06.092339300 PM",
="",328,,,,,209,="",="2/4/2026 4:55:06.126011420 PM",
="",334,,,,,382,="",="2/4/2026 4:55:06.201042100 PM",
="",359,,,,,427,="",="2/4/2026 4:55:06.296322980 PM",
="",366,,,,,425,="",="2/4/2026 4:55:06.321140335 PM",
="",405,,,,,115,="",="2/4/2026 4:55:06.488348025 PM",
="",409,,,,,424,="",="2/4/2026 4:55:06.501927640 PM",
="",410,,,,,397,="",="2/4/2026 4:55:06.502774860 PM",
="",417,,,,,340,="",="2/4/2026 4:55:06.518568310 PM",
="",418,,,,,425,="",="2/4/2026 4:55:06.526074325 PM",
="",429,,,,,113,="",="2/4/2026 4:55:06.590765310 PM",
="",434,,,,,339,="",="2/4/2026 4:55:06.619064050 PM",
="",435,,,,,340,="",="2/4/2026 4:55:06.620972555 PM",
="",445,,,,,418,="",="2/4/2026 4:55:06.655435070 PM",
="",446,,,,,418,="",="2/4/2026 4:55:06.656022710 PM",
="",447,,,,,418,="",="2/4/2026 4:55:06.656649125 PM",
="",457,,,,,427,="",="2/4/2026 4:55:06.705926055 PM",
="",458,,,,,424,="",="2/4/2026 4:55:06.706742010 PM",
="",459,,,,,397,="",="2/4/2026 4:55:06.707497000 PM",
="",461,,,,,340,="",="2/4/2026 4:55:06.723372960 PM",
="",463,,,,,465,="",="2/4/2026 4:55:06.727716965 PM",
="",475,,,,,424,="",="2/4/2026 4:55:06.809122895 PM",
="",492,,,,,427,="",="2/4/2026 4:55:06.910727320 PM",
="",493,,,,,424,="",="2/4/2026 4:55:06.911560730 PM",
="",494,,,,,397,="",="2/4/2026 4:55:06.912330440 PM",
="",535,,,,,388,="",="2/4/2026 4:55:07.120264865 PM",
="",549,,,,,360,="",="2/4/2026 4:55:07.207429150 PM",
="",553,,,,,465,="",="2/4/2026 4:55:07.239738645 PM",
="",579,,,,,397,="",="2/4/2026 4:55:07.321957915 PM",
="",596,,,,,427,="",="2/4/2026 4:55:07.422735960 PM",
="",597,,,,,424,="",="2/4/2026 4:55:07.423533955 PM",
="",617,,,,,424,="",="2/4/2026 4:55:07.525951560 PM",
="",618,,,,,397,="",="2/4/2026 4:55:07.526721270 PM",
="",639,,,,,427,="",="2/4/2026 4:55:07.627532835 PM",
="",640,,,,,424,="",="2/4/2026 4:55:07.628339950 PM",
="",646,,,,,340,="",="2/4/2026 4:55:07.649165725 PM",
="",653,,,,,229,="",="2/4/2026 4:55:07.672935340 PM",
="",658,,,,,369,="",="2/4/2026 4:55:07.724752330 PM",
="",667,,,,,382,="",="2/4/2026 4:55:07.752169420 PM",
="",691,,,,,229,="",="2/4/2026 4:55:07.873016500 PM",
="",701,,,,,113,="",="2/4/2026 4:55:07.921978125 PM",
="",702,,,,,404,="",="2/4/2026 4:55:07.922391665 PM",
="",706,,,,,465,="",="2/4/2026 4:55:07.927227790 PM",
="",710,,,,,465,="",="2/4/2026 4:55:07.956518695 PM",
="",715,,,,,470,="",="2/4/2026 4:55:07.964665920 PM",
="",723,,,,,99,="",="2/4/2026 4:55:08.002778860 PM",
="",733,,,,,117,="",="2/4/2026 4:55:08.037023495 PM",
="",734,,,,,427,="",="2/4/2026 4:55:08.037161660 PM",
="",735,,,,,397,="",="2/4/2026 4:55:08.038712550 PM",
="",739,,,,,469,="",="2/4/2026 4:55:08.053354255 PM",
="",740,,,,,469,="",="2/4/2026 4:55:08.056943140 PM",
="",756,,,,,427,="",="2/4/2026 4:55:08.139536865 PM",
="",757,,,,,424,="",="2/4/2026 4:55:08.140337675 PM",
="",758,,,,,397,="",="2/4/2026 4:55:08.141103450 PM",
="",781,,,,,229,="",="2/4/2026 4:55:08.251831630 PM",
="",796,,,,,105,="",="2/4/2026 4:55:08.313172325 PM",
="",804,,,,,364,="",="2/4/2026 4:55:08.345416860 PM",
="",808,,,,,340,="",="2/4/2026 4:55:08.361797855 PM",
="",819,,,,,229,="",="2/4/2026 4:55:08.395798265 PM",
="",820,,,,,1563,="",="2/4/2026 4:55:08.402620700 PM",
="",822,,,,,117,="",="2/4/2026 4:55:08.404185020 PM",
="",824,,,,,229,="",="2/4/2026 4:55:08.419331765 PM",
="",829,,,,,229,="",="2/4/2026 4:55:08.426349635 PM",
="",840,,,,,388,="",="2/4/2026 4:55:08.452196045 PM",
="",851,,,,,117,="",="2/4/2026 4:55:08.503701335 PM",
="",859,,,,,388,="",="2/4/2026 4:55:08.553879340 PM",
="",867,,,,,117,="",="2/4/2026 4:55:08.578379835 PM",
="",868,,,,,117,="",="2/4/2026 4:55:08.578501455 PM",
="",869,,,,,117,="",="2/4/2026 4:55:08.578640235 PM",
="",871,,,,,117,="",="2/4/2026 4:55:08.588474835 PM",
="",873,,,,,229,="",="2/4/2026 4:55:08.595092595 PM",
="",874,,,,,229,="",="2/4/2026 4:55:08.595538125 PM",
="",880,,,,,117,="",="2/4/2026 4:55:08.604957730 PM",
="",883,,,,,117,="",="2/4/2026 4:55:08.610806720 PM",
="",884,,,,,117,="",="2/4/2026 4:55:08.610928205 PM",
="",885,,,,,229,="",="2/4/2026 4:55:08.615949335 PM",
="",901,,,,,125,="",="2/4/2026 4:55:08.692335935 PM",
="",929,,,,,1563,="",="2/4/2026 4:55:08.835562920 PM",
="",931,,,,,117,="",="2/4/2026 4:55:08.836041570 PM",
="",932,,,,,1563,="",="2/4/2026 4:55:08.836140185 PM",
="",934,,,,,117,="",="2/4/2026 4:55:08.837358765 PM",
="",944,,,,,459,="",="2/4/2026 4:55:08.861559785 PM",
="",949,,,,,117,="",="2/4/2026 4:55:08.885406050 PM",
="",950,,,,,117,="",="2/4/2026 4:55:08.885530455 PM",
="",959,,,,,323,="",="2/4/2026 4:55:08.951755610 PM",
="",989,,,,,340,="",="2/4/2026 4:55:09.078601365 PM",
="",1021,,,,,103,="",="2/4/2026 4:55:09.243060880 PM",
="",1029,,,,,382,="",="2/4/2026 4:55:09.272321310 PM",
="",1035,,,,,341,="",="2/4/2026 4:55:09.294447780 PM",
="",1036,,,,,340,="",="2/4/2026 4:55:09.296897775 PM",
="",1044,,,,,388,="",="2/4/2026 4:55:09.338154375 PM",
="",1047,,,,,480,="",="2/4/2026 4:55:09.341038090 PM",
="",1070,,,,,1563,="",="2/4/2026 4:55:09.426117585 PM",
="",1073,,,,,1563,="",="2/4/2026 4:55:09.427186290 PM",
="",1075,,,,,229,="",="2/4/2026 4:55:09.428262620 PM",
="",1077,,,,,229,="",="2/4/2026 4:55:09.428733655 PM",
="",1081,,,,,229,="",="2/4/2026 4:55:09.447912865 PM",
="",1082,,,,,229,="",="2/4/2026 4:55:09.448357390 PM",
="",1090,,,,,340,="",="2/4/2026 4:55:09.488211925 PM",
="",1092,,,,,1563,="",="2/4/2026 4:55:09.513052490 PM",
="",1093,,,,,229,="",="2/4/2026 4:55:09.513498020 PM",
="",1094,,,,,229,="",="2/4/2026 4:55:09.513907550 PM",
="",1099,,,,,105,="",="2/4/2026 4:55:09.528593145 PM",
="",1104,,,,,125,="",="2/4/2026 4:55:09.559857065 PM",
="",1105,,,,,113,="",="2/4/2026 4:55:09.560392405 PM",
="",1107,,,,,483,="",="2/4/2026 4:55:09.573739100 PM",
="",1109,,,,,330,="",="2/4/2026 4:55:09.577879880 PM",
="",1115,,,,,342,="",="2/4/2026 4:55:09.591497460 PM",
="",1142,,,,,99,="",="2/4/2026 4:55:09.777398935 PM",
="",1160,,,,,99,="",="2/4/2026 4:55:09.858779090 PM",
="",1176,,,,,425,="",="2/4/2026 4:55:09.905527990 PM",
="",1177,,,,,425,="",="2/4/2026 4:55:09.906049640 PM",
="",1184,,,,,105,="",="2/4/2026 4:55:09.935434000 PM",
="",1196,,,,,315,="",="2/4/2026 4:55:10.010549480 PM",
="",1198,,,,,105,="",="2/4/2026 4:55:10.011677905 PM",
="",1200,,,,,105,="",="2/4/2026 4:55:10.012010680 PM",
="",1202,,,,,340,="",="2/4/2026 4:55:10.014805215 PM",
="",1216,,,,,443,="",="2/4/2026 4:55:10.103826820 PM",
="",1222,,,,,364,="",="2/4/2026 4:55:10.112375440 PM",
="",1243,,,,,340,="",="2/4/2026 4:55:10.202072125 PM",
="",1247,,,,,348,="",="2/4/2026 4:55:10.210323275 PM",
="",1259,,,,,99,="",="2/4/2026 4:55:10.325027315 PM",
="",1312,,,,,105,="",="2/4/2026 4:55:10.648252225 PM",
="",1345,,,,,340,="",="2/4/2026 4:55:10.935345285 PM",
="",1361,,,,,424,="",="2/4/2026 4:55:11.007612400 PM",
="",1372,,,,,190,="",="2/4/2026 4:55:11.053062080 PM",
="",1392,,,,,480,="",="2/4/2026 4:55:11.252674295 PM",
="",1437,,,,,333,="",="2/4/2026 4:55:11.557383775 PM",
="",1498,,,,,348,="",="2/4/2026 4:55:12.052848670 PM",
="",1507,,,,,499,="",="2/4/2026 4:55:12.091203340 PM",
="",1529,,,,,424,="",="2/4/2026 4:55:12.236384525 PM",
="",1539,,,,,99,="",="2/4/2026 4:55:12.285865990 PM",
="",1553,,,,,397,="",="2/4/2026 4:55:12.339511275 PM",
="",1587,,,,,99,="",="2/4/2026 4:55:12.552960375 PM",
="",1598,,,,,229,="",="2/4/2026 4:55:12.659294700 PM",
="",1611,,,,,223,="",="2/4/2026 4:55:12.761251285 PM",
="",1631,,,,,229,="",="2/4/2026 4:55:12.825822250 PM",
="",1641,,,,,364,="",="2/4/2026 4:55:12.866039435 PM",
="",1651,,,,,404,="",="2/4/2026 4:55:12.940032125 PM",
="",1662,,,,,340,="",="2/4/2026 4:55:12.969850860 PM",
="",1684,,,,,215,="",="2/4/2026 4:55:13.090245155 PM",
="",1686,,,,,215,="",="2/4/2026 4:55:13.092184565 PM",
="",1692,,,,,145,="",="2/4/2026 4:55:13.136485660 PM",
="",1700,,,,,364,="",="2/4/2026 4:55:13.172142795 PM",
="",1722,,,,,382,="",="2/4/2026 4:55:13.268680710 PM",
="",1742,,,,,427,="",="2/4/2026 4:55:13.361977505 PM",
="",1772,,,,,364,="",="2/4/2026 4:55:13.494803465 PM",
="",1779,,,,,573,="",="2/4/2026 4:55:13.540223360 PM",
="",1783,,,,,573,="",="2/4/2026 4:55:13.545218565 PM",
="",1803,,,,,323,="",="2/4/2026 4:55:13.666958100 PM",
="",1805,,,,,323,="",="2/4/2026 4:55:13.676659175 PM",
="",1819,,,,,99,="",="2/4/2026 4:55:13.770830110 PM",
="",1825,,,,,465,="",="2/4/2026 4:55:13.793370415 PM",
="",1840,,,,,117,="",="2/4/2026 4:55:13.833568185 PM",
="",1855,,,,,315,="",="2/4/2026 4:55:13.904250510 PM",
="",1862,,,,,105,="",="2/4/2026 4:55:13.936876915 PM",
="",1865,,,,,105,="",="2/4/2026 4:55:13.941496635 PM",
="",1866,,,,,105,="",="2/4/2026 4:55:13.942056460 PM",
="",1868,,,,,105,="",="2/4/2026 4:55:13.944668115 PM",
="",1879,,,,,382,="",="2/4/2026 4:55:13.999781165 PM",
="",1912,,,,,323,="",="2/4/2026 4:55:14.091363090 PM",
="",1917,,,,,573,="",="2/4/2026 4:55:14.108033580 PM",
="",1919,,,,,364,="",="2/4/2026 4:55:14.109215785 PM",
="",1930,,,,,99,="",="2/4/2026 4:55:14.175661370 PM",
="",1932,,,,,105,="",="2/4/2026 4:55:14.183933700 PM",
="",1936,,,,,105,="",="2/4/2026 4:55:14.199184450 PM",
="",1938,,,,,117,="",="2/4/2026 4:55:14.208185235 PM",
="",1946,,,,,340,="",="2/4/2026 4:55:14.212230640 PM",
="",1954,,,,,215,="",="2/4/2026 4:55:14.252678415 PM",
="",1956,,,,,211,="",="2/4/2026 4:55:14.261429620 PM",
="",1978,,,,,99,="",="2/4/2026 4:55:14.303147585 PM",
="",1979,,,,,99,="",="2/4/2026 4:55:14.308830700 PM",
="",1998,,,,,105,="",="2/4/2026 4:55:14.360222890 PM",
="",2012,,,,,117,="",="2/4/2026 4:55:14.365675915 PM",
="",2013,,,,,105,="",="2/4/2026 4:55:14.368477685 PM",
="",2045,,,,,99,="",="2/4/2026 4:55:14.449868380 PM",
="",2047,,,,,1563,="",="2/4/2026 4:55:14.465937075 PM",
="",2048,,,,,229,="",="2/4/2026 4:55:14.466381600 PM",
="",2049,,,,,1563,="",="2/4/2026 4:55:14.477951950 PM",
="",2065,,,,,105,="",="2/4/2026 4:55:14.521660645 PM",
="",2070,,,,,129,="",="2/4/2026 4:55:14.534135630 PM",
="",2073,,,,,229,="",="2/4/2026 4:55:14.539625065 PM",
="",2074,,,,,229,="",="2/4/2026 4:55:14.540070595 PM",
="",2075,,,,,229,="",="2/4/2026 4:55:14.540480120 PM",
="",2076,,,,,229,="",="2/4/2026 4:55:14.540889650 PM",
="",2077,,,,,229,="",="2/4/2026 4:55:14.541299175 PM",
="",2078,,,,,229,="",="2/4/2026 4:55:14.541708705 PM",
="",2079,,,,,229,="",="2/4/2026 4:55:14.542118235 PM",
="",2081,,,,,229,="",="2/4/2026 4:55:14.548038510 PM",
="",2086,,,,,229,="",="2/4/2026 4:55:14.561489185 PM",
="",2087,,,,,117,="",="2/4/2026 4:55:14.572765660 PM",
="",2088,,,,,229,="",="2/4/2026 4:55:14.577862195 PM",
="",2089,,,,,229,="",="2/4/2026 4:55:14.578306720 PM",
="",2090,,,,,229,="",="2/4/2026 4:55:14.578715250 PM",
="",2091,,,,,229,="",="2/4/2026 4:55:14.579123775 PM",
="",2092,,,,,229,="",="2/4/2026 4:55:14.579532305 PM",
="",2093,,,,,229,="",="2/4/2026 4:55:14.579940835 PM",
="",2094,,,,,229,="",="2/4/2026 4:55:14.580349360 PM",
="",2095,,,,,229,="",="2/4/2026 4:55:14.580757890 PM",
="",2096,,,,,229,="",="2/4/2026 4:55:14.581166415 PM",
="",2097,,,,,229,="",="2/4/2026 4:55:14.581574945 PM",
="",2098,,,,,121,="",="2/4/2026 4:55:14.596825890 PM",
="",2107,,,,,229,="",="2/4/2026 4:55:14.641012910 PM",
="",2109,,,,,229,="",="2/4/2026 4:55:14.641458440 PM",
="",2113,,,,,109,="",="2/4/2026 4:55:14.662583420 PM",
="",2115,,,,,229,="",="2/4/2026 4:55:14.673666695 PM",
="",2116,,,,,229,="",="2/4/2026 4:55:14.674112225 PM",
="",2117,,,,,229,="",="2/4/2026 4:55:14.674521755 PM",
="",2127,,,,,229,="",="2/4/2026 4:55:14.708140240 PM",
="",2128,,,,,229,="",="2/4/2026 4:55:14.708585770 PM",
="",2148,,,,,117,="",="2/4/2026 4:55:14.835940935 PM",
="",2153,,,,,117,="",="2/4/2026 4:55:14.852174165 PM",
="",2154,,,,,229,="",="2/4/2026 4:55:14.854296415 PM",
="",2159,,,,,3229,="",="2/4/2026 4:55:14.873980235 PM",
="",2162,,,,,229,="",="2/4/2026 4:55:14.881963375 PM",
="",2163,,,,,229,="",="2/4/2026 4:55:14.882407900 PM",
="",2164,,,,,229,="",="2/4/2026 4:55:14.882816430 PM",
="",2166,,,,,229,="",="2/4/2026 4:55:14.893293220 PM",
="",2171,,,,,340,="",="2/4/2026 4:55:14.919630735 PM",
="",2190,,,,,117,="",="2/4/2026 4:55:14.986531790 PM",
="",2195,,,,,215,="",="2/4/2026 4:55:15.007972500 PM",
="",2197,,,,,215,="",="2/4/2026 4:55:15.019304785 PM",
="",2217,,,,,229,="",="2/4/2026 4:55:15.103295665 PM",
="",2221,,,,,105,="",="2/4/2026 4:55:15.104631010 PM",
="",2228,,,,,365,="",="2/4/2026 4:55:15.107205990 PM",
="",2230,,,,,117,="",="2/4/2026 4:55:15.110349235 PM",
="",2233,,,,,229,="",="2/4/2026 4:55:15.111914410 PM",
="",2234,,,,,117,="",="2/4/2026 4:55:15.119121840 PM",
="",2237,,,,,117,="",="2/4/2026 4:55:15.157646715 PM",
="",2276,,,,,215,="",="2/4/2026 4:55:15.293801475 PM",
="",2328,,,,,324,="",="2/4/2026 4:55:15.640537485 PM",
="",2363,,,,,229,="",="2/4/2026 4:55:15.818291275 PM",
="",2366,,,,,424,="",="2/4/2026 4:55:15.820410940 PM",
="",2377,,,,,215,="",="2/4/2026 4:55:15.826567355 PM",
="",2399,,,,,427,="",="2/4/2026 4:55:15.922029415 PM",
="",2400,,,,,424,="",="2/4/2026 4:55:15.922859465 PM",
="",2404,,,,,340,="",="2/4/2026 4:55:15.943723670 PM",
="",2409,,,,,99,="",="2/4/2026 4:55:15.984441755 PM",
="",2410,,,,,99,="",="2/4/2026 4:55:15.984595895 PM",
="",2425,,,,,129,="",="2/4/2026 4:55:16.039411145 PM",
="",2441,,,,,129,="",="2/4/2026 4:55:16.056978130 PM",
="",2457,,,,,323,="",="2/4/2026 4:55:16.124553700 PM",
="",2458,,,,,323,="",="2/4/2026 4:55:16.126677705 PM",
="",2465,,,,,117,="",="2/4/2026 4:55:16.158174715 PM",
="",2489,,,,,99,="",="2/4/2026 4:55:16.301397270 PM",
="",2497,,,,,323,="",="2/4/2026 4:55:16.327630635 PM",
="",2517,,,,,397,="",="2/4/2026 4:55:16.435588655 PM",
="",2553,,,,,109,="",="2/4/2026 4:55:16.601363930 PM",
="",2602,,,,,333,="",="2/4/2026 4:55:16.781749660 PM",
="",2666,,,,,103,="",="2/4/2026 4:55:17.028270050 PM",
="",2668,,,,,99,="",="2/4/2026 4:55:17.030143860 PM",
="",2677,,,,,117,="",="2/4/2026 4:55:17.044159970 PM",
="",2692,,,,,109,="",="2/4/2026 4:55:17.083966670 PM",
="",2715,,,,,382,="",="2/4/2026 4:55:17.173050320 PM",
="",2739,,,,,105,="",="2/4/2026 4:55:17.264078180 PM",
="",2743,,,,,105,="",="2/4/2026 4:55:17.267789725 PM",
="",2745,,,,,99,="",="2/4/2026 4:55:17.268174875 PM",
="",2747,,,,,105,="",="2/4/2026 4:55:17.268435035 PM",
="",2749,,,,,105,="",="2/4/2026 4:55:17.268741075 PM",
="",2773,,,,,340,="",="2/4/2026 4:55:17.373108895 PM",
="",2774,,,,,105,="",="2/4/2026 4:55:17.373583325 PM",
="",2777,,,,,382,="",="2/4/2026 4:55:17.377852370 PM",
="",2799,,,,,99,="",="2/4/2026 4:55:17.468819505 PM",
="",2851,,,,,105,="",="2/4/2026 4:55:17.695909505 PM",
="",2853,,,,,105,="",="2/4/2026 4:55:17.696296950 PM",
="",2865,,,,,105,="",="2/4/2026 4:55:17.714989490 PM",
="",2867,,,,,105,="",="2/4/2026 4:55:17.715411980 PM",
="",2884,,,,,323,="",="2/4/2026 4:55:17.790780260 PM",
="",2903,,,,,105,="",="2/4/2026 4:55:17.855617040 PM",
="",2919,,,,,333,="",="2/4/2026 4:55:17.907989225 PM",
="",2921,,,,,105,="",="2/4/2026 4:55:17.924588405 PM",
="",2923,,,,,105,="",="2/4/2026 4:55:17.925140325 PM",
="",2931,,,,,99,="",="2/4/2026 4:55:17.937516390 PM",
="",2945,,,,,117,="",="2/4/2026 4:55:18.007349350 PM",
="",2971,,,,,342,="",="2/4/2026 4:55:18.102293320 PM",
="",2984,,,,,229,="",="2/4/2026 4:55:18.170020705 PM",
="",2991,,,,,123,="",="2/4/2026 4:55:18.203312805 PM",
="",3008,,,,,99,="",="2/4/2026 4:55:18.288124355 PM",
="",3024,,,,,378,="",="2/4/2026 4:55:18.372542465 PM",
="",3031,,,,,324,="",="2/4/2026 4:55:18.405381985 PM",
="",3041,,,,,105,="",="2/4/2026 4:55:18.451250635 PM",
="",3043,,,,,99,="",="2/4/2026 4:55:18.452289310 PM",
="",3051,,,,,382,="",="2/4/2026 4:55:18.465289345 PM",
="",3069,,,,,99,="",="2/4/2026 4:55:18.564040705 PM",
="",3070,,,,,99,="",="2/4/2026 4:55:18.564682055 PM",
="",3071,,,,,99,="",="2/4/2026 4:55:18.565326645 PM",
="",3102,,,,,341,="",="2/4/2026 4:55:18.715295145 PM",
="",3150,,,,,105,="",="2/4/2026 4:55:18.943264020 PM",
="",3152,,,,,105,="",="2/4/2026 4:55:18.944041990 PM",
="",3154,,,,,105,="",="2/4/2026 4:55:18.944668525 PM",
="",3156,,,,,105,="",="2/4/2026 4:55:18.953307605 PM",
="",3159,,,,,105,="",="2/4/2026 4:55:18.954001850 PM",
="",3163,,,,,105,="",="2/4/2026 4:55:18.974636525 PM",
="",3164,,,,,109,="",="2/4/2026 4:55:18.974741770 PM",
="",3166,,,,,99,="",="2/4/2026 4:55:18.976726900 PM",
="",3175,,,,,105,="",="2/4/2026 4:55:18.990845980 PM",
="",3193,,,,,117,="",="2/4/2026 4:55:19.011296215 PM",
="",3201,,,,,315,="",="2/4/2026 4:55:19.022309570 PM",
="",3205,,,,,484,="",="2/4/2026 4:55:19.030877340 PM",
="",3219,,,,,382,="",="2/4/2026 4:55:19.052817655 PM",
="",3223,,,,,105,="",="2/4/2026 4:55:19.094444945 PM",
="",3224,,,,,109,="",="2/4/2026 4:55:19.094575285 PM",
="",3235,,,,,99,="",="2/4/2026 4:55:19.114358360 PM",
="",3238,,,,,342,="",="2/4/2026 4:55:19.126442690 PM",
="",3245,,,,,99,="",="2/4/2026 4:55:19.164657220 PM",
="",3251,,,,,99,="",="2/4/2026 4:55:19.211684995 PM",
="",3287,,,,,491,="",="2/4/2026 4:55:19.340039160 PM",
="",3291,,,,,115,="",="2/4/2026 4:55:19.345954440 PM",
="",3292,,,,,340,="",="2/4/2026 4:55:19.348805025 PM",
="",3353,,,,,340,="",="2/4/2026 4:55:19.728348310 PM",
="",3372,,,,,340,="",="2/4/2026 4:55:19.822540870 PM",
="",3384,,,,,99,="",="2/4/2026 4:55:19.849430055 PM",
="",3397,,,,,109,="",="2/4/2026 4:55:19.874073530 PM",
="",3407,,,,,99,="",="2/4/2026 4:55:19.939547200 PM",
="",3494,,,,,378,="",="2/4/2026 4:55:20.453369920 PM",
="",3517,,,,,105,="",="2/4/2026 4:55:20.560139725 PM",
="",3526,,,,,99,="",="2/4/2026 4:55:20.574941810 PM",
="",3537,,,,,367,="",="2/4/2026 4:55:20.650944350 PM",
="",3540,,,,,99,="",="2/4/2026 4:55:20.661450880 PM",
="",3547,,,,,105,="",="2/4/2026 4:55:20.691521845 PM",
="",3622,,,,,99,="",="2/4/2026 4:55:21.036691675 PM",
="",3624,,,,,382,="",="2/4/2026 4:55:21.048820230 PM",
="",3627,,,,,340,="",="2/4/2026 4:55:21.059551205 PM",
="",3650,,,,,79,="",="2/4/2026 4:55:21.145900660 PM",
="",3652,,,,,99,="",="2/4/2026 4:55:21.168734880 PM",
="",3697,,,,,315,="",="2/4/2026 4:55:21.377355215 PM",
="",3702,,,,,99,="",="2/4/2026 4:55:21.441070510 PM",
="",3749,,,,,404,="",="2/4/2026 4:55:21.646796345 PM",
="",3755,,,,,397,="",="2/4/2026 4:55:21.658010820 PM",
="",3787,,,,,424,="",="2/4/2026 4:55:21.862048375 PM",
="",3806,,,,,427,="",="2/4/2026 4:55:21.963645825 PM",
="",3857,,,,,109,="",="2/4/2026 4:55:22.260390285 PM",
="",3924,,,,,369,="",="2/4/2026 4:55:22.675286635 PM",
="",3942,,,,,315,="",="2/4/2026 4:55:22.810951515 PM",
="",3972,,,,,342,="",="2/4/2026 4:55:23.017495965 PM",
="",3982,,,,,223,="",="2/4/2026 4:55:23.060764020 PM",
="",3984,,,,,105,="",="2/4/2026 4:55:23.100549090 PM",
="",3992,,,,,117,="",="2/4/2026 4:55:23.119352575 PM",
="",4040,,,,,113,="",="2/4/2026 4:55:23.336841440 PM",
="",4077,,,,,342,="",="2/4/2026 4:55:23.540198720 PM",
="",4087,,,,,113,="",="2/4/2026 4:55:23.601888190 PM",
="",4091,,,,,424,="",="2/4/2026 4:55:23.602806120 PM",
="",4101,,,,,117,="",="2/4/2026 4:55:23.619363165 PM",
="",4104,,,,,105,="",="2/4/2026 4:55:23.621902220 PM",
="",4131,,,,,117,="",="2/4/2026 4:55:23.656779580 PM",
="",4134,,,,,99,="",="2/4/2026 4:55:23.657024275 PM",
="",4135,,,,,117,="",="2/4/2026 4:55:23.657146745 PM",
="",4137,,,,,105,="",="2/4/2026 4:55:23.658846490 PM",
="",4140,,,,,105,="",="2/4/2026 4:55:23.659276990 PM",
="",4169,,,,,117,="",="2/4/2026 4:55:23.711600645 PM",
="",4173,,,,,117,="",="2/4/2026 4:55:23.718718695 PM",
="",4194,,,,,99,="",="2/4/2026 4:55:23.773979060 PM",
="",4195,,,,,117,="",="2/4/2026 4:55:23.774058335 PM",
="",4196,,,,,117,="",="2/4/2026 4:55:23.774104475 PM",
="",4198,,,,,113,="",="2/4/2026 4:55:23.774627635 PM",
="",4200,,,,,113,="",="2/4/2026 4:55:23.775248250 PM",
="",4202,,,,,113,="",="2/4/2026 4:55:23.775885240 PM",
="",4223,,,,,105,="",="2/4/2026 4:55:23.809705855 PM",
="",4227,,,,,99,="",="2/4/2026 4:55:23.810025420 PM",
="",4228,,,,,117,="",="2/4/2026 4:55:23.810297870 PM",
="",4231,,,,,99,="",="2/4/2026 4:55:23.810847805 PM",
="",4232,,,,,117,="",="2/4/2026 4:55:23.811031450 PM",
="",4242,,,,,76,="",="2/4/2026 4:55:23.826961410 PM",
="",4287,,,,,113,="",="2/4/2026 4:55:24.020598455 PM",
="",4300,,,,,413,="",="2/4/2026 4:55:24.107832395 PM",
="",4308,,,,,324,="",="2/4/2026 4:55:24.139797350 PM",
="",4320,,,,,418,="",="2/4/2026 4:55:24.185797510 PM",
="",4368,,,,,367,="",="2/4/2026 4:55:24.411201310 PM",
="",4370,,,,,424,="",="2/4/2026 4:55:24.422069135 PM",
="",4440,,,,,342,="",="2/4/2026 4:55:24.745962265 PM",
="",4503,,,,,364,="",="2/4/2026 4:55:25.050547300 PM",
="",4647,,,,,99,="",="2/4/2026 4:55:25.747179715 PM",
="",4685,,,,,425,="",="2/4/2026 4:55:25.911786365 PM",
="",4689,,,,,323,="",="2/4/2026 4:55:25.950893290 PM",
="",4714,,,,,471,="",="2/4/2026 4:55:26.010756345 PM",
="",4720,,,,,121,="",="2/4/2026 4:55:26.016890195 PM",
="",4755,,,,,113,="",="2/4/2026 4:55:26.191662560 PM",
="",4763,,,,,400,="",="2/4/2026 4:55:26.259951095 PM",
="",4767,,,,,339,="",="2/4/2026 4:55:26.279995565 PM",
="",4783,,,,,400,="",="2/4/2026 4:55:26.362351540 PM",
="",4810,,,,,113,="",="2/4/2026 4:55:26.469205655 PM",
="",4878,,,,,406,="",="2/4/2026 4:55:26.726910205 PM",
="",4910,,,,,229,="",="2/4/2026 4:55:26.885377925 PM",
="",4919,,,,,229,="",="2/4/2026 4:55:26.903955905 PM",
="",5047,,,,,400,="",="2/4/2026 4:55:27.386043210 PM",
="",5078,,,,,400,="",="2/4/2026 4:55:27.488633035 PM",
="",5100,,,,,400,="",="2/4/2026 4:55:27.591071415 PM",
="",5104,,,,,339,="",="2/4/2026 4:55:27.611204875 PM",
="",5125,,,,,400,="",="2/4/2026 4:55:27.693455525 PM",
="",5142,,,,,376,="",="2/4/2026 4:55:27.749509415 PM",
="",5199,,,,,449,="",="2/4/2026 4:55:28.058742960 PM",
="",5201,,,,,449,="",="2/4/2026 4:55:28.059359335 PM",
="",5203,,,,,449,="",="2/4/2026 4:55:28.059959630 PM",
="",5259,,,,,342,="",="2/4/2026 4:55:28.342538010 PM",
="",5332,,,,,424,="",="2/4/2026 4:55:28.722917725 PM",
="",5344,,,,,113,="",="2/4/2026 4:55:28.780593160 PM",
="",5353,,,,,121,="",="2/4/2026 4:55:28.799749700 PM",
="",5356,,,,,99,="",="2/4/2026 4:55:28.800602475 PM",
="",5357,,,,,117,="",="2/4/2026 4:55:28.800707290 PM",
="",5366,,,,,117,="",="2/4/2026 4:55:28.809364130 PM",
="",5381,,,,,340,="",="2/4/2026 4:55:28.846111990 PM",
="",5382,,,,,324,="",="2/4/2026 4:55:28.850218560 PM",
="",5396,,,,,340,="",="2/4/2026 4:55:28.871335765 PM",
="",5423,,,,,415,="",="2/4/2026 4:55:28.990062505 PM",
="",5519,,,,,229,="",="2/4/2026 4:55:29.400180825 PM",
="",5560,,,,,415,="",="2/4/2026 4:55:29.570151320 PM",
="",5572,,,,,323,="",="2/4/2026 4:55:29.668590205 PM",
="",5583,,,,,427,="",="2/4/2026 4:55:29.746102520 PM",
="",5616,,,,,376,="",="2/4/2026 4:55:29.899964705 PM",
="",5632,,,,,99,="",="2/4/2026 4:55:29.986642080 PM",
="",5633,,,,,117,="",="2/4/2026 4:55:29.986761700 PM",
="",5636,,,,,117,="",="2/4/2026 4:55:29.990255915 PM",
="",5637,,,,,340,="",="2/4/2026 4:55:30.001247295 PM",
="",5639,,,,,99,="",="2/4/2026 4:55:30.031972645 PM",
="",5651,,,,,339,="",="2/4/2026 4:55:30.068844540 PM",
="",5666,,,,,117,="",="2/4/2026 4:55:30.106222845 PM",
="",5699,,,,,117,="",="2/4/2026 4:55:30.210586295 PM",
="",5701,,,,,99,="",="2/4/2026 4:55:30.245679945 PM",
="",5704,,,,,323,="",="2/4/2026 4:55:30.251128550 PM",
="",5720,,,,,466,="",="2/4/2026 4:55:30.342686065 PM",
="",5726,,,,,400,="",="2/4/2026 4:55:30.355880770 PM",
="",5727,,,,,323,="",="2/4/2026 4:55:30.356355285 PM",
="",5731,,,,,427,="",="2/4/2026 4:55:30.360507350 PM",
="",5794,,,,,418,="",="2/4/2026 4:55:30.579201405 PM",
="",5821,,,,,382,="",="2/4/2026 4:55:30.674093435 PM",
="",5838,,,,,427,="",="2/4/2026 4:55:30.770110510 PM",
="",5885,,,,,424,="",="2/4/2026 4:55:30.975754375 PM",
="",5925,,,,,105,="",="2/4/2026 4:55:31.089032635 PM",
="",5970,,,,,109,="",="2/4/2026 4:55:31.146193880 PM",
="",5986,,,,,117,="",="2/4/2026 4:55:31.163535505 PM",
="",5989,,,,,117,="",="2/4/2026 4:55:31.163886000 PM",
="",5995,,,,,105,="",="2/4/2026 4:55:31.171200570 PM",
="",5999,,,,,99,="",="2/4/2026 4:55:31.178232030 PM",
="",6000,,,,,99,="",="2/4/2026 4:55:31.179557770 PM",
="",6002,,,,,99,="",="2/4/2026 4:55:31.181127030 PM",
="",6010,,,,,99,="",="2/4/2026 4:55:31.199677235 PM",
="",6013,,,,,109,="",="2/4/2026 4:55:31.204962680 PM",
="",6016,,,,,129,="",="2/4/2026 4:55:31.205382695 PM",
="",6080,,,,,324,="",="2/4/2026 4:55:31.512651780 PM",
="",6089,,,,,222,="",="2/4/2026 4:55:31.532286530 PM",
="",6095,,,,,117,="",="2/4/2026 4:55:31.544169660 PM",
="",6107,,,,,400,="",="2/4/2026 4:55:31.584803480 PM",
="",6125,,,,,117,="",="2/4/2026 4:55:31.642271495 PM",
="",6141,,,,,113,="",="2/4/2026 4:55:31.698387620 PM",
="",6155,,,,,113,="",="2/4/2026 4:55:31.737056030 PM",
="",6157,,,,,113,="",="2/4/2026 4:55:31.737693085 PM",
="",6159,,,,,113,="",="2/4/2026 4:55:31.738334195 PM",
="",6167,,,,,400,="",="2/4/2026 4:55:31.789501435 PM",
="",6186,,,,,229,="",="2/4/2026 4:55:31.861857010 PM",
="",6226,,,,,109,="",="2/4/2026 4:55:31.954254410 PM",
="",6304,,,,,424,="",="2/4/2026 4:55:32.205003625 PM",
="",6332,,,,,397,="",="2/4/2026 4:55:32.307678355 PM",
="",6364,,,,,129,="",="2/4/2026 4:55:32.433974310 PM",
="",6376,,,,,117,="",="2/4/2026 4:55:32.461553970 PM",
="",6400,,,,,129,="",="2/4/2026 4:55:32.536363460 PM",
="",6453,,,,,125,="",="2/4/2026 4:55:32.694578075 PM",
="",6488,,,,,123,="",="2/4/2026 4:55:32.792149035 PM",
="",6493,,,,,323,="",="2/4/2026 4:55:32.813970865 PM",
="",6547,,,,,376,="",="2/4/2026 4:55:32.971916030 PM",
="",6548,,,,,117,="",="2/4/2026 4:55:32.972368525 PM",
="",6551,,,,,229,="",="2/4/2026 4:55:32.994167255 PM",
="",6622,,,,,382,="",="2/4/2026 4:55:33.336514740 PM",
="",6661,,,,,427,="",="2/4/2026 4:55:33.535043760 PM",
="",6670,,,,,340,="",="2/4/2026 4:55:33.567864845 PM",
="",6685,,,,,424,="",="2/4/2026 4:55:33.638331150 PM",
="",6686,,,,,397,="",="2/4/2026 4:55:33.639104900 PM",
="",6715,,,,,376,="",="2/4/2026 4:55:33.791136365 PM",
="",6739,,,,,421,="",="2/4/2026 4:55:33.887593555 PM",
="",6784,,,,,109,="",="2/4/2026 4:55:34.148849920 PM",
="",6852,,,,,421,="",="2/4/2026 4:55:34.450411030 PM",
="",6883,,,,,113,="",="2/4/2026 4:55:34.601576970 PM",
="",6885,,,,,105,="",="2/4/2026 4:55:34.601688880 PM",
="",6888,,,,,105,="",="2/4/2026 4:55:34.606904735 PM",
="",6891,,,,,1613,="",="2/4/2026 4:55:34.607203845 PM",
="",6892,,,,,117,="",="2/4/2026 4:55:34.609271675 PM",
="",6898,,,,,129,="",="2/4/2026 4:55:34.620313920 PM",
="",6899,,,,,117,="",="2/4/2026 4:55:34.620356635 PM",
="",6906,,,,,117,="",="2/4/2026 4:55:34.626299775 PM",
="",6907,,,,,117,="",="2/4/2026 4:55:34.626347595 PM",
="",6911,,,,,117,="",="2/4/2026 4:55:34.626646450 PM",
="",6915,,,,,109,="",="2/4/2026 4:55:34.627537930 PM",
="",6916,,,,,117,="",="2/4/2026 4:55:34.627582880 PM",
="",6920,,,,,117,="",="2/4/2026 4:55:34.628284765 PM",
="",6922,,,,,105,="",="2/4/2026 4:55:34.629270985 PM",
="",6925,,,,,105,="",="2/4/2026 4:55:34.629773500 PM",
="",6927,,,,,117,="",="2/4/2026 4:55:34.629978705 PM",
="",6929,,,,,105,="",="2/4/2026 4:55:34.631675135 PM",
="",6933,,,,,99,="",="2/4/2026 4:55:34.649771910 PM",
="",6936,,,,,99,="",="2/4/2026 4:55:34.650473235 PM",
="",6937,,,,,117,="",="2/4/2026 4:55:34.650508400 PM",
="",6938,,,,,117,="",="2/4/2026 4:55:34.650550455 PM",
="",6941,,,,,105,="",="2/4/2026 4:55:34.651993770 PM",
="",6943,,,,,105,="",="2/4/2026 4:55:34.652752085 PM",
="",6946,,,,,105,="",="2/4/2026 4:55:34.656542380 PM",
="",6950,,,,,105,="",="2/4/2026 4:55:34.658381345 PM",
="",6952,,,,,105,="",="2/4/2026 4:55:34.658900715 PM",
="",6953,,,,,105,="",="2/4/2026 4:55:34.659091065 PM",
="",6959,,,,,105,="",="2/4/2026 4:55:34.660519350 PM",
="",6961,,,,,105,="",="2/4/2026 4:55:34.661142940 PM",
="",6962,,,,,117,="",="2/4/2026 4:55:34.661354990 PM",
="",6964,,,,,427,="",="2/4/2026 4:55:34.661472620 PM",
="",6971,,,,,123,="",="2/4/2026 4:55:34.662920340 PM",
="",6974,,,,,105,="",="2/4/2026 4:55:34.663382310 PM",
="",6977,,,,,105,="",="2/4/2026 4:55:34.663850705 PM",
="",6983,,,,,99,="",="2/4/2026 4:55:34.664791365 PM",
="",6984,,,,,117,="",="2/4/2026 4:55:34.664962370 PM",
="",6986,,,,,105,="",="2/4/2026 4:55:34.665207260 PM",
="",6988,,,,,117,="",="2/4/2026 4:55:34.667307935 PM",
="",6990,,,,,105,="",="2/4/2026 4:55:34.667423155 PM",
="",6993,,,,,105,="",="2/4/2026 4:55:34.669138990 PM",
="",6997,,,,,99,="",="2/4/2026 4:55:34.670481975 PM",
="",6998,,,,,117,="",="2/4/2026 4:55:34.670590110 PM",
="",7000,,,,,105,="",="2/4/2026 4:55:34.672216905 PM",
="",7002,,,,,117,="",="2/4/2026 4:55:34.672323945 PM",
="",7006,,,,,117,="",="2/4/2026 4:55:34.673934500 PM",
="",7023,,,,,117,="",="2/4/2026 4:55:34.705805080 PM",
="",7043,,,,,117,="",="2/4/2026 4:55:34.720034325 PM",
="",7066,,,,,421,="",="2/4/2026 4:55:34.757617500 PM",
="",7067,,,,,413,="",="2/4/2026 4:55:34.758405515 PM",
="",7104,,,,,105,="",="2/4/2026 4:55:34.863562945 PM",
="",7125,,,,,109,="",="2/4/2026 4:55:34.907531285 PM",
="",7127,,,,,117,="",="2/4/2026 4:55:34.908221005 PM",
="",7141,,,,,117,="",="2/4/2026 4:55:34.921139875 PM",
="",7157,,,,,229,="",="2/4/2026 4:55:34.941462035 PM",
="",7216,,,,,117,="",="2/4/2026 4:55:35.040860970 PM",
="",7255,,,,,195,="",="2/4/2026 4:55:35.115930645 PM",
="",7275,,,,,121,="",="2/4/2026 4:55:35.142985905 PM",
="",7340,,,,,99,="",="2/4/2026 4:55:35.245584865 PM",
="",7343,,,,,117,="",="2/4/2026 4:55:35.251439990 PM",
="",7350,,,,,109,="",="2/4/2026 4:55:35.269993170 PM",
="",7357,,,,,229,="",="2/4/2026 4:55:35.278959495 PM",
="",7367,,,,,117,="",="2/4/2026 4:55:35.293069380 PM",
="",7392,,,,,229,="",="2/4/2026 4:55:35.339986655 PM",
="",7400,,,,,117,="",="2/4/2026 4:55:35.351300410 PM",
="",7464,,,,,109,="",="2/4/2026 4:55:35.470008005 PM",
="",7469,,,,,117,="",="2/4/2026 4:55:35.476484580 PM",
="",7490,,,,,117,="",="2/4/2026 4:55:35.510215360 PM",
="",7493,,,,,117,="",="2/4/2026 4:55:35.512704750 PM",
="",7502,,,,,105,="",="2/4/2026 4:55:35.521593885 PM",
="",7519,,,,,117,="",="2/4/2026 4:55:35.549047645 PM",
="",7522,,,,,117,="",="2/4/2026 4:55:35.550018535 PM",
="",7526,,,,,105,="",="2/4/2026 4:55:35.551864540 PM",
="",7537,,,,,117,="",="2/4/2026 4:55:35.562564955 PM",
="",7545,,,,,117,="",="2/4/2026 4:55:35.563261970 PM",
="",7552,,,,,105,="",="2/4/2026 4:55:35.564837180 PM",
="",7568,,,,,129,="",="2/4/2026 4:55:35.582912215 PM",
="",7570,,,,,105,="",="2/4/2026 4:55:35.585259500 PM",
="",7575,,,,,113,="",="2/4/2026 4:55:35.596181380 PM",
="",7577,,,,,113,="",="2/4/2026 4:55:35.596819890 PM",
="",7587,,,,,99,="",="2/4/2026 4:55:35.629639810 PM",
="",7588,,,,,117,="",="2/4/2026 4:55:35.629747585 PM",
="",7607,,,,,229,="",="2/4/2026 4:55:35.673314620 PM",
="",7621,,,,,123,="",="2/4/2026 4:55:35.701071245 PM",
="",7637,,,,,99,="",="2/4/2026 4:55:35.726913805 PM",
="",7638,,,,,117,="",="2/4/2026 4:55:35.726971080 PM",
="",7639,,,,,117,="",="2/4/2026 4:55:35.727018140 PM",
="",7644,,,,,117,="",="2/4/2026 4:55:35.739558175 PM",
="",7658,,,,,117,="",="2/4/2026 4:55:35.801486095 PM",
="",7679,,,,,117,="",="2/4/2026 4:55:35.823008220 PM",
="",7689,,,,,117,="",="2/4/2026 4:55:35.847210035 PM",
="",7713,,,,,400,="",="2/4/2026 4:55:35.888189675 PM",
="",7715,,,,,99,="",="2/4/2026 4:55:35.900216190 PM",
="",7716,,,,,117,="",="2/4/2026 4:55:35.900320445 PM",
="",7746,,,,,400,="",="2/4/2026 4:55:35.988075605 PM",
="",7749,,,,,117,="",="2/4/2026 4:55:36.009402115 PM",
="",7808,,,,,413,="",="2/4/2026 4:55:36.191351820 PM",
="",7809,,,,,400,="",="2/4/2026 4:55:36.192101665 PM",
="",7813,,,,,99,="",="2/4/2026 4:55:36.197402520 PM",
="",7819,,,,,117,="",="2/4/2026 4:55:36.202204535 PM",
="",7825,,,,,105,="",="2/4/2026 4:55:36.203845055 PM",
="",7840,,,,,117,="",="2/4/2026 4:55:36.207463290 PM",
="",7845,,,,,117,="",="2/4/2026 4:55:36.209527505 PM",
="",7852,,,,,109,="",="2/4/2026 4:55:36.213093950 PM",
="",7860,,,,,105,="",="2/4/2026 4:55:36.215679150 PM",
="",7909,,,,,125,="",="2/4/2026 4:55:36.374860445 PM",
="",7916,,,,,367,="",="2/4/2026 4:55:36.392080175 PM",
="",7951,,,,,117,="",="2/4/2026 4:55:36.502903185 PM",
="",7959,,,,,117,="",="2/4/2026 4:55:36.507161355 PM",
="",7979,,,,,413,="",="2/4/2026 4:55:36.601613675 PM",
="",7999,,,,,99,="",="2/4/2026 4:55:36.635898680 PM",
="",8001,,,,,117,="",="2/4/2026 4:55:36.635981935 PM",
="",8006,,,,,1243,="",="2/4/2026 4:55:36.646593540 PM",
="",8007,,,,,117,="",="2/4/2026 4:55:36.646697970 PM",
="",8013,,,,,99,="",="2/4/2026 4:55:36.647344000 PM",
="",8014,,,,,117,="",="2/4/2026 4:55:36.647447135 PM",
="",8020,,,,,105,="",="2/4/2026 4:55:36.650128605 PM",
="",8032,,,,,113,="",="2/4/2026 4:55:36.697077915 PM",
="",8036,,,,,113,="",="2/4/2026 4:55:36.698367095 PM",
="",8040,,,,,99,="",="2/4/2026 4:55:36.709685380 PM",
="",8041,,,,,117,="",="2/4/2026 4:55:36.709739095 PM",
="",8046,,,,,117,="",="2/4/2026 4:55:36.716279910 PM",
="",8083,,,,,324,="",="2/4/2026 4:55:36.837473445 PM",
="",8099,,,,,413,="",="2/4/2026 4:55:36.908806430 PM",
="",8100,,,,,400,="",="2/4/2026 4:55:36.909572875 PM",
="",8118,,,,,113,="",="2/4/2026 4:55:36.974045815 PM",
="",8146,,,,,113,="",="2/4/2026 4:55:37.096593580 PM",
="",8148,,,,,105,="",="2/4/2026 4:55:37.096818175 PM",
="",8151,,,,,435,="",="2/4/2026 4:55:37.107765280 PM",
="",8152,,,,,435,="",="2/4/2026 4:55:37.108621560 PM",
="",8185,,,,,400,="",="2/4/2026 4:55:37.216830710 PM",
="",8207,,,,,340,="",="2/4/2026 4:55:37.345368775 PM",
="",8238,,,,,342,="",="2/4/2026 4:55:37.455982420 PM",
="",8247,,,,,117,="",="2/4/2026 4:55:37.473591685 PM",
="",8320,,,,,117,="",="2/4/2026 4:55:37.708869150 PM",
="",8326,,,,,421,="",="2/4/2026 4:55:37.727241150 PM",
="",8327,,,,,413,="",="2/4/2026 4:55:37.728040060 PM",
="",8328,,,,,400,="",="2/4/2026 4:55:37.728801265 PM",
="",8346,,,,,113,="",="2/4/2026 4:55:37.791763550 PM",
="",8353,,,,,99,="",="2/4/2026 4:55:37.815820545 PM",
="",8358,,,,,435,="",="2/4/2026 4:55:37.825395395 PM",
="",8400,,,,,309,="",="2/4/2026 4:55:38.008043640 PM",
="",8401,,,,,117,="",="2/4/2026 4:55:38.011124505 PM",
="",8419,,,,,99,="",="2/4/2026 4:55:38.116433460 PM",
="",8423,,,,,117,="",="2/4/2026 4:55:38.124122895 PM",
="",8426,,,,,99,="",="2/4/2026 4:55:38.131480170 PM",
="",8437,,,,,117,="",="2/4/2026 4:55:38.167833140 PM",
="",8450,,,,,117,="",="2/4/2026 4:55:38.190472615 PM",
="",8459,,,,,99,="",="2/4/2026 4:55:38.207306360 PM",
="",8461,,,,,99,="",="2/4/2026 4:55:38.224715955 PM",
="",8462,,,,,435,="",="2/4/2026 4:55:38.234181775 PM",
="",8470,,,,,400,="",="2/4/2026 4:55:38.266039045 PM",
="",8485,,,,,451,="",="2/4/2026 4:55:38.291464535 PM",
="",8498,,,,,117,="",="2/4/2026 4:55:38.333359590 PM",
="",8500,,,,,113,="",="2/4/2026 4:55:38.334867320 PM",
="",8502,,,,,113,="",="2/4/2026 4:55:38.335515030 PM",
="",8510,,,,,117,="",="2/4/2026 4:55:38.348319195 PM",
="",8511,,,,,424,="",="2/4/2026 4:55:38.348653300 PM",
="",8512,,,,,99,="",="2/4/2026 4:55:38.350999040 PM",
="",8521,,,,,113,="",="2/4/2026 4:55:38.396563375 PM",
="",8531,,,,,99,="",="2/4/2026 4:55:38.420906275 PM",
="",8532,,,,,117,="",="2/4/2026 4:55:38.422532390 PM",
="",8534,,,,,229,="",="2/4/2026 4:55:38.439080770 PM",
="",8563,,,,,339,="",="2/4/2026 4:55:38.568103530 PM",
="",8600,,,,,229,="",="2/4/2026 4:55:38.739808815 PM",
="",8604,,,,,421,="",="2/4/2026 4:55:38.776397640 PM",
="",8610,,,,,213,="",="2/4/2026 4:55:38.789523750 PM",
="",8639,,,,,117,="",="2/4/2026 4:55:38.900973735 PM",
="",8647,,,,,400,="",="2/4/2026 4:55:38.956617690 PM",
="",8667,,,,,421,="",="2/4/2026 4:55:39.083600965 PM",
="",8668,,,,,413,="",="2/4/2026 4:55:39.084383980 PM",
="",8669,,,,,400,="",="2/4/2026 4:55:39.085211335 PM",
="",8679,,,,,117,="",="2/4/2026 4:55:39.132627765 PM",
="",8683,,,,,229,="",="2/4/2026 4:55:39.187991305 PM",
="",8684,,,,,413,="",="2/4/2026 4:55:39.188774080 PM",
="",8698,,,,,435,="",="2/4/2026 4:55:39.259057175 PM",
="",8699,,,,,322,="",="2/4/2026 4:55:39.261162880 PM",
="",8705,,,,,117,="",="2/4/2026 4:55:39.272478465 PM",
="",8706,,,,,117,="",="2/4/2026 4:55:39.273809820 PM",
="",8720,,,,,99,="",="2/4/2026 4:55:39.327276575 PM",
="",8722,,,,,99,="",="2/4/2026 4:55:39.328333090 PM",
="",8725,,,,,99,="",="2/4/2026 4:55:39.332777990 PM",
="",8727,,,,,99,="",="2/4/2026 4:55:39.334278315 PM",
="",8730,,,,,117,="",="2/4/2026 4:55:39.335157900 PM",
="",8739,,,,,117,="",="2/4/2026 4:55:39.345861995 PM",
="",8741,,,,,117,="",="2/4/2026 4:55:39.347190550 PM",
="",8745,,,,,117,="",="2/4/2026 4:55:39.349960185 PM",
="",8748,,,,,117,="",="2/4/2026 4:55:39.353575660 PM",
="",8750,,,,,117,="",="2/4/2026 4:55:39.355215375 PM",
="",8753,,,,,117,="",="2/4/2026 4:55:39.359073100 PM",
="",8756,,,,,434,="",="2/4/2026 4:55:39.362982350 PM",
="",8757,,,,,421,="",="2/4/2026 4:55:39.364774035 PM",
="",8760,,,,,365,="",="2/4/2026 4:55:39.369114200 PM",
="",8761,,,,,113,="",="2/4/2026 4:55:39.371603255 PM",
="",8766,,,,,117,="",="2/4/2026 4:55:39.378159065 PM",
="",8775,,,,,413,="",="2/4/2026 4:55:39.395206050 PM",
="",8780,,,,,99,="",="2/4/2026 4:55:39.402665425 PM",
="",8781,,,,,117,="",="2/4/2026 4:55:39.404027515 PM",
="",8783,,,,,99,="",="2/4/2026 4:55:39.408243230 PM",
="",8784,,,,,117,="",="2/4/2026 4:55:39.409777555 PM",
="",8786,,,,,117,="",="2/4/2026 4:55:39.414391195 PM",
="",8788,,,,,99,="",="2/4/2026 4:55:39.419070025 PM",
="",8792,,,,,99,="",="2/4/2026 4:55:39.422006120 PM",
="",8796,,,,,117,="",="2/4/2026 4:55:39.435003950 PM",
="",8797,,,,,117,="",="2/4/2026 4:55:39.436955440 PM",
="",8798,,,,,117,="",="2/4/2026 4:55:39.439841560 PM",
="",8799,,,,,117,="",="2/4/2026 4:55:39.441331575 PM",
="",8804,,,,,117,="",="2/4/2026 4:55:39.452605670 PM",
="",8805,,,,,99,="",="2/4/2026 4:55:39.457128760 PM",
="",8806,,,,,435,="",="2/4/2026 4:55:39.463001095 PM",
="",8811,,,,,113,="",="2/4/2026 4:55:39.484226110 PM",
="",8822,,,,,117,="",="2/4/2026 4:55:39.519826075 PM",
="",8832,,,,,117,="",="2/4/2026 4:55:39.557952840 PM",
="",8833,,,,,117,="",="2/4/2026 4:55:39.559503045 PM",
="",8834,,,,,99,="",="2/4/2026 4:55:39.561491230 PM",
="",8835,,,,,99,="",="2/4/2026 4:55:39.561807925 PM",
="",8836,,,,,117,="",="2/4/2026 4:55:39.562565440 PM",
="",8837,,,,,117,="",="2/4/2026 4:55:39.563498670 PM",
="",8838,,,,,117,="",="2/4/2026 4:55:39.564842065 PM",
="",8841,,,,,117,="",="2/4/2026 4:55:39.572186765 PM",
="",8842,,,,,117,="",="2/4/2026 4:55:39.577350285 PM",
="",8843,,,,,117,="",="2/4/2026 4:55:39.583351215 PM",
="",8844,,,,,298,="",="2/4/2026 4:55:39.583506685 PM",
="",8858,,,,,99,="",="2/4/2026 4:55:39.618808190 PM",
="",8860,,,,,117,="",="2/4/2026 4:55:39.622872325 PM",
="",8861,,,,,99,="",="2/4/2026 4:55:39.626809520 PM",
="",8862,,,,,117,="",="2/4/2026 4:55:39.627897505 PM",
="",8864,,,,,117,="",="2/4/2026 4:55:39.631860955 PM",
="",8865,,,,,117,="",="2/4/2026 4:55:39.633290420 PM",
="",8866,,,,,117,="",="2/4/2026 4:55:39.645413475 PM",
="",8869,,,,,99,="",="2/4/2026 4:55:39.650172735 PM",
="",8870,,,,,99,="",="2/4/2026 4:55:39.651925695 PM",
="",8871,,,,,117,="",="2/4/2026 4:55:39.652745960 PM",
="",8872,,,,,99,="",="2/4/2026 4:55:39.653272665 PM",
="",8873,,,,,117,="",="2/4/2026 4:55:39.654055155 PM",
="",8874,,,,,99,="",="2/4/2026 4:55:39.654660075 PM",
="",8875,,,,,117,="",="2/4/2026 4:55:39.655524930 PM",
="",8876,,,,,117,="",="2/4/2026 4:55:39.657773900 PM",
="",8878,,,,,129,="",="2/4/2026 4:55:39.659071195 PM",
="",8882,,,,,117,="",="2/4/2026 4:55:39.661945400 PM",
="",8883,,,,,99,="",="2/4/2026 4:55:39.663431535 PM",
="",8884,,,,,117,="",="2/4/2026 4:55:39.664205185 PM",
="",8885,,,,,117,="",="2/4/2026 4:55:39.669779295 PM",
="",8886,,,,,99,="",="2/4/2026 4:55:39.673118210 PM",
="",8888,,,,,99,="",="2/4/2026 4:55:39.677645645 PM",
="",8889,,,,,117,="",="2/4/2026 4:55:39.678477485 PM",
="",8890,,,,,397,="",="2/4/2026 4:55:39.680570945 PM",
="",8891,,,,,117,="",="2/4/2026 4:55:39.681517945 PM",
="",8892,,,,,99,="",="2/4/2026 4:55:39.685302000 PM",
="",8893,,,,,117,="",="2/4/2026 4:55:39.686023340 PM",
="",8894,,,,,117,="",="2/4/2026 4:55:39.686905915 PM",
="",8895,,,,,99,="",="2/4/2026 4:55:39.690526455 PM",
="",8896,,,,,117,="",="2/4/2026 4:55:39.692320445 PM",
="",8905,,,,,117,="",="2/4/2026 4:55:39.708166365 PM",
="",8909,,,,,229,="",="2/4/2026 4:55:39.708898175 PM",
="",8915,,,,,99,="",="2/4/2026 4:55:39.715503465 PM",
="",8918,,,,,99,="",="2/4/2026 4:55:39.717637150 PM",
="",8919,,,,,117,="",="2/4/2026 4:55:39.718423600 PM",
="",8921,,,,,117,="",="2/4/2026 4:55:39.719710330 PM",
="",8924,,,,,303,="",="2/4/2026 4:55:39.722101995 PM",
="",8925,,,,,117,="",="2/4/2026 4:55:39.725110310 PM",
="",8928,,,,,117,="",="2/4/2026 4:55:39.737357570 PM",
="",8931,,,,,117,="",="2/4/2026 4:55:39.742328240 PM",
="",8932,,,,,117,="",="2/4/2026 4:55:39.745720050 PM",
="",8934,,,,,117,="",="2/4/2026 4:55:39.751251320 PM",
="",8938,,,,,99,="",="2/4/2026 4:55:39.756889220 PM",
="",8943,,,,,99,="",="2/4/2026 4:55:39.765642240 PM",
="",8949,,,,,117,="",="2/4/2026 4:55:39.768494825 PM",
="",8950,,,,,99,="",="2/4/2026 4:55:39.768567535 PM",
="",8953,,,,,117,="",="2/4/2026 4:55:39.770131820 PM",
="",8954,,,,,99,="",="2/4/2026 4:55:39.770582895 PM",
="",8955,,,,,117,="",="2/4/2026 4:55:39.772215370 PM",
="",8959,,,,,99,="",="2/4/2026 4:55:39.779973090 PM",
="",8960,,,,,117,="",="2/4/2026 4:55:39.780965415 PM",
="",8961,,,,,117,="",="2/4/2026 4:55:39.781928140 PM",
="",8964,,,,,117,="",="2/4/2026 4:55:39.790167055 PM",
="",8965,,,,,99,="",="2/4/2026 4:55:39.790356650 PM",
="",8966,,,,,99,="",="2/4/2026 4:55:39.793822370 PM",
="",8967,,,,,117,="",="2/4/2026 4:55:39.795431325 PM",
="",8968,,,,,99,="",="2/4/2026 4:55:39.796318180 PM",
="",8971,,,,,413,="",="2/4/2026 4:55:39.801255045 PM",
="",8972,,,,,400,="",="2/4/2026 4:55:39.802074505 PM",
="",8980,,,,,99,="",="2/4/2026 4:55:39.817578870 PM",
="",8981,,,,,99,="",="2/4/2026 4:55:39.818083840 PM",
="",8982,,,,,117,="",="2/4/2026 4:55:39.819901005 PM",
="",8987,,,,,99,="",="2/4/2026 4:55:39.826470775 PM",
="",8988,,,,,109,="",="2/4/2026 4:55:39.829817515 PM",
="",8989,,,,,99,="",="2/4/2026 4:55:39.831690310 PM",
="",8990,,,,,117,="",="2/4/2026 4:55:39.832246070 PM",
="",8993,,,,,117,="",="2/4/2026 4:55:39.838050765 PM",
="",8995,,,,,117,="",="2/4/2026 4:55:39.838910540 PM",
="",8996,,,,,99,="",="2/4/2026 4:55:39.844913030 PM",
="",8997,,,,,117,="",="2/4/2026 4:55:39.845567180 PM",
="",8998,,,,,99,="",="2/4/2026 4:55:39.848180660 PM",
="",9000,,,,,99,="",="2/4/2026 4:55:39.849076475 PM",
="",9001,,,,,99,="",="2/4/2026 4:55:39.849459840 PM",
="",9005,,,,,99,="",="2/4/2026 4:55:39.852724165 PM",
="",9010,,,,,117,="",="2/4/2026 4:55:39.854105895 PM",
="",9012,,,,,99,="",="2/4/2026 4:55:39.855352220 PM",
="",9015,,,,,117,="",="2/4/2026 4:55:39.856125535 PM",
="",9017,,,,,99,="",="2/4/2026 4:55:39.857503465 PM",
="",9018,,,,,99,="",="2/4/2026 4:55:39.857763665 PM",
="",9019,,,,,99,="",="2/4/2026 4:55:39.860977960 PM",
="",9024,,,,,105,="",="2/4/2026 4:55:39.863671365 PM",
="",9027,,,,,117,="",="2/4/2026 4:55:39.864443360 PM",
="",9028,,,,,117,="",="2/4/2026 4:55:39.865695725 PM",
="",9040,,,,,99,="",="2/4/2026 4:55:39.881364650 PM",
="",9041,,,,,99,="",="2/4/2026 4:55:39.883635355 PM",
="",9043,,,,,117,="",="2/4/2026 4:55:39.887416490 PM",
="",9047,,,,,99,="",="2/4/2026 4:55:39.895013255 PM",
="",9050,,,,,117,="",="2/4/2026 4:55:39.902212415 PM",
="",9058,,,,,99,="",="2/4/2026 4:55:39.915514045 PM",
="",9059,,,,,99,="",="2/4/2026 4:55:39.915772470 PM",
="",9060,,,,,99,="",="2/4/2026 4:55:39.916173795 PM",
="",9065,,,,,117,="",="2/4/2026 4:55:39.932628255 PM",
="",9067,,,,,376,="",="2/4/2026 4:55:39.935253405 PM",
="",9086,,,,,443,="",="2/4/2026 4:55:39.988317450 PM",
="",9087,,,,,117,="",="2/4/2026 4:55:39.991160465 PM",
="",9088,,,,,117,="",="2/4/2026 4:55:39.992242795 PM",
="",9089,,,,,99,="",="2/4/2026 4:55:39.996150230 PM",
="",9091,,,,,117,="",="2/4/2026 4:55:39.998582000 PM",
="",9106,,,,,117,="",="2/4/2026 4:55:40.018545345 PM",
="",9107,,,,,117,="",="2/4/2026 4:55:40.020194755 PM",
="",9114,,,,,99,="",="2/4/2026 4:55:40.042301765 PM",
="",9116,,,,,117,="",="2/4/2026 4:55:40.043316145 PM",
="",9130,,,,,117,="",="2/4/2026 4:55:40.072040700 PM",
="",9131,,,,,117,="",="2/4/2026 4:55:40.075048120 PM",
="",9132,,,,,99,="",="2/4/2026 4:55:40.076991890 PM",
="",9136,,,,,427,="",="2/4/2026 4:55:40.088582105 PM",
="",9137,,,,,99,="",="2/4/2026 4:55:40.089029620 PM",
="",9138,,,,,117,="",="2/4/2026 4:55:40.089968450 PM",
="",9139,,,,,117,="",="2/4/2026 4:55:40.094243795 PM",
="",9140,,,,,99,="",="2/4/2026 4:55:40.097902750 PM",
="",9143,,,,,117,="",="2/4/2026 4:55:40.105247690 PM",
="",9151,,,,,99,="",="2/4/2026 4:55:40.126548035 PM",
="",9153,,,,,117,="",="2/4/2026 4:55:40.132012875 PM",
="",9154,,,,,117,="",="2/4/2026 4:55:40.136008220 PM",
="",9155,,,,,117,="",="2/4/2026 4:55:40.136859180 PM",
="",9156,,,,,117,="",="2/4/2026 4:55:40.137884200 PM",
="",9175,,,,,99,="",="2/4/2026 4:55:40.178978035 PM",
="",9176,,,,,435,="",="2/4/2026 4:55:40.180743900 PM",
="",9177,,,,,434,="",="2/4/2026 4:55:40.181516300 PM",
="",9197,,,,,117,="",="2/4/2026 4:55:40.257880265 PM",
="",9203,,,,,117,="",="2/4/2026 4:55:40.269511690 PM",
="",9204,,,,,99,="",="2/4/2026 4:55:40.269602455 PM",
="",9205,,,,,99,="",="2/4/2026 4:55:40.272664050 PM",
="",9206,,,,,99,="",="2/4/2026 4:55:40.272984265 PM",
="",9207,,,,,99,="",="2/4/2026 4:55:40.273331600 PM",
="",9212,,,,,117,="",="2/4/2026 4:55:40.276528295 PM",
="",9215,,,,,117,="",="2/4/2026 4:55:40.278342380 PM",
="",9216,,,,,117,="",="2/4/2026 4:55:40.280211385 PM",
="",9217,,,,,99,="",="2/4/2026 4:55:40.280390300 PM",
="",9221,,,,,397,="",="2/4/2026 4:55:40.287304815 PM",
="",9223,,,,,99,="",="2/4/2026 4:55:40.289166360 PM",
="",9224,,,,,117,="",="2/4/2026 4:55:40.290271385 PM",
="",9227,,,,,99,="",="2/4/2026 4:55:40.294314305 PM",
="",9230,,,,,117,="",="2/4/2026 4:55:40.295727210 PM",
="",9232,,,,,99,="",="2/4/2026 4:55:40.304116865 PM",
="",9245,,,,,117,="",="2/4/2026 4:55:40.326825730 PM",
="",9249,,,,,117,="",="2/4/2026 4:55:40.333452530 PM",
="",9257,,,,,215,="",="2/4/2026 4:55:40.341133530 PM",
="",9261,,,,,123,="",="2/4/2026 4:55:40.341988990 PM",
="",9267,,,,,215,="",="2/4/2026 4:55:40.343943660 PM",
="",9272,,,,,413,="",="2/4/2026 4:55:40.390736550 PM",
="",9296,,,,,117,="",="2/4/2026 4:55:40.462454535 PM",
="",9302,,,,,117,="",="2/4/2026 4:55:40.463569205 PM",
="",9303,,,,,117,="",="2/4/2026 4:55:40.463685425 PM",
="",9307,,,,,117,="",="2/4/2026 4:55:40.464455215 PM",
="",9309,,,,,117,="",="2/4/2026 4:55:40.464912795 PM",
="",9318,,,,,117,="",="2/4/2026 4:55:40.467964830 PM",
="",9323,,,,,117,="",="2/4/2026 4:55:40.468766280 PM",
="",9336,,,,,105,="",="2/4/2026 4:55:40.472051730 PM",
="",9341,,,,,117,="",="2/4/2026 4:55:40.474467230 PM",
="",9344,,,,,117,="",="2/4/2026 4:55:40.480118050 PM",
="",9347,,,,,117,="",="2/4/2026 4:55:40.481582385 PM",
="",9355,,,,,117,="",="2/4/2026 4:55:40.488566470 PM",
="",9358,,,,,113,="",="2/4/2026 4:55:40.492781310 PM",
="",9359,,,,,117,="",="2/4/2026 4:55:40.495835525 PM",
="",9360,,,,,99,="",="2/4/2026 4:55:40.505182450 PM",
="",9361,,,,,117,="",="2/4/2026 4:55:40.505883310 PM",
="",9362,,,,,117,="",="2/4/2026 4:55:40.506729415 PM",
="",9363,,,,,99,="",="2/4/2026 4:55:40.506912130 PM",
="",9364,,,,,117,="",="2/4/2026 4:55:40.507693500 PM",
="",9372,,,,,105,="",="2/4/2026 4:55:40.533409090 PM",
="",9374,,,,,117,="",="2/4/2026 4:55:40.534527675 PM",
="",9375,,,,,105,="",="2/4/2026 4:55:40.534663535 PM",
="",9381,,,,,117,="",="2/4/2026 4:55:40.546591340 PM",
="",9382,,,,,119,="",="2/4/2026 4:55:40.546816115 PM",
="",9384,,,,,99,="",="2/4/2026 4:55:40.554989795 PM",
="",9385,,,,,99,="",="2/4/2026 4:55:40.556561215 PM",
="",9387,,,,,117,="",="2/4/2026 4:55:40.575346430 PM",
="",9392,,,,,99,="",="2/4/2026 4:55:40.594922470 PM",
="",9397,,,,,117,="",="2/4/2026 4:55:40.596888415 PM",
="",9398,,,,,117,="",="2/4/2026 4:55:40.598116605 PM",
="",9399,,,,,117,="",="2/4/2026 4:55:40.598958310 PM",
="",9400,,,,,117,="",="2/4/2026 4:55:40.600345615 PM",
="",9401,,,,,99,="",="2/4/2026 4:55:40.602897385 PM",
="",9402,,,,,117,="",="2/4/2026 4:55:40.603633980 PM",
="",9403,,,,,99,="",="2/4/2026 4:55:40.608679560 PM",
="",9404,,,,,117,="",="2/4/2026 4:55:40.609506985 PM",
="",9405,,,,,99,="",="2/4/2026 4:55:40.615682950 PM",
="",9415,,,,,117,="",="2/4/2026 4:55:40.646746495 PM",
="",9417,,,,,99,="",="2/4/2026 4:55:40.647523545 PM",
="",9418,,,,,117,="",="2/4/2026 4:55:40.648135920 PM",
="",9419,,,,,99,="",="2/4/2026 4:55:40.649301080 PM",
="",9420,,,,,117,="",="2/4/2026 4:55:40.650086010 PM",
="",9421,,,,,117,="",="2/4/2026 4:55:40.650793990 PM",
="",9422,,,,,117,="",="2/4/2026 4:55:40.651830370 PM",
="",9425,,,,,117,="",="2/4/2026 4:55:40.658050445 PM",
="",9427,,,,,99,="",="2/4/2026 4:55:40.664872920 PM",
="",9428,,,,,99,="",="2/4/2026 4:55:40.665241205 PM",
="",9430,,,,,99,="",="2/4/2026 4:55:40.666238610 PM",
="",9431,,,,,117,="",="2/4/2026 4:55:40.666876960 PM",
="",9432,,,,,117,="",="2/4/2026 4:55:40.667771375 PM",
="",9435,,,,,99,="",="2/4/2026 4:55:40.674334425 PM",
="",9437,,,,,99,="",="2/4/2026 4:55:40.680643945 PM",
="",9438,,,,,117,="",="2/4/2026 4:55:40.682800085 PM",
="",9439,,,,,109,="",="2/4/2026 4:55:40.683404620 PM",
="",9440,,,,,99,="",="2/4/2026 4:55:40.684955970 PM",
="",9441,,,,,99,="",="2/4/2026 4:55:40.685525250 PM",
="",9442,,,,,99,="",="2/4/2026 4:55:40.685785955 PM",
="",9445,,,,,99,="",="2/4/2026 4:55:40.700457395 PM",
="",9446,,,,,117,="",="2/4/2026 4:55:40.701015795 PM",
="",9449,,,,,197,="",="2/4/2026 4:55:40.702733525 PM",
="",9483,,,,,99,="",="2/4/2026 4:55:40.761013225 PM",
="",9484,,,,,99,="",="2/4/2026 4:55:40.765921345 PM",
="",9485,,,,,99,="",="2/4/2026 4:55:40.766237920 PM",
="",9486,,,,,117,="",="2/4/2026 4:55:40.767550035 PM",
="",9489,,,,,117,="",="2/4/2026 4:55:40.770367925 PM",
="",9490,,,,,99,="",="2/4/2026 4:55:40.770954525 PM",
="",9493,,,,,117,="",="2/4/2026 4:55:40.776361550 PM",
="",9494,,,,,117,="",="2/4/2026 4:55:40.779110010 PM",
="",9495,,,,,99,="",="2/4/2026 4:55:40.779596605 PM",
="",9496,,,,,117,="",="2/4/2026 4:55:40.786633860 PM",
="",9503,,,,,99,="",="2/4/2026 4:55:40.789940645 PM",
="",9508,,,,,99,="",="2/4/2026 4:55:40.792611635 PM",
="",9509,,,,,117,="",="2/4/2026 4:55:40.794054035 PM",
="",9533,,,,,99,="",="2/4/2026 4:55:40.855719410 PM",
="",9538,,,,,215,="",="2/4/2026 4:55:40.863828630 PM",
="",9549,,,,,99,="",="2/4/2026 4:55:40.877861195 PM",
="",9550,,,,,117,="",="2/4/2026 4:55:40.879534565 PM",
="",9551,,,,,105,="",="2/4/2026 4:55:40.879652890 PM",
="",9552,,,,,215,="",="2/4/2026 4:55:40.882111915 PM",
="",9553,,,,,215,="",="2/4/2026 4:55:40.882194865 PM",
="",9554,,,,,215,="",="2/4/2026 4:55:40.882241815 PM",
="",9557,,,,,117,="",="2/4/2026 4:55:40.888457605 PM",
="",9572,,,,,113,="",="2/4/2026 4:55:40.929316490 PM",
="",9573,,,,,215,="",="2/4/2026 4:55:40.932366715 PM",
="",9574,,,,,215,="",="2/4/2026 4:55:40.932450670 PM",
="",9582,,,,,103,="",="2/4/2026 4:55:40.956695990 PM",
="",9583,,,,,215,="",="2/4/2026 4:55:40.956909205 PM",
="",9584,,,,,117,="",="2/4/2026 4:55:40.957075850 PM",
="",9592,,,,,397,="",="2/4/2026 4:55:41.002234915 PM",
="",9613,,,,,105,="",="2/4/2026 4:55:41.044375315 PM",
="",9625,,,,,471,="",="2/4/2026 4:55:41.063779730 PM",
="",9633,,,,,579,="",="2/4/2026 4:55:41.101369050 PM",
="",9662,,,,,99,="",="2/4/2026 4:55:41.181296500 PM",
="",9678,,,,,472,="",="2/4/2026 4:55:41.239028240 PM",
="",9689,,,,,340,="",="2/4/2026 4:55:41.298141080 PM",
="",9703,,,,,105,="",="2/4/2026 4:55:41.352497405 PM",
="",9704,,,,,105,="",="2/4/2026 4:55:41.355458635 PM",
="",9725,,,,,421,="",="2/4/2026 4:55:41.412723555 PM",
="",9731,,,,,229,="",="2/4/2026 4:55:41.419806370 PM",
="",9733,,,,,429,="",="2/4/2026 4:55:41.423558690 PM",
="",9752,,,,,429,="",="2/4/2026 4:55:41.447285775 PM",
="",9754,,,,,105,="",="2/4/2026 4:55:41.455021990 PM",
="",9755,,,,,105,="",="2/4/2026 4:55:41.455584615 PM",
="",9759,,,,,117,="",="2/4/2026 4:55:41.481919190 PM",
="",9771,,,,,200,="",="2/4/2026 4:55:41.485500385 PM",
="",9797,,,,,105,="",="2/4/2026 4:55:41.562386505 PM",
="",9798,,,,,105,="",="2/4/2026 4:55:41.562827060 PM",
="",9799,,,,,105,="",="2/4/2026 4:55:41.563219465 PM",
="",9802,,,,,99,="",="2/4/2026 4:55:41.567857265 PM",
="",9818,,,,,397,="",="2/4/2026 4:55:41.616598260 PM",
="",9819,,,,,400,="",="2/4/2026 4:55:41.619319760 PM",
="",9820,,,,,105,="",="2/4/2026 4:55:41.620339535 PM",
="",9822,,,,,105,="",="2/4/2026 4:55:41.621189135 PM",
="",9823,,,,,105,="",="2/4/2026 4:55:41.621468040 PM",
="",9824,,,,,105,="",="2/4/2026 4:55:41.621755960 PM",
="",9826,,,,,117,="",="2/4/2026 4:55:41.622190360 PM",
="",9844,,,,,323,="",="2/4/2026 4:55:41.664022470 PM",
="",9845,,,,,99,="",="2/4/2026 4:55:41.672292780 PM",
="",9851,,,,,435,="",="2/4/2026 4:55:41.716302055 PM",
="",9852,,,,,434,="",="2/4/2026 4:55:41.717197795 PM",
="",9853,,,,,434,="",="2/4/2026 4:55:41.717968710 PM",
="",9854,,,,,421,="",="2/4/2026 4:55:41.719887840 PM",
="",9855,,,,,413,="",="2/4/2026 4:55:41.720720805 PM",
="",9856,,,,,400,="",="2/4/2026 4:55:41.721474890 PM",
="",9890,,,,,99,="",="2/4/2026 4:55:41.916977025 PM",
="",9892,,,,,400,="",="2/4/2026 4:55:41.926410295 PM",
="",9909,,,,,413,="",="2/4/2026 4:55:42.028039335 PM",
="",9999,,,,,229,="",="2/4/2026 4:55:42.430535230 PM",
="",10044,,,,,105,="",="2/4/2026 4:55:42.618657735 PM",
="",10045,,,,,103,="",="2/4/2026 4:55:42.618765845 PM",
="",10061,,,,,367,="",="2/4/2026 4:55:42.667118720 PM",
="",10077,,,,,105,="",="2/4/2026 4:55:42.714755435 PM",
="",10083,,,,,413,="",="2/4/2026 4:55:42.744730245 PM",
="",10100,,,,,229,="",="2/4/2026 4:55:42.809859870 PM",
="",10154,,,,,397,="",="2/4/2026 4:55:43.050296790 PM",
="",10164,,,,,415,="",="2/4/2026 4:55:43.145051580 PM",
="",10170,,,,,413,="",="2/4/2026 4:55:43.154388840 PM",
="",10199,,,,,435,="",="2/4/2026 4:55:43.355118585 PM",
="",10231,,,,,429,="",="2/4/2026 4:55:43.440097345 PM",
="",10242,,,,,400,="",="2/4/2026 4:55:43.462449375 PM",
="",10249,,,,,229,="",="2/4/2026 4:55:43.534926585 PM",
="",10255,,,,,434,="",="2/4/2026 4:55:43.560711810 PM",
="",10259,,,,,99,="",="2/4/2026 4:55:43.569546215 PM",
="",10262,,,,,99,="",="2/4/2026 4:55:43.571728130 PM",
="",10263,,,,,99,="",="2/4/2026 4:55:43.572449830 PM",
="",10264,,,,,117,="",="2/4/2026 4:55:43.576581875 PM",
="",10267,,,,,117,="",="2/4/2026 4:55:43.577528395 PM",
="",10276,,,,,1643,="",="2/4/2026 4:55:43.587617750 PM",
="",10290,,,,,117,="",="2/4/2026 4:55:43.608516485 PM",
="",10297,,,,,117,="",="2/4/2026 4:55:43.616843110 PM",
="",10299,,,,,117,="",="2/4/2026 4:55:43.622210505 PM",
="",10300,,,,,1643,="",="2/4/2026 4:55:43.626311230 PM",
="",10303,,,,,1643,="",="2/4/2026 4:55:43.627317560 PM",
="",10305,,,,,229,="",="2/4/2026 4:55:43.627772155 PM",
="",10307,,,,,117,="",="2/4/2026 4:55:43.628578725 PM",
="",10311,,,,,117,="",="2/4/2026 4:55:43.633316100 PM",
="",10312,,,,,1643,="",="2/4/2026 4:55:43.637568935 PM",
="",10313,,,,,229,="",="2/4/2026 4:55:43.637968900 PM",
="",10315,,,,,309,="",="2/4/2026 4:55:43.638900665 PM",
="",10318,,,,,117,="",="2/4/2026 4:55:43.646464535 PM",
="",10319,,,,,99,="",="2/4/2026 4:55:43.650399890 PM",
="",10323,,,,,1643,="",="2/4/2026 4:55:43.652483690 PM",
="",10332,,,,,99,="",="2/4/2026 4:55:43.659061770 PM",
="",10333,,,,,117,="",="2/4/2026 4:55:43.659682200 PM",
="",10339,,,,,117,="",="2/4/2026 4:55:43.665206935 PM",
="",10345,,,,,103,="",="2/4/2026 4:55:43.673643335 PM",
="",10356,,,,,99,="",="2/4/2026 4:55:43.699796415 PM",
="",10359,,,,,1643,="",="2/4/2026 4:55:43.713806770 PM",
="",10360,,,,,99,="",="2/4/2026 4:55:43.713942900 PM",
="",10361,,,,,117,="",="2/4/2026 4:55:43.714571405 PM",
="",10372,,,,,121,="",="2/4/2026 4:55:43.728670600 PM",
="",10379,,,,,99,="",="2/4/2026 4:55:43.739860855 PM",
="",10381,,,,,99,="",="2/4/2026 4:55:43.751750565 PM",
="",10382,,,,,117,="",="2/4/2026 4:55:43.752720090 PM",
="",10383,,,,,99,="",="2/4/2026 4:55:43.755219780 PM",
="",10389,,,,,413,="",="2/4/2026 4:55:43.768950225 PM",
="",10393,,,,,117,="",="2/4/2026 4:55:43.779098510 PM",
="",10394,,,,,117,="",="2/4/2026 4:55:43.779809890 PM",
="",10397,,,,,117,="",="2/4/2026 4:55:43.781678120 PM",
="",10399,,,,,99,="",="2/4/2026 4:55:43.783815035 PM",
="",10401,,,,,117,="",="2/4/2026 4:55:43.786040325 PM",
="",10411,,,,,117,="",="2/4/2026 4:55:43.802711670 PM",
="",10416,,,,,117,="",="2/4/2026 4:55:43.819738430 PM",
="",10417,,,,,99,="",="2/4/2026 4:55:43.819936200 PM",
="",10419,,,,,117,="",="2/4/2026 4:55:43.820541655 PM",
="",10421,,,,,117,="",="2/4/2026 4:55:43.823646185 PM",
="",10426,,,,,117,="",="2/4/2026 4:55:43.826029000 PM",
="",10430,,,,,99,="",="2/4/2026 4:55:43.840709880 PM",
="",10433,,,,,117,="",="2/4/2026 4:55:43.842179975 PM",
="",10434,,,,,117,="",="2/4/2026 4:55:43.842627605 PM",
="",10442,,,,,1643,="",="2/4/2026 4:55:43.851495820 PM",
="",10444,,,,,1643,="",="2/4/2026 4:55:43.853946210 PM",
="",10446,,,,,117,="",="2/4/2026 4:55:43.855146215 PM",
="",10448,,,,,1643,="",="2/4/2026 4:55:43.861205625 PM",
="",10450,,,,,99,="",="2/4/2026 4:55:43.862895680 PM",
="",10451,,,,,99,="",="2/4/2026 4:55:43.863157545 PM",
="",10454,,,,,117,="",="2/4/2026 4:55:43.867022800 PM",
="",10455,,,,,117,="",="2/4/2026 4:55:43.867726970 PM",
="",10456,,,,,434,="",="2/4/2026 4:55:43.867908795 PM",
="",10460,,,,,117,="",="2/4/2026 4:55:43.874860140 PM",
="",10464,,,,,1643,="",="2/4/2026 4:55:43.883146200 PM",
="",10465,,,,,229,="",="2/4/2026 4:55:43.883649450 PM",
="",10466,,,,,117,="",="2/4/2026 4:55:43.884363990 PM",
="",10467,,,,,117,="",="2/4/2026 4:55:43.885037825 PM",
="",10470,,,,,117,="",="2/4/2026 4:55:43.886265060 PM",
="",10471,,,,,117,="",="2/4/2026 4:55:43.886314430 PM",
="",10472,,,,,1643,="",="2/4/2026 4:55:43.888521730 PM",
="",10488,,,,,1643,="",="2/4/2026 4:55:43.916095045 PM",
="",10491,,,,,99,="",="2/4/2026 4:55:43.917576880 PM",
="",10494,,,,,229,="",="2/4/2026 4:55:43.918114530 PM",
="",10500,,,,,117,="",="2/4/2026 4:55:43.927347655 PM",
="",10502,,,,,1643,="",="2/4/2026 4:55:43.927623005 PM",
="",10512,,,,,117,="",="2/4/2026 4:55:43.940002435 PM",
="",10515,,,,,1643,="",="2/4/2026 4:55:43.943324345 PM",
="",10518,,,,,117,="",="2/4/2026 4:55:43.944201905 PM",
="",10525,,,,,117,="",="2/4/2026 4:55:43.954742385 PM",
="",10530,,,,,117,="",="2/4/2026 4:55:43.964294090 PM",
="",10532,,,,,1643,="",="2/4/2026 4:55:43.965096460 PM",
="",10536,,,,,117,="",="2/4/2026 4:55:43.967211460 PM",
="",10539,,,,,99,="",="2/4/2026 4:55:43.970789940 PM",
="",10540,,,,,229,="",="2/4/2026 4:55:43.973491615 PM",
="",10544,,,,,1643,="",="2/4/2026 4:55:43.981732750 PM",
="",10546,,,,,117,="",="2/4/2026 4:55:43.982456240 PM",
="",10551,,,,,99,="",="2/4/2026 4:55:43.989015050 PM",
="",10552,,,,,99,="",="2/4/2026 4:55:43.990178450 PM",
="",10554,,,,,99,="",="2/4/2026 4:55:43.991179310 PM",
="",10563,,,,,1643,="",="2/4/2026 4:55:43.994076315 PM",
="",10582,,,,,117,="",="2/4/2026 4:55:44.019911845 PM",
="",10584,,,,,117,="",="2/4/2026 4:55:44.021216140 PM",
="",10588,,,,,117,="",="2/4/2026 4:55:44.025245985 PM",
="",10607,,,,,229,="",="2/4/2026 4:55:44.044223020 PM",
="",10609,,,,,117,="",="2/4/2026 4:55:44.045084125 PM",
="",10611,,,,,215,="",="2/4/2026 4:55:44.046818925 PM",
="",10612,,,,,215,="",="2/4/2026 4:55:44.046895305 PM",
="",10613,,,,,215,="",="2/4/2026 4:55:44.046930680 PM",
="",10623,,,,,117,="",="2/4/2026 4:55:44.064169975 PM",
="",10626,,,,,117,="",="2/4/2026 4:55:44.068340255 PM",
="",10627,,,,,229,="",="2/4/2026 4:55:44.069137940 PM",
="",10631,,,,,434,="",="2/4/2026 4:55:44.073495015 PM",
="",10633,,,,,105,="",="2/4/2026 4:55:44.075743690 PM",
="",10636,,,,,105,="",="2/4/2026 4:55:44.077318175 PM",
="",10641,,,,,105,="",="2/4/2026 4:55:44.080024875 PM",
="",10658,,,,,105,="",="2/4/2026 4:55:44.089247555 PM",
="",10660,,,,,117,="",="2/4/2026 4:55:44.090110670 PM",
="",10664,,,,,229,="",="2/4/2026 4:55:44.096419670 PM",
="",10668,,,,,1643,="",="2/4/2026 4:55:44.103428860 PM",
="",10670,,,,,117,="",="2/4/2026 4:55:44.106367370 PM",
="",10671,,,,,117,="",="2/4/2026 4:55:44.106414855 PM",
="",10674,,,,,1643,="",="2/4/2026 4:55:44.109937015 PM",
="",10684,,,,,117,="",="2/4/2026 4:55:44.114200700 PM",
="",10694,,,,,117,="",="2/4/2026 4:55:44.124444610 PM",
="",10698,,,,,229,="",="2/4/2026 4:55:44.130620905 PM",
="",10700,,,,,121,="",="2/4/2026 4:55:44.131331570 PM",
="",10713,,,,,99,="",="2/4/2026 4:55:44.153460685 PM",
="",10714,,,,,117,="",="2/4/2026 4:55:44.154323405 PM",
="",10717,,,,,1643,="",="2/4/2026 4:55:44.155939410 PM",
="",10718,,,,,1643,="",="2/4/2026 4:55:44.156286905 PM",
="",10721,,,,,105,="",="2/4/2026 4:55:44.157735870 PM",
="",10727,,,,,105,="",="2/4/2026 4:55:44.162809370 PM",
="",10736,,,,,1643,="",="2/4/2026 4:55:44.166507475 PM",
="",10739,,,,,117,="",="2/4/2026 4:55:44.168393270 PM",
="",10743,,,,,1643,="",="2/4/2026 4:55:44.173048615 PM",
="",10750,,,,,229,="",="2/4/2026 4:55:44.180060705 PM",
="",10751,,,,,99,="",="2/4/2026 4:55:44.180247125 PM",
="",10754,,,,,229,="",="2/4/2026 4:55:44.189536365 PM",
="",10756,,,,,1643,="",="2/4/2026 4:55:44.189911515 PM",
="",10758,,,,,117,="",="2/4/2026 4:55:44.190661340 PM",
="",10759,,,,,1643,="",="2/4/2026 4:55:44.195141890 PM",
="",10762,,,,,117,="",="2/4/2026 4:55:44.196681205 PM",
="",10764,,,,,229,="",="2/4/2026 4:55:44.205691765 PM",
="",10765,,,,,99,="",="2/4/2026 4:55:44.205839815 PM",
="",10766,,,,,1643,="",="2/4/2026 4:55:44.206166895 PM",
="",10770,,,,,1643,="",="2/4/2026 4:55:44.211803395 PM",
="",10771,,,,,99,="",="2/4/2026 4:55:44.211974380 PM",
="",10772,,,,,117,="",="2/4/2026 4:55:44.212761950 PM",
="",10775,,,,,1643,="",="2/4/2026 4:55:44.216813390 PM",
="",10778,,,,,117,="",="2/4/2026 4:55:44.218138505 PM",
="",10779,,,,,229,="",="2/4/2026 4:55:44.223144870 PM",
="",10781,,,,,229,="",="2/4/2026 4:55:44.223868250 PM",
="",10785,,,,,1643,="",="2/4/2026 4:55:44.227985920 PM",
="",10788,,,,,105,="",="2/4/2026 4:55:44.229976120 PM",
="",10795,,,,,99,="",="2/4/2026 4:55:44.232970075 PM",
="",10799,,,,,1643,="",="2/4/2026 4:55:44.241516680 PM",
="",10803,,,,,229,="",="2/4/2026 4:55:44.242428880 PM",
="",10806,,,,,99,="",="2/4/2026 4:55:44.245834960 PM",
="",10816,,,,,1643,="",="2/4/2026 4:55:44.249848085 PM",
="",10820,,,,,117,="",="2/4/2026 4:55:44.257088415 PM",
="",10824,,,,,229,="",="2/4/2026 4:55:44.260397385 PM",
="",10826,,,,,117,="",="2/4/2026 4:55:44.261002435 PM",
="",10829,,,,,1643,="",="2/4/2026 4:55:44.266498170 PM",
="",10830,,,,,99,="",="2/4/2026 4:55:44.266636470 PM",
="",10831,,,,,117,="",="2/4/2026 4:55:44.267198990 PM",
="",10836,,,,,1643,="",="2/4/2026 4:55:44.271506975 PM",
="",10837,,,,,105,="",="2/4/2026 4:55:44.272146365 PM",
="",10839,,,,,229,="",="2/4/2026 4:55:44.272260380 PM",
="",10841,,,,,435,="",="2/4/2026 4:55:44.276758510 PM",
="",10843,,,,,229,="",="2/4/2026 4:55:44.283721450 PM",
="",10846,,,,,117,="",="2/4/2026 4:55:44.289686365 PM",
="",10849,,,,,1643,="",="2/4/2026 4:55:44.298837705 PM",
="",10853,,,,,1643,="",="2/4/2026 4:55:44.304265515 PM",
="",10855,,,,,229,="",="2/4/2026 4:55:44.304979135 PM",
="",10859,,,,,105,="",="2/4/2026 4:55:44.311213520 PM",
="",10861,,,,,105,="",="2/4/2026 4:55:44.313830535 PM",
="",10864,,,,,1643,="",="2/4/2026 4:55:44.314370320 PM",
="",10872,,,,,109,="",="2/4/2026 4:55:44.323011475 PM",
="",10875,,,,,1643,="",="2/4/2026 4:55:44.326265790 PM",
="",10877,,,,,117,="",="2/4/2026 4:55:44.326555400 PM",
="",10878,,,,,117,="",="2/4/2026 4:55:44.326809435 PM",
="",10893,,,,,117,="",="2/4/2026 4:55:44.338704525 PM",
="",10897,,,,,1643,="",="2/4/2026 4:55:44.343085435 PM",
="",10901,,,,,121,="",="2/4/2026 4:55:44.348558890 PM",
="",10905,,,,,229,="",="2/4/2026 4:55:44.353453975 PM",
="",10911,,,,,117,="",="2/4/2026 4:55:44.359643175 PM",
="",10912,,,,,117,="",="2/4/2026 4:55:44.361832925 PM",
="",10920,,,,,109,="",="2/4/2026 4:55:44.366253005 PM",
="",10922,,,,,1643,="",="2/4/2026 4:55:44.369911210 PM",
="",10924,,,,,229,="",="2/4/2026 4:55:44.371090650 PM",
="",10926,,,,,105,="",="2/4/2026 4:55:44.371708960 PM",
="",10945,,,,,1643,="",="2/4/2026 4:55:44.374077880 PM",
="",10948,,,,,103,="",="2/4/2026 4:55:44.375349480 PM",
="",10949,,,,,109,="",="2/4/2026 4:55:44.376182240 PM",
="",10950,,,,,215,="",="2/4/2026 4:55:44.376700115 PM",
="",10952,,,,,1643,="",="2/4/2026 4:55:44.381266415 PM",
="",10956,,,,,105,="",="2/4/2026 4:55:44.382494005 PM",
="",10969,,,,,105,="",="2/4/2026 4:55:44.388394025 PM",
="",10973,,,,,99,="",="2/4/2026 4:55:44.389634005 PM",
="",10974,,,,,229,="",="2/4/2026 4:55:44.389714860 PM",
="",10976,,,,,105,="",="2/4/2026 4:55:44.390774495 PM",
="",10978,,,,,1643,="",="2/4/2026 4:55:44.390905995 PM",
="",10979,,,,,117,="",="2/4/2026 4:55:44.392150145 PM",
="",10980,,,,,123,="",="2/4/2026 4:55:44.392800270 PM",
="",10983,,,,,1643,="",="2/4/2026 4:55:44.398258615 PM",
="",10985,,,,,1643,="",="2/4/2026 4:55:44.398685300 PM",
="",10988,,,,,1643,="",="2/4/2026 4:55:44.402727635 PM",
="",11000,,,,,229,="",="2/4/2026 4:55:44.408228980 PM",
="",11002,,,,,1643,="",="2/4/2026 4:55:44.408580065 PM",
="",11005,,,,,1643,="",="2/4/2026 4:55:44.413898815 PM",
="",11007,,,,,117,="",="2/4/2026 4:55:44.414674585 PM",
="",11009,,,,,323,="",="2/4/2026 4:55:44.416953245 PM",
="",11012,,,,,229,="",="2/4/2026 4:55:44.419854330 PM",
="",11015,,,,,1643,="",="2/4/2026 4:55:44.424834775 PM",
="",11017,,,,,117,="",="2/4/2026 4:55:44.425654255 PM",
="",11019,,,,,229,="",="2/4/2026 4:55:44.429627370 PM",
="",11022,,,,,1643,="",="2/4/2026 4:55:44.435520405 PM",
="",11025,,,,,123,="",="2/4/2026 4:55:44.444498315 PM",
="",11027,,,,,1643,="",="2/4/2026 4:55:44.446989135 PM",
="",11039,,,,,1643,="",="2/4/2026 4:55:44.457462420 PM",
="",11045,,,,,229,="",="2/4/2026 4:55:44.462955760 PM",
="",11046,,,,,1643,="",="2/4/2026 4:55:44.463281955 PM",
="",11047,,,,,99,="",="2/4/2026 4:55:44.463419855 PM",
="",11050,,,,,117,="",="2/4/2026 4:55:44.464942145 PM",
="",11051,,,,,117,="",="2/4/2026 4:55:44.465348900 PM",
="",11062,,,,,333,="",="2/4/2026 4:55:44.469216685 PM",
="",11065,,,,,103,="",="2/4/2026 4:55:44.470179615 PM",
="",11069,,,,,105,="",="2/4/2026 4:55:44.471553045 PM",
="",11074,,,,,105,="",="2/4/2026 4:55:44.472661510 PM",
="",11083,,,,,1643,="",="2/4/2026 4:55:44.479815920 PM",
="",11085,,,,,1643,="",="2/4/2026 4:55:44.480137855 PM",
="",11089,,,,,105,="",="2/4/2026 4:55:44.487073470 PM",
="",11098,,,,,1643,="",="2/4/2026 4:55:44.496112835 PM",
="",11101,,,,,1643,="",="2/4/2026 4:55:44.501379385 PM",
="",11114,,,,,117,="",="2/4/2026 4:55:44.506453585 PM",
="",11122,,,,,1643,="",="2/4/2026 4:55:44.512917305 PM",
="",11127,,,,,229,="",="2/4/2026 4:55:44.519346190 PM",
="",11131,,,,,229,="",="2/4/2026 4:55:44.523136665 PM",
="",11133,,,,,229,="",="2/4/2026 4:55:44.523453300 PM",
="",11136,,,,,117,="",="2/4/2026 4:55:44.527799240 PM",
="",11140,,,,,229,="",="2/4/2026 4:55:44.533248565 PM",
="",11142,,,,,1643,="",="2/4/2026 4:55:44.534313615 PM",
="",11152,,,,,1643,="",="2/4/2026 4:55:44.539467200 PM",
="",11154,,,,,1643,="",="2/4/2026 4:55:44.539955770 PM",
="",11156,,,,,117,="",="2/4/2026 4:55:44.540653440 PM",
="",11158,,,,,229,="",="2/4/2026 4:55:44.544955200 PM",
="",11159,,,,,229,="",="2/4/2026 4:55:44.545211545 PM",
="",11164,,,,,229,="",="2/4/2026 4:55:44.548073355 PM",
="",11170,,,,,1643,="",="2/4/2026 4:55:44.549105550 PM",
="",11174,,,,,1643,="",="2/4/2026 4:55:44.550421100 PM",
="",11177,,,,,99,="",="2/4/2026 4:55:44.555401830 PM",
="",11181,,,,,105,="",="2/4/2026 4:55:44.559187180 PM",
="",11185,,,,,117,="",="2/4/2026 4:55:44.561478245 PM",
="",11187,,,,,117,="",="2/4/2026 4:55:44.564326520 PM",
="",11194,,,,,105,="",="2/4/2026 4:55:44.570159180 PM",
="",11196,,,,,123,="",="2/4/2026 4:55:44.572704040 PM",
="",11198,,,,,1643,="",="2/4/2026 4:55:44.577667910 PM",
="",11199,,,,,1643,="",="2/4/2026 4:55:44.578186495 PM",
="",11201,,,,,1643,="",="2/4/2026 4:55:44.578530595 PM",
="",11202,,,,,340,="",="2/4/2026 4:55:44.579734055 PM",
="",11209,,,,,117,="",="2/4/2026 4:55:44.582705680 PM",
="",11212,,,,,1643,="",="2/4/2026 4:55:44.587883615 PM",
="",11219,,,,,103,="",="2/4/2026 4:55:44.591972075 PM",
="",11222,,,,,105,="",="2/4/2026 4:55:44.592720610 PM",
="",11230,,,,,117,="",="2/4/2026 4:55:44.596370940 PM",
="",11231,,,,,1643,="",="2/4/2026 4:55:44.599643180 PM",
="",11234,,,,,109,="",="2/4/2026 4:55:44.601340655 PM",
="",11250,,,,,229,="",="2/4/2026 4:55:44.618166145 PM",
="",11252,,,,,117,="",="2/4/2026 4:55:44.618841535 PM",
="",11260,,,,,1643,="",="2/4/2026 4:55:44.627031075 PM",
="",11263,,,,,229,="",="2/4/2026 4:55:44.629512590 PM",
="",11267,,,,,99,="",="2/4/2026 4:55:44.630665885 PM",
="",11270,,,,,1643,="",="2/4/2026 4:55:44.632915840 PM",
="",11272,,,,,117,="",="2/4/2026 4:55:44.633574110 PM",
="",11275,,,,,1643,="",="2/4/2026 4:55:44.639352165 PM",
="",11278,,,,,1643,="",="2/4/2026 4:55:44.640368785 PM",
="",11282,,,,,1643,="",="2/4/2026 4:55:44.641063915 PM",
="",11287,,,,,117,="",="2/4/2026 4:55:44.643609030 PM",
="",11292,,,,,1643,="",="2/4/2026 4:55:44.645107245 PM",
="",11294,,,,,117,="",="2/4/2026 4:55:44.645951470 PM",
="",11295,,,,,117,="",="2/4/2026 4:55:44.646000035 PM",
="",11296,,,,,117,="",="2/4/2026 4:55:44.649781095 PM",
="",11297,,,,,229,="",="2/4/2026 4:55:44.650674035 PM",
="",11301,,,,,1643,="",="2/4/2026 4:55:44.655048905 PM",
="",11305,,,,,229,="",="2/4/2026 4:55:44.659782060 PM",
="",11307,,,,,117,="",="2/4/2026 4:55:44.660423620 PM",
="",11310,,,,,227,="",="2/4/2026 4:55:44.662101450 PM",
="",11311,,,,,227,="",="2/4/2026 4:55:44.665114880 PM",
="",11313,,,,,229,="",="2/4/2026 4:55:44.665461400 PM",
="",11315,,,,,117,="",="2/4/2026 4:55:44.666347910 PM",
="",11321,,,,,1643,="",="2/4/2026 4:55:44.670114655 PM",
="",11325,,,,,1643,="",="2/4/2026 4:55:44.671447010 PM",
="",11326,,,,,105,="",="2/4/2026 4:55:44.671687825 PM",
="",11328,,,,,1643,="",="2/4/2026 4:55:44.671811165 PM",
="",11329,,,,,117,="",="2/4/2026 4:55:44.672524380 PM",
="",11331,,,,,1643,="",="2/4/2026 4:55:44.675900710 PM",
="",11332,,,,,1643,="",="2/4/2026 4:55:44.676266180 PM",
="",11337,,,,,215,="",="2/4/2026 4:55:44.677920955 PM",
="",11348,,,,,1643,="",="2/4/2026 4:55:44.681323240 PM",
="",11349,,,,,229,="",="2/4/2026 4:55:44.681637575 PM",
="",11355,,,,,1643,="",="2/4/2026 4:55:44.683112515 PM",
="",11363,,,,,1643,="",="2/4/2026 4:55:44.686024850 PM",
="",11365,,,,,1643,="",="2/4/2026 4:55:44.687215660 PM",
="",11366,,,,,1643,="",="2/4/2026 4:55:44.687618945 PM",
="",11372,,,,,1643,="",="2/4/2026 4:55:44.692628030 PM",
="",11375,,,,,119,="",="2/4/2026 4:55:44.693910270 PM",
="",11380,,,,,99,="",="2/4/2026 4:55:44.697588130 PM",
="",11383,,,,,117,="",="2/4/2026 4:55:44.698737615 PM",
="",11391,,,,,117,="",="2/4/2026 4:55:44.702226630 PM",
="",11393,,,,,229,="",="2/4/2026 4:55:44.703642580 PM",
="",11395,,,,,1643,="",="2/4/2026 4:55:44.704028120 PM",
="",11402,,,,,229,="",="2/4/2026 4:55:44.709076845 PM",
="",11404,,,,,229,="",="2/4/2026 4:55:44.709348150 PM",
="",11408,,,,,229,="",="2/4/2026 4:55:44.714887220 PM",
="",11411,,,,,1643,="",="2/4/2026 4:55:44.717742365 PM",
="",11413,,,,,105,="",="2/4/2026 4:55:44.717961485 PM",
="",11418,,,,,1643,="",="2/4/2026 4:55:44.719897870 PM",
="",11428,,,,,1643,="",="2/4/2026 4:55:44.733104490 PM",
="",11430,,,,,121,="",="2/4/2026 4:55:44.734379940 PM",
="",11433,,,,,1643,="",="2/4/2026 4:55:44.736420590 PM",
="",11435,,,,,1643,="",="2/4/2026 4:55:44.737076140 PM",
="",11443,,,,,103,="",="2/4/2026 4:55:44.745469800 PM",
="",11447,,,,,105,="",="2/4/2026 4:55:44.748420455 PM",
="",11448,,,,,105,="",="2/4/2026 4:55:44.749086740 PM",
="",11450,,,,,105,="",="2/4/2026 4:55:44.752629250 PM",
="",11458,,,,,229,="",="2/4/2026 4:55:44.763996400 PM",
="",11461,,,,,105,="",="2/4/2026 4:55:44.767135095 PM",
="",11471,,,,,229,="",="2/4/2026 4:55:44.769647385 PM",
="",11480,,,,,215,="",="2/4/2026 4:55:44.772292230 PM",
="",11484,,,,,105,="",="2/4/2026 4:55:44.774283985 PM",
="",11485,,,,,105,="",="2/4/2026 4:55:44.774576745 PM",
="",11488,,,,,105,="",="2/4/2026 4:55:44.776966350 PM",
="",11500,,,,,117,="",="2/4/2026 4:55:44.784953555 PM",
="",11503,,,,,103,="",="2/4/2026 4:55:44.785192470 PM",
="",11505,,,,,117,="",="2/4/2026 4:55:44.785472895 PM",
="",11513,,,,,1643,="",="2/4/2026 4:55:44.792547445 PM",
="",11516,,,,,105,="",="2/4/2026 4:55:44.794112875 PM",
="",11518,,,,,229,="",="2/4/2026 4:55:44.794233550 PM",
="",11522,,,,,1643,="",="2/4/2026 4:55:44.796643470 PM",
="",11525,,,,,1643,="",="2/4/2026 4:55:44.802011265 PM",
="",11526,,,,,1643,="",="2/4/2026 4:55:44.802367615 PM",
="",11532,,,,,1643,="",="2/4/2026 4:55:44.807910030 PM",
="",11554,,,,,117,="",="2/4/2026 4:55:44.817468855 PM",
="",11558,,,,,109,="",="2/4/2026 4:55:44.818973865 PM",
="",11560,,,,,117,="",="2/4/2026 4:55:44.819679055 PM",
="",11562,,,,,117,="",="2/4/2026 4:55:44.823411285 PM",
="",11573,,,,,105,="",="2/4/2026 4:55:44.832690380 PM",
="",11577,,,,,117,="",="2/4/2026 4:55:44.835062615 PM",
="",11583,,,,,117,="",="2/4/2026 4:55:44.839423115 PM",
="",11586,,,,,229,="",="2/4/2026 4:55:44.840510700 PM",
="",11589,,,,,117,="",="2/4/2026 4:55:44.842305115 PM",
="",11591,,,,,1643,="",="2/4/2026 4:55:44.845773770 PM",
="",11599,,,,,229,="",="2/4/2026 4:55:44.848533235 PM",
="",11604,,,,,1643,="",="2/4/2026 4:55:44.850891700 PM",
="",11605,,,,,1643,="",="2/4/2026 4:55:44.851258810 PM",
="",11611,,,,,1643,="",="2/4/2026 4:55:44.856639845 PM",
="",11613,,,,,103,="",="2/4/2026 4:55:44.857453080 PM",
="",11616,,,,,229,="",="2/4/2026 4:55:44.862186555 PM",
="",11621,,,,,117,="",="2/4/2026 4:55:44.864968240 PM",
="",11622,,,,,117,="",="2/4/2026 4:55:44.865445145 PM",
="",11624,,,,,229,="",="2/4/2026 4:55:44.868499795 PM",
="",11633,,,,,1643,="",="2/4/2026 4:55:44.870380060 PM",
="",11639,,,,,121,="",="2/4/2026 4:55:44.873389925 PM",
="",11645,,,,,1643,="",="2/4/2026 4:55:44.878736735 PM",
="",11653,,,,,229,="",="2/4/2026 4:55:44.883383630 PM",
="",11658,,,,,229,="",="2/4/2026 4:55:44.889578410 PM",
="",11660,,,,,229,="",="2/4/2026 4:55:44.890610150 PM",
="",11663,,,,,1643,="",="2/4/2026 4:55:44.894953565 PM",
="",11665,,,,,1643,="",="2/4/2026 4:55:44.895364810 PM",
="",11668,,,,,1643,="",="2/4/2026 4:55:44.900437405 PM",
="",11670,,,,,1643,="",="2/4/2026 4:55:44.901084875 PM",
="",11676,,,,,1643,="",="2/4/2026 4:55:44.901713430 PM",
="",11682,,,,,103,="",="2/4/2026 4:55:44.904836520 PM",
="",11699,,,,,1643,="",="2/4/2026 4:55:44.916887940 PM",
="",11701,,,,,1643,="",="2/4/2026 4:55:44.922394115 PM",
="",11707,,,,,1643,="",="2/4/2026 4:55:44.930196890 PM",
="",11709,,,,,1643,="",="2/4/2026 4:55:44.930925190 PM",
="",11721,,,,,1643,="",="2/4/2026 4:55:44.938703630 PM",
="",11722,,,,,1643,="",="2/4/2026 4:55:44.939118395 PM",
="",11725,,,,,117,="",="2/4/2026 4:55:44.947440495 PM",
="",11727,,,,,428,="",="2/4/2026 4:55:44.952618910 PM",
="",11728,,,,,1643,="",="2/4/2026 4:55:44.956768225 PM",
="",11733,,,,,1643,="",="2/4/2026 4:55:44.962316380 PM",
="",11737,,,,,1643,="",="2/4/2026 4:55:44.963056540 PM",
="",11742,,,,,117,="",="2/4/2026 4:55:44.966124745 PM",
="",11745,,,,,117,="",="2/4/2026 4:55:44.967335990 PM",
="",11749,,,,,229,="",="2/4/2026 4:55:44.972399665 PM",
="",11751,,,,,121,="",="2/4/2026 4:55:44.972965040 PM",
="",11752,,,,,117,="",="2/4/2026 4:55:44.974023785 PM",
="",11755,,,,,105,="",="2/4/2026 4:55:44.975574780 PM",
="",11767,,,,,117,="",="2/4/2026 4:55:44.983731340 PM",
="",11769,,,,,229,="",="2/4/2026 4:55:44.987926175 PM",
="",11771,,,,,1643,="",="2/4/2026 4:55:44.988733585 PM",
="",11775,,,,,1643,="",="2/4/2026 4:55:44.990091000 PM",
="",11781,,,,,1643,="",="2/4/2026 4:55:44.991757530 PM",
="",11783,,,,,117,="",="2/4/2026 4:55:44.992548405 PM",
="",11784,,,,,1643,="",="2/4/2026 4:55:44.993478965 PM",
="",11787,,,,,1643,="",="2/4/2026 4:55:44.999261605 PM",
="",11788,,,,,99,="",="2/4/2026 4:55:44.999411670 PM",
="",11790,,,,,1643,="",="2/4/2026 4:55:44.999711125 PM",
="",11792,,,,,109,="",="2/4/2026 4:55:45.000478110 PM",
="",11794,,,,,229,="",="2/4/2026 4:55:45.004388790 PM",
="",11796,,,,,1643,="",="2/4/2026 4:55:45.004885760 PM",
="",11800,,,,,1643,="",="2/4/2026 4:55:45.009904685 PM",
="",11807,,,,,1643,="",="2/4/2026 4:55:45.016369345 PM",
="",11811,,,,,1643,="",="2/4/2026 4:55:45.017160840 PM",
="",11816,,,,,1643,="",="2/4/2026 4:55:45.020911715 PM",
="",11848,,,,,109,="",="2/4/2026 4:55:45.041332575 PM",
="",11856,,,,,117,="",="2/4/2026 4:55:45.044706870 PM",
="",11857,,,,,117,="",="2/4/2026 4:55:45.044754315 PM",
="",11860,,,,,229,="",="2/4/2026 4:55:45.048540180 PM",
="",11861,,,,,1643,="",="2/4/2026 4:55:45.048950705 PM",
="",11870,,,,,1643,="",="2/4/2026 4:55:45.051305540 PM",
="",11873,,,,,1643,="",="2/4/2026 4:55:45.053755115 PM",
="",11878,,,,,1643,="",="2/4/2026 4:55:45.060104515 PM",
="",11880,,,,,1643,="",="2/4/2026 4:55:45.060914180 PM",
="",11883,,,,,1643,="",="2/4/2026 4:55:45.065069585 PM",
="",11885,,,,,1643,="",="2/4/2026 4:55:45.066543360 PM",
="",11895,,,,,1643,="",="2/4/2026 4:55:45.069409650 PM",
="",11897,,,,,117,="",="2/4/2026 4:55:45.070167625 PM",
="",11904,,,,,105,="",="2/4/2026 4:55:45.075315170 PM",
="",11906,,,,,105,="",="2/4/2026 4:55:45.075999815 PM",
="",11907,,,,,105,="",="2/4/2026 4:55:45.076170555 PM",
="",11908,,,,,105,="",="2/4/2026 4:55:45.076719675 PM",
="",11910,,,,,117,="",="2/4/2026 4:55:45.077890715 PM",
="",11911,,,,,103,="",="2/4/2026 4:55:45.079257665 PM",
="",11917,,,,,1643,="",="2/4/2026 4:55:45.080800860 PM",
="",11918,,,,,1643,="",="2/4/2026 4:55:45.081131155 PM",
="",11922,,,,,99,="",="2/4/2026 4:55:45.085937635 PM",
="",11924,,,,,1643,="",="2/4/2026 4:55:45.086744685 PM",
="",11929,,,,,105,="",="2/4/2026 4:55:45.089263295 PM",
="",11940,,,,,1643,="",="2/4/2026 4:55:45.092498755 PM",
="",11955,,,,,229,="",="2/4/2026 4:55:45.098394960 PM",
="",11958,,,,,229,="",="2/4/2026 4:55:45.101514170 PM",
="",11961,,,,,1643,="",="2/4/2026 4:55:45.102759570 PM",
="",11968,,,,,1643,="",="2/4/2026 4:55:45.109232675 PM",
="",11970,,,,,117,="",="2/4/2026 4:55:45.109940515 PM",
="",11972,,,,,229,="",="2/4/2026 4:55:45.113850110 PM",
="",11976,,,,,1643,="",="2/4/2026 4:55:45.119356685 PM",
="",11980,,,,,1643,="",="2/4/2026 4:55:45.124839605 PM",
="",11983,,,,,1643,="",="2/4/2026 4:55:45.133860235 PM",
="",11989,,,,,1643,="",="2/4/2026 4:55:45.141621635 PM",
="",11991,,,,,117,="",="2/4/2026 4:55:45.143000965 PM",
="",11994,,,,,1643,="",="2/4/2026 4:55:45.146664975 PM",
="",11996,,,,,1643,="",="2/4/2026 4:55:45.147041675 PM",
="",11999,,,,,103,="",="2/4/2026 4:55:45.147794115 PM",
="",12002,,,,,1643,="",="2/4/2026 4:55:45.152168165 PM",
="",12003,,,,,229,="",="2/4/2026 4:55:45.152432470 PM",
="",12009,,,,,117,="",="2/4/2026 4:55:45.155621295 PM",
="",12011,,,,,229,="",="2/4/2026 4:55:45.157603680 PM",
="",12015,,,,,1643,="",="2/4/2026 4:55:45.163057520 PM",
="",12019,,,,,215,="",="2/4/2026 4:55:45.164747565 PM",
="",12022,,,,,1643,="",="2/4/2026 4:55:45.168454450 PM",
="",12024,,,,,117,="",="2/4/2026 4:55:45.169140735 PM",
="",12035,,,,,1643,="",="2/4/2026 4:55:45.173995375 PM",
="",12039,,,,,229,="",="2/4/2026 4:55:45.177752640 PM",
="",12043,,,,,1643,="",="2/4/2026 4:55:45.179391235 PM",
="",12047,,,,,1643,="",="2/4/2026 4:55:45.184859995 PM",
="",12049,,,,,99,="",="2/4/2026 4:55:45.185368195 PM",
="",12052,,,,,117,="",="2/4/2026 4:55:45.186846060 PM",
="",12053,,,,,117,="",="2/4/2026 4:55:45.186894505 PM",
="",12056,,,,,1643,="",="2/4/2026 4:55:45.190631635 PM",
="",12058,,,,,1643,="",="2/4/2026 4:55:45.191057455 PM",
="",12062,,,,,117,="",="2/4/2026 4:55:45.192672890 PM",
="",12066,,,,,117,="",="2/4/2026 4:55:45.193930165 PM",
="",12068,,,,,229,="",="2/4/2026 4:55:45.195796860 PM",
="",12076,,,,,229,="",="2/4/2026 4:55:45.201309330 PM",
="",12078,,,,,1643,="",="2/4/2026 4:55:45.202087405 PM",
="",12082,,,,,229,="",="2/4/2026 4:55:45.202520910 PM",
="",12085,,,,,109,="",="2/4/2026 4:55:45.207488930 PM",
="",12090,,,,,1643,="",="2/4/2026 4:55:45.212411030 PM",
="",12092,,,,,229,="",="2/4/2026 4:55:45.212931680 PM",
="",12098,,,,,1643,="",="2/4/2026 4:55:45.214311215 PM",
="",12101,,,,,1643,="",="2/4/2026 4:55:45.217698355 PM",
="",12105,,,,,229,="",="2/4/2026 4:55:45.223180875 PM",
="",12110,,,,,1643,="",="2/4/2026 4:55:45.229709990 PM",
="",12112,,,,,1643,="",="2/4/2026 4:55:45.230000910 PM",
="",12115,,,,,105,="",="2/4/2026 4:55:45.232792910 PM",
="",12130,,,,,1643,="",="2/4/2026 4:55:45.237265345 PM",
="",12139,,,,,1643,="",="2/4/2026 4:55:45.240570880 PM",
="",12142,,,,,1643,="",="2/4/2026 4:55:45.245047810 PM",
="",12144,,,,,117,="",="2/4/2026 4:55:45.246303585 PM",
="",12154,,,,,229,="",="2/4/2026 4:55:45.250527820 PM",
="",12159,,,,,105,="",="2/4/2026 4:55:45.252813155 PM",
="",12165,,,,,1643,="",="2/4/2026 4:55:45.256077490 PM",
="",12167,,,,,117,="",="2/4/2026 4:55:45.256791230 PM",
="",12169,,,,,1643,="",="2/4/2026 4:55:45.261929695 PM",
="",12171,,,,,1643,="",="2/4/2026 4:55:45.264668755 PM",
="",12199,,,,,1643,="",="2/4/2026 4:55:45.274436235 PM",
="",12201,,,,,229,="",="2/4/2026 4:55:45.274923335 PM",
="",12203,,,,,117,="",="2/4/2026 4:55:45.275652370 PM",
="",12209,,,,,105,="",="2/4/2026 4:55:45.282318880 PM",
="",12219,,,,,117,="",="2/4/2026 4:55:45.286082175 PM",
="",12220,,,,,105,="",="2/4/2026 4:55:45.287816895 PM",
="",12233,,,,,121,="",="2/4/2026 4:55:45.295486325 PM",
="",12237,,,,,103,="",="2/4/2026 4:55:45.297967465 PM",
="",12242,,,,,435,="",="2/4/2026 4:55:45.299896545 PM",
="",12247,,,,,117,="",="2/4/2026 4:55:45.304218215 PM",
="",12252,,,,,1643,="",="2/4/2026 4:55:45.310691470 PM",
="",12253,,,,,229,="",="2/4/2026 4:55:45.311026085 PM",
="",12259,,,,,229,="",="2/4/2026 4:55:45.312570535 PM",
="",12265,,,,,1643,="",="2/4/2026 4:55:45.316180485 PM",
="",12268,,,,,1643,="",="2/4/2026 4:55:45.321767010 PM",
="",12270,,,,,121,="",="2/4/2026 4:55:45.322438205 PM",
="",12271,,,,,117,="",="2/4/2026 4:55:45.322483685 PM",
="",12275,,,,,229,="",="2/4/2026 4:55:45.327427405 PM",
="",12277,,,,,1643,="",="2/4/2026 4:55:45.327772580 PM",
="",12284,,,,,215,="",="2/4/2026 4:55:45.328860095 PM",
="",12285,,,,,215,="",="2/4/2026 4:55:45.335548095 PM",
="",12287,,,,,229,="",="2/4/2026 4:55:45.337862820 PM",
="",12294,,,,,1643,="",="2/4/2026 4:55:45.343538350 PM",
="",12301,,,,,117,="",="2/4/2026 4:55:45.348716275 PM",
="",12302,,,,,1643,="",="2/4/2026 4:55:45.349520600 PM",
="",12305,,,,,117,="",="2/4/2026 4:55:45.351511570 PM",
="",12307,,,,,1643,="",="2/4/2026 4:55:45.353818625 PM",
="",12308,,,,,99,="",="2/4/2026 4:55:45.353969155 PM",
="",12311,,,,,1643,="",="2/4/2026 4:55:45.356823555 PM",
="",12316,,,,,105,="",="2/4/2026 4:55:45.360802085 PM",
="",12320,,,,,117,="",="2/4/2026 4:55:45.362493035 PM",
="",12321,,,,,105,="",="2/4/2026 4:55:45.362863100 PM",
="",12324,,,,,117,="",="2/4/2026 4:55:45.366347630 PM",
="",12336,,,,,105,="",="2/4/2026 4:55:45.376981260 PM",
="",12338,,,,,117,="",="2/4/2026 4:55:45.379029600 PM",
="",12349,,,,,117,="",="2/4/2026 4:55:45.389380830 PM",
="",12355,,,,,229,="",="2/4/2026 4:55:45.393450005 PM",
="",12361,,,,,1643,="",="2/4/2026 4:55:45.394503300 PM",
="",12366,,,,,1643,="",="2/4/2026 4:55:45.398560655 PM",
="",12375,,,,,117,="",="2/4/2026 4:55:45.407662145 PM",
="",12376,,,,,229,="",="2/4/2026 4:55:45.409680275 PM",
="",12379,,,,,117,="",="2/4/2026 4:55:45.410616945 PM",
="",12395,,,,,229,="",="2/4/2026 4:55:45.438468500 PM",
="",12400,,,,,1643,="",="2/4/2026 4:55:45.441124135 PM",
="",12403,,,,,109,="",="2/4/2026 4:55:45.442815510 PM",
="",12415,,,,,117,="",="2/4/2026 4:55:45.448196260 PM",
="",12416,,,,,105,="",="2/4/2026 4:55:45.448828010 PM",
="",12422,,,,,1643,="",="2/4/2026 4:55:45.453960435 PM",
="",12425,,,,,105,="",="2/4/2026 4:55:45.455929605 PM",
="",12430,,,,,117,="",="2/4/2026 4:55:45.460512630 PM",
="",12442,,,,,121,="",="2/4/2026 4:55:45.470429245 PM",
="",12446,,,,,117,="",="2/4/2026 4:55:45.474832675 PM",
="",12449,,,,,117,="",="2/4/2026 4:55:45.476749990 PM",
="",12452,,,,,117,="",="2/4/2026 4:55:45.479554420 PM",
="",12455,,,,,121,="",="2/4/2026 4:55:45.481387095 PM",
="",12464,,,,,117,="",="2/4/2026 4:55:45.486706780 PM",
="",12465,,,,,117,="",="2/4/2026 4:55:45.486758245 PM",
="",12468,,,,,117,="",="2/4/2026 4:55:45.489157240 PM",
="",12470,,,,,99,="",="2/4/2026 4:55:45.490575780 PM",
="",12471,,,,,99,="",="2/4/2026 4:55:45.491083910 PM",
="",12480,,,,,229,="",="2/4/2026 4:55:45.502217095 PM",
="",12483,,,,,229,="",="2/4/2026 4:55:45.508075885 PM",
="",12484,,,,,99,="",="2/4/2026 4:55:45.508261425 PM",
="",12485,,,,,109,="",="2/4/2026 4:55:45.508911480 PM",
="",12486,,,,,1643,="",="2/4/2026 4:55:45.513100385 PM",
="",12490,,,,,1643,="",="2/4/2026 4:55:45.519070215 PM",
="",12497,,,,,109,="",="2/4/2026 4:55:45.526605360 PM",
="",12499,,,,,117,="",="2/4/2026 4:55:45.526831390 PM",
="",12500,,,,,117,="",="2/4/2026 4:55:45.528416480 PM",
="",12523,,,,,229,="",="2/4/2026 4:55:45.547073125 PM",
="",12525,,,,,109,="",="2/4/2026 4:55:45.547368500 PM",
="",12529,,,,,229,="",="2/4/2026 4:55:45.556834430 PM",
="",12533,,,,,1643,="",="2/4/2026 4:55:45.562566095 PM",
="",12535,,,,,1643,="",="2/4/2026 4:55:45.562868015 PM",
="",12539,,,,,105,="",="2/4/2026 4:55:45.568374260 PM",
="",12543,,,,,117,="",="2/4/2026 4:55:45.572754690 PM",
="",12548,,,,,229,="",="2/4/2026 4:55:45.584380090 PM",
="",12550,,,,,1643,="",="2/4/2026 4:55:45.586763720 PM",
="",12556,,,,,1643,="",="2/4/2026 4:55:45.589744725 PM",
="",12558,,,,,1643,="",="2/4/2026 4:55:45.590272110 PM",
="",12563,,,,,1643,="",="2/4/2026 4:55:45.591372125 PM",
="",12579,,,,,103,="",="2/4/2026 4:55:45.605160350 PM",
="",12582,,,,,1643,="",="2/4/2026 4:55:45.606084095 PM",
="",12585,,,,,1643,="",="2/4/2026 4:55:45.611558895 PM",
="",12587,,,,,99,="",="2/4/2026 4:55:45.612797035 PM",
="",12589,,,,,117,="",="2/4/2026 4:55:45.614381015 PM",
="",12590,,,,,1643,="",="2/4/2026 4:55:45.617003920 PM",
="",12599,,,,,229,="",="2/4/2026 4:55:45.622945040 PM",
="",12601,,,,,99,="",="2/4/2026 4:55:45.623130860 PM",
="",12603,,,,,117,="",="2/4/2026 4:55:45.623888135 PM",
="",12604,,,,,1643,="",="2/4/2026 4:55:45.628009900 PM",
="",12607,,,,,109,="",="2/4/2026 4:55:45.629449425 PM",
="",12609,,,,,1643,="",="2/4/2026 4:55:45.632777720 PM",
="",12610,,,,,99,="",="2/4/2026 4:55:45.632964060 PM",
="",12611,,,,,1643,="",="2/4/2026 4:55:45.633219235 PM",
="",12616,,,,,1643,="",="2/4/2026 4:55:45.639284315 PM",
="",12625,,,,,117,="",="2/4/2026 4:55:45.649051230 PM",
="",12627,,,,,1643,="",="2/4/2026 4:55:45.650238755 PM",
="",12633,,,,,1643,="",="2/4/2026 4:55:45.660751415 PM",
="",12634,,,,,99,="",="2/4/2026 4:55:45.660937155 PM",
="",12635,,,,,117,="",="2/4/2026 4:55:45.661633400 PM",
="",12643,,,,,105,="",="2/4/2026 4:55:45.663984415 PM",
="",12645,,,,,117,="",="2/4/2026 4:55:45.664813000 PM",
="",12646,,,,,1643,="",="2/4/2026 4:55:45.666429210 PM",
="",12648,,,,,229,="",="2/4/2026 4:55:45.666998410 PM",
="",12652,,,,,1643,="",="2/4/2026 4:55:45.667485925 PM",
="",12656,,,,,1643,="",="2/4/2026 4:55:45.668441355 PM",
="",12659,,,,,117,="",="2/4/2026 4:55:45.669704125 PM",
="",12668,,,,,121,="",="2/4/2026 4:55:45.676146800 PM",
="",12675,,,,,1643,="",="2/4/2026 4:55:45.682839090 PM",
="",12678,,,,,1643,="",="2/4/2026 4:55:45.688553620 PM",
="",12679,,,,,229,="",="2/4/2026 4:55:45.688968920 PM",
="",12684,,,,,105,="",="2/4/2026 4:55:45.690342190 PM",
="",12687,,,,,105,="",="2/4/2026 4:55:45.691341560 PM",
="",12690,,,,,229,="",="2/4/2026 4:55:45.692085795 PM",
="",12693,,,,,1643,="",="2/4/2026 4:55:45.693632095 PM",
="",12695,,,,,2873,="",="2/4/2026 4:55:45.694271155 PM",
="",12704,,,,,340,="",="2/4/2026 4:55:45.706142985 PM",
="",12711,,,,,1643,="",="2/4/2026 4:55:45.710030120 PM",
="",12717,,,,,229,="",="2/4/2026 4:55:45.715586325 PM",
="",12719,,,,,1643,="",="2/4/2026 4:55:45.716056400 PM",
="",12722,,,,,1643,="",="2/4/2026 4:55:45.720976920 PM",
="",12724,,,,,1643,="",="2/4/2026 4:55:45.726523390 PM",
="",12726,,,,,117,="",="2/4/2026 4:55:45.727457245 PM",
="",12742,,,,,117,="",="2/4/2026 4:55:45.750650950 PM",
="",12754,,,,,105,="",="2/4/2026 4:55:45.755938870 PM",
="",12756,,,,,117,="",="2/4/2026 4:55:45.756931215 PM",
="",12762,,,,,117,="",="2/4/2026 4:55:45.759506195 PM",
="",12769,,,,,105,="",="2/4/2026 4:55:45.764971660 PM",
="",12782,,,,,117,="",="2/4/2026 4:55:45.772023400 PM",
="",12783,,,,,99,="",="2/4/2026 4:55:45.772526530 PM",
="",12784,,,,,117,="",="2/4/2026 4:55:45.773967170 PM",
="",12785,,,,,117,="",="2/4/2026 4:55:45.776058400 PM",
="",12787,,,,,117,="",="2/4/2026 4:55:45.778603750 PM",
="",12793,,,,,1643,="",="2/4/2026 4:55:45.786663305 PM",
="",12795,,,,,1643,="",="2/4/2026 4:55:45.787720955 PM",
="",12797,,,,,117,="",="2/4/2026 4:55:45.788530755 PM",
="",12800,,,,,117,="",="2/4/2026 4:55:45.792997370 PM",
="",12801,,,,,117,="",="2/4/2026 4:55:45.794149735 PM",
="",12816,,,,,340,="",="2/4/2026 4:55:45.808554815 PM",
="",12822,,,,,435,="",="2/4/2026 4:55:45.812750000 PM",
="",12825,,,,,117,="",="2/4/2026 4:55:45.814946225 PM",
="",12840,,,,,229,="",="2/4/2026 4:55:45.824987225 PM",
="",12842,,,,,1643,="",="2/4/2026 4:55:45.825748485 PM",
="",12843,,,,,99,="",="2/4/2026 4:55:45.826002590 PM",
="",12844,,,,,117,="",="2/4/2026 4:55:45.826880070 PM",
="",12845,,,,,117,="",="2/4/2026 4:55:45.827318380 PM",
="",12848,,,,,229,="",="2/4/2026 4:55:45.830437855 PM",
="",12850,,,,,117,="",="2/4/2026 4:55:45.831840050 PM",
="",12852,,,,,117,="",="2/4/2026 4:55:45.833161350 PM",
="",12853,,,,,117,="",="2/4/2026 4:55:45.833983245 PM",
="",12870,,,,,117,="",="2/4/2026 4:55:45.854462410 PM",
="",12881,,,,,121,="",="2/4/2026 4:55:45.865431140 PM",
="",12888,,,,,117,="",="2/4/2026 4:55:45.872465270 PM",
="",12904,,,,,1643,="",="2/4/2026 4:55:45.880647885 PM",
="",12906,,,,,1643,="",="2/4/2026 4:55:45.881348275 PM",
="",12909,,,,,1643,="",="2/4/2026 4:55:45.885479200 PM",
="",12917,,,,,1643,="",="2/4/2026 4:55:45.890647625 PM",
="",12921,,,,,121,="",="2/4/2026 4:55:45.892822790 PM",
="",12922,,,,,105,="",="2/4/2026 4:55:45.893027415 PM",
="",12933,,,,,109,="",="2/4/2026 4:55:45.908027860 PM",
="",12939,,,,,1643,="",="2/4/2026 4:55:45.912672310 PM",
="",12941,,,,,117,="",="2/4/2026 4:55:45.913728765 PM",
="",12944,,,,,1643,="",="2/4/2026 4:55:45.918187245 PM",
="",12947,,,,,1643,="",="2/4/2026 4:55:45.923272160 PM",
="",12949,,,,,229,="",="2/4/2026 4:55:45.923679740 PM",
="",12952,,,,,1643,="",="2/4/2026 4:55:45.929233170 PM",
="",12954,,,,,1643,="",="2/4/2026 4:55:45.929614415 PM",
="",12957,,,,,1643,="",="2/4/2026 4:55:45.930768240 PM",
="",12960,,,,,121,="",="2/4/2026 4:55:45.932288840 PM",
="",12967,,,,,215,="",="2/4/2026 4:55:45.934654465 PM",
="",12968,,,,,215,="",="2/4/2026 4:55:45.934729840 PM",
="",12978,,,,,1643,="",="2/4/2026 4:55:45.939933720 PM",
="",12984,,,,,1643,="",="2/4/2026 4:55:45.946559080 PM",
="",12990,,,,,1643,="",="2/4/2026 4:55:45.949483940 PM",
="",12998,,,,,3229,="",="2/4/2026 4:55:45.954692070 PM",
="",13005,,,,,400,="",="2/4/2026 4:55:45.958744920 PM",
="",13010,,,,,1643,="",="2/4/2026 4:55:45.962084225 PM",
="",13031,,,,,1643,="",="2/4/2026 4:55:45.973534035 PM",
="",13035,,,,,117,="",="2/4/2026 4:55:45.975426830 PM",
="",13040,,,,,117,="",="2/4/2026 4:55:45.979231535 PM",
="",13043,,,,,215,="",="2/4/2026 4:55:45.980885295 PM",
="",13071,,,,,1643,="",="2/4/2026 4:55:46.000071655 PM",
="",13074,,,,,229,="",="2/4/2026 4:55:46.001408310 PM",
="",13077,,,,,117,="",="2/4/2026 4:55:46.002978220 PM",
="",13087,,,,,1643,="",="2/4/2026 4:55:46.011036355 PM",
="",13097,,,,,229,="",="2/4/2026 4:55:46.016419485 PM",
="",13101,,,,,229,="",="2/4/2026 4:55:46.017520535 PM",
="",13111,,,,,1643,="",="2/4/2026 4:55:46.022058545 PM",
="",13118,,,,,117,="",="2/4/2026 4:55:46.023999360 PM",
="",13123,,,,,1643,="",="2/4/2026 4:55:46.028555500 PM",
="",13128,,,,,117,="",="2/4/2026 4:55:46.030569985 PM",
="",13131,,,,,1643,="",="2/4/2026 4:55:46.032367195 PM",
="",13134,,,,,1643,="",="2/4/2026 4:55:46.033060175 PM",
="",13143,,,,,229,="",="2/4/2026 4:55:46.038328765 PM",
="",13152,,,,,117,="",="2/4/2026 4:55:46.041082130 PM",
="",13156,,,,,1643,="",="2/4/2026 4:55:46.044007295 PM",
="",13167,,,,,1643,="",="2/4/2026 4:55:46.049652395 PM",
="",13171,,,,,1643,="",="2/4/2026 4:55:46.052433790 PM",
="",13176,,,,,1643,="",="2/4/2026 4:55:46.055060890 PM",
="",13184,,,,,1643,="",="2/4/2026 4:55:46.058384360 PM",
="",13188,,,,,1643,="",="2/4/2026 4:55:46.058976560 PM",
="",13192,,,,,1643,="",="2/4/2026 4:55:46.060246125 PM",
="",13200,,,,,1643,="",="2/4/2026 4:55:46.067022305 PM",
="",13206,,,,,123,="",="2/4/2026 4:55:46.069094970 PM",
="",13216,,,,,109,="",="2/4/2026 4:55:46.075913090 PM",
="",13229,,,,,117,="",="2/4/2026 4:55:46.086549935 PM",
="",13234,,,,,109,="",="2/4/2026 4:55:46.089979780 PM",
="",13245,,,,,117,="",="2/4/2026 4:55:46.094992370 PM",
="",13258,,,,,229,="",="2/4/2026 4:55:46.107231600 PM",
="",13261,,,,,103,="",="2/4/2026 4:55:46.112213330 PM",
="",13275,,,,,117,="",="2/4/2026 4:55:46.119274575 PM",
="",13286,,,,,229,="",="2/4/2026 4:55:46.125006320 PM",
="",13287,,,,,117,="",="2/4/2026 4:55:46.125329930 PM",
="",13304,,,,,229,="",="2/4/2026 4:55:46.137876605 PM",
="",13307,,,,,117,="",="2/4/2026 4:55:46.139302320 PM",
="",13309,,,,,117,="",="2/4/2026 4:55:46.140891555 PM",
="",13315,,,,,117,="",="2/4/2026 4:55:46.144508095 PM",
="",13320,,,,,229,="",="2/4/2026 4:55:46.147506920 PM",
="",13321,,,,,229,="",="2/4/2026 4:55:46.147974595 PM",
="",13336,,,,,117,="",="2/4/2026 4:55:46.156978605 PM",
="",13343,,,,,1643,="",="2/4/2026 4:55:46.161475270 PM",
="",13348,,,,,117,="",="2/4/2026 4:55:46.163862590 PM",
="",13355,,,,,117,="",="2/4/2026 4:55:46.169123175 PM",
="",13361,,,,,109,="",="2/4/2026 4:55:46.171359570 PM",
="",13376,,,,,229,="",="2/4/2026 4:55:46.179661300 PM",
="",13377,,,,,229,="",="2/4/2026 4:55:46.180092975 PM",
="",13398,,,,,117,="",="2/4/2026 4:55:46.197051075 PM",
="",13404,,,,,117,="",="2/4/2026 4:55:46.200699895 PM",
="",13405,,,,,117,="",="2/4/2026 4:55:46.202538820 PM",
="",13408,,,,,117,="",="2/4/2026 4:55:46.203777565 PM",
="",13409,,,,,117,="",="2/4/2026 4:55:46.203823200 PM",
="",13411,,,,,117,="",="2/4/2026 4:55:46.209454620 PM",
="",13416,,,,,229,="",="2/4/2026 4:55:46.213282040 PM",
="",13419,,,,,1643,="",="2/4/2026 4:55:46.213815715 PM",
="",13434,,,,,434,="",="2/4/2026 4:55:46.223162390 PM",
="",13441,,,,,117,="",="2/4/2026 4:55:46.226887805 PM",
="",13448,,,,,229,="",="2/4/2026 4:55:46.231273820 PM",
="",13450,,,,,117,="",="2/4/2026 4:55:46.232606145 PM",
="",13454,,,,,117,="",="2/4/2026 4:55:46.234339825 PM",
="",13458,,,,,117,="",="2/4/2026 4:55:46.237449730 PM",
="",13468,,,,,229,="",="2/4/2026 4:55:46.241007430 PM",
="",13476,,,,,1643,="",="2/4/2026 4:55:46.246141425 PM",
="",13478,,,,,1643,="",="2/4/2026 4:55:46.246504190 PM",
="",13480,,,,,1643,="",="2/4/2026 4:55:46.247262025 PM",
="",13489,,,,,1643,="",="2/4/2026 4:55:46.250821350 PM",
="",13493,,,,,1643,="",="2/4/2026 4:55:46.253812275 PM",
="",13506,,,,,117,="",="2/4/2026 4:55:46.261609975 PM",
="",13517,,,,,121,="",="2/4/2026 4:55:46.265787280 PM",
="",13520,,,,,117,="",="2/4/2026 4:55:46.267406515 PM",
="",13557,,,,,117,="",="2/4/2026 4:55:46.278728865 PM",
="",13565,,,,,117,="",="2/4/2026 4:55:46.281143845 PM",
="",13581,,,,,117,="",="2/4/2026 4:55:46.287462330 PM",
="",13586,,,,,1643,="",="2/4/2026 4:55:46.289914705 PM",
="",13590,,,,,229,="",="2/4/2026 4:55:46.290748705 PM",
="",13600,,,,,117,="",="2/4/2026 4:55:46.295259870 PM",
="",13601,,,,,99,="",="2/4/2026 4:55:46.295455120 PM",
="",13610,,,,,1643,="",="2/4/2026 4:55:46.306387215 PM",
="",13618,,,,,1643,="",="2/4/2026 4:55:46.314394905 PM",
="",13624,,,,,229,="",="2/4/2026 4:55:46.317365375 PM",
="",13630,,,,,1643,="",="2/4/2026 4:55:46.318920525 PM",
="",13636,,,,,103,="",="2/4/2026 4:55:46.321525495 PM",
="",13643,,,,,1643,="",="2/4/2026 4:55:46.323278930 PM",
="",13651,,,,,1643,="",="2/4/2026 4:55:46.328183090 PM",
="",13666,,,,,229,="",="2/4/2026 4:55:46.335419065 PM",
="",13670,,,,,229,="",="2/4/2026 4:55:46.336680150 PM",
="",13673,,,,,117,="",="2/4/2026 4:55:46.338013675 PM",
="",13677,,,,,123,="",="2/4/2026 4:55:46.340477735 PM",
="",13690,,,,,1643,="",="2/4/2026 4:55:46.345132580 PM",
="",13702,,,,,171,="",="2/4/2026 4:55:46.348623490 PM",
="",13704,,,,,171,="",="2/4/2026 4:55:46.349311405 PM",
="",13721,,,,,1643,="",="2/4/2026 4:55:46.356263815 PM",
="",13725,,,,,229,="",="2/4/2026 4:55:46.356730210 PM",
="",13729,,,,,123,="",="2/4/2026 4:55:46.358046495 PM",
="",13734,,,,,229,="",="2/4/2026 4:55:46.362684900 PM",
="",13749,,,,,121,="",="2/4/2026 4:55:46.367857455 PM",
="",13754,,,,,117,="",="2/4/2026 4:55:46.372750730 PM",
="",13756,,,,,229,="",="2/4/2026 4:55:46.374501225 PM",
="",13763,,,,,1643,="",="2/4/2026 4:55:46.377723835 PM",
="",13770,,,,,1643,="",="2/4/2026 4:55:46.381444865 PM",
="",13771,,,,,99,="",="2/4/2026 4:55:46.381768925 PM",
="",13774,,,,,1643,="",="2/4/2026 4:55:46.382083215 PM",
="",13778,,,,,117,="",="2/4/2026 4:55:46.383474485 PM",
="",13789,,,,,229,="",="2/4/2026 4:55:46.389594690 PM",
="",13793,,,,,229,="",="2/4/2026 4:55:46.391196685 PM",
="",13800,,,,,117,="",="2/4/2026 4:55:46.396216020 PM",
="",13803,,,,,1643,="",="2/4/2026 4:55:46.396522665 PM",
="",13817,,,,,117,="",="2/4/2026 4:55:46.402429370 PM",
="",13823,,,,,229,="",="2/4/2026 4:55:46.404198370 PM",
="",13824,,,,,229,="",="2/4/2026 4:55:46.404485980 PM",
="",13828,,,,,229,="",="2/4/2026 4:55:46.406332630 PM",
="",13838,,,,,117,="",="2/4/2026 4:55:46.419691155 PM",
="",13840,,,,,117,="",="2/4/2026 4:55:46.422343565 PM",
="",13841,,,,,117,="",="2/4/2026 4:55:46.422390085 PM",
="",13844,,,,,121,="",="2/4/2026 4:55:46.423672620 PM",
="",13850,,,,,229,="",="2/4/2026 4:55:46.426902755 PM",
="",13858,,,,,229,="",="2/4/2026 4:55:46.431000905 PM",
="",13859,,,,,229,="",="2/4/2026 4:55:46.431324515 PM",
="",13861,,,,,229,="",="2/4/2026 4:55:46.431612130 PM",
="",13863,,,,,397,="",="2/4/2026 4:55:46.431392720 PM",
="",13871,,,,,229,="",="2/4/2026 4:55:46.435538155 PM",
="",13878,,,,,109,="",="2/4/2026 4:55:46.438463405 PM",
="",13879,,,,,117,="",="2/4/2026 4:55:46.438529805 PM",
="",13885,,,,,123,="",="2/4/2026 4:55:46.441547010 PM",
="",13888,,,,,229,="",="2/4/2026 4:55:46.443342010 PM",
="",13895,,,,,117,="",="2/4/2026 4:55:46.447267985 PM",
="",13905,,,,,229,="",="2/4/2026 4:55:46.451229935 PM",
="",13911,,,,,229,="",="2/4/2026 4:55:46.455284855 PM",
="",13917,,,,,229,="",="2/4/2026 4:55:46.459451675 PM",
="",13918,,,,,229,="",="2/4/2026 4:55:46.459775285 PM",
="",13928,,,,,121,="",="2/4/2026 4:55:46.466398895 PM",
="",13929,,,,,117,="",="2/4/2026 4:55:46.466671290 PM",
="",13930,,,,,215,="",="2/4/2026 4:55:46.467115880 PM",
="",13936,,,,,229,="",="2/4/2026 4:55:46.468737225 PM",
="",13937,,,,,229,="",="2/4/2026 4:55:46.469060835 PM",
="",13945,,,,,117,="",="2/4/2026 4:55:46.470651945 PM",
="",13951,,,,,1643,="",="2/4/2026 4:55:46.475055235 PM",
="",13952,,,,,229,="",="2/4/2026 4:55:46.475379850 PM",
="",13962,,,,,109,="",="2/4/2026 4:55:46.479229985 PM",
="",13973,,,,,1643,="",="2/4/2026 4:55:46.483273645 PM",
="",13977,,,,,229,="",="2/4/2026 4:55:46.484254970 PM",
="",13983,,,,,229,="",="2/4/2026 4:55:46.485473680 PM",
="",13990,,,,,99,="",="2/4/2026 4:55:46.487823660 PM",
="",14004,,,,,109,="",="2/4/2026 4:55:46.497152400 PM",
="",14009,,,,,229,="",="2/4/2026 4:55:46.499485355 PM",
="",14013,,,,,229,="",="2/4/2026 4:55:46.500418865 PM",
="",14020,,,,,1643,="",="2/4/2026 4:55:46.502323900 PM",
="",14022,,,,,229,="",="2/4/2026 4:55:46.503504260 PM",
="",14023,,,,,99,="",="2/4/2026 4:55:46.503829360 PM",
="",14026,,,,,1643,="",="2/4/2026 4:55:46.504089355 PM",
="",14030,,,,,229,="",="2/4/2026 4:55:46.504753145 PM",
="",14033,,,,,117,="",="2/4/2026 4:55:46.506507565 PM",
="",14037,,,,,1643,="",="2/4/2026 4:55:46.508968500 PM",
="",14038,,,,,99,="",="2/4/2026 4:55:46.509293320 PM",
="",14042,,,,,1643,="",="2/4/2026 4:55:46.510165035 PM",
="",14046,,,,,857,="",="2/4/2026 4:55:46.511626450 PM",
="",14047,,,,,117,="",="2/4/2026 4:55:46.511810850 PM",
="",14050,,,,,117,="",="2/4/2026 4:55:46.513614735 PM",
="",14057,,,,,109,="",="2/4/2026 4:55:46.521037425 PM",
="",14064,,,,,117,="",="2/4/2026 4:55:46.523422975 PM",
="",14076,,,,,1643,="",="2/4/2026 4:55:46.528048610 PM",
="",14083,,,,,117,="",="2/4/2026 4:55:46.532184155 PM",
="",14084,,,,,117,="",="2/4/2026 4:55:46.532230835 PM",
="",14094,,,,,229,="",="2/4/2026 4:55:46.535949920 PM",
="",14101,,,,,229,="",="2/4/2026 4:55:46.537792795 PM",
="",14102,,,,,229,="",="2/4/2026 4:55:46.538116405 PM",
="",14103,,,,,117,="",="2/4/2026 4:55:46.538404020 PM",
="",14113,,,,,1643,="",="2/4/2026 4:55:46.541606410 PM",
="",14117,,,,,229,="",="2/4/2026 4:55:46.543145095 PM",
="",14128,,,,,229,="",="2/4/2026 4:55:46.546346110 PM",
="",14131,,,,,1643,="",="2/4/2026 4:55:46.548326375 PM",
="",14135,,,,,117,="",="2/4/2026 4:55:46.549953030 PM",
="",14137,,,,,105,="",="2/4/2026 4:55:46.552644635 PM",
="",14141,,,,,1643,="",="2/4/2026 4:55:46.553787295 PM",
="",14145,,,,,229,="",="2/4/2026 4:55:46.554424870 PM",
="",14152,,,,,229,="",="2/4/2026 4:55:46.557242095 PM",
="",14156,,,,,229,="",="2/4/2026 4:55:46.559309310 PM",
="",14158,,,,,117,="",="2/4/2026 4:55:46.560206655 PM",
="",14163,,,,,105,="",="2/4/2026 4:55:46.566241185 PM",
="",14175,,,,,117,="",="2/4/2026 4:55:46.573139370 PM",
="",14182,,,,,229,="",="2/4/2026 4:55:46.576356070 PM",
="",14183,,,,,229,="",="2/4/2026 4:55:46.576823745 PM",
="",14184,,,,,229,="",="2/4/2026 4:55:46.577254415 PM",
="",14196,,,,,229,="",="2/4/2026 4:55:46.580734235 PM",
="",14217,,,,,229,="",="2/4/2026 4:55:46.586953160 PM",
="",14218,,,,,229,="",="2/4/2026 4:55:46.587383830 PM",
="",14222,,,,,229,="",="2/4/2026 4:55:46.589221640 PM",
="",14228,,,,,229,="",="2/4/2026 4:55:46.590615650 PM",
="",14229,,,,,229,="",="2/4/2026 4:55:46.591083325 PM",
="",14233,,,,,1643,="",="2/4/2026 4:55:46.591782120 PM",
="",14236,,,,,117,="",="2/4/2026 4:55:46.593342305 PM",
="",14259,,,,,229,="",="2/4/2026 4:55:46.607338305 PM",
="",14271,,,,,273,="",="2/4/2026 4:55:46.612329635 PM",
="",14276,,,,,229,="",="2/4/2026 4:55:46.612970540 PM",
="",14280,,,,,1643,="",="2/4/2026 4:55:46.613880635 PM",
="",14284,,,,,229,="",="2/4/2026 4:55:46.615063720 PM",
="",14288,,,,,229,="",="2/4/2026 4:55:46.616610080 PM",
="",14289,,,,,229,="",="2/4/2026 4:55:46.616934695 PM",
="",14294,,,,,239,="",="2/4/2026 4:55:46.620849015 PM",
="",14297,,,,,316,="",="2/4/2026 4:55:46.621697740 PM",
="",14301,,,,,229,="",="2/4/2026 4:55:46.625350100 PM",
="",14304,,,,,229,="",="2/4/2026 4:55:46.627065765 PM",
="",14321,,,,,229,="",="2/4/2026 4:55:46.635447180 PM",
="",14346,,,,,229,="",="2/4/2026 4:55:46.642944365 PM",
="",14347,,,,,229,="",="2/4/2026 4:55:46.643268980 PM",
="",14352,,,,,229,="",="2/4/2026 4:55:46.645202765 PM",
="",14356,,,,,103,="",="2/4/2026 4:55:46.647017615 PM",
="",14358,,,,,121,="",="2/4/2026 4:55:46.647403605 PM",
="",14367,,,,,105,="",="2/4/2026 4:55:46.653353110 PM",
="",14376,,,,,99,="",="2/4/2026 4:55:46.657920935 PM",
="",14399,,,,,117,="",="2/4/2026 4:55:46.677111235 PM",
="",14402,,,,,229,="",="2/4/2026 4:55:46.678646340 PM",
="",14403,,,,,229,="",="2/4/2026 4:55:46.679113010 PM",
="",14404,,,,,229,="",="2/4/2026 4:55:46.679543685 PM",
="",14409,,,,,229,="",="2/4/2026 4:55:46.682639245 PM",
="",14414,,,,,229,="",="2/4/2026 4:55:46.685399635 PM",
="",14430,,,,,229,="",="2/4/2026 4:55:46.691171290 PM",
="",14434,,,,,117,="",="2/4/2026 4:55:46.693387215 PM",
="",14442,,,,,229,="",="2/4/2026 4:55:46.696958160 PM",
="",14468,,,,,1643,="",="2/4/2026 4:55:46.708890900 PM",
="",14469,,,,,99,="",="2/4/2026 4:55:46.709358980 PM",
="",14471,,,,,229,="",="2/4/2026 4:55:46.711487810 PM",
="",14472,,,,,229,="",="2/4/2026 4:55:46.712289670 PM",
="",14478,,,,,229,="",="2/4/2026 4:55:46.715294035 PM",
="",14481,,,,,117,="",="2/4/2026 4:55:46.716401480 PM",
="",14485,,,,,229,="",="2/4/2026 4:55:46.716983275 PM",
="",14500,,,,,425,="",="2/4/2026 4:55:46.726971965 PM",
="",14504,,,,,1643,="",="2/4/2026 4:55:46.728235315 PM",
="",14518,,,,,1643,="",="2/4/2026 4:55:46.734556355 PM",
="",14520,,,,,434,="",="2/4/2026 4:55:46.735129255 PM",
="",14524,,,,,99,="",="2/4/2026 4:55:46.738886040 PM",
="",14529,,,,,103,="",="2/4/2026 4:55:46.740578785 PM",
="",14530,,,,,117,="",="2/4/2026 4:55:46.740622560 PM",
="",14544,,,,,123,="",="2/4/2026 4:55:46.746684595 PM",
="",14547,,,,,121,="",="2/4/2026 4:55:46.747626880 PM",
="",14551,,,,,117,="",="2/4/2026 4:55:46.750132480 PM",
="",14554,,,,,117,="",="2/4/2026 4:55:46.751473225 PM",
="",14564,,,,,229,="",="2/4/2026 4:55:46.757310165 PM",
="",14565,,,,,1643,="",="2/4/2026 4:55:46.757777840 PM",
="",14569,,,,,117,="",="2/4/2026 4:55:46.759534595 PM",
="",14602,,,,,105,="",="2/4/2026 4:55:46.777933710 PM",
="",14606,,,,,303,="",="2/4/2026 4:55:46.779091725 PM",
="",14622,,,,,229,="",="2/4/2026 4:55:46.788389405 PM",
="",14633,,,,,229,="",="2/4/2026 4:55:46.791780375 PM",
="",14634,,,,,229,="",="2/4/2026 4:55:46.792103985 PM",
="",14635,,,,,117,="",="2/4/2026 4:55:46.792391600 PM",
="",14645,,,,,1643,="",="2/4/2026 4:55:46.796427470 PM",
="",14650,,,,,99,="",="2/4/2026 4:55:46.801060360 PM",
="",14652,,,,,229,="",="2/4/2026 4:55:46.801804555 PM",
="",14654,,,,,1643,="",="2/4/2026 4:55:46.802442775 PM",
="",14665,,,,,103,="",="2/4/2026 4:55:46.808193740 PM",
="",14681,,,,,229,="",="2/4/2026 4:55:46.815173950 PM",
="",14682,,,,,229,="",="2/4/2026 4:55:46.815641625 PM",
="",14683,,,,,117,="",="2/4/2026 4:55:46.816077625 PM",
="",14688,,,,,117,="",="2/4/2026 4:55:46.819803065 PM",
="",14691,,,,,117,="",="2/4/2026 4:55:46.821386510 PM",
="",14693,,,,,316,="",="2/4/2026 4:55:46.825872055 PM",
="",14694,,,,,117,="",="2/4/2026 4:55:46.827441925 PM",
="",14698,,,,,117,="",="2/4/2026 4:55:46.829133430 PM",
="",14704,,,,,229,="",="2/4/2026 4:55:46.831173705 PM",
="",14705,,,,,117,="",="2/4/2026 4:55:46.831497315 PM",
="",14709,,,,,117,="",="2/4/2026 4:55:46.833400135 PM",
="",14713,,,,,117,="",="2/4/2026 4:55:46.834719410 PM",
="",14717,,,,,1643,="",="2/4/2026 4:55:46.835042150 PM",
="",14721,,,,,99,="",="2/4/2026 4:55:46.837192615 PM",
="",14724,,,,,434,="",="2/4/2026 4:55:46.837562635 PM",
="",14735,,,,,105,="",="2/4/2026 4:55:46.846776380 PM",
="",14747,,,,,1643,="",="2/4/2026 4:55:46.852536625 PM",
="",14748,,,,,229,="",="2/4/2026 4:55:46.852861240 PM",
="",14752,,,,,229,="",="2/4/2026 4:55:46.853886315 PM",
="",14753,,,,,229,="",="2/4/2026 4:55:46.854210930 PM",
="",14760,,,,,117,="",="2/4/2026 4:55:46.858213310 PM",
="",14764,,,,,229,="",="2/4/2026 4:55:46.858990350 PM",
="",14765,,,,,229,="",="2/4/2026 4:55:46.859314965 PM",
="",14770,,,,,229,="",="2/4/2026 4:55:46.860630520 PM",
="",14771,,,,,229,="",="2/4/2026 4:55:46.860955135 PM",
="",14772,,,,,229,="",="2/4/2026 4:55:46.861242745 PM",
="",14776,,,,,229,="",="2/4/2026 4:55:46.861638845 PM",
="",14779,,,,,117,="",="2/4/2026 4:55:46.862542015 PM",
="",14784,,,,,229,="",="2/4/2026 4:55:46.864296025 PM",
="",14789,,,,,229,="",="2/4/2026 4:55:46.865441940 PM",
="",14794,,,,,109,="",="2/4/2026 4:55:46.867256230 PM",
="",14798,,,,,229,="",="2/4/2026 4:55:46.870305330 PM",
="",14818,,,,,1643,="",="2/4/2026 4:55:46.878921590 PM",
="",14822,,,,,109,="",="2/4/2026 4:55:46.881930465 PM",
="",14824,,,,,229,="",="2/4/2026 4:55:46.883718310 PM",
="",14827,,,,,229,="",="2/4/2026 4:55:46.884391995 PM",
="",14840,,,,,117,="",="2/4/2026 4:55:46.888480590 PM",
="",14848,,,,,1643,="",="2/4/2026 4:55:46.892208290 PM",
="",14853,,,,,229,="",="2/4/2026 4:55:46.893649890 PM",
="",14861,,,,,229,="",="2/4/2026 4:55:46.895838630 PM",
="",14868,,,,,229,="",="2/4/2026 4:55:46.898288530 PM",
="",14870,,,,,117,="",="2/4/2026 4:55:46.898899755 PM",
="",14873,,,,,117,="",="2/4/2026 4:55:46.900010535 PM",
="",14876,,,,,229,="",="2/4/2026 4:55:46.900949200 PM",
="",14881,,,,,229,="",="2/4/2026 4:55:46.904267820 PM",
="",14890,,,,,117,="",="2/4/2026 4:55:46.907100170 PM",
="",14893,,,,,1643,="",="2/4/2026 4:55:46.908058690 PM",
="",14898,,,,,229,="",="2/4/2026 4:55:46.908999440 PM",
="",14915,,,,,229,="",="2/4/2026 4:55:46.914832470 PM",
="",14927,,,,,229,="",="2/4/2026 4:55:46.920184810 PM",
="",14931,,,,,1643,="",="2/4/2026 4:55:46.921227365 PM",
="",14935,,,,,1643,="",="2/4/2026 4:55:46.922370925 PM",
="",14939,,,,,229,="",="2/4/2026 4:55:46.924246945 PM",
="",14940,,,,,229,="",="2/4/2026 4:55:46.924713615 PM",
="",14946,,,,,229,="",="2/4/2026 4:55:46.931130250 PM",
="",14947,,,,,229,="",="2/4/2026 4:55:46.931596920 PM",
="",14951,,,,,229,="",="2/4/2026 4:55:46.932999350 PM",
="",14952,,,,,229,="",="2/4/2026 4:55:46.933466020 PM",
="",14959,,,,,117,="",="2/4/2026 4:55:46.938436060 PM",
="",14961,,,,,435,="",="2/4/2026 4:55:46.939155210 PM",
="",14963,,,,,397,="",="2/4/2026 4:55:46.941511860 PM",
="",14977,,,,,229,="",="2/4/2026 4:55:46.948260430 PM",
="",14987,,,,,229,="",="2/4/2026 4:55:46.953310010 PM",
="",14988,,,,,229,="",="2/4/2026 4:55:46.953776680 PM",
="",15015,,,,,229,="",="2/4/2026 4:55:46.965561755 PM",
="",15016,,,,,229,="",="2/4/2026 4:55:46.966172160 PM",
="",15027,,,,,215,="",="2/4/2026 4:55:46.974382915 PM",
="",15041,,,,,229,="",="2/4/2026 4:55:46.983221060 PM",
="",15042,,,,,229,="",="2/4/2026 4:55:46.983687730 PM",
="",15046,,,,,229,="",="2/4/2026 4:55:46.985381055 PM",
="",15064,,,,,229,="",="2/4/2026 4:55:46.993247750 PM",
="",15065,,,,,229,="",="2/4/2026 4:55:46.993714420 PM",
="",15075,,,,,229,="",="2/4/2026 4:55:47.001294430 PM",
="",15082,,,,,229,="",="2/4/2026 4:55:47.004706640 PM",
="",15086,,,,,229,="",="2/4/2026 4:55:47.006875075 PM",
="",15090,,,,,229,="",="2/4/2026 4:55:47.008692265 PM",
="",15091,,,,,229,="",="2/4/2026 4:55:47.009158935 PM",
="",15095,,,,,117,="",="2/4/2026 4:55:47.011003750 PM",
="",15098,,,,,229,="",="2/4/2026 4:55:47.012363715 PM",
="",15099,,,,,229,="",="2/4/2026 4:55:47.012830385 PM",
="",15100,,,,,117,="",="2/4/2026 4:55:47.013261060 PM",
="",15120,,,,,117,="",="2/4/2026 4:55:47.022948810 PM",
="",15124,,,,,229,="",="2/4/2026 4:55:47.024919790 PM",
="",15131,,,,,99,="",="2/4/2026 4:55:47.027906655 PM",
="",15135,,,,,99,="",="2/4/2026 4:55:47.030144970 PM",
="",15138,,,,,117,="",="2/4/2026 4:55:47.032226520 PM",
="",15153,,,,,229,="",="2/4/2026 4:55:47.038799285 PM",
="",15159,,,,,229,="",="2/4/2026 4:55:47.042623835 PM",
="",15165,,,,,229,="",="2/4/2026 4:55:47.046758640 PM",
="",15166,,,,,229,="",="2/4/2026 4:55:47.047225310 PM",
="",15167,,,,,229,="",="2/4/2026 4:55:47.047655985 PM",
="",15183,,,,,103,="",="2/4/2026 4:55:47.052533740 PM",
="",15188,,,,,117,="",="2/4/2026 4:55:47.055499825 PM",
="",15192,,,,,117,="",="2/4/2026 4:55:47.056826420 PM",
="",15201,,,,,119,="",="2/4/2026 4:55:47.060972615 PM",
="",15228,,,,,229,="",="2/4/2026 4:55:47.076449840 PM",
="",15246,,,,,229,="",="2/4/2026 4:55:47.085452070 PM",
="",15252,,,,,229,="",="2/4/2026 4:55:47.089736055 PM",
="",15253,,,,,229,="",="2/4/2026 4:55:47.090203730 PM",
="",15258,,,,,229,="",="2/4/2026 4:55:47.091603675 PM",
="",15259,,,,,229,="",="2/4/2026 4:55:47.092071350 PM",
="",15261,,,,,117,="",="2/4/2026 4:55:47.094691545 PM",
="",15264,,,,,229,="",="2/4/2026 4:55:47.095740305 PM",
="",15278,,,,,117,="",="2/4/2026 4:55:47.103461430 PM",
="",15281,,,,,229,="",="2/4/2026 4:55:47.104447855 PM",
="",15282,,,,,229,="",="2/4/2026 4:55:47.104915530 PM",
="",15283,,,,,229,="",="2/4/2026 4:55:47.105346200 PM",
="",15289,,,,,117,="",="2/4/2026 4:55:47.111516870 PM",
="",15297,,,,,229,="",="2/4/2026 4:55:47.117877810 PM",
="",15298,,,,,229,="",="2/4/2026 4:55:47.118345485 PM",
="",15299,,,,,229,="",="2/4/2026 4:55:47.118776155 PM",
="",15306,,,,,109,="",="2/4/2026 4:55:47.122340595 PM",
="",15321,,,,,229,="",="2/4/2026 4:55:47.134298905 PM",
="",15325,,,,,229,="",="2/4/2026 4:55:47.135377860 PM",
="",15326,,,,,229,="",="2/4/2026 4:55:47.135702475 PM",
="",15350,,,,,229,="",="2/4/2026 4:55:47.159437255 PM",
="",15351,,,,,229,="",="2/4/2026 4:55:47.159760865 PM",
="",15352,,,,,117,="",="2/4/2026 4:55:47.160048480 PM",
="",15355,,,,,229,="",="2/4/2026 4:55:47.160262210 PM",
="",15356,,,,,229,="",="2/4/2026 4:55:47.160586825 PM",
="",15357,,,,,229,="",="2/4/2026 4:55:47.160875440 PM",
="",15358,,,,,117,="",="2/4/2026 4:55:47.161163050 PM",
="",15361,,,,,229,="",="2/4/2026 4:55:47.162086525 PM",
="",15372,,,,,117,="",="2/4/2026 4:55:47.170461465 PM",
="",15388,,,,,229,="",="2/4/2026 4:55:47.185903705 PM",
="",15392,,,,,117,="",="2/4/2026 4:55:47.187874670 PM",
="",15395,,,,,117,="",="2/4/2026 4:55:47.190791725 PM",
="",15397,,,,,121,="",="2/4/2026 4:55:47.193960240 PM",
="",15398,,,,,117,="",="2/4/2026 4:55:47.194007715 PM",
="",15401,,,,,117,="",="2/4/2026 4:55:47.196051795 PM",
="",15405,,,,,117,="",="2/4/2026 4:55:47.198677010 PM",
="",15408,,,,,117,="",="2/4/2026 4:55:47.200050780 PM",
="",15410,,,,,117,="",="2/4/2026 4:55:47.201429965 PM",
="",15412,,,,,117,="",="2/4/2026 4:55:47.202769575 PM",
="",15413,,,,,117,="",="2/4/2026 4:55:47.202813775 PM",
="",15432,,,,,103,="",="2/4/2026 4:55:47.214056935 PM",
="",15435,,,,,109,="",="2/4/2026 4:55:47.217267765 PM",
="",15436,,,,,117,="",="2/4/2026 4:55:47.217311260 PM",
="",15440,,,,,117,="",="2/4/2026 4:55:47.219551910 PM",
="",15443,,,,,117,="",="2/4/2026 4:55:47.220969415 PM",
="",15453,,,,,229,="",="2/4/2026 4:55:47.226181385 PM",
="",15454,,,,,229,="",="2/4/2026 4:55:47.226648055 PM",
="",15456,,,,,117,="",="2/4/2026 4:55:47.227509400 PM",
="",15458,,,,,117,="",="2/4/2026 4:55:47.227969565 PM",
="",15484,,,,,229,="",="2/4/2026 4:55:47.244722335 PM",
="",15496,,,,,117,="",="2/4/2026 4:55:47.251469235 PM",
="",15504,,,,,117,="",="2/4/2026 4:55:47.253289080 PM",
="",15520,,,,,117,="",="2/4/2026 4:55:47.259076005 PM",
="",15522,,,,,105,="",="2/4/2026 4:55:47.259935500 PM",
="",15537,,,,,229,="",="2/4/2026 4:55:47.266867520 PM",
="",15538,,,,,229,="",="2/4/2026 4:55:47.267334190 PM",
="",15546,,,,,123,="",="2/4/2026 4:55:47.269407470 PM",
="",15557,,,,,117,="",="2/4/2026 4:55:47.275644105 PM",
="",15571,,,,,109,="",="2/4/2026 4:55:47.286586760 PM",
="",15586,,,,,229,="",="2/4/2026 4:55:47.295077000 PM",
="",15587,,,,,229,="",="2/4/2026 4:55:47.295543670 PM",
="",15594,,,,,229,="",="2/4/2026 4:55:47.297427195 PM",
="",15625,,,,,117,="",="2/4/2026 4:55:47.327353385 PM",
="",15626,,,,,117,="",="2/4/2026 4:55:47.327549510 PM",
="",15641,,,,,397,="",="2/4/2026 4:55:47.351240755 PM",
="",15658,,,,,109,="",="2/4/2026 4:55:47.406709585 PM",
="",15716,,,,,113,="",="2/4/2026 4:55:47.580154960 PM",
="",15735,,,,,103,="",="2/4/2026 4:55:47.604131185 PM",
="",15766,,,,,229,="",="2/4/2026 4:55:47.757102635 PM",
="",15794,,,,,435,="",="2/4/2026 4:55:47.859938595 PM",
="",15834,,,,,367,="",="2/4/2026 4:55:47.991951125 PM",
="",15848,,,,,435,="",="2/4/2026 4:55:48.064741905 PM",
="",15850,,,,,435,="",="2/4/2026 4:55:48.065561480 PM",
="",15851,,,,,434,="",="2/4/2026 4:55:48.066323360 PM",
="",15852,,,,,434,="",="2/4/2026 4:55:48.067090170 PM",
="",15853,,,,,397,="",="2/4/2026 4:55:48.067872875 PM",
="",15866,,,,,113,="",="2/4/2026 4:55:48.129762135 PM",
="",15877,,,,,435,="",="2/4/2026 4:55:48.167143140 PM",
="",15878,,,,,435,="",="2/4/2026 4:55:48.167953205 PM",
="",15879,,,,,397,="",="2/4/2026 4:55:48.170288960 PM",
="",15894,,,,,229,="",="2/4/2026 4:55:48.191357475 PM",
="",15898,,,,,229,="",="2/4/2026 4:55:48.192211790 PM",
="",15916,,,,,229,="",="2/4/2026 4:55:48.206696485 PM",
="",15935,,,,,229,="",="2/4/2026 4:55:48.254718135 PM",
="",15958,,,,,435,="",="2/4/2026 4:55:48.372815140 PM",
="",16044,,,,,117,="",="2/4/2026 4:55:48.723962945 PM",
="",16086,,,,,121,="",="2/4/2026 4:55:48.770905550 PM",
="",16093,,,,,103,="",="2/4/2026 4:55:48.773180060 PM",
="",16208,,,,,428,="",="2/4/2026 4:55:48.975867585 PM",
="",16216,,,,,435,="",="2/4/2026 4:55:48.986357020 PM",
="",16217,,,,,435,="",="2/4/2026 4:55:48.987152710 PM",
="",16218,,,,,434,="",="2/4/2026 4:55:48.987933445 PM",
="",16219,,,,,397,="",="2/4/2026 4:55:48.989522880 PM",
="",16256,,,,,397,="",="2/4/2026 4:55:49.091864775 PM",
="",16276,,,,,435,="",="2/4/2026 4:55:49.192012455 PM",
="",16285,,,,,113,="",="2/4/2026 4:55:49.233529340 PM",
="",16290,,,,,177,="",="2/4/2026 4:55:49.241795170 PM",
="",16301,,,,,229,="",="2/4/2026 4:55:49.294396085 PM",
="",16302,,,,,434,="",="2/4/2026 4:55:49.295153405 PM",
="",16334,,,,,229,="",="2/4/2026 4:55:49.410179690 PM",
="",16357,,,,,434,="",="2/4/2026 4:55:49.499981090 PM",
="",16377,,,,,113,="",="2/4/2026 4:55:49.575010560 PM",
="",16394,,,,,229,="",="2/4/2026 4:55:49.601640695 PM",
="",16402,,,,,117,="",="2/4/2026 4:55:49.605256830 PM",
="",16419,,,,,117,="",="2/4/2026 4:55:49.616106305 PM",
="",16489,,,,,397,="",="2/4/2026 4:55:49.808745935 PM",
="",16509,,,,,229,="",="2/4/2026 4:55:49.841066095 PM",
="",16510,,,,,229,="",="2/4/2026 4:55:49.841124360 PM",
="",16511,,,,,229,="",="2/4/2026 4:55:49.841145620 PM",
="",16512,,,,,229,="",="2/4/2026 4:55:49.841330755 PM",
="",16554,,,,,229,="",="2/4/2026 4:55:49.853441050 PM",
="",16574,,,,,229,="",="2/4/2026 4:55:49.857431315 PM",
="",16581,,,,,229,="",="2/4/2026 4:55:49.858412450 PM",
="",16601,,,,,229,="",="2/4/2026 4:55:49.863317040 PM",
="",16620,,,,,229,="",="2/4/2026 4:55:49.867900500 PM",
="",16622,,,,,109,="",="2/4/2026 4:55:49.868899425 PM",
="",16624,,,,,229,="",="2/4/2026 4:55:49.870916445 PM",
="",16628,,,,,229,="",="2/4/2026 4:55:49.872518360 PM",
="",16636,,,,,229,="",="2/4/2026 4:55:49.873907485 PM",
="",16671,,,,,229,="",="2/4/2026 4:55:49.891061320 PM",
="",16674,,,,,229,="",="2/4/2026 4:55:49.891472090 PM",
="",16679,,,,,229,="",="2/4/2026 4:55:49.893959525 PM",
="",16680,,,,,229,="",="2/4/2026 4:55:49.894180660 PM",
="",16699,,,,,229,="",="2/4/2026 4:55:49.901593595 PM",
="",16700,,,,,229,="",="2/4/2026 4:55:49.901726410 PM",
="",16701,,,,,229,="",="2/4/2026 4:55:49.901819230 PM",
="",16706,,,,,229,="",="2/4/2026 4:55:49.902865760 PM",
="",16707,,,,,229,="",="2/4/2026 4:55:49.903029350 PM",
="",16745,,,,,103,="",="2/4/2026 4:55:49.913443115 PM",
="",16751,,,,,303,="",="2/4/2026 4:55:49.914286160 PM",
="",16757,,,,,229,="",="2/4/2026 4:55:49.916975510 PM",
="",16758,,,,,229,="",="2/4/2026 4:55:49.917196645 PM",
="",16762,,,,,229,="",="2/4/2026 4:55:49.917418960 PM",
="",16763,,,,,229,="",="2/4/2026 4:55:49.917641100 PM",
="",16770,,,,,229,="",="2/4/2026 4:55:49.921251055 PM",
="",16771,,,,,229,="",="2/4/2026 4:55:49.921472190 PM",
="",16772,,,,,229,="",="2/4/2026 4:55:49.921657325 PM",
="",16781,,,,,229,="",="2/4/2026 4:55:49.925009015 PM",
="",16782,,,,,229,="",="2/4/2026 4:55:49.925230150 PM",
="",16786,,,,,229,="",="2/4/2026 4:55:49.926403475 PM",
="",16787,,,,,229,="",="2/4/2026 4:55:49.926567065 PM",
="",16788,,,,,229,="",="2/4/2026 4:55:49.926690655 PM",
="",16805,,,,,117,="",="2/4/2026 4:55:49.932984130 PM",
="",16813,,,,,229,="",="2/4/2026 4:55:49.934826170 PM",
="",16816,,,,,229,="",="2/4/2026 4:55:49.935196940 PM",
="",16823,,,,,229,="",="2/4/2026 4:55:49.937074330 PM",
="",16825,,,,,229,="",="2/4/2026 4:55:49.937361510 PM",
="",16826,,,,,229,="",="2/4/2026 4:55:49.937485100 PM",
="",16827,,,,,229,="",="2/4/2026 4:55:49.937608690 PM",
="",16839,,,,,229,="",="2/4/2026 4:55:49.946602610 PM",
="",16853,,,,,229,="",="2/4/2026 4:55:49.949332335 PM",
="",16855,,,,,229,="",="2/4/2026 4:55:49.949559970 PM",
="",16856,,,,,229,="",="2/4/2026 4:55:49.949653790 PM",
="",16861,,,,,229,="",="2/4/2026 4:55:49.950898460 PM",
="",16862,,,,,229,="",="2/4/2026 4:55:49.951022050 PM",
="",16874,,,,,229,="",="2/4/2026 4:55:49.952295220 PM",
="",16875,,,,,229,="",="2/4/2026 4:55:49.952458810 PM",
="",16876,,,,,229,="",="2/4/2026 4:55:49.952582400 PM",
="",16896,,,,,229,="",="2/4/2026 4:55:49.956292300 PM",
="",16900,,,,,229,="",="2/4/2026 4:55:49.956656940 PM",
="",16901,,,,,229,="",="2/4/2026 4:55:49.956732180 PM",
="",16910,,,,,229,="",="2/4/2026 4:55:49.960398700 PM",
="",16912,,,,,229,="",="2/4/2026 4:55:49.960647885 PM",
="",16913,,,,,229,="",="2/4/2026 4:55:49.960771475 PM",
="",16914,,,,,229,="",="2/4/2026 4:55:49.960895065 PM",
="",16926,,,,,103,="",="2/4/2026 4:55:49.964031135 PM",
="",16930,,,,,109,="",="2/4/2026 4:55:49.965346375 PM",
="",16945,,,,,229,="",="2/4/2026 4:55:49.971561380 PM",
="",16946,,,,,229,="",="2/4/2026 4:55:49.971746515 PM",
="",16973,,,,,229,="",="2/4/2026 4:55:49.978006385 PM",
="",16974,,,,,229,="",="2/4/2026 4:55:49.978191520 PM",
="",16978,,,,,229,="",="2/4/2026 4:55:49.978932070 PM",
="",17005,,,,,229,="",="2/4/2026 4:55:49.986471295 PM",
="",17006,,,,,229,="",="2/4/2026 4:55:49.986693430 PM",
="",17007,,,,,229,="",="2/4/2026 4:55:49.986879570 PM",
="",17008,,,,,229,="",="2/4/2026 4:55:49.987064705 PM",
="",17009,,,,,229,="",="2/4/2026 4:55:49.987249840 PM",
="",17013,,,,,109,="",="2/4/2026 4:55:49.988272955 PM",
="",17020,,,,,229,="",="2/4/2026 4:55:49.990467920 PM",
="",17021,,,,,229,="",="2/4/2026 4:55:49.990631510 PM",
="",17036,,,,,229,="",="2/4/2026 4:55:49.994411755 PM",
="",17046,,,,,121,="",="2/4/2026 4:55:49.996447480 PM",
="",17066,,,,,229,="",="2/4/2026 4:55:50.004560945 PM",
="",17093,,,,,121,="",="2/4/2026 4:55:50.012585565 PM",
="",17097,,,,,117,="",="2/4/2026 4:55:50.013853280 PM",
="",17108,,,,,229,="",="2/4/2026 4:55:50.015447440 PM",
="",17111,,,,,109,="",="2/4/2026 4:55:50.016003490 PM",
="",17129,,,,,109,="",="2/4/2026 4:55:50.031015360 PM",
="",17135,,,,,229,="",="2/4/2026 4:55:50.033067475 PM",
="",17136,,,,,1423,="",="2/4/2026 4:55:50.033232070 PM",
="",17141,,,,,229,="",="2/4/2026 4:55:50.035897420 PM",
="",17142,,,,,229,="",="2/4/2026 4:55:50.036062015 PM",
="",17149,,,,,229,="",="2/4/2026 4:55:50.038048635 PM",
="",17152,,,,,229,="",="2/4/2026 4:55:50.038607045 PM",
="",17153,,,,,229,="",="2/4/2026 4:55:50.038793185 PM",
="",17155,,,,,103,="",="2/4/2026 4:55:50.039951275 PM",
="",17164,,,,,229,="",="2/4/2026 4:55:50.046287110 PM",
="",17168,,,,,229,="",="2/4/2026 4:55:50.047314980 PM",
="",17187,,,,,229,="",="2/4/2026 4:55:50.054850305 PM",
="",17188,,,,,229,="",="2/4/2026 4:55:50.055013895 PM",
="",17189,,,,,229,="",="2/4/2026 4:55:50.055137485 PM",
="",17196,,,,,117,="",="2/4/2026 4:55:50.055620080 PM",
="",17206,,,,,229,="",="2/4/2026 4:55:50.057165715 PM",
="",17208,,,,,229,="",="2/4/2026 4:55:50.057535985 PM",
="",17210,,,,,229,="",="2/4/2026 4:55:50.057906260 PM",
="",17235,,,,,229,="",="2/4/2026 4:55:50.062557920 PM",
="",17241,,,,,117,="",="2/4/2026 4:55:50.064506175 PM",
="",17250,,,,,123,="",="2/4/2026 4:55:50.067593305 PM",
="",17261,,,,,109,="",="2/4/2026 4:55:50.072731300 PM",
="",17273,,,,,99,="",="2/4/2026 4:55:50.077128020 PM",
="",17277,,,,,229,="",="2/4/2026 4:55:50.078228835 PM",
="",17278,,,,,229,="",="2/4/2026 4:55:50.078450970 PM",
="",17279,,,,,229,="",="2/4/2026 4:55:50.078637110 PM",
="",17292,,,,,229,="",="2/4/2026 4:55:50.081693385 PM",
="",17294,,,,,229,="",="2/4/2026 4:55:50.082099655 PM",
="",17301,,,,,229,="",="2/4/2026 4:55:50.083284310 PM",
="",17329,,,,,229,="",="2/4/2026 4:55:50.103170385 PM",
="",17330,,,,,229,="",="2/4/2026 4:55:50.103355520 PM",
="",17331,,,,,229,="",="2/4/2026 4:55:50.103540655 PM",
="",17337,,,,,229,="",="2/4/2026 4:55:50.107776520 PM",
="",17338,,,,,229,="",="2/4/2026 4:55:50.107997655 PM",
="",17343,,,,,229,="",="2/4/2026 4:55:50.109129445 PM",
="",17344,,,,,229,="",="2/4/2026 4:55:50.109293035 PM",
="",17354,,,,,229,="",="2/4/2026 4:55:50.113482485 PM",
="",17355,,,,,229,="",="2/4/2026 4:55:50.113646075 PM",
="",17356,,,,,229,="",="2/4/2026 4:55:50.113769665 PM",
="",17368,,,,,229,="",="2/4/2026 4:55:50.116842535 PM",
="",17369,,,,,229,="",="2/4/2026 4:55:50.117006125 PM",
="",17370,,,,,229,="",="2/4/2026 4:55:50.117129715 PM",
="",17371,,,,,229,="",="2/4/2026 4:55:50.117253305 PM",
="",17372,,,,,229,="",="2/4/2026 4:55:50.117376895 PM",
="",17374,,,,,229,="",="2/4/2026 4:55:50.117992265 PM",
="",17375,,,,,229,="",="2/4/2026 4:55:50.118156860 PM",
="",17377,,,,,229,="",="2/4/2026 4:55:50.119374465 PM",
="",17380,,,,,616,="",="2/4/2026 4:55:50.122078985 PM",
="",17386,,,,,229,="",="2/4/2026 4:55:50.131797840 PM",
="",17387,,,,,229,="",="2/4/2026 4:55:50.131961430 PM",
="",17393,,,,,229,="",="2/4/2026 4:55:50.133277695 PM",
="",17394,,,,,229,="",="2/4/2026 4:55:50.133441285 PM",
="",17395,,,,,229,="",="2/4/2026 4:55:50.133564875 PM",
="",17425,,,,,229,="",="2/4/2026 4:55:50.146418400 PM",
="",17426,,,,,229,="",="2/4/2026 4:55:50.146639535 PM",
="",17429,,,,,229,="",="2/4/2026 4:55:50.148579090 PM",
="",17433,,,,,1423,="",="2/4/2026 4:55:50.149606960 PM",
="",17438,,,,,29,="",="2/4/2026 4:55:50.154360535 PM",
="",17440,,,,,229,="",="2/4/2026 4:55:50.155784510 PM",
="",17443,,,,,119,="",="2/4/2026 4:55:50.158373855 PM",
="",17447,,,,,229,="",="2/4/2026 4:55:50.160805160 PM",
="",17448,,,,,229,="",="2/4/2026 4:55:50.161026295 PM",
="",17450,,,,,109,="",="2/4/2026 4:55:50.162032930 PM",
="",17455,,,,,229,="",="2/4/2026 4:55:50.163853870 PM",
="",17456,,,,,229,="",="2/4/2026 4:55:50.164076005 PM",
="",17457,,,,,1423,="",="2/4/2026 4:55:50.164262145 PM",
="",17461,,,,,229,="",="2/4/2026 4:55:50.167090355 PM",
="",17462,,,,,229,="",="2/4/2026 4:55:50.167337320 PM",
="",17469,,,,,229,="",="2/4/2026 4:55:50.169616040 PM",
="",17470,,,,,1423,="",="2/4/2026 4:55:50.169780635 PM",
="",17471,,,,,229,="",="2/4/2026 4:55:50.169904225 PM",
="",17476,,,,,3229,="",="2/4/2026 4:55:50.171933325 PM",
="",17478,,,,,229,="",="2/4/2026 4:55:50.173115885 PM",
="",17485,,,,,121,="",="2/4/2026 4:55:50.188772330 PM",
="",17499,,,,,435,="",="2/4/2026 4:55:50.216017605 PM",
="",17525,,,,,434,="",="2/4/2026 4:55:50.319974685 PM",
="",17544,,,,,117,="",="2/4/2026 4:55:50.402204800 PM",
="",17671,,,,,375,="",="2/4/2026 4:55:50.904013860 PM",
="",17674,,,,,323,="",="2/4/2026 4:55:50.914162625 PM",
="",17691,,,,,99,="",="2/4/2026 4:55:50.988919125 PM",
="",17713,,,,,434,="",="2/4/2026 4:55:51.036787170 PM",
="",17717,,,,,229,="",="2/4/2026 4:55:51.047557825 PM",
="",17726,,,,,411,="",="2/4/2026 4:55:51.104367545 PM",
="",17727,,,,,440,="",="2/4/2026 4:55:51.104625970 PM",
="",17738,,,,,113,="",="2/4/2026 4:55:51.144826060 PM",
="",17741,,,,,113,="",="2/4/2026 4:55:51.146442415 PM",
="",17743,,,,,113,="",="2/4/2026 4:55:51.147066750 PM",
="",17791,,,,,429,="",="2/4/2026 4:55:51.366255310 PM",
="",17805,,,,,113,="",="2/4/2026 4:55:51.419874530 PM",
="",17807,,,,,113,="",="2/4/2026 4:55:51.420507825 PM",
="",17818,,,,,117,="",="2/4/2026 4:55:51.445941525 PM",
="",17820,,,,,171,="",="2/4/2026 4:55:51.447924840 PM",
="",17858,,,,,551,="",="2/4/2026 4:55:51.638358275 PM",
="",17861,,,,,551,="",="2/4/2026 4:55:51.646083700 PM",
="",17868,,,,,579,="",="2/4/2026 4:55:51.668005260 PM",
="",17870,,,,,551,="",="2/4/2026 4:55:51.686471820 PM",
="",17877,,,,,579,="",="2/4/2026 4:55:51.703673255 PM",
="",17884,,,,,117,="",="2/4/2026 4:55:51.728963020 PM",
="",17944,,,,,436,="",="2/4/2026 4:55:52.010890395 PM",
="",17945,,,,,411,="",="2/4/2026 4:55:52.011154895 PM",
="",17951,,,,,121,="",="2/4/2026 4:55:52.042813940 PM",
="",17965,,,,,117,="",="2/4/2026 4:55:52.127239215 PM",
="",17995,,,,,119,="",="2/4/2026 4:55:52.217225425 PM",
="",17996,,,,,171,="",="2/4/2026 4:55:52.217371740 PM",
="",18002,,,,,113,="",="2/4/2026 4:55:52.243260605 PM",
="",18006,,,,,113,="",="2/4/2026 4:55:52.245529430 PM",
="",18039,,,,,425,="",="2/4/2026 4:55:52.332925440 PM",
="",18040,,,,,411,="",="2/4/2026 4:55:52.333182605 PM",
="",18063,,,,,117,="",="2/4/2026 4:55:52.445247885 PM",
="",18074,,,,,443,="",="2/4/2026 4:55:52.482661355 PM",
="",18083,,,,,436,="",="2/4/2026 4:55:52.522893000 PM",
="",18084,,,,,411,="",="2/4/2026 4:55:52.523157500 PM",
="",18086,,,,,171,="",="2/4/2026 4:55:52.523723565 PM",
="",18113,,,,,448,="",="2/4/2026 4:55:52.639822855 PM",
="",18114,,,,,440,="",="2/4/2026 4:55:52.640630235 PM",
="",18141,,,,,411,="",="2/4/2026 4:55:52.727963340 PM",
="",18189,,,,,121,="",="2/4/2026 4:55:52.896721060 PM",
="",18204,,,,,171,="",="2/4/2026 4:55:52.933322755 PM",
="",18224,,,,,195,="",="2/4/2026 4:55:53.005519155 PM",
="",18226,,,,,195,="",="2/4/2026 4:55:53.005853795 PM",
="",18233,,,,,440,="",="2/4/2026 4:55:53.024950445 PM",
="",18238,,,,,171,="",="2/4/2026 4:55:53.035722720 PM",
="",18277,,,,,117,="",="2/4/2026 4:55:53.138842890 PM",
="",18279,,,,,171,="",="2/4/2026 4:55:53.138980665 PM",
="",18308,,,,,117,="",="2/4/2026 4:55:53.178712735 PM",
="",18316,,,,,411,="",="2/4/2026 4:55:53.193019590 PM",
="",18359,,,,,436,="",="2/4/2026 4:55:53.239666325 PM",
="",18362,,,,,171,="",="2/4/2026 4:55:53.240514765 PM",
="",18364,,,,,448,="",="2/4/2026 4:55:53.254225480 PM",
="",18382,,,,,450,="",="2/4/2026 4:55:53.271895030 PM",
="",18383,,,,,450,="",="2/4/2026 4:55:53.275900735 PM",
="",18386,,,,,340,="",="2/4/2026 4:55:53.286058865 PM",
="",18393,,,,,117,="",="2/4/2026 4:55:53.296894060 PM",
="",18396,,,,,446,="",="2/4/2026 4:55:53.297095780 PM",
="",18397,,,,,99,="",="2/4/2026 4:55:53.298196530 PM",
="",18424,,,,,450,="",="2/4/2026 4:55:53.320660180 PM",
="",18427,,,,,447,="",="2/4/2026 4:55:53.322982740 PM",
="",18429,,,,,450,="",="2/4/2026 4:55:53.325364785 PM",
="",18430,,,,,450,="",="2/4/2026 4:55:53.326148940 PM",
="",18431,,,,,450,="",="2/4/2026 4:55:53.326953845 PM",
="",18432,,,,,450,="",="2/4/2026 4:55:53.327761735 PM",
="",18441,,,,,437,="",="2/4/2026 4:55:53.332163910 PM",
="",18443,,,,,411,="",="2/4/2026 4:55:53.332740695 PM",
="",18446,,,,,117,="",="2/4/2026 4:55:53.335361080 PM",
="",18452,,,,,117,="",="2/4/2026 4:55:53.340183370 PM",
="",18460,,,,,448,="",="2/4/2026 4:55:53.343654245 PM",
="",18461,,,,,436,="",="2/4/2026 4:55:53.343937885 PM",
="",18463,,,,,440,="",="2/4/2026 4:55:53.344462520 PM",
="",18477,,,,,117,="",="2/4/2026 4:55:53.356739455 PM",
="",18490,,,,,117,="",="2/4/2026 4:55:53.368733225 PM",
="",18499,,,,,3229,="",="2/4/2026 4:55:53.375599155 PM",
="",18507,,,,,229,="",="2/4/2026 4:55:53.385375480 PM",
="",18527,,,,,117,="",="2/4/2026 4:55:53.404706035 PM",
="",18552,,,,,103,="",="2/4/2026 4:55:53.433295195 PM",
="",18558,,,,,117,="",="2/4/2026 4:55:53.437707685 PM",
="",18561,,,,,103,="",="2/4/2026 4:55:53.441639875 PM",
="",18566,,,,,411,="",="2/4/2026 4:55:53.444764345 PM",
="",18575,,,,,425,="",="2/4/2026 4:55:53.455286620 PM",
="",18582,,,,,117,="",="2/4/2026 4:55:53.462671090 PM",
="",18594,,,,,103,="",="2/4/2026 4:55:53.468133295 PM",
="",18605,,,,,1878,="",="2/4/2026 4:55:53.472369880 PM",
="",18614,,,,,123,="",="2/4/2026 4:55:53.477369870 PM",
="",18623,,,,,109,="",="2/4/2026 4:55:53.482912820 PM",
="",18626,,,,,103,="",="2/4/2026 4:55:53.486745055 PM",
="",18634,,,,,109,="",="2/4/2026 4:55:53.493657545 PM",
="",18658,,,,,117,="",="2/4/2026 4:55:53.512672765 PM",
="",18664,,,,,117,="",="2/4/2026 4:55:53.516264850 PM",
="",18677,,,,,117,="",="2/4/2026 4:55:53.533121190 PM",
="",18684,,,,,411,="",="2/4/2026 4:55:53.536696895 PM",
="",18712,,,,,109,="",="2/4/2026 4:55:53.550467235 PM",
="",18741,,,,,117,="",="2/4/2026 4:55:53.568302605 PM",
="",18795,,,,,2135,="",="2/4/2026 4:55:53.600260245 PM",
="",18799,,,,,155,="",="2/4/2026 4:55:53.604537725 PM",
="",18802,,,,,109,="",="2/4/2026 4:55:53.605363915 PM",
="",18806,,,,,119,="",="2/4/2026 4:55:53.605904520 PM",
="",18813,,,,,113,="",="2/4/2026 4:55:53.616132630 PM",
="",18819,,,,,436,="",="2/4/2026 4:55:53.629916145 PM",
="",18820,,,,,411,="",="2/4/2026 4:55:53.630190010 PM",
="",18832,,,,,436,="",="2/4/2026 4:55:53.649290050 PM",
="",18836,,,,,117,="",="2/4/2026 4:55:53.653107730 PM",
="",18838,,,,,425,="",="2/4/2026 4:55:53.664130870 PM",
="",18839,,,,,411,="",="2/4/2026 4:55:53.664388035 PM",
="",18847,,,,,436,="",="2/4/2026 4:55:53.697821610 PM",
="",18849,,,,,440,="",="2/4/2026 4:55:53.698334575 PM",
="",18857,,,,,437,="",="2/4/2026 4:55:53.732039615 PM",
="",18858,,,,,411,="",="2/4/2026 4:55:53.732589215 PM",
="",18870,,,,,484,="",="2/4/2026 4:55:53.750397095 PM",
="",18874,,,,,171,="",="2/4/2026 4:55:53.752522860 PM",
="",18886,,,,,425,="",="2/4/2026 4:55:53.766531275 PM",
="",18902,,,,,437,="",="2/4/2026 4:55:53.799924915 PM",
="",18903,,,,,436,="",="2/4/2026 4:55:53.800201985 PM",
="",18904,,,,,440,="",="2/4/2026 4:55:53.800731700 PM",
="",18914,,,,,450,="",="2/4/2026 4:55:53.846902665 PM",
="",18919,,,,,450,="",="2/4/2026 4:55:53.849020710 PM",
="",18923,,,,,436,="",="2/4/2026 4:55:53.854066225 PM",
="",18924,,,,,229,="",="2/4/2026 4:55:53.854345435 PM",
="",18932,,,,,411,="",="2/4/2026 4:55:53.868107135 PM",
="",18933,,,,,440,="",="2/4/2026 4:55:53.868340975 PM",
="",18981,,,,,171,="",="2/4/2026 4:55:53.969670280 PM",
="",18985,,,,,440,="",="2/4/2026 4:55:53.970741220 PM",
="",19002,,,,,440,="",="2/4/2026 4:55:54.012477230 PM",
="",19007,,,,,454,="",="2/4/2026 4:55:54.034307245 PM",
="",19008,,,,,442,="",="2/4/2026 4:55:54.034591950 PM",
="",19009,,,,,422,="",="2/4/2026 4:55:54.034869080 PM",
="",19010,,,,,464,="",="2/4/2026 4:55:54.035799670 PM",
="",19011,,,,,452,="",="2/4/2026 4:55:54.037002925 PM",
="",19013,,,,,437,="",="2/4/2026 4:55:54.039264910 PM",
="",19047,,,,,229,="",="2/4/2026 4:55:54.113947755 PM",
="",19058,,,,,121,="",="2/4/2026 4:55:54.136311725 PM",
="",19059,,,,,411,="",="2/4/2026 4:55:54.142191355 PM",
="",19060,,,,,229,="",="2/4/2026 4:55:54.142451540 PM",
="",19066,,,,,117,="",="2/4/2026 4:55:54.160659785 PM",
="",19101,,,,,117,="",="2/4/2026 4:55:54.224416055 PM",
="",19103,,,,,442,="",="2/4/2026 4:55:54.239144625 PM",
="",19104,,,,,422,="",="2/4/2026 4:55:54.239413125 PM",
="",19105,,,,,440,="",="2/4/2026 4:55:54.239662985 PM",
="",19107,,,,,117,="",="2/4/2026 4:55:54.241094360 PM",
="",19110,,,,,411,="",="2/4/2026 4:55:54.244614945 PM",
="",19124,,,,,437,="",="2/4/2026 4:55:54.274882895 PM",
="",19125,,,,,448,="",="2/4/2026 4:55:54.277131215 PM",
="",19133,,,,,117,="",="2/4/2026 4:55:54.287496935 PM",
="",19153,,,,,422,="",="2/4/2026 4:55:54.342080535 PM",
="",19154,,,,,440,="",="2/4/2026 4:55:54.342302000 PM",
="",19157,,,,,411,="",="2/4/2026 4:55:54.347014870 PM",
="",19190,,,,,422,="",="2/4/2026 4:55:54.444175060 PM",
="",19191,,,,,440,="",="2/4/2026 4:55:54.444416740 PM",
="",19194,,,,,411,="",="2/4/2026 4:55:54.449415635 PM",
="",19234,,,,,117,="",="2/4/2026 4:55:54.520316935 PM",
="",19235,,,,,437,="",="2/4/2026 4:55:54.523672435 PM",
="",19243,,,,,99,="",="2/4/2026 4:55:54.542450120 PM",
="",19245,,,,,422,="",="2/4/2026 4:55:54.546555160 PM",
="",19247,,,,,411,="",="2/4/2026 4:55:54.551816255 PM",
="",19266,,,,,440,="",="2/4/2026 4:55:54.582891190 PM",
="",19302,,,,,440,="",="2/4/2026 4:55:54.655193335 PM",
="",19315,,,,,448,="",="2/4/2026 4:55:54.687830355 PM",
="",19349,,,,,442,="",="2/4/2026 4:55:54.751076455 PM",
="",19355,,,,,229,="",="2/4/2026 4:55:54.757062025 PM",
="",19356,,,,,440,="",="2/4/2026 4:55:54.757591020 PM",
="",19385,,,,,440,="",="2/4/2026 4:55:54.824735765 PM",
="",19387,,,,,442,="",="2/4/2026 4:55:54.853502185 PM",
="",19406,,,,,425,="",="2/4/2026 4:55:54.888929245 PM",
="",19440,,,,,171,="",="2/4/2026 4:55:54.969255050 PM",
="",19441,,,,,436,="",="2/4/2026 4:55:54.970861270 PM",
="",19442,,,,,440,="",="2/4/2026 4:55:54.971408160 PM",
="",19457,,,,,425,="",="2/4/2026 4:55:54.991541275 PM",
="",19482,,,,,333,="",="2/4/2026 4:55:55.016556385 PM",
="",19500,,,,,454,="",="2/4/2026 4:55:55.057992395 PM",
="",19501,,,,,442,="",="2/4/2026 4:55:55.058277915 PM",
="",19502,,,,,422,="",="2/4/2026 4:55:55.058554630 PM",
="",19503,,,,,440,="",="2/4/2026 4:55:55.058818950 PM",
="",19507,,,,,440,="",="2/4/2026 4:55:55.064051565 PM",
="",19509,,,,,440,="",="2/4/2026 4:55:55.064793000 PM",
="",19512,,,,,117,="",="2/4/2026 4:55:55.073435015 PM",
="",19517,,,,,437,="",="2/4/2026 4:55:55.094088595 PM",
="",19519,,,,,436,="",="2/4/2026 4:55:55.096641630 PM",
="",19525,,,,,117,="",="2/4/2026 4:55:55.100971075 PM",
="",19529,,,,,117,="",="2/4/2026 4:55:55.105497930 PM",
="",19531,,,,,364,="",="2/4/2026 4:55:55.112791615 PM",
="",19542,,,,,436,="",="2/4/2026 4:55:55.138350205 PM",
="",19554,,,,,440,="",="2/4/2026 4:55:55.166452195 PM",
="",19560,,,,,411,="",="2/4/2026 4:55:55.175128260 PM",
="",19565,,,,,422,="",="2/4/2026 4:55:55.188121770 PM",
="",19566,,,,,437,="",="2/4/2026 4:55:55.196489105 PM",
="",19567,,,,,411,="",="2/4/2026 4:55:55.197038585 PM",
="",19568,,,,,440,="",="2/4/2026 4:55:55.197295395 PM",
="",19571,,,,,440,="",="2/4/2026 4:55:55.199546060 PM",
="",19598,,,,,117,="",="2/4/2026 4:55:55.241175740 PM",
="",19602,,,,,442,="",="2/4/2026 4:55:55.263102225 PM",
="",19609,,,,,440,="",="2/4/2026 4:55:55.269594155 PM",
="",19636,,,,,103,="",="2/4/2026 4:55:55.292015790 PM",
="",19639,,,,,103,="",="2/4/2026 4:55:55.292967250 PM",
="",19640,,,,,171,="",="2/4/2026 4:55:55.296891315 PM",
="",19646,,,,,436,="",="2/4/2026 4:55:55.301442320 PM",
="",19647,,,,,411,="",="2/4/2026 4:55:55.301706820 PM",
="",19675,,,,,117,="",="2/4/2026 4:55:55.341645675 PM",
="",19676,,,,,117,="",="2/4/2026 4:55:55.341692135 PM",
="",19684,,,,,454,="",="2/4/2026 4:55:55.365193770 PM",
="",19716,,,,,117,="",="2/4/2026 4:55:55.398327970 PM",
="",19719,,,,,117,="",="2/4/2026 4:55:55.400015020 PM",
="",19725,,,,,440,="",="2/4/2026 4:55:55.404346525 PM",
="",19730,,,,,103,="",="2/4/2026 4:55:55.406890080 PM",
="",19742,,,,,171,="",="2/4/2026 4:55:55.423397810 PM",
="",19761,,,,,323,="",="2/4/2026 4:55:55.471466505 PM",
="",19774,,,,,454,="",="2/4/2026 4:55:55.494761540 PM",
="",19776,,,,,411,="",="2/4/2026 4:55:55.504241015 PM",
="",19777,,,,,411,="",="2/4/2026 4:55:55.506495560 PM",
="",19781,,,,,448,="",="2/4/2026 4:55:55.512924940 PM",
="",19782,,,,,436,="",="2/4/2026 4:55:55.513205725 PM",
="",19783,,,,,440,="",="2/4/2026 4:55:55.513738320 PM",
="",19794,,,,,117,="",="2/4/2026 4:55:55.524592745 PM",
="",19800,,,,,340,="",="2/4/2026 4:55:55.536633535 PM",
="",19805,,,,,437,="",="2/4/2026 4:55:55.547674850 PM",
="",19806,,,,,436,="",="2/4/2026 4:55:55.547951760 PM",
="",19807,,,,,411,="",="2/4/2026 4:55:55.548225050 PM",
="",19824,,,,,440,="",="2/4/2026 4:55:55.576794985 PM",
="",19826,,,,,411,="",="2/4/2026 4:55:55.586603810 PM",
="",19838,,,,,177,="",="2/4/2026 4:55:55.598846115 PM",
="",19847,,,,,177,="",="2/4/2026 4:55:55.598941375 PM",
="",19848,,,,,177,="",="2/4/2026 4:55:55.598951625 PM",
="",19854,,,,,425,="",="2/4/2026 4:55:55.605742735 PM",
="",19856,,,,,411,="",="2/4/2026 4:55:55.606667085 PM",
="",19861,,,,,440,="",="2/4/2026 4:55:55.609147055 PM",
="",19874,,,,,117,="",="2/4/2026 4:55:55.619492875 PM",
="",19875,,,,,364,="",="2/4/2026 4:55:55.622767935 PM",
="",19880,,,,,117,="",="2/4/2026 4:55:55.627520600 PM",
="",19896,,,,,340,="",="2/4/2026 4:55:55.639105995 PM",
="",19903,,,,,229,="",="2/4/2026 4:55:55.645300680 PM",
="",19906,,,,,117,="",="2/4/2026 4:55:55.645821700 PM",
="",19912,,,,,119,="",="2/4/2026 4:55:55.648542985 PM",
="",19919,,,,,117,="",="2/4/2026 4:55:55.655143905 PM",
="",19921,,,,,117,="",="2/4/2026 4:55:55.656442645 PM",
="",19961,,,,,436,="",="2/4/2026 4:55:55.718006760 PM",
="",19967,,,,,103,="",="2/4/2026 4:55:55.724764415 PM",
="",19978,,,,,177,="",="2/4/2026 4:55:55.734253080 PM",
="",19986,,,,,117,="",="2/4/2026 4:55:55.745515180 PM",
="",19992,,,,,436,="",="2/4/2026 4:55:55.752772345 PM",
="",20025,,,,,99,="",="2/4/2026 4:55:55.822337640 PM",
="",20026,,,,,99,="",="2/4/2026 4:55:55.823592605 PM",
="",20032,,,,,117,="",="2/4/2026 4:55:55.829717115 PM",
="",20042,,,,,436,="",="2/4/2026 4:55:55.855172695 PM",
="",20043,,,,,411,="",="2/4/2026 4:55:55.855437195 PM",
="",20076,,,,,579,="",="2/4/2026 4:55:55.920318455 PM",
="",20084,,,,,177,="",="2/4/2026 4:55:55.925015945 PM",
="",20087,,,,,454,="",="2/4/2026 4:55:55.932796470 PM",
="",20088,,,,,442,="",="2/4/2026 4:55:55.933081750 PM",
="",20089,,,,,440,="",="2/4/2026 4:55:55.933623585 PM",
="",20119,,,,,437,="",="2/4/2026 4:55:55.993760420 PM",
="",20120,,,,,436,="",="2/4/2026 4:55:55.994036410 PM",
="",20121,,,,,411,="",="2/4/2026 4:55:55.994310220 PM",
="",20122,,,,,440,="",="2/4/2026 4:55:55.994566445 PM",
="",20158,,,,,99,="",="2/4/2026 4:55:56.034401610 PM",
="",20160,,,,,454,="",="2/4/2026 4:55:56.035196475 PM",
="",20161,,,,,442,="",="2/4/2026 4:55:56.035481435 PM",
="",20162,,,,,440,="",="2/4/2026 4:55:56.036024030 PM",
="",20176,,,,,117,="",="2/4/2026 4:55:56.046430385 PM",
="",20185,,,,,437,="",="2/4/2026 4:55:56.059675990 PM",
="",20187,,,,,411,="",="2/4/2026 4:55:56.060248935 PM",
="",20206,,,,,117,="",="2/4/2026 4:55:56.092082760 PM",
="",20209,,,,,436,="",="2/4/2026 4:55:56.096460005 PM",
="",20226,,,,,131,="",="2/4/2026 4:55:56.114129535 PM",
="",20275,,,,,411,="",="2/4/2026 4:55:56.199158935 PM",
="",20288,,,,,115,="",="2/4/2026 4:55:56.213611985 PM",
="",20289,,,,,117,="",="2/4/2026 4:55:56.215635755 PM",
="",20296,,,,,425,="",="2/4/2026 4:55:56.222367030 PM",
="",20304,,,,,117,="",="2/4/2026 4:55:56.227393365 PM",
="",20327,,,,,411,="",="2/4/2026 4:55:56.265049290 PM",
="",20329,,,,,105,="",="2/4/2026 4:55:56.277635890 PM",
="",20340,,,,,442,="",="2/4/2026 4:55:56.287088590 PM",
="",20342,,,,,105,="",="2/4/2026 4:55:56.288693775 PM",
="",20345,,,,,105,="",="2/4/2026 4:55:56.289922365 PM",
="",20347,,,,,117,="",="2/4/2026 4:55:56.290421055 PM",
="",20350,,,,,121,="",="2/4/2026 4:55:56.292862080 PM",
="",20360,,,,,117,="",="2/4/2026 4:55:56.295696385 PM",
="",20409,,,,,117,="",="2/4/2026 4:55:56.317678850 PM",
="",20413,,,,,117,="",="2/4/2026 4:55:56.321283725 PM",
="",20418,,,,,105,="",="2/4/2026 4:55:56.324076560 PM",
="",20423,,,,,411,="",="2/4/2026 4:55:56.325716430 PM",
="",20424,,,,,440,="",="2/4/2026 4:55:56.325949790 PM",
="",20425,,,,,442,="",="2/4/2026 4:55:56.326244195 PM",
="",20433,,,,,448,="",="2/4/2026 4:55:56.332128000 PM",
="",20438,,,,,171,="",="2/4/2026 4:55:56.333933430 PM",
="",20445,,,,,454,="",="2/4/2026 4:55:56.342397995 PM",
="",20446,,,,,442,="",="2/4/2026 4:55:56.342693355 PM",
="",20447,,,,,422,="",="2/4/2026 4:55:56.342961855 PM",
="",20458,,,,,117,="",="2/4/2026 4:55:56.362357950 PM",
="",20474,,,,,436,="",="2/4/2026 4:55:56.377447110 PM",
="",20493,,,,,117,="",="2/4/2026 4:55:56.400383945 PM",
="",20496,,,,,117,="",="2/4/2026 4:55:56.406444065 PM",
="",20510,,,,,440,="",="2/4/2026 4:55:56.417214240 PM",
="",20513,,,,,117,="",="2/4/2026 4:55:56.418056310 PM",
="",20516,,,,,171,="",="2/4/2026 4:55:56.421650490 PM",
="",20524,,,,,440,="",="2/4/2026 4:55:56.428350290 PM",
="",20530,,,,,411,="",="2/4/2026 4:55:56.435082775 PM",
="",20532,,,,,171,="",="2/4/2026 4:55:56.435648765 PM",
="",20534,,,,,454,="",="2/4/2026 4:55:56.444797975 PM",
="",20535,,,,,440,="",="2/4/2026 4:55:56.445625355 PM",
="",20539,,,,,117,="",="2/4/2026 4:55:56.461553495 PM",
="",20547,,,,,430,="",="2/4/2026 4:55:56.476873125 PM",
="",20551,,,,,430,="",="2/4/2026 4:55:56.478758985 PM",
="",20552,,,,,437,="",="2/4/2026 4:55:56.479770950 PM",
="",20553,,,,,436,="",="2/4/2026 4:55:56.480047565 PM",
="",20570,,,,,117,="",="2/4/2026 4:55:56.503462955 PM",
="",20571,,,,,440,="",="2/4/2026 4:55:56.506569110 PM",
="",20583,,,,,440,="",="2/4/2026 4:55:56.530751175 PM",
="",20597,,,,,177,="",="2/4/2026 4:55:56.544041175 PM",
="",20602,,,,,177,="",="2/4/2026 4:55:56.545494135 PM",
="",20607,,,,,177,="",="2/4/2026 4:55:56.546919215 PM",
="",20610,,,,,442,="",="2/4/2026 4:55:56.547483780 PM",
="",20611,,,,,177,="",="2/4/2026 4:55:56.548371255 PM",
="",20614,,,,,177,="",="2/4/2026 4:55:56.549767120 PM",
="",20625,,,,,117,="",="2/4/2026 4:55:56.560407030 PM",
="",20641,,,,,229,="",="2/4/2026 4:55:56.582249655 PM",
="",20648,,,,,411,="",="2/4/2026 4:55:56.599824995 PM",
="",20657,,,,,454,="",="2/4/2026 4:55:56.621166255 PM",
="",20658,,,,,442,="",="2/4/2026 4:55:56.621451095 PM",
="",20659,,,,,422,="",="2/4/2026 4:55:56.621727770 PM",
="",20660,,,,,440,="",="2/4/2026 4:55:56.621993090 PM",
="",20692,,,,,117,="",="2/4/2026 4:55:56.647850630 PM",
="",20699,,,,,117,="",="2/4/2026 4:55:56.655766175 PM",
="",20710,,,,,437,="",="2/4/2026 4:55:56.684374655 PM",
="",20719,,,,,440,="",="2/4/2026 4:55:56.702459665 PM",
="",20746,,,,,177,="",="2/4/2026 4:55:56.739307255 PM",
="",20757,,,,,177,="",="2/4/2026 4:55:56.744252950 PM",
="",20788,,,,,436,="",="2/4/2026 4:55:56.804718210 PM",
="",20796,,,,,454,="",="2/4/2026 4:55:56.825967070 PM",
="",20840,,,,,177,="",="2/4/2026 4:55:56.903219370 PM",
="",20847,,,,,411,="",="2/4/2026 4:55:56.907026360 PM",
="",20849,,,,,440,="",="2/4/2026 4:55:56.908001780 PM",
="",20878,,,,,440,="",="2/4/2026 4:55:56.940352690 PM",
="",20886,,,,,229,="",="2/4/2026 4:55:56.944860850 PM",
="",20902,,,,,177,="",="2/4/2026 4:55:56.953624250 PM",
="",20907,,,,,177,="",="2/4/2026 4:55:56.955092530 PM",
="",20908,,,,,103,="",="2/4/2026 4:55:56.955142800 PM",
="",20913,,,,,437,="",="2/4/2026 4:55:56.960401725 PM",
="",20914,,,,,425,="",="2/4/2026 4:55:56.960679150 PM",
="",20915,,,,,411,="",="2/4/2026 4:55:56.960958325 PM",
="",20916,,,,,440,="",="2/4/2026 4:55:56.961201735 PM",
="",20917,,,,,333,="",="2/4/2026 4:55:56.962357060 PM",
="",20921,,,,,437,="",="2/4/2026 4:55:56.991597755 PM",
="",20923,,,,,411,="",="2/4/2026 4:55:56.992146885 PM",
="",20933,,,,,411,="",="2/4/2026 4:55:57.009427085 PM",
="",20936,,,,,440,="",="2/4/2026 4:55:57.010402265 PM",
="",20971,,,,,333,="",="2/4/2026 4:55:57.064584350 PM",
="",20983,,,,,171,="",="2/4/2026 4:55:57.100812200 PM",
="",20992,,,,,171,="",="2/4/2026 4:55:57.108653190 PM",
="",20994,,,,,411,="",="2/4/2026 4:55:57.111827250 PM",
="",21008,,,,,422,="",="2/4/2026 4:55:57.133753665 PM",
="",21019,,,,,440,="",="2/4/2026 4:55:57.145153020 PM",
="",21065,,,,,109,="",="2/4/2026 4:55:57.203903635 PM",
="",21075,,,,,411,="",="2/4/2026 4:55:57.214228240 PM",
="",21087,,,,,115,="",="2/4/2026 4:55:57.237606930 PM",
="",21090,,,,,119,="",="2/4/2026 4:55:57.239482185 PM",
="",21119,,,,,177,="",="2/4/2026 4:55:57.257133465 PM",
="",21142,,,,,454,="",="2/4/2026 4:55:57.310804195 PM",
="",21144,,,,,440,="",="2/4/2026 4:55:57.311631095 PM",
="",21148,,,,,171,="",="2/4/2026 4:55:57.314648745 PM",
="",21151,,,,,411,="",="2/4/2026 4:55:57.316628645 PM",
="",21155,,,,,103,="",="2/4/2026 4:55:57.317950145 PM",
="",21213,,,,,117,="",="2/4/2026 4:55:57.363458635 PM",
="",21214,,,,,117,="",="2/4/2026 4:55:57.363510525 PM",
="",21224,,,,,109,="",="2/4/2026 4:55:57.370059815 PM",
="",21231,,,,,103,="",="2/4/2026 4:55:57.373936530 PM",
="",21245,,,,,117,="",="2/4/2026 4:55:57.388327395 PM",
="",21255,,,,,117,="",="2/4/2026 4:55:57.399163930 PM",
="",21257,,,,,117,="",="2/4/2026 4:55:57.400018010 PM",
="",21290,,,,,117,="",="2/4/2026 4:55:57.421365820 PM",
="",21292,,,,,117,="",="2/4/2026 4:55:57.421818805 PM",
="",21297,,,,,109,="",="2/4/2026 4:55:57.429107945 PM",
="",21306,,,,,109,="",="2/4/2026 4:55:57.434411485 PM",
="",21316,,,,,1623,="",="2/4/2026 4:55:57.439976290 PM",
="",21317,,,,,105,="",="2/4/2026 4:55:57.440344975 PM",
="",21338,,,,,117,="",="2/4/2026 4:55:57.461644785 PM",
="",21345,,,,,177,="",="2/4/2026 4:55:57.465609850 PM",
="",21350,,,,,177,="",="2/4/2026 4:55:57.467067725 PM",
="",21355,,,,,177,="",="2/4/2026 4:55:57.468457710 PM",
="",21358,,,,,442,="",="2/4/2026 4:55:57.469086930 PM",
="",21360,,,,,177,="",="2/4/2026 4:55:57.469888775 PM",
="",21365,,,,,177,="",="2/4/2026 4:55:57.471277760 PM",
="",21384,,,,,117,="",="2/4/2026 4:55:57.503477135 PM",
="",21485,,,,,411,="",="2/4/2026 4:55:57.640256955 PM",
="",21518,,,,,119,="",="2/4/2026 4:55:57.659590270 PM",
="",21542,,,,,105,="",="2/4/2026 4:55:57.713077515 PM",
="",21545,,,,,442,="",="2/4/2026 4:55:57.720714395 PM",
="",21550,,,,,121,="",="2/4/2026 4:55:57.724168130 PM",
="",21553,,,,,436,="",="2/4/2026 4:55:57.725954590 PM",
="",21562,,,,,99,="",="2/4/2026 4:55:57.743287285 PM",
="",21563,,,,,99,="",="2/4/2026 4:55:57.743895180 PM",
="",21579,,,,,117,="",="2/4/2026 4:55:57.758707860 PM",
="",21588,,,,,229,="",="2/4/2026 4:55:57.763912175 PM",
="",21593,,,,,213,="",="2/4/2026 4:55:57.766851515 PM",
="",21597,,,,,177,="",="2/4/2026 4:55:57.768343880 PM",
="",21598,,,,,103,="",="2/4/2026 4:55:57.768396135 PM",
="",21613,,,,,121,="",="2/4/2026 4:55:57.804176155 PM",
="",21617,,,,,440,="",="2/4/2026 4:55:57.811584215 PM",
="",21620,,,,,117,="",="2/4/2026 4:55:57.821448680 PM",
="",21627,,,,,411,="",="2/4/2026 4:55:57.828633615 PM",
="",21634,,,,,436,="",="2/4/2026 4:55:57.844784740 PM",
="",21635,,,,,411,="",="2/4/2026 4:55:57.845057885 PM",
="",21636,,,,,440,="",="2/4/2026 4:55:57.845314375 PM",
="",21686,,,,,121,="",="2/4/2026 4:55:57.903895075 PM",
="",21737,,,,,177,="",="2/4/2026 4:55:57.977644725 PM",
="",21738,,,,,103,="",="2/4/2026 4:55:57.977725275 PM",
="",21742,,,,,177,="",="2/4/2026 4:55:57.979123780 PM",
="",21745,,,,,442,="",="2/4/2026 4:55:57.981088515 PM",
="",21765,,,,,411,="",="2/4/2026 4:55:58.033435425 PM",
="",21798,,,,,422,="",="2/4/2026 4:55:58.083791890 PM",
="",21804,,,,,171,="",="2/4/2026 4:55:58.099295320 PM",
="",21812,,,,,436,="",="2/4/2026 4:55:58.118282335 PM",
="",21858,,,,,448,="",="2/4/2026 4:55:58.175376430 PM",
="",21867,,,,,117,="",="2/4/2026 4:55:58.189337915 PM",
="",21877,,,,,109,="",="2/4/2026 4:55:58.193453915 PM",
="",21889,,,,,442,="",="2/4/2026 4:55:58.224119960 PM",
="",21890,,,,,411,="",="2/4/2026 4:55:58.224388460 PM",
="",21891,,,,,440,="",="2/4/2026 4:55:58.224630560 PM",
="",21935,,,,,425,="",="2/4/2026 4:55:58.272148410 PM",
="",21942,,,,,177,="",="2/4/2026 4:55:58.274096460 PM",
="",21943,,,,,117,="",="2/4/2026 4:55:58.274148775 PM",
="",21958,,,,,442,="",="2/4/2026 4:55:58.288891550 PM",
="",21959,,,,,440,="",="2/4/2026 4:55:58.289433985 PM",
="",21966,,,,,177,="",="2/4/2026 4:55:58.297123460 PM",
="",21982,,,,,171,="",="2/4/2026 4:55:58.321914385 PM",
="",22006,,,,,171,="",="2/4/2026 4:55:58.360523105 PM",
="",22008,,,,,171,="",="2/4/2026 4:55:58.361072945 PM",
="",22011,,,,,454,="",="2/4/2026 4:55:58.361972960 PM",
="",22022,,,,,109,="",="2/4/2026 4:55:58.366231235 PM",
="",22047,,,,,422,="",="2/4/2026 4:55:58.390992215 PM",
="",22056,,,,,117,="",="2/4/2026 4:55:58.404157230 PM",
="",22076,,,,,105,="",="2/4/2026 4:55:58.415360710 PM",
="",22078,,,,,117,="",="2/4/2026 4:55:58.415556570 PM",
="",22081,,,,,117,="",="2/4/2026 4:55:58.416417605 PM",
="",22095,,,,,105,="",="2/4/2026 4:55:58.425530620 PM",
="",22096,,,,,117,="",="2/4/2026 4:55:58.425867035 PM",
="",22154,,,,,117,="",="2/4/2026 4:55:58.503457330 PM",
="",22163,,,,,437,="",="2/4/2026 4:55:58.527582990 PM",
="",22184,,,,,171,="",="2/4/2026 4:55:58.557613330 PM",
="",22187,,,,,117,="",="2/4/2026 4:55:58.559163280 PM",
="",22192,,,,,171,="",="2/4/2026 4:55:58.565391930 PM",
="",22236,,,,,442,="",="2/4/2026 4:55:58.610048630 PM",
="",22237,,,,,422,="",="2/4/2026 4:55:58.610317130 PM",
="",22249,,,,,411,="",="2/4/2026 4:55:58.633999310 PM",
="",22250,,,,,440,="",="2/4/2026 4:55:58.634234390 PM",
="",22258,,,,,117,="",="2/4/2026 4:55:58.648218235 PM",
="",22270,,,,,117,="",="2/4/2026 4:55:58.655923450 PM",
="",22303,,,,,448,="",="2/4/2026 4:55:58.687338410 PM",
="",22305,,,,,411,="",="2/4/2026 4:55:58.687893220 PM",
="",22310,,,,,177,="",="2/4/2026 4:55:58.689900510 PM",
="",22320,,,,,454,="",="2/4/2026 4:55:58.712140905 PM",
="",22321,,,,,422,="",="2/4/2026 4:55:58.712702780 PM",
="",22328,,,,,229,="",="2/4/2026 4:55:58.723182435 PM",
="",22336,,,,,109,="",="2/4/2026 4:55:58.725009740 PM",
="",22340,,,,,117,="",="2/4/2026 4:55:58.725867960 PM",
="",22382,,,,,440,="",="2/4/2026 4:55:58.783559165 PM",
="",22383,,,,,448,="",="2/4/2026 4:55:58.783845875 PM",
="",22385,,,,,411,="",="2/4/2026 4:55:58.784414330 PM",
="",22388,,,,,448,="",="2/4/2026 4:55:58.789738695 PM",
="",22394,,,,,177,="",="2/4/2026 4:55:58.796783495 PM",
="",22399,,,,,177,="",="2/4/2026 4:55:58.798315460 PM",
="",22404,,,,,177,="",="2/4/2026 4:55:58.799743525 PM",
="",22408,,,,,442,="",="2/4/2026 4:55:58.800291370 PM",
="",22410,,,,,177,="",="2/4/2026 4:55:58.801142550 PM",
="",22416,,,,,177,="",="2/4/2026 4:55:58.802785040 PM",
="",22418,,,,,171,="",="2/4/2026 4:55:58.802935065 PM",
="",22421,,,,,177,="",="2/4/2026 4:55:58.804193585 PM",
="",22422,,,,,103,="",="2/4/2026 4:55:58.804245920 PM",
="",22430,,,,,177,="",="2/4/2026 4:55:58.806711995 PM",
="",22435,,,,,177,="",="2/4/2026 4:55:58.808130660 PM",
="",22446,,,,,115,="",="2/4/2026 4:55:58.832231705 PM",
="",22464,,,,,171,="",="2/4/2026 4:55:58.872523005 PM",
="",22477,,,,,411,="",="2/4/2026 4:55:58.886814535 PM",
="",22490,,,,,177,="",="2/4/2026 4:55:58.904353875 PM",
="",22494,,,,,92,="",="2/4/2026 4:55:58.904943800 PM",
="",22499,,,,,411,="",="2/4/2026 4:55:58.906577515 PM",
="",22504,,,,,437,="",="2/4/2026 4:55:58.919948035 PM",
="",22510,,,,,340,="",="2/4/2026 4:55:58.937886100 PM",
="",22526,,,,,436,="",="2/4/2026 4:55:58.954739875 PM",
="",22547,,,,,440,="",="2/4/2026 4:55:58.988359920 PM",
="",22548,,,,,425,="",="2/4/2026 4:55:58.988927745 PM",
="",22650,,,,,115,="",="2/4/2026 4:55:59.110642690 PM",
="",22664,,,,,454,="",="2/4/2026 4:55:59.145417590 PM",
="",22685,,,,,171,="",="2/4/2026 4:55:59.168187275 PM",
="",22692,,,,,171,="",="2/4/2026 4:55:59.179708790 PM",
="",22693,,,,,171,="",="2/4/2026 4:55:59.179774940 PM",
="",22701,,,,,117,="",="2/4/2026 4:55:59.182549215 PM",
="",22720,,,,,115,="",="2/4/2026 4:55:59.208518475 PM",
="",22721,,,,,99,="",="2/4/2026 4:55:59.208738465 PM",
="",22726,,,,,398,="",="2/4/2026 4:55:59.212279250 PM",
="",22733,,,,,171,="",="2/4/2026 4:55:59.225296540 PM",
="",22734,,,,,171,="",="2/4/2026 4:55:59.225364410 PM",
="",22750,,,,,171,="",="2/4/2026 4:55:59.249012665 PM",
="",22804,,,,,177,="",="2/4/2026 4:55:59.308842695 PM",
="",22824,,,,,440,="",="2/4/2026 4:55:59.327369940 PM",
="",22829,,,,,397,="",="2/4/2026 4:55:59.332115660 PM",
="",22860,,,,,171,="",="2/4/2026 4:55:59.384591925 PM",
="",22873,,,,,117,="",="2/4/2026 4:55:59.401560110 PM",
="",22876,,,,,411,="",="2/4/2026 4:55:59.404718770 PM",
="",22877,,,,,440,="",="2/4/2026 4:55:59.404952650 PM",
="",22882,,,,,117,="",="2/4/2026 4:55:59.415046920 PM",
="",22885,,,,,121,="",="2/4/2026 4:55:59.415893560 PM",
="",22895,,,,,411,="",="2/4/2026 4:55:59.418579980 PM",
="",22905,,,,,177,="",="2/4/2026 4:55:59.424348025 PM",
="",22910,,,,,177,="",="2/4/2026 4:55:59.424888050 PM",
="",22913,,,,,442,="",="2/4/2026 4:55:59.429989220 PM",
="",22917,,,,,436,="",="2/4/2026 4:55:59.432246545 PM",
="",22921,,,,,397,="",="2/4/2026 4:55:59.434439755 PM",
="",22924,,,,,411,="",="2/4/2026 4:55:59.445814165 PM",
="",22926,,,,,171,="",="2/4/2026 4:55:59.446365090 PM",
="",22927,,,,,115,="",="2/4/2026 4:55:59.447833935 PM",
="",22932,,,,,117,="",="2/4/2026 4:55:59.452600845 PM",
="",22940,,,,,171,="",="2/4/2026 4:55:59.456286310 PM",
="",22941,,,,,437,="",="2/4/2026 4:55:59.459986890 PM",
="",22942,,,,,411,="",="2/4/2026 4:55:59.460537090 PM",
="",22952,,,,,454,="",="2/4/2026 4:55:59.471145490 PM",
="",22956,,,,,99,="",="2/4/2026 4:55:59.479385550 PM",
="",22961,,,,,171,="",="2/4/2026 4:55:59.486938890 PM",
="",22986,,,,,171,="",="2/4/2026 4:55:59.507699530 PM",
="",22990,,,,,117,="",="2/4/2026 4:55:59.512337610 PM",
="",23009,,,,,117,="",="2/4/2026 4:55:59.523413830 PM",
="",23020,,,,,229,="",="2/4/2026 4:55:59.533749305 PM",
="",23025,,,,,397,="",="2/4/2026 4:55:59.536954580 PM",
="",23032,,,,,171,="",="2/4/2026 4:55:59.548092960 PM",
="",23035,,,,,117,="",="2/4/2026 4:55:59.554030865 PM",
="",23036,,,,,117,="",="2/4/2026 4:55:59.554078450 PM",
="",23061,,,,,171,="",="2/4/2026 4:55:59.589323175 PM",
="",23077,,,,,440,="",="2/4/2026 4:55:59.603941515 PM",
="",23081,,,,,109,="",="2/4/2026 4:55:59.606056385 PM",
="",23082,,,,,117,="",="2/4/2026 4:55:59.606100390 PM",
="",23093,,,,,117,="",="2/4/2026 4:55:59.612240120 PM",
="",23111,,,,,411,="",="2/4/2026 4:55:59.623378740 PM",
="",23121,,,,,411,="",="2/4/2026 4:55:59.637301180 PM",
="",23127,,,,,117,="",="2/4/2026 4:55:59.645626780 PM",
="",23144,,,,,109,="",="2/4/2026 4:55:59.654074555 PM",
="",23171,,,,,171,="",="2/4/2026 4:55:59.691723235 PM",
="",23186,,,,,99,="",="2/4/2026 4:55:59.706425985 PM",
="",23187,,,,,117,="",="2/4/2026 4:55:59.706484990 PM",
="",23219,,,,,117,="",="2/4/2026 4:55:59.727365400 PM",
="",23223,,,,,121,="",="2/4/2026 4:55:59.728329065 PM",
="",23259,,,,,440,="",="2/4/2026 4:55:59.760636155 PM",
="",23275,,,,,440,="",="2/4/2026 4:55:59.793797050 PM",
="",23285,,,,,171,="",="2/4/2026 4:55:59.802563900 PM",
="",23286,,,,,171,="",="2/4/2026 4:55:59.802855100 PM",
="",23310,,,,,454,="",="2/4/2026 4:55:59.838547965 PM",
="",23311,,,,,113,="",="2/4/2026 4:55:59.844066040 PM",
="",23318,,,,,437,="",="2/4/2026 4:55:59.854143870 PM",
="",23352,,,,,117,="",="2/4/2026 4:55:59.903560385 PM",
="",23369,,,,,229,="",="2/4/2026 4:55:59.910266325 PM",
="",23370,,,,,425,="",="2/4/2026 4:55:59.910538825 PM",
="",23380,,,,,177,="",="2/4/2026 4:55:59.918698895 PM",
="",23381,,,,,103,="",="2/4/2026 4:55:59.918751510 PM",
="",23386,,,,,177,="",="2/4/2026 4:55:59.920155975 PM",
="",23391,,,,,177,="",="2/4/2026 4:55:59.921593935 PM",
="",23396,,,,,177,="",="2/4/2026 4:55:59.923025015 PM",
="",23400,,,,,177,="",="2/4/2026 4:55:59.924431840 PM",
="",23405,,,,,177,="",="2/4/2026 4:55:59.925921975 PM",
="",23408,,,,,454,="",="2/4/2026 4:55:59.926409990 PM",
="",23410,,,,,440,="",="2/4/2026 4:55:59.927239465 PM",
="",23414,,,,,177,="",="2/4/2026 4:55:59.928712905 PM",
="",23424,,,,,437,="",="2/4/2026 4:55:59.956544575 PM",
="",23425,,,,,411,="",="2/4/2026 4:55:59.957094455 PM",
="",23426,,,,,440,="",="2/4/2026 4:55:59.957353465 PM",
="",23441,,,,,448,="",="2/4/2026 4:55:59.989833385 PM",
="",23442,,,,,411,="",="2/4/2026 4:55:59.990388115 PM",
="",23452,,,,,117,="",="2/4/2026 4:56:00.003479270 PM",
="",23458,,,,,411,="",="2/4/2026 4:56:00.010695015 PM",
="",23459,,,,,440,="",="2/4/2026 4:56:00.010955520 PM",
="",23479,,,,,411,="",="2/4/2026 4:56:00.032981585 PM",
="",23485,,,,,440,="",="2/4/2026 4:56:00.047159195 PM",
="",23487,,,,,436,="",="2/4/2026 4:56:00.059241695 PM",
="",23506,,,,,115,="",="2/4/2026 4:56:00.108451080 PM",
="",23509,,,,,115,="",="2/4/2026 4:56:00.109509035 PM",
="",23536,,,,,440,="",="2/4/2026 4:56:00.146573010 PM",
="",23570,,,,,115,="",="2/4/2026 4:56:00.208679625 PM",
="",23571,,,,,99,="",="2/4/2026 4:56:00.208900150 PM",
="",23572,,,,,437,="",="2/4/2026 4:56:00.214123015 PM",
="",23573,,,,,436,="",="2/4/2026 4:56:00.214401845 PM",
="",23574,,,,,411,="",="2/4/2026 4:56:00.214672295 PM",
="",23578,,,,,99,="",="2/4/2026 4:56:00.217899180 PM",
="",23611,,,,,177,="",="2/4/2026 4:56:00.250441855 PM",
="",23616,,,,,103,="",="2/4/2026 4:56:00.251747170 PM",
="",23625,,,,,123,="",="2/4/2026 4:56:00.271376520 PM",
="",23655,,,,,440,="",="2/4/2026 4:56:00.317329525 PM",
="",23656,,,,,436,="",="2/4/2026 4:56:00.317621075 PM",
="",23663,,,,,422,="",="2/4/2026 4:56:00.320382865 PM",
="",23670,,,,,117,="",="2/4/2026 4:56:00.323166585 PM",
="",23684,,,,,440,="",="2/4/2026 4:56:00.340421340 PM",
="",23687,,,,,177,="",="2/4/2026 4:56:00.347921885 PM",
="",23688,,,,,117,="",="2/4/2026 4:56:00.347974000 PM",
="",23690,,,,,434,="",="2/4/2026 4:56:00.358520850 PM",
="",23695,,,,,115,="",="2/4/2026 4:56:00.367466760 PM",
="",23696,,,,,99,="",="2/4/2026 4:56:00.367689270 PM",
="",23717,,,,,171,="",="2/4/2026 4:56:00.397146955 PM",
="",23737,,,,,117,="",="2/4/2026 4:56:00.416008360 PM",
="",23745,,,,,436,="",="2/4/2026 4:56:00.419200415 PM",
="",23746,,,,,411,="",="2/4/2026 4:56:00.419473705 PM",
="",23747,,,,,229,="",="2/4/2026 4:56:00.420552435 PM",
="",23751,,,,,440,="",="2/4/2026 4:56:00.421965460 PM",
="",23765,,,,,437,="",="2/4/2026 4:56:00.442019695 PM",
="",23766,,,,,425,="",="2/4/2026 4:56:00.442296520 PM",
="",23767,,,,,411,="",="2/4/2026 4:56:00.442566815 PM",
="",23768,,,,,440,="",="2/4/2026 4:56:00.442821785 PM",
="",23810,,,,,99,="",="2/4/2026 4:56:00.496660295 PM",
="",23813,,,,,117,="",="2/4/2026 4:56:00.498141295 PM",
="",23821,,,,,117,="",="2/4/2026 4:56:00.499607105 PM",
="",23822,,,,,458,="",="2/4/2026 4:56:00.499883840 PM",
="",23826,,,,,99,="",="2/4/2026 4:56:00.502051400 PM",
="",23836,,,,,99,="",="2/4/2026 4:56:00.511427510 PM",
="",23843,,,,,117,="",="2/4/2026 4:56:00.515104655 PM",
="",23847,,,,,117,="",="2/4/2026 4:56:00.517881085 PM",
="",23850,,,,,109,="",="2/4/2026 4:56:00.518831600 PM",
="",23851,,,,,117,="",="2/4/2026 4:56:00.518885630 PM",
="",23854,,,,,437,="",="2/4/2026 4:56:00.521324980 PM",
="",23861,,,,,440,="",="2/4/2026 4:56:00.524366360 PM",
="",23862,,,,,171,="",="2/4/2026 4:56:00.528988325 PM",
="",23875,,,,,177,="",="2/4/2026 4:56:00.533115310 PM",
="",23876,,,,,103,="",="2/4/2026 4:56:00.533167805 PM",
="",23881,,,,,411,="",="2/4/2026 4:56:00.544983355 PM",
="",23882,,,,,440,="",="2/4/2026 4:56:00.545222565 PM",
="",23916,,,,,117,="",="2/4/2026 4:56:00.598998390 PM",
="",23922,,,,,171,="",="2/4/2026 4:56:00.604915665 PM",
="",23942,,,,,440,="",="2/4/2026 4:56:00.626783820 PM",
="",23943,,,,,442,="",="2/4/2026 4:56:00.627299420 PM",
="",23966,,,,,425,="",="2/4/2026 4:56:00.647894370 PM",
="",23967,,,,,411,="",="2/4/2026 4:56:00.648162650 PM",
="",23970,,,,,117,="",="2/4/2026 4:56:00.649568970 PM",
="",24000,,,,,117,="",="2/4/2026 4:56:00.704839995 PM",
="",24006,,,,,177,="",="2/4/2026 4:56:00.706602085 PM",
="",24007,,,,,117,="",="2/4/2026 4:56:00.706653995 PM",
="",24025,,,,,440,="",="2/4/2026 4:56:00.730284070 PM",
="",24054,,,,,425,="",="2/4/2026 4:56:00.749548895 PM",
="",24067,,,,,442,="",="2/4/2026 4:56:00.784106145 PM",
="",24078,,,,,171,="",="2/4/2026 4:56:00.801649570 PM",
="",24080,,,,,171,="",="2/4/2026 4:56:00.801987585 PM",
="",24093,,,,,411,="",="2/4/2026 4:56:00.817563500 PM",
="",24107,,,,,422,="",="2/4/2026 4:56:00.832426310 PM",
="",24108,,,,,440,="",="2/4/2026 4:56:00.832691495 PM",
="",24115,,,,,171,="",="2/4/2026 4:56:00.838885080 PM",
="",24172,,,,,436,="",="2/4/2026 4:56:00.931203990 PM",
="",24173,,,,,411,="",="2/4/2026 4:56:00.931477200 PM",
="",24178,,,,,440,="",="2/4/2026 4:56:00.933967315 PM",
="",24179,,,,,442,="",="2/4/2026 4:56:00.934504930 PM",
="",24188,,,,,177,="",="2/4/2026 4:56:00.947149750 PM",
="",24192,,,,,177,="",="2/4/2026 4:56:00.948621325 PM",
="",24196,,,,,177,="",="2/4/2026 4:56:00.950035310 PM",
="",24205,,,,,177,="",="2/4/2026 4:56:00.952857280 PM",
="",24209,,,,,177,="",="2/4/2026 4:56:00.954254305 PM",
="",24213,,,,,177,="",="2/4/2026 4:56:00.957653370 PM",
="",24217,,,,,177,="",="2/4/2026 4:56:00.959081315 PM",
="",24256,,,,,440,="",="2/4/2026 4:56:01.034134910 PM",
="",24260,,,,,411,="",="2/4/2026 4:56:01.036137360 PM",
="",24262,,,,,442,="",="2/4/2026 4:56:01.036927450 PM",
="",24275,,,,,437,="",="2/4/2026 4:56:01.056423100 PM",
="",24276,,,,,425,="",="2/4/2026 4:56:01.056700900 PM",
="",24315,,,,,99,="",="2/4/2026 4:56:01.118739505 PM",
="",24321,,,,,411,="",="2/4/2026 4:56:01.136281810 PM",
="",24322,,,,,440,="",="2/4/2026 4:56:01.136535380 PM",
="",24365,,,,,448,="",="2/4/2026 4:56:01.208012810 PM",
="",24366,,,,,436,="",="2/4/2026 4:56:01.208293970 PM",
="",24373,,,,,440,="",="2/4/2026 4:56:01.212779680 PM",
="",24374,,,,,171,="",="2/4/2026 4:56:01.213098365 PM",
="",24385,,,,,437,="",="2/4/2026 4:56:01.237871680 PM",
="",24386,,,,,440,="",="2/4/2026 4:56:01.238935770 PM",
="",24389,,,,,411,="",="2/4/2026 4:56:01.240937020 PM",
="",24441,,,,,442,="",="2/4/2026 4:56:01.314661630 PM",
="",24448,,,,,448,="",="2/4/2026 4:56:01.321046065 PM",
="",24452,,,,,115,="",="2/4/2026 4:56:01.330800160 PM",
="",24453,,,,,99,="",="2/4/2026 4:56:01.331022605 PM",
="",24465,,,,,425,="",="2/4/2026 4:56:01.340570770 PM",
="",24466,,,,,411,="",="2/4/2026 4:56:01.340827935 PM",
="",24467,,,,,440,="",="2/4/2026 4:56:01.341073920 PM",
="",24468,,,,,105,="",="2/4/2026 4:56:01.342505500 PM",
="",24470,,,,,411,="",="2/4/2026 4:56:01.343337730 PM",
="",24479,,,,,117,="",="2/4/2026 4:56:01.346852470 PM",
="",24501,,,,,117,="",="2/4/2026 4:56:01.371132465 PM",
="",24502,,,,,117,="",="2/4/2026 4:56:01.371183370 PM",
="",24532,,,,,448,="",="2/4/2026 4:56:01.412814030 PM",
="",24534,,,,,411,="",="2/4/2026 4:56:01.413391370 PM",
="",24541,,,,,422,="",="2/4/2026 4:56:01.417342100 PM",
="",24562,,,,,440,="",="2/4/2026 4:56:01.443473950 PM",
="",24565,,,,,411,="",="2/4/2026 4:56:01.445735880 PM",
="",24568,,,,,448,="",="2/4/2026 4:56:01.452155475 PM",
="",24569,,,,,436,="",="2/4/2026 4:56:01.452431275 PM",
="",24574,,,,,437,="",="2/4/2026 4:56:01.466028780 PM",
="",24575,,,,,425,="",="2/4/2026 4:56:01.466303260 PM",
="",24587,,,,,117,="",="2/4/2026 4:56:01.491350710 PM",
="",24591,,,,,109,="",="2/4/2026 4:56:01.491602255 PM",
="",24621,,,,,117,="",="2/4/2026 4:56:01.499874295 PM",
="",24623,,,,,103,="",="2/4/2026 4:56:01.500014550 PM",
="",24643,,,,,117,="",="2/4/2026 4:56:01.514632405 PM",
="",24644,,,,,117,="",="2/4/2026 4:56:01.514676300 PM",
="",24645,,,,,436,="",="2/4/2026 4:56:01.515496085 PM",
="",24646,,,,,411,="",="2/4/2026 4:56:01.515768895 PM",
="",24653,,,,,171,="",="2/4/2026 4:56:01.528931880 PM",
="",24663,,,,,411,="",="2/4/2026 4:56:01.544551530 PM",
="",24667,,,,,440,="",="2/4/2026 4:56:01.545874260 PM",
="",24671,,,,,411,="",="2/4/2026 4:56:01.548136295 PM",
="",24672,,,,,454,="",="2/4/2026 4:56:01.548413995 PM",
="",24673,,,,,442,="",="2/4/2026 4:56:01.548698660 PM",
="",24677,,,,,436,="",="2/4/2026 4:56:01.554855700 PM",
="",24680,,,,,171,="",="2/4/2026 4:56:01.555756880 PM",
="",24687,,,,,411,="",="2/4/2026 4:56:01.568993815 PM",
="",24695,,,,,121,="",="2/4/2026 4:56:01.593859375 PM",
="",24698,,,,,123,="",="2/4/2026 4:56:01.596496770 PM",
="",24714,,,,,171,="",="2/4/2026 4:56:01.604903420 PM",
="",24733,,,,,117,="",="2/4/2026 4:56:01.616829815 PM",
="",24742,,,,,171,="",="2/4/2026 4:56:01.622776700 PM",
="",24749,,,,,117,="",="2/4/2026 4:56:01.635549805 PM",
="",24751,,,,,117,="",="2/4/2026 4:56:01.635829730 PM",
="",24754,,,,,117,="",="2/4/2026 4:56:01.637142190 PM",
="",24770,,,,,442,="",="2/4/2026 4:56:01.651356815 PM",
="",24782,,,,,440,="",="2/4/2026 4:56:01.682578490 PM",
="",24793,,,,,99,="",="2/4/2026 4:56:01.706726705 PM",
="",24809,,,,,121,="",="2/4/2026 4:56:01.715994160 PM",
="",24811,,,,,411,="",="2/4/2026 4:56:01.720570770 PM",
="",24812,,,,,440,="",="2/4/2026 4:56:01.720826700 PM",
="",24825,,,,,117,="",="2/4/2026 4:56:01.729938740 PM",
="",24831,,,,,411,="",="2/4/2026 4:56:01.732373700 PM",
="",24843,,,,,171,="",="2/4/2026 4:56:01.746953580 PM",
="",24846,,,,,121,="",="2/4/2026 4:56:01.747959600 PM",
="",24847,,,,,448,="",="2/4/2026 4:56:01.748777065 PM",
="",24848,,,,,436,="",="2/4/2026 4:56:01.749055250 PM",
="",24855,,,,,411,="",="2/4/2026 4:56:01.752937025 PM",
="",24866,,,,,425,="",="2/4/2026 4:56:01.773505165 PM",
="",24868,,,,,440,="",="2/4/2026 4:56:01.774029750 PM",
="",24895,,,,,117,="",="2/4/2026 4:56:01.805306685 PM",
="",24899,,,,,117,="",="2/4/2026 4:56:01.806644720 PM",
="",24912,,,,,436,="",="2/4/2026 4:56:01.822697645 PM",
="",24915,,,,,442,="",="2/4/2026 4:56:01.826664290 PM",
="",24917,,,,,440,="",="2/4/2026 4:56:01.827182715 PM",
="",24920,,,,,117,="",="2/4/2026 4:56:01.831910275 PM",
="",24937,,,,,411,="",="2/4/2026 4:56:01.855339670 PM",
="",24976,,,,,117,="",="2/4/2026 4:56:01.896848960 PM",
="",24982,,,,,117,="",="2/4/2026 4:56:01.899242235 PM",
="",24983,,,,,117,="",="2/4/2026 4:56:01.899289855 PM",
="",24999,,,,,113,="",="2/4/2026 4:56:01.914548435 PM",
="",25012,,,,,171,="",="2/4/2026 4:56:01.929892285 PM",
="",25025,,,,,440,="",="2/4/2026 4:56:01.954385830 PM",
="",25027,,,,,425,="",="2/4/2026 4:56:01.954969395 PM",
="",25029,,,,,440,="",="2/4/2026 4:56:01.955475280 PM",
="",25042,,,,,171,="",="2/4/2026 4:56:01.965290525 PM",
="",25050,,,,,437,="",="2/4/2026 4:56:01.978029190 PM",
="",25051,,,,,425,="",="2/4/2026 4:56:01.978308470 PM",
="",25062,,,,,117,="",="2/4/2026 4:56:01.994803610 PM",
="",25065,,,,,117,="",="2/4/2026 4:56:01.998933045 PM",
="",25077,,,,,177,="",="2/4/2026 4:56:02.004389595 PM",
="",25078,,,,,117,="",="2/4/2026 4:56:02.004441615 PM",
="",25082,,,,,117,="",="2/4/2026 4:56:02.005197890 PM",
="",25091,,,,,117,="",="2/4/2026 4:56:02.008115945 PM",
="",25099,,,,,436,="",="2/4/2026 4:56:02.017826945 PM",
="",25109,,,,,411,="",="2/4/2026 4:56:02.027799265 PM",
="",25131,,,,,121,="",="2/4/2026 4:56:02.054974140 PM",
="",25134,,,,,411,="",="2/4/2026 4:56:02.056555835 PM",
="",25143,,,,,411,="",="2/4/2026 4:56:02.060137935 PM",
="",25144,,,,,454,="",="2/4/2026 4:56:02.060630830 PM",
="",25145,,,,,442,="",="2/4/2026 4:56:02.060916270 PM",
="",25151,,,,,448,="",="2/4/2026 4:56:02.066552930 PM",
="",25153,,,,,440,="",="2/4/2026 4:56:02.067363885 PM",
="",25159,,,,,177,="",="2/4/2026 4:56:02.075055185 PM",
="",25167,,,,,177,="",="2/4/2026 4:56:02.078703820 PM",
="",25171,,,,,177,="",="2/4/2026 4:56:02.082315775 PM",
="",25175,,,,,177,="",="2/4/2026 4:56:02.083734760 PM",
="",25180,,,,,442,="",="2/4/2026 4:56:02.091664620 PM",
="",25183,,,,,99,="",="2/4/2026 4:56:02.093443800 PM",
="",25188,,,,,117,="",="2/4/2026 4:56:02.103329730 PM",
="",25193,,,,,117,="",="2/4/2026 4:56:02.105581670 PM",
="",25211,,,,,411,="",="2/4/2026 4:56:02.116335685 PM",
="",25241,,,,,425,="",="2/4/2026 4:56:02.159769700 PM",
="",25246,,,,,411,="",="2/4/2026 4:56:02.162538460 PM",
="",25255,,,,,171,="",="2/4/2026 4:56:02.169223255 PM",
="",25275,,,,,436,="",="2/4/2026 4:56:02.209652435 PM",
="",25308,,,,,442,="",="2/4/2026 4:56:02.253473980 PM",
="",25316,,,,,411,="",="2/4/2026 4:56:02.264939105 PM",
="",25327,,,,,105,="",="2/4/2026 4:56:02.279438540 PM",
="",25336,,,,,109,="",="2/4/2026 4:56:02.292753740 PM",
="",25377,,,,,436,="",="2/4/2026 4:56:02.345355400 PM",
="",25384,,,,,171,="",="2/4/2026 4:56:02.356743105 PM",
="",25395,,,,,436,="",="2/4/2026 4:56:02.367043315 PM",
="",25396,,,,,411,="",="2/4/2026 4:56:02.367316525 PM",
="",25413,,,,,117,="",="2/4/2026 4:56:02.372326150 PM",
="",25422,,,,,171,="",="2/4/2026 4:56:02.374883665 PM",
="",25431,,,,,171,="",="2/4/2026 4:56:02.388711385 PM",
="",25478,,,,,171,="",="2/4/2026 4:56:02.463753750 PM",
="",25480,,,,,171,="",="2/4/2026 4:56:02.463823540 PM",
="",25487,,,,,437,="",="2/4/2026 4:56:02.466677975 PM",
="",25490,,,,,440,="",="2/4/2026 4:56:02.467477640 PM",
="",25493,,,,,411,="",="2/4/2026 4:56:02.469739875 PM",
="",25502,,,,,171,="",="2/4/2026 4:56:02.477374275 PM",
="",25511,,,,,109,="",="2/4/2026 4:56:02.489819140 PM",
="",25515,,,,,117,="",="2/4/2026 4:56:02.491139085 PM",
="",25540,,,,,121,="",="2/4/2026 4:56:02.500193370 PM",
="",25564,,,,,117,="",="2/4/2026 4:56:02.514996935 PM",
="",25576,,,,,411,="",="2/4/2026 4:56:02.525955480 PM",
="",25589,,,,,117,="",="2/4/2026 4:56:02.546903630 PM",
="",25590,,,,,117,="",="2/4/2026 4:56:02.546952600 PM",
="",25595,,,,,422,="",="2/4/2026 4:56:02.560975205 PM",
="",25602,,,,,411,="",="2/4/2026 4:56:02.569639480 PM",
="",25607,,,,,411,="",="2/4/2026 4:56:02.572139975 PM",
="",25627,,,,,117,="",="2/4/2026 4:56:02.601586515 PM",
="",25633,,,,,171,="",="2/4/2026 4:56:02.603747190 PM",
="",25647,,,,,105,="",="2/4/2026 4:56:02.613935515 PM",
="",25650,,,,,117,="",="2/4/2026 4:56:02.614880890 PM",
="",25657,,,,,117,="",="2/4/2026 4:56:02.618158855 PM",
="",25669,,,,,117,="",="2/4/2026 4:56:02.625574870 PM",
="",25675,,,,,411,="",="2/4/2026 4:56:02.628339965 PM",
="",25680,,,,,437,="",="2/4/2026 4:56:02.631793270 PM",
="",25681,,,,,117,="",="2/4/2026 4:56:02.632720245 PM",
="",25727,,,,,177,="",="2/4/2026 4:56:02.704688535 PM",
="",25743,,,,,117,="",="2/4/2026 4:56:02.715501120 PM",
="",25764,,,,,117,="",="2/4/2026 4:56:02.732677235 PM",
="",25767,,,,,103,="",="2/4/2026 4:56:02.733645275 PM",
="",25770,,,,,437,="",="2/4/2026 4:56:02.734548585 PM",
="",25774,,,,,117,="",="2/4/2026 4:56:02.736558575 PM",
="",25776,,,,,442,="",="2/4/2026 4:56:02.738340705 PM",
="",25777,,,,,422,="",="2/4/2026 4:56:02.738609205 PM",
="",25793,,,,,171,="",="2/4/2026 4:56:02.770954235 PM",
="",25805,,,,,411,="",="2/4/2026 4:56:02.776971195 PM",
="",25810,,,,,440,="",="2/4/2026 4:56:02.777994170 PM",
="",25822,,,,,117,="",="2/4/2026 4:56:02.797734665 PM",
="",25826,,,,,550,="",="2/4/2026 4:56:02.800832145 PM",
="",25828,,,,,117,="",="2/4/2026 4:56:02.805900390 PM",
="",25831,,,,,117,="",="2/4/2026 4:56:02.806800840 PM",
="",25836,,,,,550,="",="2/4/2026 4:56:02.818114720 PM",
="",25842,,,,,117,="",="2/4/2026 4:56:02.830027240 PM",
="",25849,,,,,99,="",="2/4/2026 4:56:02.836633140 PM",
="",25854,,,,,454,="",="2/4/2026 4:56:02.840432370 PM",
="",25856,,,,,422,="",="2/4/2026 4:56:02.841018045 PM",
="",25881,,,,,411,="",="2/4/2026 4:56:02.879341485 PM",
="",25914,,,,,117,="",="2/4/2026 4:56:02.900595235 PM",
="",25916,,,,,171,="",="2/4/2026 4:56:02.901718795 PM",
="",25920,,,,,99,="",="2/4/2026 4:56:02.904987905 PM",
="",25946,,,,,177,="",="2/4/2026 4:56:02.937987200 PM",
="",25955,,,,,454,="",="2/4/2026 4:56:02.969991660 PM",
="",25956,,,,,440,="",="2/4/2026 4:56:02.971031265 PM",
="",25961,,,,,437,="",="2/4/2026 4:56:02.978687825 PM",
="",25968,,,,,436,="",="2/4/2026 4:56:02.981471865 PM",
="",25979,,,,,121,="",="2/4/2026 4:56:02.996539355 PM",
="",25981,,,,,109,="",="2/4/2026 4:56:02.997463540 PM",
="",25993,,,,,117,="",="2/4/2026 4:56:03.004186455 PM",
="",26029,,,,,454,="",="2/4/2026 4:56:03.072394545 PM",
="",26035,,,,,229,="",="2/4/2026 4:56:03.079685860 PM",
="",26043,,,,,411,="",="2/4/2026 4:56:03.084144415 PM",
="",26050,,,,,229,="",="2/4/2026 4:56:03.085932030 PM",
="",26054,,,,,229,="",="2/4/2026 4:56:03.086701385 PM",
="",26058,,,,,117,="",="2/4/2026 4:56:03.091577685 PM",
="",26070,,,,,177,="",="2/4/2026 4:56:03.103303235 PM",
="",26082,,,,,103,="",="2/4/2026 4:56:03.108220730 PM",
="",26086,,,,,411,="",="2/4/2026 4:56:03.111921020 PM",
="",26100,,,,,411,="",="2/4/2026 4:56:03.140344365 PM",
="",26114,,,,,450,="",="2/4/2026 4:56:03.174889325 PM",
="",26115,,,,,436,="",="2/4/2026 4:56:03.175305640 PM",
="",26127,,,,,411,="",="2/4/2026 4:56:03.186542380 PM",
="",26147,,,,,436,="",="2/4/2026 4:56:03.214051560 PM",
="",26160,,,,,411,="",="2/4/2026 4:56:03.242745425 PM",
="",26161,,,,,171,="",="2/4/2026 4:56:03.244993185 PM",
="",26183,,,,,411,="",="2/4/2026 4:56:03.288942840 PM",
="",26185,,,,,442,="",="2/4/2026 4:56:03.289770145 PM",
="",26197,,,,,115,="",="2/4/2026 4:56:03.314200485 PM",
="",26199,,,,,448,="",="2/4/2026 4:56:03.316334180 PM",
="",26220,,,,,440,="",="2/4/2026 4:56:03.345402615 PM",
="",26249,,,,,411,="",="2/4/2026 4:56:03.391343390 PM",
="",26250,,,,,454,="",="2/4/2026 4:56:03.391570100 PM",
="",26252,,,,,422,="",="2/4/2026 4:56:03.392156495 PM",
="",26254,,,,,171,="",="2/4/2026 4:56:03.392884455 PM",
="",26260,,,,,117,="",="2/4/2026 4:56:03.394845305 PM",
="",26265,,,,,171,="",="2/4/2026 4:56:03.396747220 PM",
="",26280,,,,,436,="",="2/4/2026 4:56:03.418853530 PM",
="",26298,,,,,314,="",="2/4/2026 4:56:03.447636575 PM",
="",26306,,,,,177,="",="2/4/2026 4:56:03.453532775 PM",
="",26321,,,,,117,="",="2/4/2026 4:56:03.475483840 PM",
="",26339,,,,,229,="",="2/4/2026 4:56:03.492484705 PM",
="",26342,,,,,411,="",="2/4/2026 4:56:03.493743595 PM",
="",26350,,,,,113,="",="2/4/2026 4:56:03.498252310 PM",
="",26363,,,,,117,="",="2/4/2026 4:56:03.500640880 PM",
="",26371,,,,,121,="",="2/4/2026 4:56:03.504464150 PM",
="",26383,,,,,103,="",="2/4/2026 4:56:03.514633510 PM",
="",26384,,,,,117,="",="2/4/2026 4:56:03.514681075 PM",
="",26388,,,,,177,="",="2/4/2026 4:56:03.516904360 PM",
="",26403,,,,,436,="",="2/4/2026 4:56:03.521251295 PM",
="",26429,,,,,411,="",="2/4/2026 4:56:03.549950760 PM",
="",26435,,,,,430,="",="2/4/2026 4:56:03.576431360 PM",
="",26436,,,,,430,="",="2/4/2026 4:56:03.576992320 PM",
="",26437,,,,,430,="",="2/4/2026 4:56:03.577510410 PM",
="",26446,,,,,442,="",="2/4/2026 4:56:03.584705565 PM",
="",26459,,,,,436,="",="2/4/2026 4:56:03.595873335 PM",
="",26478,,,,,171,="",="2/4/2026 4:56:03.604024705 PM",
="",26481,,,,,177,="",="2/4/2026 4:56:03.605258970 PM",
="",26490,,,,,99,="",="2/4/2026 4:56:03.607973755 PM",
="",26497,,,,,103,="",="2/4/2026 4:56:03.611300155 PM",
="",26498,,,,,109,="",="2/4/2026 4:56:03.611412255 PM",
="",26502,,,,,117,="",="2/4/2026 4:56:03.612145880 PM",
="",26504,,,,,442,="",="2/4/2026 4:56:03.613110565 PM",
="",26519,,,,,117,="",="2/4/2026 4:56:03.616798050 PM",
="",26525,,,,,103,="",="2/4/2026 4:56:03.618983990 PM",
="",26534,,,,,436,="",="2/4/2026 4:56:03.623652060 PM",
="",26555,,,,,454,="",="2/4/2026 4:56:03.686794775 PM",
="",26563,,,,,171,="",="2/4/2026 4:56:03.692582710 PM",
="",26578,,,,,171,="",="2/4/2026 4:56:03.697681105 PM",
="",26579,,,,,113,="",="2/4/2026 4:56:03.697492850 PM",
="",26583,,,,,440,="",="2/4/2026 4:56:03.698778085 PM",
="",26592,,,,,109,="",="2/4/2026 4:56:03.704769125 PM",
="",26596,,,,,117,="",="2/4/2026 4:56:03.706180005 PM",
="",26598,,,,,117,="",="2/4/2026 4:56:03.706505785 PM",
="",26621,,,,,436,="",="2/4/2026 4:56:03.726052505 PM",
="",26652,,,,,411,="",="2/4/2026 4:56:03.754752370 PM",
="",26653,,,,,440,="",="2/4/2026 4:56:03.755005275 PM",
="",26654,,,,,171,="",="2/4/2026 4:56:03.755331920 PM",
="",26657,,,,,177,="",="2/4/2026 4:56:03.757056860 PM",
="",26672,,,,,117,="",="2/4/2026 4:56:03.793956485 PM",
="",26677,,,,,411,="",="2/4/2026 4:56:03.797358140 PM",
="",26697,,,,,117,="",="2/4/2026 4:56:03.807615300 PM",
="",26704,,,,,117,="",="2/4/2026 4:56:03.810457370 PM",
="",26707,,,,,177,="",="2/4/2026 4:56:03.812776495 PM",
="",26726,,,,,117,="",="2/4/2026 4:56:03.831666285 PM",
="",26729,,,,,117,="",="2/4/2026 4:56:03.832575695 PM",
="",26752,,,,,177,="",="2/4/2026 4:56:03.859577500 PM",
="",26761,,,,,448,="",="2/4/2026 4:56:03.891823320 PM",
="",26801,,,,,464,="",="2/4/2026 4:56:03.917471185 PM",
="",26802,,,,,464,="",="2/4/2026 4:56:03.917960020 PM",
="",26803,,,,,450,="",="2/4/2026 4:56:03.922417015 PM",
="",26807,,,,,450,="",="2/4/2026 4:56:03.927487330 PM",
="",26809,,,,,450,="",="2/4/2026 4:56:03.927907495 PM",
="",26813,,,,,436,="",="2/4/2026 4:56:03.930853800 PM",
="",26815,,,,,436,="",="2/4/2026 4:56:03.934643510 PM",
="",26816,,,,,440,="",="2/4/2026 4:56:03.935126120 PM",
="",26821,,,,,440,="",="2/4/2026 4:56:03.946140910 PM",
="",26837,,,,,171,="",="2/4/2026 4:56:03.960125455 PM",
="",26838,,,,,105,="",="2/4/2026 4:56:03.960422160 PM",
="",26841,,,,,177,="",="2/4/2026 4:56:03.961840355 PM",
="",26857,,,,,177,="",="2/4/2026 4:56:03.997201845 PM",
="",26861,,,,,177,="",="2/4/2026 4:56:03.998164330 PM",
="",26872,,,,,411,="",="2/4/2026 4:56:04.005722895 PM",
="",26881,,,,,117,="",="2/4/2026 4:56:04.009811820 PM",
="",26895,,,,,436,="",="2/4/2026 4:56:04.033254380 PM",
="",26913,,,,,177,="",="2/4/2026 4:56:04.065157215 PM",
="",26932,,,,,109,="",="2/4/2026 4:56:04.103250700 PM",
="",26938,,,,,177,="",="2/4/2026 4:56:04.104568320 PM",
="",26942,,,,,411,="",="2/4/2026 4:56:04.105570035 PM",
="",26944,,,,,177,="",="2/4/2026 4:56:04.106815705 PM",
="",26946,,,,,411,="",="2/4/2026 4:56:04.108137740 PM",
="",26947,,,,,440,="",="2/4/2026 4:56:04.108379590 PM",
="",26950,,,,,117,="",="2/4/2026 4:56:04.110085105 PM",
="",26963,,,,,436,="",="2/4/2026 4:56:04.135655370 PM",
="",26982,,,,,440,="",="2/4/2026 4:56:04.165008065 PM",
="",26986,,,,,177,="",="2/4/2026 4:56:04.166778985 PM",
="",27012,,,,,448,="",="2/4/2026 4:56:04.209968790 PM",
="",27015,,,,,115,="",="2/4/2026 4:56:04.211180955 PM",
="",27056,,,,,171,="",="2/4/2026 4:56:04.266571705 PM",
="",27063,,,,,177,="",="2/4/2026 4:56:04.268845810 PM",
="",27069,,,,,440,="",="2/4/2026 4:56:04.284794385 PM",
="",27075,,,,,437,="",="2/4/2026 4:56:04.299601750 PM",
="",27076,,,,,411,="",="2/4/2026 4:56:04.300153590 PM",
="",27096,,,,,171,="",="2/4/2026 4:56:04.314628850 PM",
="",27111,,,,,448,="",="2/4/2026 4:56:04.343930420 PM",
="",27114,,,,,117,="",="2/4/2026 4:56:04.346544495 PM",
="",27115,,,,,117,="",="2/4/2026 4:56:04.346599890 PM",
="",27133,,,,,440,="",="2/4/2026 4:56:04.368653135 PM",
="",27134,,,,,411,="",="2/4/2026 4:56:04.369156305 PM",
="",27148,,,,,437,="",="2/4/2026 4:56:04.378574380 PM",
="",27149,,,,,440,="",="2/4/2026 4:56:04.379377950 PM",
="",27156,,,,,117,="",="2/4/2026 4:56:04.400245355 PM",
="",27169,,,,,115,="",="2/4/2026 4:56:04.413393600 PM",
="",27174,,,,,436,="",="2/4/2026 4:56:04.415074240 PM",
="",27175,,,,,411,="",="2/4/2026 4:56:04.415338740 PM",
="",27181,,,,,171,="",="2/4/2026 4:56:04.417137435 PM",
="",27198,,,,,436,="",="2/4/2026 4:56:04.442857660 PM",
="",27205,,,,,440,="",="2/4/2026 4:56:04.447127900 PM",
="",27215,,,,,177,="",="2/4/2026 4:56:04.450271990 PM",
="",27242,,,,,314,="",="2/4/2026 4:56:04.471636345 PM",
="",27245,,,,,177,="",="2/4/2026 4:56:04.474671640 PM",
="",27249,,,,,422,="",="2/4/2026 4:56:04.479429005 PM",
="",27253,,,,,411,="",="2/4/2026 4:56:04.481554200 PM",
="",27264,,,,,117,="",="2/4/2026 4:56:04.497994555 PM",
="",27265,,,,,117,="",="2/4/2026 4:56:04.498062820 PM",
="",27267,,,,,177,="",="2/4/2026 4:56:04.499336460 PM",
="",27268,,,,,117,="",="2/4/2026 4:56:04.499388095 PM",
="",27274,,,,,117,="",="2/4/2026 4:56:04.501142860 PM",
="",27277,,,,,117,="",="2/4/2026 4:56:04.501812660 PM",
="",27290,,,,,99,="",="2/4/2026 4:56:04.505526515 PM",
="",27303,,,,,411,="",="2/4/2026 4:56:04.514159880 PM",
="",27317,,,,,422,="",="2/4/2026 4:56:04.518887925 PM",
="",27320,,,,,117,="",="2/4/2026 4:56:04.520352030 PM",
="",27325,,,,,117,="",="2/4/2026 4:56:04.522291195 PM",
="",27330,,,,,117,="",="2/4/2026 4:56:04.524506530 PM",
="",27339,,,,,436,="",="2/4/2026 4:56:04.545258025 PM",
="",27344,,,,,440,="",="2/4/2026 4:56:04.549528385 PM",
="",27359,,,,,411,="",="2/4/2026 4:56:04.573221400 PM",
="",27360,,,,,440,="",="2/4/2026 4:56:04.573454025 PM",
="",27363,,,,,440,="",="2/4/2026 4:56:04.574212340 PM",
="",27371,,,,,437,="",="2/4/2026 4:56:04.583372725 PM",
="",27372,,,,,436,="",="2/4/2026 4:56:04.583651420 PM",
="",27373,,,,,440,="",="2/4/2026 4:56:04.584178815 PM",
="",27391,,,,,117,="",="2/4/2026 4:56:04.600686455 PM",
="",27392,,,,,103,="",="2/4/2026 4:56:04.601180490 PM",
="",27393,,,,,117,="",="2/4/2026 4:56:04.601226320 PM",
="",27405,,,,,411,="",="2/4/2026 4:56:04.607381520 PM",
="",27406,,,,,440,="",="2/4/2026 4:56:04.607612800 PM",
="",27414,,,,,177,="",="2/4/2026 4:56:04.615055035 PM",
="",27428,,,,,109,="",="2/4/2026 4:56:04.618919425 PM",
="",27441,,,,,117,="",="2/4/2026 4:56:04.622893925 PM",
="",27452,,,,,448,="",="2/4/2026 4:56:04.651117630 PM",
="",27467,,,,,117,="",="2/4/2026 4:56:04.669026205 PM",
="",27469,,,,,117,="",="2/4/2026 4:56:04.670643520 PM",
="",27473,,,,,411,="",="2/4/2026 4:56:04.675659280 PM",
="",27479,,,,,177,="",="2/4/2026 4:56:04.678384300 PM",
="",27492,,,,,171,="",="2/4/2026 4:56:04.696055270 PM",
="",27494,,,,,109,="",="2/4/2026 4:56:04.698536540 PM",
="",27495,,,,,117,="",="2/4/2026 4:56:04.698586080 PM",
="",27502,,,,,411,="",="2/4/2026 4:56:04.709777165 PM",
="",27503,,,,,440,="",="2/4/2026 4:56:04.710013485 PM",
="",27509,,,,,117,="",="2/4/2026 4:56:04.715043415 PM",
="",27514,,,,,440,="",="2/4/2026 4:56:04.719194510 PM",
="",27521,,,,,411,="",="2/4/2026 4:56:04.722548330 PM",
="",27529,,,,,99,="",="2/4/2026 4:56:04.724576845 PM",
="",27538,,,,,436,="",="2/4/2026 4:56:04.750059550 PM",
="",27543,,,,,448,="",="2/4/2026 4:56:04.753517890 PM",
="",27567,,,,,436,="",="2/4/2026 4:56:04.778507200 PM",
="",27568,,,,,177,="",="2/4/2026 4:56:04.781213460 PM",
="",27578,,,,,117,="",="2/4/2026 4:56:04.788191035 PM",
="",27582,,,,,411,="",="2/4/2026 4:56:04.788998795 PM",
="",27583,,,,,452,="",="2/4/2026 4:56:04.789430335 PM",
="",27590,,,,,450,="",="2/4/2026 4:56:04.792929445 PM",
="",27593,,,,,442,="",="2/4/2026 4:56:04.796255000 PM",
="",27594,,,,,440,="",="2/4/2026 4:56:04.796829770 PM",
="",27597,,,,,117,="",="2/4/2026 4:56:04.797933065 PM",
="",27598,,,,,117,="",="2/4/2026 4:56:04.798158675 PM",
="",27612,,,,,436,="",="2/4/2026 4:56:04.821065095 PM",
="",27617,,,,,448,="",="2/4/2026 4:56:04.824371195 PM",
="",27618,,,,,411,="",="2/4/2026 4:56:04.824926325 PM",
="",27623,,,,,115,="",="2/4/2026 4:56:04.827328175 PM",
="",27626,,,,,117,="",="2/4/2026 4:56:04.829155790 PM",
="",27632,,,,,117,="",="2/4/2026 4:56:04.831996015 PM",
="",27637,,,,,117,="",="2/4/2026 4:56:04.835551345 PM",
="",27638,,,,,117,="",="2/4/2026 4:56:04.835603835 PM",
="",27640,,,,,117,="",="2/4/2026 4:56:04.836525015 PM",
="",27649,,,,,436,="",="2/4/2026 4:56:04.852460010 PM",
="",27651,,,,,411,="",="2/4/2026 4:56:04.856473145 PM",
="",27652,,,,,440,="",="2/4/2026 4:56:04.856729610 PM",
="",27665,,,,,117,="",="2/4/2026 4:56:04.864678260 PM",
="",27679,,,,,117,="",="2/4/2026 4:56:04.878945045 PM",
="",27680,,,,,105,="",="2/4/2026 4:56:04.879405690 PM",
="",27686,,,,,117,="",="2/4/2026 4:56:04.881205555 PM",
="",27698,,,,,177,="",="2/4/2026 4:56:04.886434715 PM",
="",27700,,,,,422,="",="2/4/2026 4:56:04.889005050 PM",
="",27707,,,,,117,="",="2/4/2026 4:56:04.894911620 PM",
="",27708,,,,,105,="",="2/4/2026 4:56:04.895321560 PM",
="",27719,,,,,117,="",="2/4/2026 4:56:04.899037970 PM",
="",27720,,,,,454,="",="2/4/2026 4:56:04.899097855 PM",
="",27721,,,,,440,="",="2/4/2026 4:56:04.899923795 PM",
="",27740,,,,,440,="",="2/4/2026 4:56:04.914811805 PM",
="",27749,,,,,171,="",="2/4/2026 4:56:04.921386285 PM",
="",27750,,,,,117,="",="2/4/2026 4:56:04.922409550 PM",
="",27752,,,,,436,="",="2/4/2026 4:56:04.923491190 PM",
="",27754,,,,,440,="",="2/4/2026 4:56:04.923994910 PM",
="",27761,,,,,411,="",="2/4/2026 4:56:04.927349115 PM",
="",27773,,,,,177,="",="2/4/2026 4:56:04.931840125 PM",
="",27774,,,,,117,="",="2/4/2026 4:56:04.931894145 PM",
="",27785,,,,,117,="",="2/4/2026 4:56:04.936096845 PM",
="",27794,,,,,454,="",="2/4/2026 4:56:04.944028120 PM",
="",27799,,,,,411,="",="2/4/2026 4:56:04.955133400 PM",
="",27822,,,,,117,="",="2/4/2026 4:56:04.980146550 PM",
="",27826,,,,,117,="",="2/4/2026 4:56:04.981370540 PM",
="",27838,,,,,177,="",="2/4/2026 4:56:04.985926665 PM",
="",27840,,,,,448,="",="2/4/2026 4:56:04.987478730 PM",
="",27841,,,,,436,="",="2/4/2026 4:56:04.987759795 PM",
="",27842,,,,,440,="",="2/4/2026 4:56:04.988289590 PM",
="",27843,,,,,442,="",="2/4/2026 4:56:04.991128605 PM",
="",27869,,,,,129,="",="2/4/2026 4:56:05.003046085 PM",
="",27870,,,,,117,="",="2/4/2026 4:56:05.003095905 PM",
="",27873,,,,,123,="",="2/4/2026 4:56:05.004081170 PM",
="",27874,,,,,117,="",="2/4/2026 4:56:05.004131020 PM",
="",27876,,,,,117,="",="2/4/2026 4:56:05.004595735 PM",
="",27881,,,,,113,="",="2/4/2026 4:56:05.006490110 PM",
="",27899,,,,,448,="",="2/4/2026 4:56:05.029172245 PM",
="",27900,,,,,411,="",="2/4/2026 4:56:05.029728615 PM",
="",27916,,,,,436,="",="2/4/2026 4:56:05.055941870 PM",
="",27922,,,,,436,="",="2/4/2026 4:56:05.061023900 PM",
="",27923,,,,,411,="",="2/4/2026 4:56:05.061288400 PM",
="",27956,,,,,411,="",="2/4/2026 4:56:05.085225460 PM",
="",27964,,,,,177,="",="2/4/2026 4:56:05.087994975 PM",
="",27966,,,,,448,="",="2/4/2026 4:56:05.089879535 PM",
="",27968,,,,,442,="",="2/4/2026 4:56:05.093529490 PM",
="",27969,,,,,440,="",="2/4/2026 4:56:05.094070885 PM",
="",27988,,,,,117,="",="2/4/2026 4:56:05.107750980 PM",
="",27990,,,,,117,="",="2/4/2026 4:56:05.108672595 PM",
="",28009,,,,,185,="",="2/4/2026 4:56:05.117720225 PM",
="",28025,,,,,448,="",="2/4/2026 4:56:05.128677450 PM",
="",28039,,,,,448,="",="2/4/2026 4:56:05.158061010 PM",
="",28041,,,,,411,="",="2/4/2026 4:56:05.158641285 PM",
="",28048,,,,,411,="",="2/4/2026 4:56:05.163696905 PM",
="",28058,,,,,436,="",="2/4/2026 4:56:05.179268300 PM",
="",28060,,,,,440,="",="2/4/2026 4:56:05.179814760 PM",
="",28075,,,,,177,="",="2/4/2026 4:56:05.190397235 PM",
="",28084,,,,,440,="",="2/4/2026 4:56:05.199253420 PM",
="",28093,,,,,431,="",="2/4/2026 4:56:05.202388885 PM",
="",28108,,,,,434,="",="2/4/2026 4:56:05.205543670 PM",
="",28113,,,,,434,="",="2/4/2026 4:56:05.206591985 PM",
="",28122,,,,,115,="",="2/4/2026 4:56:05.210042005 PM",
="",28124,,,,,115,="",="2/4/2026 4:56:05.210966195 PM",
="",28146,,,,,448,="",="2/4/2026 4:56:05.233972950 PM",
="",28156,,,,,171,="",="2/4/2026 4:56:05.243900275 PM",
="",28167,,,,,436,="",="2/4/2026 4:56:05.265823750 PM",
="",28187,,,,,411,="",="2/4/2026 4:56:05.290026150 PM",
="",28191,,,,,171,="",="2/4/2026 4:56:05.291344190 PM",
="",28196,,,,,177,="",="2/4/2026 4:56:05.293069065 PM",
="",28200,,,,,171,="",="2/4/2026 4:56:05.298717585 PM",
="",28234,,,,,448,="",="2/4/2026 4:56:05.336373660 PM",
="",28235,,,,,436,="",="2/4/2026 4:56:05.336654180 PM",
="",28242,,,,,229,="",="2/4/2026 4:56:05.344395560 PM",
="",28244,,,,,117,="",="2/4/2026 4:56:05.345638315 PM",
="",28280,,,,,171,="",="2/4/2026 4:56:05.392983605 PM",
="",28288,,,,,177,="",="2/4/2026 4:56:05.395917935 PM",
="",28294,,,,,448,="",="2/4/2026 4:56:05.397081075 PM",
="",28295,,,,,436,="",="2/4/2026 4:56:05.397363835 PM",
="",28321,,,,,171,="",="2/4/2026 4:56:05.439984140 PM",
="",28325,,,,,99,="",="2/4/2026 4:56:05.441799610 PM",
="",28327,,,,,121,="",="2/4/2026 4:56:05.443509810 PM",
="",28328,,,,,117,="",="2/4/2026 4:56:05.443561065 PM",
="",28329,,,,,121,="",="2/4/2026 4:56:05.444053900 PM",
="",28332,,,,,448,="",="2/4/2026 4:56:05.446254190 PM",
="",28351,,,,,411,="",="2/4/2026 4:56:05.464420175 PM",
="",28354,,,,,411,="",="2/4/2026 4:56:05.465837850 PM",
="",28358,,,,,411,="",="2/4/2026 4:56:05.467136870 PM",
="",28385,,,,,411,="",="2/4/2026 4:56:05.494824085 PM",
="",28389,,,,,171,="",="2/4/2026 4:56:05.496214675 PM",
="",28395,,,,,177,="",="2/4/2026 4:56:05.497915615 PM",
="",28411,,,,,422,="",="2/4/2026 4:56:05.513334650 PM",
="",28412,,,,,440,="",="2/4/2026 4:56:05.513600090 PM",
="",28450,,,,,411,="",="2/4/2026 4:56:05.541740460 PM",
="",28455,,,,,171,="",="2/4/2026 4:56:05.543451595 PM",
="",28456,,,,,115,="",="2/4/2026 4:56:05.544445070 PM",
="",28460,,,,,117,="",="2/4/2026 4:56:05.546266410 PM",
="",28463,,,,,448,="",="2/4/2026 4:56:05.548385890 PM",
="",28466,,,,,117,="",="2/4/2026 4:56:05.549525000 PM",
="",28475,,,,,411,="",="2/4/2026 4:56:05.566673880 PM",
="",28484,,,,,448,="",="2/4/2026 4:56:05.572723110 PM",
="",28485,,,,,117,="",="2/4/2026 4:56:05.573004210 PM",
="",28486,,,,,411,="",="2/4/2026 4:56:05.573278240 PM",
="",28489,,,,,117,="",="2/4/2026 4:56:05.575072885 PM",
="",28539,,,,,177,="",="2/4/2026 4:56:05.606114010 PM",
="",28563,,,,,109,="",="2/4/2026 4:56:05.618200930 PM",
="",28583,,,,,448,="",="2/4/2026 4:56:05.628088885 PM",
="",28584,,,,,436,="",="2/4/2026 4:56:05.628361385 PM",
="",28598,,,,,117,="",="2/4/2026 4:56:05.636316585 PM",
="",28607,,,,,425,="",="2/4/2026 4:56:05.649501325 PM",
="",28609,,,,,448,="",="2/4/2026 4:56:05.650786775 PM",
="",28610,,,,,436,="",="2/4/2026 4:56:05.651067255 PM",
="",28617,,,,,105,="",="2/4/2026 4:56:05.666052100 PM",
="",28618,,,,,437,="",="2/4/2026 4:56:05.668670560 PM",
="",28619,,,,,436,="",="2/4/2026 4:56:05.668946510 PM",
="",28621,,,,,411,="",="2/4/2026 4:56:05.670660200 PM",
="",28622,,,,,440,="",="2/4/2026 4:56:05.670871795 PM",
="",28625,,,,,411,="",="2/4/2026 4:56:05.671980045 PM",
="",28684,,,,,177,="",="2/4/2026 4:56:05.704342410 PM",
="",28719,,,,,411,="",="2/4/2026 4:56:05.746530325 PM",
="",28731,,,,,117,="",="2/4/2026 4:56:05.762285630 PM",
="",28732,,,,,105,="",="2/4/2026 4:56:05.762726985 PM",
="",28738,,,,,442,="",="2/4/2026 4:56:05.763696810 PM",
="",28739,,,,,422,="",="2/4/2026 4:56:05.763965310 PM",
="",28742,,,,,177,="",="2/4/2026 4:56:05.765138090 PM",
="",28747,,,,,436,="",="2/4/2026 4:56:05.770752755 PM",
="",28753,,,,,440,="",="2/4/2026 4:56:05.773809800 PM",
="",28762,,,,,448,="",="2/4/2026 4:56:05.777521095 PM",
="",28763,,,,,411,="",="2/4/2026 4:56:05.778076225 PM",
="",28764,,,,,440,="",="2/4/2026 4:56:05.778332835 PM",
="",28768,,,,,99,="",="2/4/2026 4:56:05.781045580 PM",
="",28769,,,,,117,="",="2/4/2026 4:56:05.781157650 PM",
="",28782,,,,,117,="",="2/4/2026 4:56:05.797464750 PM",
="",28799,,,,,448,="",="2/4/2026 4:56:05.806682565 PM",
="",28800,,,,,436,="",="2/4/2026 4:56:05.806962950 PM",
="",28819,,,,,117,="",="2/4/2026 4:56:05.831364825 PM",
="",28825,,,,,448,="",="2/4/2026 4:56:05.832848215 PM",
="",28827,,,,,411,="",="2/4/2026 4:56:05.833427810 PM",
="",28828,,,,,440,="",="2/4/2026 4:56:05.833658875 PM",
="",28838,,,,,437,="",="2/4/2026 4:56:05.845885175 PM",
="",28842,,,,,454,="",="2/4/2026 4:56:05.849182065 PM",
="",28869,,,,,436,="",="2/4/2026 4:56:05.871347050 PM",
="",28870,,,,,440,="",="2/4/2026 4:56:05.871876725 PM",
="",28871,,,,,436,="",="2/4/2026 4:56:05.873747000 PM",
="",28874,,,,,411,="",="2/4/2026 4:56:05.875417315 PM",
="",28885,,,,,436,="",="2/4/2026 4:56:05.880202460 PM",
="",28893,,,,,119,="",="2/4/2026 4:56:05.884084650 PM",
="",28906,,,,,117,="",="2/4/2026 4:56:05.894900700 PM",
="",28919,,,,,436,="",="2/4/2026 4:56:05.901124590 PM",
="",28923,,,,,171,="",="2/4/2026 4:56:05.903995055 PM",
="",28933,,,,,177,="",="2/4/2026 4:56:05.908051050 PM",
="",28958,,,,,177,="",="2/4/2026 4:56:05.932824530 PM",
="",28959,,,,,117,="",="2/4/2026 4:56:05.932877390 PM",
="",28970,,,,,411,="",="2/4/2026 4:56:05.935828415 PM",
="",28971,,,,,117,="",="2/4/2026 4:56:05.936423340 PM",
="",28985,,,,,442,="",="2/4/2026 4:56:05.952212305 PM",
="",28989,,,,,411,="",="2/4/2026 4:56:05.958568720 PM",
="",28995,,,,,437,="",="2/4/2026 4:56:05.972102455 PM",
="",28996,,,,,436,="",="2/4/2026 4:56:05.972378845 PM",
="",28997,,,,,411,="",="2/4/2026 4:56:05.972652375 PM",
="",28998,,,,,440,="",="2/4/2026 4:56:05.972911705 PM",
="",29008,,,,,177,="",="2/4/2026 4:56:05.979771595 PM",
="",29013,,,,,117,="",="2/4/2026 4:56:05.981030765 PM",
="",29016,,,,,436,="",="2/4/2026 4:56:05.982628180 PM",
="",29040,,,,,436,="",="2/4/2026 4:56:06.003381695 PM",
="",29043,,,,,411,="",="2/4/2026 4:56:06.006826005 PM",
="",29052,,,,,177,="",="2/4/2026 4:56:06.009663790 PM",
="",29054,,,,,448,="",="2/4/2026 4:56:06.011483000 PM",
="",29056,,,,,436,="",="2/4/2026 4:56:06.014104670 PM",
="",29057,,,,,411,="",="2/4/2026 4:56:06.014369170 PM",
="",29058,,,,,440,="",="2/4/2026 4:56:06.014611035 PM",
="",29090,,,,,411,="",="2/4/2026 4:56:06.060944460 PM",
="",29124,,,,,436,="",="2/4/2026 4:56:06.105782700 PM",
="",29127,,,,,411,="",="2/4/2026 4:56:06.109226705 PM",
="",29137,,,,,448,="",="2/4/2026 4:56:06.113883085 PM",
="",29174,,,,,115,="",="2/4/2026 4:56:06.158817075 PM",
="",29178,,,,,117,="",="2/4/2026 4:56:06.160592185 PM",
="",29179,,,,,117,="",="2/4/2026 4:56:06.160642955 PM",
="",29180,,,,,115,="",="2/4/2026 4:56:06.160725655 PM",
="",29185,,,,,117,="",="2/4/2026 4:56:06.162769600 PM",
="",29195,,,,,436,="",="2/4/2026 4:56:06.180333070 PM",
="",29197,,,,,440,="",="2/4/2026 4:56:06.180842620 PM",
="",29200,,,,,436,="",="2/4/2026 4:56:06.182343280 PM",
="",29229,,,,,117,="",="2/4/2026 4:56:06.206218470 PM",
="",29233,,,,,437,="",="2/4/2026 4:56:06.207886245 PM",
="",29235,,,,,440,="",="2/4/2026 4:56:06.208692670 PM",
="",29246,,,,,177,="",="2/4/2026 4:56:06.214406230 PM",
="",29279,,,,,436,="",="2/4/2026 4:56:06.245599010 PM",
="",29293,,,,,448,="",="2/4/2026 4:56:06.257977340 PM",
="",29305,,,,,437,="",="2/4/2026 4:56:06.282437270 PM",
="",29306,,,,,436,="",="2/4/2026 4:56:06.282713885 PM",
="",29308,,,,,440,="",="2/4/2026 4:56:06.283243560 PM",
="",29315,,,,,411,="",="2/4/2026 4:56:06.290100435 PM",
="",29356,,,,,436,="",="2/4/2026 4:56:06.318992160 PM",
="",29357,,,,,411,="",="2/4/2026 4:56:06.319256660 PM",
="",29362,,,,,440,="",="2/4/2026 4:56:06.321612830 PM",
="",29377,,,,,436,="",="2/4/2026 4:56:06.345154865 PM",
="",29381,,,,,436,="",="2/4/2026 4:56:06.347911560 PM",
="",29399,,,,,448,="",="2/4/2026 4:56:06.360377055 PM",
="",29400,,,,,229,="",="2/4/2026 4:56:06.361184600 PM",
="",29448,,,,,411,="",="2/4/2026 4:56:06.421676050 PM",
="",29476,,,,,115,="",="2/4/2026 4:56:06.442600240 PM",
="",29488,,,,,177,="",="2/4/2026 4:56:06.448251225 PM",
="",29493,,,,,117,="",="2/4/2026 4:56:06.449610760 PM",
="",29496,,,,,117,="",="2/4/2026 4:56:06.450543875 PM",
="",29519,,,,,171,="",="2/4/2026 4:56:06.475529800 PM",
="",29524,,,,,442,="",="2/4/2026 4:56:06.480341590 PM",
="",29525,,,,,422,="",="2/4/2026 4:56:06.480610090 PM",
="",29526,,,,,440,="",="2/4/2026 4:56:06.480859870 PM",
="",29536,,,,,171,="",="2/4/2026 4:56:06.488509095 PM",
="",29538,,,,,171,="",="2/4/2026 4:56:06.488750825 PM",
="",29563,,,,,411,="",="2/4/2026 4:56:06.518828025 PM",
="",29573,,,,,177,="",="2/4/2026 4:56:06.521932810 PM",
="",29605,,,,,436,="",="2/4/2026 4:56:06.550051165 PM",
="",29606,,,,,411,="",="2/4/2026 4:56:06.550315665 PM",
="",29607,,,,,440,="",="2/4/2026 4:56:06.550556990 PM",
="",29609,,,,,99,="",="2/4/2026 4:56:06.551142295 PM",
="",29614,,,,,115,="",="2/4/2026 4:56:06.553590070 PM",
="",29635,,,,,422,="",="2/4/2026 4:56:06.583019305 PM",
="",29651,,,,,448,="",="2/4/2026 4:56:06.596726985 PM",
="",29671,,,,,411,="",="2/4/2026 4:56:06.621231180 PM",
="",29696,,,,,171,="",="2/4/2026 4:56:06.638587855 PM",
="",29697,,,,,171,="",="2/4/2026 4:56:06.638809800 PM",
="",29726,,,,,440,="",="2/4/2026 4:56:06.669555885 PM",
="",29728,,,,,115,="",="2/4/2026 4:56:06.670885660 PM",
="",29751,,,,,177,="",="2/4/2026 4:56:06.681261865 PM",
="",29755,,,,,117,="",="2/4/2026 4:56:06.682241035 PM",
="",29762,,,,,436,="",="2/4/2026 4:56:06.692410215 PM",
="",29764,,,,,440,="",="2/4/2026 4:56:06.692917140 PM",
="",29771,,,,,177,="",="2/4/2026 4:56:06.697234310 PM",
="",29772,,,,,117,="",="2/4/2026 4:56:06.697285825 PM",
="",29775,,,,,117,="",="2/4/2026 4:56:06.699620560 PM",
="",29780,,,,,117,="",="2/4/2026 4:56:06.701009250 PM",
="",29806,,,,,411,="",="2/4/2026 4:56:06.720461905 PM",
="",29810,,,,,411,="",="2/4/2026 4:56:06.723628985 PM",
="",29819,,,,,177,="",="2/4/2026 4:56:06.726797545 PM",
="",29828,,,,,440,="",="2/4/2026 4:56:06.731213525 PM",
="",29848,,,,,436,="",="2/4/2026 4:56:06.754733130 PM",
="",29850,,,,,115,="",="2/4/2026 4:56:06.756982210 PM",
="",29873,,,,,177,="",="2/4/2026 4:56:06.774902245 PM",
="",29874,,,,,117,="",="2/4/2026 4:56:06.774957465 PM",
="",29880,,,,,117,="",="2/4/2026 4:56:06.781061935 PM",
="",29920,,,,,177,="",="2/4/2026 4:56:06.829136475 PM",
="",29923,,,,,117,="",="2/4/2026 4:56:06.829647845 PM",
="",29924,,,,,117,="",="2/4/2026 4:56:06.829689895 PM",
="",29925,,,,,448,="",="2/4/2026 4:56:06.830687380 PM",
="",29945,,,,,105,="",="2/4/2026 4:56:06.838830720 PM",
="",29964,,,,,436,="",="2/4/2026 4:56:06.859914375 PM",
="",29966,,,,,440,="",="2/4/2026 4:56:06.860426605 PM",
="",29984,,,,,454,="",="2/4/2026 4:56:06.873370555 PM",
="",29992,,,,,117,="",="2/4/2026 4:56:06.881348555 PM",
="",30001,,,,,440,="",="2/4/2026 4:56:06.890461755 PM",
="",30044,,,,,177,="",="2/4/2026 4:56:06.931563190 PM",
="",30055,,,,,411,="",="2/4/2026 4:56:06.935990100 PM",
="",30067,,,,,177,="",="2/4/2026 4:56:06.941425260 PM",
="",30078,,,,,430,="",="2/4/2026 4:56:06.954563525 PM",
="",30107,,,,,109,="",="2/4/2026 4:56:06.981236530 PM",
="",30108,,,,,117,="",="2/4/2026 4:56:06.981286350 PM",
="",30112,,,,,117,="",="2/4/2026 4:56:06.984354505 PM",
="",30126,,,,,171,="",="2/4/2026 4:56:07.004819840 PM",
="",30132,,,,,113,="",="2/4/2026 4:56:07.011176790 PM",
="",30148,,,,,109,="",="2/4/2026 4:56:07.030052670 PM",
="",30152,,,,,411,="",="2/4/2026 4:56:07.030830505 PM",
="",30156,,,,,171,="",="2/4/2026 4:56:07.032149865 PM",
="",30161,,,,,177,="",="2/4/2026 4:56:07.033708065 PM",
="",30163,,,,,436,="",="2/4/2026 4:56:07.035282610 PM",
="",30177,,,,,117,="",="2/4/2026 4:56:07.044877560 PM",
="",30185,,,,,109,="",="2/4/2026 4:56:07.047593390 PM",
="",30191,,,,,117,="",="2/4/2026 4:56:07.052021825 PM",
="",30221,,,,,454,="",="2/4/2026 4:56:07.094434775 PM",
="",30228,,,,,436,="",="2/4/2026 4:56:07.102573780 PM",
="",30233,,,,,117,="",="2/4/2026 4:56:07.104321570 PM",
="",30268,,,,,177,="",="2/4/2026 4:56:07.135994880 PM",
="",30272,,,,,411,="",="2/4/2026 4:56:07.137979130 PM",
="",30273,,,,,440,="",="2/4/2026 4:56:07.138212490 PM",
="",30290,,,,,117,="",="2/4/2026 4:56:07.146322935 PM",
="",30316,,,,,454,="",="2/4/2026 4:56:07.180747970 PM",
="",30317,,,,,422,="",="2/4/2026 4:56:07.181337525 PM",
="",30327,,,,,117,="",="2/4/2026 4:56:07.203113110 PM",
="",30329,,,,,129,="",="2/4/2026 4:56:07.203529485 PM",
="",30332,,,,,119,="",="2/4/2026 4:56:07.204671580 PM",
="",30333,,,,,117,="",="2/4/2026 4:56:07.204711400 PM",
="",30335,,,,,177,="",="2/4/2026 4:56:07.205445120 PM",
="",30345,,,,,117,="",="2/4/2026 4:56:07.209455030 PM",
="",30361,,,,,411,="",="2/4/2026 4:56:07.232472680 PM",
="",30375,,,,,177,="",="2/4/2026 4:56:07.239837685 PM",
="",30377,,,,,440,="",="2/4/2026 4:56:07.241092985 PM",
="",30389,,,,,440,="",="2/4/2026 4:56:07.245758400 PM",
="",30423,,,,,411,="",="2/4/2026 4:56:07.305256555 PM",
="",30430,,,,,99,="",="2/4/2026 4:56:07.309101890 PM",
="",30453,,,,,436,="",="2/4/2026 4:56:07.334588090 PM",
="",30464,,,,,177,="",="2/4/2026 4:56:07.341259725 PM",
="",30468,,,,,411,="",="2/4/2026 4:56:07.342781955 PM",
="",30469,,,,,440,="",="2/4/2026 4:56:07.343013355 PM",
="",30509,,,,,440,="",="2/4/2026 4:56:07.386220340 PM",
="",30510,,,,,99,="",="2/4/2026 4:56:07.387778735 PM",
="",30512,,,,,117,="",="2/4/2026 4:56:07.389508100 PM",
="",30513,,,,,117,="",="2/4/2026 4:56:07.389559085 PM",
="",30514,,,,,115,="",="2/4/2026 4:56:07.389666640 PM",
="",30518,,,,,117,="",="2/4/2026 4:56:07.391841905 PM",
="",30519,,,,,117,="",="2/4/2026 4:56:07.391893165 PM",
="",30524,,,,,436,="",="2/4/2026 4:56:07.408331420 PM",
="",30525,,,,,411,="",="2/4/2026 4:56:07.408608110 PM",
="",30563,,,,,177,="",="2/4/2026 4:56:07.443233390 PM",
="",30565,,,,,105,="",="2/4/2026 4:56:07.443544610 PM",
="",30566,,,,,177,="",="2/4/2026 4:56:07.443670495 PM",
="",30580,,,,,411,="",="2/4/2026 4:56:07.465674200 PM",
="",30581,,,,,440,="",="2/4/2026 4:56:07.465901160 PM",
="",30605,,,,,411,="",="2/4/2026 4:56:07.484867450 PM",
="",30606,,,,,454,="",="2/4/2026 4:56:07.487949250 PM",
="",30607,,,,,442,="",="2/4/2026 4:56:07.488237250 PM",
="",30610,,,,,436,="",="2/4/2026 4:56:07.489269030 PM",
="",30611,,,,,411,="",="2/4/2026 4:56:07.489533530 PM",
="",30612,,,,,440,="",="2/4/2026 4:56:07.489786545 PM",
="",30645,,,,,117,="",="2/4/2026 4:56:07.538272125 PM",
="",30648,,,,,411,="",="2/4/2026 4:56:07.539668370 PM",
="",30650,,,,,425,="",="2/4/2026 4:56:07.541165215 PM",
="",30651,,,,,411,="",="2/4/2026 4:56:07.541422380 PM",
="",30664,,,,,177,="",="2/4/2026 4:56:07.545887085 PM",
="",30678,,,,,440,="",="2/4/2026 4:56:07.552977175 PM",
="",30686,,,,,171,="",="2/4/2026 4:56:07.568628330 PM",
="",30690,,,,,171,="",="2/4/2026 4:56:07.570600275 PM",
="",30693,,,,,117,="",="2/4/2026 4:56:07.571631735 PM",
="",30699,,,,,105,="",="2/4/2026 4:56:07.575023240 PM",
="",30712,,,,,177,="",="2/4/2026 4:56:07.581022005 PM",
="",30715,,,,,411,="",="2/4/2026 4:56:07.587264955 PM",
="",30721,,,,,454,="",="2/4/2026 4:56:07.590351815 PM",
="",30722,,,,,442,="",="2/4/2026 4:56:07.590637815 PM",
="",30723,,,,,422,="",="2/4/2026 4:56:07.590911770 PM",
="",30724,,,,,411,="",="2/4/2026 4:56:07.591596590 PM",
="",30752,,,,,437,="",="2/4/2026 4:56:07.634749360 PM",
="",30753,,,,,425,="",="2/4/2026 4:56:07.635023785 PM",
="",30754,,,,,411,="",="2/4/2026 4:56:07.635292985 PM",
="",30755,,,,,429,="",="2/4/2026 4:56:07.635549465 PM",
="",30758,,,,,411,="",="2/4/2026 4:56:07.637159775 PM",
="",30759,,,,,440,="",="2/4/2026 4:56:07.637390775 PM",
="",30760,,,,,171,="",="2/4/2026 4:56:07.638639770 PM",
="",30762,,,,,171,="",="2/4/2026 4:56:07.638875155 PM",
="",30763,,,,,171,="",="2/4/2026 4:56:07.638969985 PM",
="",30766,,,,,454,="",="2/4/2026 4:56:07.644883725 PM",
="",30767,,,,,442,="",="2/4/2026 4:56:07.645169085 PM",
="",30780,,,,,411,="",="2/4/2026 4:56:07.649989210 PM",
="",30781,,,,,440,="",="2/4/2026 4:56:07.650214075 PM",
="",30789,,,,,440,="",="2/4/2026 4:56:07.655358540 PM",
="",30805,,,,,117,="",="2/4/2026 4:56:07.675372535 PM",
="",30807,,,,,448,="",="2/4/2026 4:56:07.676558685 PM",
="",30811,,,,,171,="",="2/4/2026 4:56:07.678855885 PM",
="",30812,,,,,171,="",="2/4/2026 4:56:07.679278170 PM",
="",30838,,,,,117,="",="2/4/2026 4:56:07.697224720 PM",
="",30840,,,,,425,="",="2/4/2026 4:56:07.697804795 PM",
="",30842,,,,,117,="",="2/4/2026 4:56:07.699256885 PM",
="",30847,,,,,117,="",="2/4/2026 4:56:07.702731775 PM",
="",30870,,,,,425,="",="2/4/2026 4:56:07.726158055 PM",
="",30871,,,,,411,="",="2/4/2026 4:56:07.726424335 PM",
="",30872,,,,,429,="",="2/4/2026 4:56:07.726680695 PM",
="",30874,,,,,171,="",="2/4/2026 4:56:07.728990870 PM",
="",30876,,,,,171,="",="2/4/2026 4:56:07.729458745 PM",
="",30890,,,,,117,="",="2/4/2026 4:56:07.740269525 PM",
="",30897,,,,,411,="",="2/4/2026 4:56:07.747632980 PM",
="",30905,,,,,177,="",="2/4/2026 4:56:07.750724845 PM",
="",30910,,,,,486,="",="2/4/2026 4:56:07.752893720 PM",
="",30923,,,,,117,="",="2/4/2026 4:56:07.771638630 PM",
="",30926,,,,,411,="",="2/4/2026 4:56:07.772872935 PM",
="",30936,,,,,109,="",="2/4/2026 4:56:07.775997055 PM",
="",30959,,,,,425,="",="2/4/2026 4:56:07.791768865 PM",
="",30960,,,,,411,="",="2/4/2026 4:56:07.792037225 PM",
="",30961,,,,,440,="",="2/4/2026 4:56:07.792293570 PM",
="",30963,,,,,431,="",="2/4/2026 4:56:07.794278155 PM",
="",30965,,,,,430,="",="2/4/2026 4:56:07.794734845 PM",
="",30969,,,,,117,="",="2/4/2026 4:56:07.798197085 PM",
="",30992,,,,,429,="",="2/4/2026 4:56:07.829080940 PM",
="",31004,,,,,117,="",="2/4/2026 4:56:07.839637430 PM",
="",31005,,,,,425,="",="2/4/2026 4:56:07.839824875 PM",
="",31006,,,,,411,="",="2/4/2026 4:56:07.840093835 PM",
="",31009,,,,,411,="",="2/4/2026 4:56:07.842241665 PM",
="",31012,,,,,171,="",="2/4/2026 4:56:07.845904255 PM",
="",31019,,,,,454,="",="2/4/2026 4:56:07.849457085 PM",
="",31020,,,,,442,="",="2/4/2026 4:56:07.849733585 PM",
="",31021,,,,,411,="",="2/4/2026 4:56:07.850010535 PM",
="",31029,,,,,177,="",="2/4/2026 4:56:07.852845570 PM",
="",31033,,,,,411,="",="2/4/2026 4:56:07.854783500 PM",
="",31034,,,,,440,="",="2/4/2026 4:56:07.855014645 PM",
="",31049,,,,,109,="",="2/4/2026 4:56:07.878828280 PM",
="",31050,,,,,436,="",="2/4/2026 4:56:07.879368750 PM",
="",31053,,,,,411,="",="2/4/2026 4:56:07.881551965 PM",
="",31065,,,,,440,="",="2/4/2026 4:56:07.894694015 PM",
="",31066,,,,,442,="",="2/4/2026 4:56:07.898226490 PM",
="",31068,,,,,440,="",="2/4/2026 4:56:07.899053910 PM",
="",31081,,,,,117,="",="2/4/2026 4:56:07.910261325 PM",
="",31084,,,,,229,="",="2/4/2026 4:56:07.911097545 PM",
="",31087,,,,,229,="",="2/4/2026 4:56:07.912159635 PM",
="",31090,,,,,229,="",="2/4/2026 4:56:07.913320515 PM",
="",31094,,,,,229,="",="2/4/2026 4:56:07.915634565 PM",
="",31097,,,,,437,="",="2/4/2026 4:56:07.917630330 PM",
="",31110,,,,,436,="",="2/4/2026 4:56:07.928233205 PM",
="",31116,,,,,177,="",="2/4/2026 4:56:07.931900110 PM",
="",31125,,,,,177,="",="2/4/2026 4:56:07.937544185 PM",
="",31128,,,,,117,="",="2/4/2026 4:56:07.938467845 PM",
="",31131,,,,,117,="",="2/4/2026 4:56:07.939557655 PM",
="",31140,,,,,411,="",="2/4/2026 4:56:07.944335980 PM",
="",31148,,,,,411,="",="2/4/2026 4:56:07.952436125 PM",
="",31152,,,,,171,="",="2/4/2026 4:56:07.953765580 PM",
="",31158,,,,,440,="",="2/4/2026 4:56:07.957414385 PM",
="",31159,,,,,440,="",="2/4/2026 4:56:07.957903515 PM",
="",31171,,,,,436,="",="2/4/2026 4:56:07.977398695 PM",
="",31172,,,,,411,="",="2/4/2026 4:56:07.977663195 PM",
="",31180,,,,,117,="",="2/4/2026 4:56:07.980770900 PM",
="",31182,,,,,117,="",="2/4/2026 4:56:07.981657350 PM",
="",31185,,,,,429,="",="2/4/2026 4:56:07.982299525 PM",
="",31198,,,,,440,="",="2/4/2026 4:56:07.997094315 PM",
="",31199,,,,,454,="",="2/4/2026 4:56:07.999954665 PM",
="",31217,,,,,117,="",="2/4/2026 4:56:08.030063995 PM",
="",31223,,,,,437,="",="2/4/2026 4:56:08.033079980 PM",
="",31224,,,,,425,="",="2/4/2026 4:56:08.033356020 PM",
="",31225,,,,,411,="",="2/4/2026 4:56:08.033643900 PM",
="",31226,,,,,429,="",="2/4/2026 4:56:08.033882285 PM",
="",31229,,,,,425,="",="2/4/2026 4:56:08.041645830 PM",
="",31234,,,,,425,="",="2/4/2026 4:56:08.044645255 PM",
="",31240,,,,,437,="",="2/4/2026 4:56:08.046303605 PM",
="",31241,,,,,436,="",="2/4/2026 4:56:08.046580275 PM",
="",31247,,,,,117,="",="2/4/2026 4:56:08.050209595 PM",
="",31248,,,,,437,="",="2/4/2026 4:56:08.051500220 PM",
="",31252,,,,,411,="",="2/4/2026 4:56:08.054836905 PM",
="",31256,,,,,171,="",="2/4/2026 4:56:08.056166480 PM",
="",31261,,,,,177,="",="2/4/2026 4:56:08.057873420 PM",
="",31271,,,,,448,="",="2/4/2026 4:56:08.079495060 PM",
="",31274,,,,,440,="",="2/4/2026 4:56:08.080319320 PM",
="",31280,,,,,436,="",="2/4/2026 4:56:08.085966820 PM",
="",31281,,,,,411,="",="2/4/2026 4:56:08.086231320 PM",
="",31291,,,,,437,="",="2/4/2026 4:56:08.098692130 PM",
="",31292,,,,,425,="",="2/4/2026 4:56:08.098968810 PM",
="",31293,,,,,440,="",="2/4/2026 4:56:08.099494275 PM",
="",31296,,,,,442,="",="2/4/2026 4:56:08.102312390 PM",
="",31299,,,,,440,="",="2/4/2026 4:56:08.103855770 PM",
="",31309,,,,,411,="",="2/4/2026 4:56:08.125429460 PM",
="",31310,,,,,437,="",="2/4/2026 4:56:08.125662925 PM",
="",31324,,,,,411,="",="2/4/2026 4:56:08.136077320 PM",
="",31325,,,,,429,="",="2/4/2026 4:56:08.136282725 PM",
="",31334,,,,,117,="",="2/4/2026 4:56:08.146534530 PM",
="",31335,,,,,117,="",="2/4/2026 4:56:08.146582710 PM",
="",31341,,,,,437,="",="2/4/2026 4:56:08.149221470 PM",
="",31342,,,,,436,="",="2/4/2026 4:56:08.149497325 PM",
="",31343,,,,,411,="",="2/4/2026 4:56:08.149771215 PM",
="",31345,,,,,436,="",="2/4/2026 4:56:08.153792620 PM",
="",31348,,,,,411,="",="2/4/2026 4:56:08.157236825 PM",
="",31355,,,,,177,="",="2/4/2026 4:56:08.160012220 PM",
="",31358,,,,,436,="",="2/4/2026 4:56:08.161706080 PM",
="",31397,,,,,117,="",="2/4/2026 4:56:08.204405420 PM",
="",31399,,,,,436,="",="2/4/2026 4:56:08.206100385 PM",
="",31400,,,,,411,="",="2/4/2026 4:56:08.206375755 PM",
="",31432,,,,,440,="",="2/4/2026 4:56:08.251794670 PM",
="",31434,,,,,436,="",="2/4/2026 4:56:08.256192665 PM",
="",31437,,,,,411,="",="2/4/2026 4:56:08.259660525 PM",
="",31438,,,,,436,="",="2/4/2026 4:56:08.260114710 PM",
="",31441,,,,,105,="",="2/4/2026 4:56:08.260967990 PM",
="",31445,,,,,436,="",="2/4/2026 4:56:08.264106085 PM",
="",31456,,,,,440,="",="2/4/2026 4:56:08.269740460 PM",
="",31462,,,,,411,="",="2/4/2026 4:56:08.284156245 PM",
="",31476,,,,,123,="",="2/4/2026 4:56:08.303196085 PM",
="",31478,,,,,454,="",="2/4/2026 4:56:08.307160555 PM",
="",31480,,,,,115,="",="2/4/2026 4:56:08.309556175 PM",
="",31481,,,,,99,="",="2/4/2026 4:56:08.309634695 PM",
="",31485,,,,,117,="",="2/4/2026 4:56:08.316387715 PM",
="",31504,,,,,425,="",="2/4/2026 4:56:08.340577145 PM",
="",31505,,,,,411,="",="2/4/2026 4:56:08.340834310 PM",
="",31514,,,,,437,="",="2/4/2026 4:56:08.353388345 PM",
="",31516,,,,,440,="",="2/4/2026 4:56:08.354194595 PM",
="",31518,,,,,436,="",="2/4/2026 4:56:08.358593245 PM",
="",31521,,,,,411,="",="2/4/2026 4:56:08.362038050 PM",
="",31528,,,,,177,="",="2/4/2026 4:56:08.365093765 PM",
="",31529,,,,,99,="",="2/4/2026 4:56:08.365144225 PM",
="",31532,,,,,411,="",="2/4/2026 4:56:08.366782495 PM",
="",31533,,,,,440,="",="2/4/2026 4:56:08.367016415 PM",
="",31540,,,,,425,="",="2/4/2026 4:56:08.371257605 PM",
="",31548,,,,,411,="",="2/4/2026 4:56:08.387251860 PM",
="",31549,,,,,440,="",="2/4/2026 4:56:08.387508190 PM",
="",31562,,,,,442,="",="2/4/2026 4:56:08.409850255 PM",
="",31564,,,,,440,="",="2/4/2026 4:56:08.410391890 PM",
="",31587,,,,,437,="",="2/4/2026 4:56:08.442681330 PM",
="",31588,,,,,425,="",="2/4/2026 4:56:08.442957930 PM",
="",31589,,,,,411,="",="2/4/2026 4:56:08.443227250 PM",
="",31606,,,,,436,="",="2/4/2026 4:56:08.460999185 PM",
="",31609,,,,,411,="",="2/4/2026 4:56:08.464443495 PM",
="",31610,,,,,411,="",="2/4/2026 4:56:08.465189080 PM",
="",31611,,,,,440,="",="2/4/2026 4:56:08.465444090 PM",
="",31614,,,,,99,="",="2/4/2026 4:56:08.467300965 PM",
="",31619,,,,,436,="",="2/4/2026 4:56:08.468907070 PM",
="",31629,,,,,411,="",="2/4/2026 4:56:08.474325655 PM",
="",31635,,,,,431,="",="2/4/2026 4:56:08.480270830 PM",
="",31636,,,,,431,="",="2/4/2026 4:56:08.480611725 PM",
="",31637,,,,,431,="",="2/4/2026 4:56:08.481107095 PM",
="",31639,,,,,431,="",="2/4/2026 4:56:08.482175265 PM",
="",31641,,,,,419,="",="2/4/2026 4:56:08.485876395 PM",
="",31642,,,,,434,="",="2/4/2026 4:56:08.486305430 PM",
="",31644,,,,,434,="",="2/4/2026 4:56:08.487063305 PM",
="",31653,,,,,411,="",="2/4/2026 4:56:08.490126310 PM",
="",31655,,,,,171,="",="2/4/2026 4:56:08.490696330 PM",
="",31657,,,,,434,="",="2/4/2026 4:56:08.491132760 PM",
="",31660,,,,,436,="",="2/4/2026 4:56:08.495568335 PM",
="",31664,,,,,171,="",="2/4/2026 4:56:08.496425275 PM",
="",31666,,,,,171,="",="2/4/2026 4:56:08.496563535 PM",
="",31678,,,,,454,="",="2/4/2026 4:56:08.511953100 PM",
="",31680,,,,,440,="",="2/4/2026 4:56:08.512780295 PM",
="",31681,,,,,99,="",="2/4/2026 4:56:08.513340790 PM",
="",31684,,,,,103,="",="2/4/2026 4:56:08.515145255 PM",
="",31696,,,,,448,="",="2/4/2026 4:56:08.538580545 PM",
="",31707,,,,,437,="",="2/4/2026 4:56:08.545081495 PM",
="",31712,,,,,105,="",="2/4/2026 4:56:08.551779840 PM",
="",31718,,,,,411,="",="2/4/2026 4:56:08.554499205 PM",
="",31723,,,,,440,="",="2/4/2026 4:56:08.558998500 PM",
="",31727,,,,,440,="",="2/4/2026 4:56:08.563904620 PM",
="",31731,,,,,440,="",="2/4/2026 4:56:08.567069500 PM",
="",31733,,,,,440,="",="2/4/2026 4:56:08.567844670 PM",
="",31734,,,,,171,="",="2/4/2026 4:56:08.568153580 PM",
="",31735,,,,,171,="",="2/4/2026 4:56:08.568222490 PM",
="",31736,,,,,99,="",="2/4/2026 4:56:08.568525410 PM",
="",31738,,,,,177,="",="2/4/2026 4:56:08.569798425 PM",
="",31739,,,,,99,="",="2/4/2026 4:56:08.569848685 PM",
="",31741,,,,,436,="",="2/4/2026 4:56:08.571307235 PM",
="",31749,,,,,425,="",="2/4/2026 4:56:08.576438920 PM",
="",31750,,,,,411,="",="2/4/2026 4:56:08.576735535 PM",
="",31758,,,,,448,="",="2/4/2026 4:56:08.591504635 PM",
="",31760,,,,,436,="",="2/4/2026 4:56:08.591785740 PM",
="",31779,,,,,442,="",="2/4/2026 4:56:08.614680275 PM",
="",31780,,,,,99,="",="2/4/2026 4:56:08.615962125 PM",
="",31804,,,,,425,="",="2/4/2026 4:56:08.656068425 PM",
="",31815,,,,,171,="",="2/4/2026 4:56:08.670571615 PM",
="",31817,,,,,105,="",="2/4/2026 4:56:08.670734980 PM",
="",31820,,,,,177,="",="2/4/2026 4:56:08.673431040 PM",
="",31821,,,,,436,="",="2/4/2026 4:56:08.673734280 PM",
="",31832,,,,,425,="",="2/4/2026 4:56:08.678525525 PM",
="",31833,,,,,411,="",="2/4/2026 4:56:08.678793885 PM",
="",31842,,,,,117,="",="2/4/2026 4:56:08.694259155 PM",
="",31843,,,,,117,="",="2/4/2026 4:56:08.695543175 PM",
="",31863,,,,,117,="",="2/4/2026 4:56:08.707294860 PM",
="",31865,,,,,422,="",="2/4/2026 4:56:08.717343495 PM",
="",31869,,,,,171,="",="2/4/2026 4:56:08.728481215 PM",
="",31907,,,,,171,="",="2/4/2026 4:56:08.773033250 PM",
="",31909,,,,,177,="",="2/4/2026 4:56:08.774715215 PM",
="",31926,,,,,117,="",="2/4/2026 4:56:08.789885335 PM",
="",31929,,,,,117,="",="2/4/2026 4:56:08.798231535 PM",
="",31948,,,,,121,="",="2/4/2026 4:56:08.839568515 PM",
="",31952,,,,,436,="",="2/4/2026 4:56:08.840009045 PM",
="",31953,,,,,440,="",="2/4/2026 4:56:08.840518570 PM",
="",31960,,,,,440,="",="2/4/2026 4:56:08.843258870 PM",
="",31979,,,,,117,="",="2/4/2026 4:56:08.854398980 PM",
="",31991,,,,,411,="",="2/4/2026 4:56:08.870885785 PM",
="",31998,,,,,436,="",="2/4/2026 4:56:08.875195585 PM",
="",32003,,,,,171,="",="2/4/2026 4:56:08.876478130 PM",
="",32005,,,,,177,="",="2/4/2026 4:56:08.877872950 PM",
="",32006,,,,,99,="",="2/4/2026 4:56:08.877925370 PM",
="",32015,,,,,437,="",="2/4/2026 4:56:08.881341525 PM",
="",32020,,,,,117,="",="2/4/2026 4:56:08.883227980 PM",
="",32021,,,,,425,="",="2/4/2026 4:56:08.883994875 PM",
="",32028,,,,,436,="",="2/4/2026 4:56:08.905144230 PM",
="",32033,,,,,229,="",="2/4/2026 4:56:08.908204330 PM",
="",32036,,,,,117,="",="2/4/2026 4:56:08.909231570 PM",
="",32037,,,,,437,="",="2/4/2026 4:56:08.909346275 PM",
="",32038,,,,,448,="",="2/4/2026 4:56:08.909632545 PM",
="",32049,,,,,177,="",="2/4/2026 4:56:08.934280840 PM",
="",32054,,,,,117,="",="2/4/2026 4:56:08.937671730 PM",
="",32058,,,,,117,="",="2/4/2026 4:56:08.939525420 PM",
="",32082,,,,,117,="",="2/4/2026 4:56:08.959070050 PM",
="",32093,,,,,440,="",="2/4/2026 4:56:08.973505950 PM",
="",32103,,,,,117,="",="2/4/2026 4:56:08.980998380 PM",
="",32104,,,,,113,="",="2/4/2026 4:56:08.981064650 PM",
="",32110,,,,,177,="",="2/4/2026 4:56:08.982927945 PM",
="",32111,,,,,99,="",="2/4/2026 4:56:08.982973320 PM",
="",32118,,,,,411,="",="2/4/2026 4:56:08.986354085 PM",
="",32125,,,,,171,="",="2/4/2026 4:56:09.001531625 PM",
="",32141,,,,,454,="",="2/4/2026 4:56:09.023968930 PM",
="",32142,,,,,442,="",="2/4/2026 4:56:09.024254090 PM",
="",32143,,,,,422,="",="2/4/2026 4:56:09.024530605 PM",
="",32144,,,,,440,="",="2/4/2026 4:56:09.024795965 PM",
="",32147,,,,,117,="",="2/4/2026 4:56:09.029974820 PM",
="",32154,,,,,411,="",="2/4/2026 4:56:09.047879510 PM",
="",32182,,,,,411,="",="2/4/2026 4:56:09.078837650 PM",
="",32183,,,,,411,="",="2/4/2026 4:56:09.079592275 PM",
="",32184,,,,,171,="",="2/4/2026 4:56:09.080174785 PM",
="",32185,,,,,99,="",="2/4/2026 4:56:09.080707755 PM",
="",32187,,,,,177,="",="2/4/2026 4:56:09.081929380 PM",
="",32194,,,,,411,="",="2/4/2026 4:56:09.088898670 PM",
="",32200,,,,,436,="",="2/4/2026 4:56:09.103806805 PM",
="",32206,,,,,117,="",="2/4/2026 4:56:09.108481685 PM",
="",32227,,,,,437,="",="2/4/2026 4:56:09.146439940 PM",
="",32228,,,,,436,="",="2/4/2026 4:56:09.146714250 PM",
="",32251,,,,,440,="",="2/4/2026 4:56:09.178307055 PM",
="",32256,,,,,440,="",="2/4/2026 4:56:09.181472055 PM",
="",32257,,,,,411,="",="2/4/2026 4:56:09.182009615 PM",
="",32258,,,,,440,="",="2/4/2026 4:56:09.182249265 PM",
="",32259,,,,,105,="",="2/4/2026 4:56:09.182575375 PM",
="",32260,,,,,99,="",="2/4/2026 4:56:09.182792545 PM",
="",32263,,,,,177,="",="2/4/2026 4:56:09.184020465 PM",
="",32268,,,,,437,="",="2/4/2026 4:56:09.188021985 PM",
="",32269,,,,,411,="",="2/4/2026 4:56:09.188574625 PM",
="",32276,,,,,109,="",="2/4/2026 4:56:09.203382935 PM",
="",32298,,,,,437,="",="2/4/2026 4:56:09.248840120 PM",
="",32299,,,,,436,="",="2/4/2026 4:56:09.249114575 PM",
="",32300,,,,,411,="",="2/4/2026 4:56:09.249388320 PM",
="",32325,,,,,411,="",="2/4/2026 4:56:09.280474195 PM",
="",32326,,,,,229,="",="2/4/2026 4:56:09.280711955 PM",
="",32330,,,,,105,="",="2/4/2026 4:56:09.284976235 PM",
="",32334,,,,,177,="",="2/4/2026 4:56:09.286421310 PM",
="",32335,,,,,99,="",="2/4/2026 4:56:09.286471530 PM",
="",32350,,,,,109,="",="2/4/2026 4:56:09.303072350 PM",
="",32351,,,,,117,="",="2/4/2026 4:56:09.303119475 PM",
="",32354,,,,,440,="",="2/4/2026 4:56:09.309115790 PM",
="",32391,,,,,425,="",="2/4/2026 4:56:09.372876720 PM",
="",32400,,,,,440,="",="2/4/2026 4:56:09.386272520 PM",
="",32412,,,,,411,="",="2/4/2026 4:56:09.393396075 PM",
="",32423,,,,,440,="",="2/4/2026 4:56:09.411515875 PM",
="",32435,,,,,440,="",="2/4/2026 4:56:09.454449555 PM",
="",32438,,,,,411,="",="2/4/2026 4:56:09.457680555 PM",
="",32462,,,,,171,="",="2/4/2026 4:56:09.491447230 PM",
="",32469,,,,,171,="",="2/4/2026 4:56:09.496648925 PM",
="",32470,,,,,437,="",="2/4/2026 4:56:09.498590690 PM",
="",32471,,,,,436,="",="2/4/2026 4:56:09.498867240 PM",
="",32472,,,,,411,="",="2/4/2026 4:56:09.499162505 PM",
="",32473,,,,,440,="",="2/4/2026 4:56:09.499397155 PM",
="",32474,,,,,115,="",="2/4/2026 4:56:09.508715500 PM",
="",32482,,,,,411,="",="2/4/2026 4:56:09.522638320 PM",
="",32494,,,,,103,="",="2/4/2026 4:56:09.544901870 PM",
="",32499,,,,,117,="",="2/4/2026 4:56:09.546738580 PM",
="",32500,,,,,117,="",="2/4/2026 4:56:09.546787630 PM",
="",32507,,,,,437,="",="2/4/2026 4:56:09.556040015 PM",
="",32524,,,,,411,="",="2/4/2026 4:56:09.577924615 PM",
="",32525,,,,,229,="",="2/4/2026 4:56:09.578181120 PM",
="",32526,,,,,115,="",="2/4/2026 4:56:09.583514615 PM",
="",32529,,,,,117,="",="2/4/2026 4:56:09.586259030 PM",
="",32537,,,,,411,="",="2/4/2026 4:56:09.591596435 PM",
="",32538,,,,,105,="",="2/4/2026 4:56:09.592033220 PM",
="",32540,,,,,99,="",="2/4/2026 4:56:09.592705995 PM",
="",32543,,,,,177,="",="2/4/2026 4:56:09.593913780 PM",
="",32549,,,,,448,="",="2/4/2026 4:56:09.615875715 PM",
="",32550,,,,,440,="",="2/4/2026 4:56:09.616686390 PM",
="",32559,,,,,171,="",="2/4/2026 4:56:09.625559470 PM",
="",32581,,,,,437,="",="2/4/2026 4:56:09.679779095 PM",
="",32599,,,,,436,="",="2/4/2026 4:56:09.700965140 PM",
="",32603,,,,,437,="",="2/4/2026 4:56:09.703391715 PM",
="",32604,,,,,411,="",="2/4/2026 4:56:09.703941435 PM",
="",32605,,,,,440,="",="2/4/2026 4:56:09.704197900 PM",
="",32608,,,,,117,="",="2/4/2026 4:56:09.706294030 PM",
="",32627,,,,,437,="",="2/4/2026 4:56:09.764057975 PM",
="",32647,,,,,442,="",="2/4/2026 4:56:09.795340320 PM",
="",32648,,,,,448,="",="2/4/2026 4:56:09.795843290 PM",
="",32656,,,,,177,="",="2/4/2026 4:56:09.798512555 PM",
="",32657,,,,,99,="",="2/4/2026 4:56:09.798564975 PM",
="",32665,,,,,436,="",="2/4/2026 4:56:09.803820445 PM",
="",32678,,,,,437,="",="2/4/2026 4:56:09.829236285 PM",
="",32679,,,,,436,="",="2/4/2026 4:56:09.829512875 PM",
="",32680,,,,,411,="",="2/4/2026 4:56:09.829785965 PM",
="",32687,,,,,171,="",="2/4/2026 4:56:09.845882140 PM",
="",32692,,,,,171,="",="2/4/2026 4:56:09.853676100 PM",
="",32723,,,,,411,="",="2/4/2026 4:56:09.894877480 PM",
="",32729,,,,,177,="",="2/4/2026 4:56:09.901780360 PM",
="",32746,,,,,115,="",="2/4/2026 4:56:09.930868955 PM",
="",32747,,,,,99,="",="2/4/2026 4:56:09.931091360 PM",
="",32763,,,,,436,="",="2/4/2026 4:56:09.969155925 PM",
="",32781,,,,,117,="",="2/4/2026 4:56:09.992786340 PM",
="",32790,,,,,442,="",="2/4/2026 4:56:10.000141130 PM",
="",32791,,,,,411,="",="2/4/2026 4:56:10.000461515 PM",
="",32793,,,,,440,="",="2/4/2026 4:56:10.001485615 PM",
="",32794,,,,,105,="",="2/4/2026 4:56:10.002108860 PM",
="",32798,,,,,177,="",="2/4/2026 4:56:10.003525160 PM",
="",32799,,,,,99,="",="2/4/2026 4:56:10.003575715 PM",
="",32806,,,,,117,="",="2/4/2026 4:56:10.006900580 PM",
="",32815,,,,,436,="",="2/4/2026 4:56:10.025414360 PM",
="",32817,,,,,440,="",="2/4/2026 4:56:10.025920425 PM",
="",32851,,,,,437,="",="2/4/2026 4:56:10.099105850 PM",
="",32852,,,,,411,="",="2/4/2026 4:56:10.099655530 PM",
="",32863,,,,,117,="",="2/4/2026 4:56:10.109725830 PM",
="",32867,,,,,411,="",="2/4/2026 4:56:10.111505675 PM",
="",32907,,,,,117,="",="2/4/2026 4:56:10.204976640 PM",
="",32923,,,,,448,="",="2/4/2026 4:56:10.229911385 PM",
="",32928,,,,,437,="",="2/4/2026 4:56:10.238838635 PM",
="",32929,,,,,436,="",="2/4/2026 4:56:10.239132625 PM",
="",32930,,,,,411,="",="2/4/2026 4:56:10.239397125 PM",
="",32943,,,,,440,="",="2/4/2026 4:56:10.280203095 PM",
="",32951,,,,,436,="",="2/4/2026 4:56:10.304203320 PM",
="",32952,,,,,448,="",="2/4/2026 4:56:10.307888755 PM",
="",32953,,,,,411,="",="2/4/2026 4:56:10.308402015 PM",
="",32954,,,,,440,="",="2/4/2026 4:56:10.308658400 PM",
="",32962,,,,,437,="",="2/4/2026 4:56:10.317793810 PM",
="",32992,,,,,99,="",="2/4/2026 4:56:10.409311515 PM",
="",32993,,,,,454,="",="2/4/2026 4:56:10.409529340 PM",
="",32995,,,,,99,="",="2/4/2026 4:56:10.412333815 PM",
="",33016,,,,,436,="",="2/4/2026 4:56:10.481158990 PM",
="",33018,,,,,440,="",="2/4/2026 4:56:10.481671470 PM",
="",33033,,,,,437,="",="2/4/2026 4:56:10.508709125 PM",
="",33037,,,,,440,="",="2/4/2026 4:56:10.512676430 PM",
="",33038,,,,,99,="",="2/4/2026 4:56:10.514039055 PM",
="",33046,,,,,171,="",="2/4/2026 4:56:10.522416150 PM",
="",33081,,,,,440,="",="2/4/2026 4:56:10.623559870 PM",
="",33110,,,,,440,="",="2/4/2026 4:56:10.695285310 PM",
="",33111,,,,,39,="",="2/4/2026 4:56:10.699920410 PM",
="",33144,,,,,437,="",="2/4/2026 4:56:10.788064205 PM",
="",33166,,,,,411,="",="2/4/2026 4:56:10.830383750 PM",
="",33167,,,,,440,="",="2/4/2026 4:56:10.830617150 PM",
="",33226,,,,,436,="",="2/4/2026 4:56:11.028914275 PM",
="",33265,,,,,105,="",="2/4/2026 4:56:11.128190960 PM",
="",33273,,,,,440,="",="2/4/2026 4:56:11.135554605 PM",
="",33328,,,,,99,="",="2/4/2026 4:56:11.333209945 PM",
="",33387,,,,,437,="",="2/4/2026 4:56:11.513412310 PM",
="",33567,,,,,411,="",="2/4/2026 4:56:12.182269430 PM",
="",33585,,,,,436,="",="2/4/2026 4:56:12.229886945 PM",
="",33626,,,,,436,="",="2/4/2026 4:56:12.386785655 PM",
="",33644,,,,,436,="",="2/4/2026 4:56:12.462534130 PM",
="",33667,,,,,436,="",="2/4/2026 4:56:12.532512400 PM",
="",33669,,,,,430,="",="2/4/2026 4:56:12.535825760 PM",
="",33677,,,,,436,="",="2/4/2026 4:56:12.564919310 PM",
="",33686,,,,,431,="",="2/4/2026 4:56:12.589610420 PM",
="",33722,,,,,436,="",="2/4/2026 4:56:12.693987635 PM",
="",33797,,,,,436,="",="2/4/2026 4:56:12.942115080 PM",
="",33798,,,,,411,="",="2/4/2026 4:56:12.942379580 PM",
="",33811,,,,,437,="",="2/4/2026 4:56:12.977958755 PM",
="",33812,,,,,436,="",="2/4/2026 4:56:12.978234705 PM",
="",33813,,,,,411,="",="2/4/2026 4:56:12.978508675 PM",
="",33814,,,,,440,="",="2/4/2026 4:56:12.978765060 PM",
="",33834,,,,,440,="",="2/4/2026 4:56:13.081165205 PM",
="",33839,,,,,436,="",="2/4/2026 4:56:13.103589495 PM",
="",33840,,,,,440,="",="2/4/2026 4:56:13.104099080 PM",
="",33843,,,,,430,="",="2/4/2026 4:56:13.134152435 PM",
="",33848,,,,,434,="",="2/4/2026 4:56:13.140295210 PM",
="",33849,,,,,448,="",="2/4/2026 4:56:13.146611745 PM",
="",33850,,,,,436,="",="2/4/2026 4:56:13.146892505 PM",
="",33851,,,,,411,="",="2/4/2026 4:56:13.147165915 PM",
="",33879,,,,,229,="",="2/4/2026 4:56:13.328302530 PM",
="",33912,,,,,448,="",="2/4/2026 4:56:13.512887715 PM",
="",33915,,,,,440,="",="2/4/2026 4:56:13.513699575 PM",
="",33935,,,,,448,="",="2/4/2026 4:56:13.615287705 PM",
="",33936,,,,,440,="",="2/4/2026 4:56:13.616099180 PM",
="",33991,,,,,436,="",="2/4/2026 4:56:13.969854735 PM",
="",33993,,,,,440,="",="2/4/2026 4:56:13.970361375 PM",
="",34049,,,,,411,="",="2/4/2026 4:56:14.306500770 PM",
="",34051,,,,,411,="",="2/4/2026 4:56:14.309902470 PM",
="",34089,,,,,436,="",="2/4/2026 4:56:14.514244015 PM",
="",34090,,,,,440,="",="2/4/2026 4:56:14.514773210 PM",
="",34122,,,,,436,="",="2/4/2026 4:56:14.719044600 PM",
="",34196,,,,,448,="",="2/4/2026 4:56:15.198354695 PM",
="",34197,,,,,436,="",="2/4/2026 4:56:15.198679910 PM",
="",34198,,,,,440,="",="2/4/2026 4:56:15.199165675 PM",
="",34209,,,,,437,="",="2/4/2026 4:56:15.230900530 PM",
="",34262,,,,,448,="",="2/4/2026 4:56:15.607958250 PM",
="",34275,,,,,436,="",="2/4/2026 4:56:15.637432395 PM",
="",34276,,,,,411,="",="2/4/2026 4:56:15.637696895 PM",
="",34364,,,,,448,="",="2/4/2026 4:56:16.427159235 PM",
="",34365,,,,,436,="",="2/4/2026 4:56:16.427441780 PM",
="",34375,,,,,113,="",="2/4/2026 4:56:16.507705890 PM",
="",34390,,,,,121,="",="2/4/2026 4:56:16.589429060 PM",
="",34392,,,,,117,="",="2/4/2026 4:56:16.594202900 PM",
="",34454,,,,,32,="",="2/4/2026 4:56:17.222311410 PM",
="",34455,,,,,462,="",="2/4/2026 4:56:17.250021395 PM",
="",34661,,,,,28,="",="2/4/2026 4:56:19.175063160 PM",
="",34667,,,,,55,="",="2/4/2026 4:56:19.261750660 PM",
="",34750,,,,,82,="",="2/4/2026 4:56:19.937225910 PM",
="",34815,,,,,483,="",="2/4/2026 4:56:20.521969100 PM",
="",34828,,,,,117,="",="2/4/2026 4:56:20.609272945 PM",
="",34834,,,,,229,="",="2/4/2026 4:56:20.610223890 PM",
="",34836,,,,,545,="",="2/4/2026 4:56:20.610579560 PM",
="",34854,,,,,29,="",="2/4/2026 4:56:20.648742285 PM",
="",34879,,,,,117,="",="2/4/2026 4:56:20.714597925 PM",
="",34886,,,,,308,="",="2/4/2026 4:56:20.720696020 PM",
="",34888,,,,,105,="",="2/4/2026 4:56:20.721586380 PM",
="",34891,,,,,105,="",="2/4/2026 4:56:20.722368575 PM",
="",34894,,,,,189,="",="2/4/2026 4:56:20.723049140 PM",
="",34899,,,,,462,="",="2/4/2026 4:56:20.733267190 PM",
="",34904,,,,,105,="",="2/4/2026 4:56:20.738934235 PM",
="",34936,,,,,229,="",="2/4/2026 4:56:21.003657735 PM",
="",34967,,,,,454,="",="2/4/2026 4:56:21.207484310 PM",
="",34996,,,,,117,="",="2/4/2026 4:56:21.354811315 PM",
="",34998,,,,,99,="",="2/4/2026 4:56:21.356721725 PM",
="",35024,,,,,117,="",="2/4/2026 4:56:21.513040960 PM",
="",35028,,,,,117,="",="2/4/2026 4:56:21.516088900 PM",
="",35029,,,,,498,="",="2/4/2026 4:56:21.526487860 PM",
="",35032,,,,,117,="",="2/4/2026 4:56:21.538151215 PM",
="",35040,,,,,117,="",="2/4/2026 4:56:21.554138515 PM",
="",35042,,,,,117,="",="2/4/2026 4:56:21.554909725 PM",
="",35048,,,,,117,="",="2/4/2026 4:56:21.557756110 PM",
="",35050,,,,,117,="",="2/4/2026 4:56:21.558636110 PM",
="",35052,,,,,117,="",="2/4/2026 4:56:21.559442335 PM",
="",35054,,,,,117,="",="2/4/2026 4:56:21.560843505 PM",
="",35056,,,,,117,="",="2/4/2026 4:56:21.561542725 PM",
="",35059,,,,,117,="",="2/4/2026 4:56:21.562439980 PM",
="",35062,,,,,117,="",="2/4/2026 4:56:21.564681590 PM",
="",35065,,,,,117,="",="2/4/2026 4:56:21.566241835 PM",
="",35067,,,,,117,="",="2/4/2026 4:56:21.566930120 PM",
="",35071,,,,,117,="",="2/4/2026 4:56:21.568510100 PM",
="",35073,,,,,117,="",="2/4/2026 4:56:21.569380635 PM",
="",35075,,,,,117,="",="2/4/2026 4:56:21.570734430 PM",
="",35077,,,,,117,="",="2/4/2026 4:56:21.571388420 PM",
="",35079,,,,,117,="",="2/4/2026 4:56:21.572186510 PM",
="",35081,,,,,117,="",="2/4/2026 4:56:21.572939385 PM",
="",35083,,,,,117,="",="2/4/2026 4:56:21.573647965 PM",
="",35085,,,,,117,="",="2/4/2026 4:56:21.574392280 PM",
="",35087,,,,,117,="",="2/4/2026 4:56:21.575154435 PM",
="",35091,,,,,117,="",="2/4/2026 4:56:21.576588795 PM",
="",35093,,,,,117,="",="2/4/2026 4:56:21.577332895 PM",
="",35095,,,,,117,="",="2/4/2026 4:56:21.577951045 PM",
="",35097,,,,,117,="",="2/4/2026 4:56:21.580649075 PM",
="",35104,,,,,117,="",="2/4/2026 4:56:21.596877000 PM",
="",35106,,,,,117,="",="2/4/2026 4:56:21.597963290 PM",
="",35110,,,,,117,="",="2/4/2026 4:56:21.602773780 PM",
="",35112,,,,,117,="",="2/4/2026 4:56:21.603715450 PM",
="",35114,,,,,117,="",="2/4/2026 4:56:21.604558635 PM",
="",35116,,,,,117,="",="2/4/2026 4:56:21.605707555 PM",
="",35118,,,,,117,="",="2/4/2026 4:56:21.606316970 PM",
="",35120,,,,,117,="",="2/4/2026 4:56:21.607637285 PM",
="",35122,,,,,117,="",="2/4/2026 4:56:21.608291275 PM",
="",35123,,,,,117,="",="2/4/2026 4:56:21.609112500 PM",
="",35132,,,,,117,="",="2/4/2026 4:56:21.626243145 PM",
="",35134,,,,,117,="",="2/4/2026 4:56:21.626995180 PM",
="",35137,,,,,117,="",="2/4/2026 4:56:21.628492130 PM",
="",35140,,,,,117,="",="2/4/2026 4:56:21.630553065 PM",
="",35142,,,,,117,="",="2/4/2026 4:56:21.631300460 PM",
="",35146,,,,,117,="",="2/4/2026 4:56:21.633277765 PM",
="",35148,,,,,117,="",="2/4/2026 4:56:21.634137805 PM",
="",35150,,,,,117,="",="2/4/2026 4:56:21.634710605 PM",
="",35152,,,,,117,="",="2/4/2026 4:56:21.635383155 PM",
="",35154,,,,,117,="",="2/4/2026 4:56:21.636082375 PM",
="",35156,,,,,117,="",="2/4/2026 4:56:21.636867970 PM",
="",35169,,,,,117,="",="2/4/2026 4:56:21.654640780 PM",
="",35171,,,,,117,="",="2/4/2026 4:56:21.657062025 PM",
="",35188,,,,,35,="",="2/4/2026 4:56:21.709484660 PM",
="",35200,,,,,99,="",="2/4/2026 4:56:21.757034175 PM",
="",35201,,,,,117,="",="2/4/2026 4:56:21.757269210 PM",
="",35204,,,,,117,="",="2/4/2026 4:56:21.758538095 PM",
="",35207,,,,,117,="",="2/4/2026 4:56:21.772408565 PM",
="",35212,,,,,375,="",="2/4/2026 4:56:21.792310930 PM",
="",35218,,,,,117,="",="2/4/2026 4:56:21.822925370 PM",
="",35240,,,,,316,="",="2/4/2026 4:56:21.894857705 PM",
="",35246,,,,,213,="",="2/4/2026 4:56:21.929096745 PM",
="",35249,,,,,229,="",="2/4/2026 4:56:21.938218255 PM",
="",35251,,,,,117,="",="2/4/2026 4:56:21.943390820 PM",
="",35253,,,,,117,="",="2/4/2026 4:56:21.944052505 PM",
="",35255,,,,,398,="",="2/4/2026 4:56:21.944878350 PM",
="",35261,,,,,117,="",="2/4/2026 4:56:21.953631975 PM",
="",35265,,,,,117,="",="2/4/2026 4:56:21.957381335 PM",
="",35266,,,,,99,="",="2/4/2026 4:56:21.957795410 PM",
="",35283,,,,,117,="",="2/4/2026 4:56:22.020547500 PM",
="",35288,,,,,117,="",="2/4/2026 4:56:22.050729070 PM",
="",35295,,,,,229,="",="2/4/2026 4:56:22.084859510 PM",
="",35302,,,,,229,="",="2/4/2026 4:56:22.099513080 PM",
="",35308,,,,,316,="",="2/4/2026 4:56:22.148804030 PM",
="",35352,,,,,99,="",="2/4/2026 4:56:22.311846775 PM",
="",35355,,,,,117,="",="2/4/2026 4:56:22.356299325 PM",
="",35367,,,,,57,="",="2/4/2026 4:56:22.395211160 PM",
="",35393,,,,,229,="",="2/4/2026 4:56:22.500413680 PM",
="",35398,,,,,229,="",="2/4/2026 4:56:22.515259995 PM",
="",35410,,,,,117,="",="2/4/2026 4:56:22.555473585 PM",
="",35411,,,,,117,="",="2/4/2026 4:56:22.556269850 PM",
="",35414,,,,,117,="",="2/4/2026 4:56:22.557545615 PM",
="",35421,,,,,117,="",="2/4/2026 4:56:22.578879070 PM",
="",35424,,,,,117,="",="2/4/2026 4:56:22.599470970 PM",
="",35432,,,,,117,="",="2/4/2026 4:56:22.624048135 PM",
="",35454,,,,,117,="",="2/4/2026 4:56:22.687831635 PM",
="",35456,,,,,117,="",="2/4/2026 4:56:22.688611270 PM",
="",35458,,,,,117,="",="2/4/2026 4:56:22.689311090 PM",
="",35461,,,,,229,="",="2/4/2026 4:56:22.690956535 PM",
="",35464,,,,,398,="",="2/4/2026 4:56:22.714333095 PM",
="",35465,,,,,117,="",="2/4/2026 4:56:22.714978505 PM",
="",35471,,,,,117,="",="2/4/2026 4:56:22.752786135 PM",
="",35474,,,,,117,="",="2/4/2026 4:56:22.755126710 PM",
="",35475,,,,,117,="",="2/4/2026 4:56:22.755934335 PM",
="",35493,,,,,515,="",="2/4/2026 4:56:22.856112110 PM",
="",35494,,,,,29,="",="2/4/2026 4:56:22.860629035 PM",
="",35495,,,,,27,="",="2/4/2026 4:56:22.861669035 PM",
="",35533,,,,,229,="",="2/4/2026 4:56:23.030195475 PM",
="",35544,,,,,117,="",="2/4/2026 4:56:23.066758255 PM",
="",35558,,,,,462,="",="2/4/2026 4:56:23.086594110 PM",
="",35566,,,,,211,="",="2/4/2026 4:56:23.130849530 PM",
="",35571,,,,,375,="",="2/4/2026 4:56:23.173039285 PM",
="",35626,,,,,117,="",="2/4/2026 4:56:23.420480215 PM",
="",35628,,,,,117,="",="2/4/2026 4:56:23.421395630 PM",
="",35629,,,,,117,="",="2/4/2026 4:56:23.423128325 PM",
="",35631,,,,,117,="",="2/4/2026 4:56:23.423995005 PM",
="",35633,,,,,117,="",="2/4/2026 4:56:23.424729825 PM",
="",35635,,,,,117,="",="2/4/2026 4:56:23.425513195 PM",
="",35657,,,,,36,="",="2/4/2026 4:56:23.530909910 PM",
="",35661,,,,,117,="",="2/4/2026 4:56:23.534184265 PM",
="",35666,,,,,117,="",="2/4/2026 4:56:23.554623450 PM",
="",35673,,,,,117,="",="2/4/2026 4:56:23.567931480 PM",
="",35675,,,,,117,="",="2/4/2026 4:56:23.568723290 PM",
="",35677,,,,,117,="",="2/4/2026 4:56:23.569448510 PM",
="",35679,,,,,117,="",="2/4/2026 4:56:23.570570735 PM",
="",35681,,,,,117,="",="2/4/2026 4:56:23.571314730 PM",
="",35689,,,,,117,="",="2/4/2026 4:56:23.574228265 PM",
="",35692,,,,,117,="",="2/4/2026 4:56:23.575739175 PM",
="",35694,,,,,117,="",="2/4/2026 4:56:23.576721380 PM",
="",35701,,,,,117,="",="2/4/2026 4:56:23.582427245 PM",
="",35710,,,,,483,="",="2/4/2026 4:56:23.591248050 PM",
="",35714,,,,,117,="",="2/4/2026 4:56:23.597005160 PM",
="",35717,,,,,117,="",="2/4/2026 4:56:23.600837710 PM",
="",35723,,,,,99,="",="2/4/2026 4:56:23.632364625 PM",
="",35731,,,,,99,="",="2/4/2026 4:56:23.657460400 PM",
="",35732,,,,,117,="",="2/4/2026 4:56:23.659424850 PM",
="",35742,,,,,117,="",="2/4/2026 4:56:23.686215730 PM",
="",35744,,,,,117,="",="2/4/2026 4:56:23.687026380 PM",
="",35772,,,,,117,="",="2/4/2026 4:56:23.768132390 PM",
="",35785,,,,,99,="",="2/4/2026 4:56:23.822043595 PM",
="",35793,,,,,483,="",="2/4/2026 4:56:23.852835670 PM",
="",35801,,,,,117,="",="2/4/2026 4:56:23.875908275 PM",
="",35810,,,,,99,="",="2/4/2026 4:56:23.896633195 PM",
="",35816,,,,,213,="",="2/4/2026 4:56:23.929137165 PM",
="",35818,,,,,117,="",="2/4/2026 4:56:23.938046845 PM",
="",35825,,,,,117,="",="2/4/2026 4:56:23.952998590 PM",
="",35830,,,,,117,="",="2/4/2026 4:56:23.956488205 PM",
="",35832,,,,,117,="",="2/4/2026 4:56:23.957446610 PM",
="",35834,,,,,117,="",="2/4/2026 4:56:23.958350825 PM",
="",35836,,,,,117,="",="2/4/2026 4:56:23.959343245 PM",
="",35844,,,,,481,="",="2/4/2026 4:56:23.997900375 PM",
="",35854,,,,,117,="",="2/4/2026 4:56:24.019214965 PM",
="",35855,,,,,99,="",="2/4/2026 4:56:24.019720270 PM",
="",35857,,,,,99,="",="2/4/2026 4:56:24.021380040 PM",
="",35858,,,,,117,="",="2/4/2026 4:56:24.022675645 PM",
="",35860,,,,,117,="",="2/4/2026 4:56:24.023974225 PM",
="",35861,,,,,99,="",="2/4/2026 4:56:24.025119040 PM",
="",35866,,,,,117,="",="2/4/2026 4:56:24.047375015 PM",
="",35873,,,,,117,="",="2/4/2026 4:56:24.087487860 PM",
="",35875,,,,,117,="",="2/4/2026 4:56:24.088185745 PM",
="",35898,,,,,117,="",="2/4/2026 4:56:24.155932615 PM",
="",35907,,,,,117,="",="2/4/2026 4:56:24.200613030 PM",
="",35912,,,,,117,="",="2/4/2026 4:56:24.219090925 PM",
="",35915,,,,,117,="",="2/4/2026 4:56:24.221014560 PM",
="",35917,,,,,117,="",="2/4/2026 4:56:24.221676965 PM",
="",35919,,,,,117,="",="2/4/2026 4:56:24.222721760 PM",
="",35921,,,,,117,="",="2/4/2026 4:56:24.223541730 PM",
="",35923,,,,,117,="",="2/4/2026 4:56:24.224830670 PM",
="",35930,,,,,117,="",="2/4/2026 4:56:24.246359880 PM",
="",35936,,,,,481,="",="2/4/2026 4:56:24.272078520 PM",
="",35952,,,,,29,="",="2/4/2026 4:56:24.335220285 PM",
="",35957,,,,,117,="",="2/4/2026 4:56:24.354926345 PM",
="",35962,,,,,117,="",="2/4/2026 4:56:24.370460735 PM",
="",35965,,,,,117,="",="2/4/2026 4:56:24.379538590 PM",
="",35966,,,,,515,="",="2/4/2026 4:56:24.387644540 PM",
="",35986,,,,,117,="",="2/4/2026 4:56:24.487488110 PM",
="",35990,,,,,117,="",="2/4/2026 4:56:24.488931070 PM",
="",35992,,,,,117,="",="2/4/2026 4:56:24.489799550 PM",
="",36011,,,,,117,="",="2/4/2026 4:56:24.558594630 PM",
="",36020,,,,,117,="",="2/4/2026 4:56:24.599110705 PM",
="",36033,,,,,117,="",="2/4/2026 4:56:24.621323200 PM",
="",36035,,,,,117,="",="2/4/2026 4:56:24.622157545 PM",
="",36040,,,,,117,="",="2/4/2026 4:56:24.625614105 PM",
="",36056,,,,,483,="",="2/4/2026 4:56:24.686583700 PM",
="",36061,,,,,213,="",="2/4/2026 4:56:24.701846555 PM",
="",36070,,,,,105,="",="2/4/2026 4:56:24.712571665 PM",
="",36102,,,,,117,="",="2/4/2026 4:56:24.744221695 PM",
="",36104,,,,,375,="",="2/4/2026 4:56:24.753037115 PM",
="",36105,,,,,398,="",="2/4/2026 4:56:24.753453165 PM",
="",36106,,,,,105,="",="2/4/2026 4:56:24.753918445 PM",
="",36109,,,,,105,="",="2/4/2026 4:56:24.754605730 PM",
="",36111,,,,,117,="",="2/4/2026 4:56:24.754992420 PM",
="",36116,,,,,117,="",="2/4/2026 4:56:24.756407840 PM",
="",36121,,,,,105,="",="2/4/2026 4:56:24.757967700 PM",
="",36128,,,,,117,="",="2/4/2026 4:56:24.778429820 PM",
="",36145,,,,,483,="",="2/4/2026 4:56:24.823037950 PM",
="",36168,,,,,105,="",="2/4/2026 4:56:24.845046505 PM",
="",36170,,,,,117,="",="2/4/2026 4:56:24.845179995 PM",
="",36171,,,,,117,="",="2/4/2026 4:56:24.845228340 PM",
="",36197,,,,,375,="",="2/4/2026 4:56:24.855438470 PM",
="",36211,,,,,105,="",="2/4/2026 4:56:24.898370000 PM",
="",36228,,,,,117,="",="2/4/2026 4:56:24.955060505 PM",
="",36231,,,,,117,="",="2/4/2026 4:56:24.955705735 PM",
="",36238,,,,,99,="",="2/4/2026 4:56:24.978197125 PM",
="",36258,,,,,387,="",="2/4/2026 4:56:25.022791725 PM",
="",36259,,,,,117,="",="2/4/2026 4:56:25.023260195 PM",
="",36268,,,,,375,="",="2/4/2026 4:56:25.060243965 PM",
="",36270,,,,,117,="",="2/4/2026 4:56:25.061167675 PM",
="",36271,,,,,105,="",="2/4/2026 4:56:25.065209205 PM",
="",36277,,,,,29,="",="2/4/2026 4:56:25.072515785 PM",
="",36284,,,,,117,="",="2/4/2026 4:56:25.086598595 PM",
="",36298,,,,,117,="",="2/4/2026 4:56:25.092342315 PM",
="",36299,,,,,117,="",="2/4/2026 4:56:25.105372695 PM",
="",36317,,,,,38,="",="2/4/2026 4:56:25.148101410 PM",
="",36332,,,,,117,="",="2/4/2026 4:56:25.156810220 PM",
="",36334,,,,,117,="",="2/4/2026 4:56:25.157505945 PM",
="",36337,,,,,117,="",="2/4/2026 4:56:25.178320135 PM",
="",36349,,,,,117,="",="2/4/2026 4:56:25.219824050 PM",
="",36351,,,,,117,="",="2/4/2026 4:56:25.220432825 PM",
="",36373,,,,,117,="",="2/4/2026 4:56:25.245201600 PM",
="",36375,,,,,117,="",="2/4/2026 4:56:25.266105940 PM",
="",36376,,,,,316,="",="2/4/2026 4:56:25.273560570 PM",
="",36420,,,,,117,="",="2/4/2026 4:56:25.345763095 PM",
="",36433,,,,,213,="",="2/4/2026 4:56:25.357617310 PM",
="",36438,,,,,462,="",="2/4/2026 4:56:25.368696200 PM",
="",36443,,,,,117,="",="2/4/2026 4:56:25.377441175 PM",
="",36451,,,,,117,="",="2/4/2026 4:56:25.420828225 PM",
="",36453,,,,,117,="",="2/4/2026 4:56:25.421870900 PM",
="",36457,,,,,105,="",="2/4/2026 4:56:25.423932355 PM",
="",36460,,,,,375,="",="2/4/2026 4:56:25.425857675 PM",
="",36461,,,,,398,="",="2/4/2026 4:56:25.426271405 PM",
="",36464,,,,,213,="",="2/4/2026 4:56:25.429237200 PM",
="",36466,,,,,315,="",="2/4/2026 4:56:25.430439310 PM",
="",36477,,,,,375,="",="2/4/2026 4:56:25.470526010 PM",
="",36478,,,,,316,="",="2/4/2026 4:56:25.478361935 PM",
="",36479,,,,,398,="",="2/4/2026 4:56:25.479152120 PM",
="",36481,,,,,117,="",="2/4/2026 4:56:25.485380655 PM",
="",36483,,,,,117,="",="2/4/2026 4:56:25.486483560 PM",
="",36487,,,,,117,="",="2/4/2026 4:56:25.487810300 PM",
="",36489,,,,,117,="",="2/4/2026 4:56:25.489310050 PM",
="",36491,,,,,117,="",="2/4/2026 4:56:25.490081580 PM",
="",36493,,,,,117,="",="2/4/2026 4:56:25.490643845 PM",
="",36499,,,,,117,="",="2/4/2026 4:56:25.510896010 PM",
="",36506,,,,,117,="",="2/4/2026 4:56:25.533751375 PM",
="",36508,,,,,117,="",="2/4/2026 4:56:25.536076710 PM",
="",36525,,,,,117,="",="2/4/2026 4:56:25.556390975 PM",
="",36531,,,,,105,="",="2/4/2026 4:56:25.558485240 PM",
="",36534,,,,,105,="",="2/4/2026 4:56:25.559133310 PM",
="",36536,,,,,117,="",="2/4/2026 4:56:25.559376500 PM",
="",36539,,,,,121,="",="2/4/2026 4:56:25.560097475 PM",
="",36556,,,,,117,="",="2/4/2026 4:56:25.565626265 PM",
="",36560,,,,,117,="",="2/4/2026 4:56:25.566958265 PM",
="",36563,,,,,117,="",="2/4/2026 4:56:25.567705520 PM",
="",36567,,,,,117,="",="2/4/2026 4:56:25.569141440 PM",
="",36573,,,,,117,="",="2/4/2026 4:56:25.571837245 PM",
="",36575,,,,,117,="",="2/4/2026 4:56:25.573774655 PM",
="",36578,,,,,117,="",="2/4/2026 4:56:25.574523450 PM",
="",36580,,,,,117,="",="2/4/2026 4:56:25.575180320 PM",
="",36582,,,,,117,="",="2/4/2026 4:56:25.575870365 PM",
="",36591,,,,,105,="",="2/4/2026 4:56:25.579521855 PM",
="",36594,,,,,105,="",="2/4/2026 4:56:25.580389135 PM",
="",36597,,,,,375,="",="2/4/2026 4:56:25.581136480 PM",
="",36598,,,,,398,="",="2/4/2026 4:56:25.581550130 PM",
="",36608,,,,,117,="",="2/4/2026 4:56:25.588291980 PM",
="",36610,,,,,105,="",="2/4/2026 4:56:25.589128500 PM",
="",36614,,,,,117,="",="2/4/2026 4:56:25.590941610 PM",
="",36616,,,,,117,="",="2/4/2026 4:56:25.591874720 PM",
="",36618,,,,,117,="",="2/4/2026 4:56:25.592870580 PM",
="",36620,,,,,117,="",="2/4/2026 4:56:25.593866945 PM",
="",36622,,,,,117,="",="2/4/2026 4:56:25.594606500 PM",
="",36627,,,,,117,="",="2/4/2026 4:56:25.596379155 PM",
="",36629,,,,,117,="",="2/4/2026 4:56:25.597312065 PM",
="",36633,,,,,117,="",="2/4/2026 4:56:25.599079240 PM",
="",36635,,,,,117,="",="2/4/2026 4:56:25.600012150 PM",
="",36636,,,,,105,="",="2/4/2026 4:56:25.600677700 PM",
="",36638,,,,,117,="",="2/4/2026 4:56:25.600972355 PM",
="",36647,,,,,117,="",="2/4/2026 4:56:25.616425990 PM",
="",36653,,,,,117,="",="2/4/2026 4:56:25.622231685 PM",
="",36657,,,,,105,="",="2/4/2026 4:56:25.623872495 PM",
="",36659,,,,,117,="",="2/4/2026 4:56:25.624118725 PM",
="",36664,,,,,117,="",="2/4/2026 4:56:25.625601455 PM",
="",36665,,,,,105,="",="2/4/2026 4:56:25.625980605 PM",
="",36674,,,,,105,="",="2/4/2026 4:56:25.628802950 PM",
="",36677,,,,,105,="",="2/4/2026 4:56:25.629510690 PM",
="",36680,,,,,105,="",="2/4/2026 4:56:25.630173360 PM",
="",36687,,,,,465,="",="2/4/2026 4:56:25.632979220 PM",
="",36689,,,,,388,="",="2/4/2026 4:56:25.633560565 PM",
="",36692,,,,,105,="",="2/4/2026 4:56:25.634157225 PM",
="",36700,,,,,105,="",="2/4/2026 4:56:25.635996350 PM",
="",36703,,,,,105,="",="2/4/2026 4:56:25.636683635 PM",
="",36706,,,,,117,="",="2/4/2026 4:56:25.637700775 PM",
="",36708,,,,,117,="",="2/4/2026 4:56:25.638498745 PM",
="",36710,,,,,99,="",="2/4/2026 4:56:25.640683995 PM",
="",36713,,,,,99,="",="2/4/2026 4:56:25.649325875 PM",
="",36718,,,,,117,="",="2/4/2026 4:56:25.652442845 PM",
="",36721,,,,,117,="",="2/4/2026 4:56:25.653184030 PM",
="",36723,,,,,105,="",="2/4/2026 4:56:25.653663715 PM",
="",36726,,,,,105,="",="2/4/2026 4:56:25.654479925 PM",
="",36728,,,,,117,="",="2/4/2026 4:56:25.654774140 PM",
="",36729,,,,,105,="",="2/4/2026 4:56:25.655403635 PM",
="",36737,,,,,117,="",="2/4/2026 4:56:25.657047890 PM",
="",36741,,,,,117,="",="2/4/2026 4:56:25.657806040 PM",
="",36743,,,,,105,="",="2/4/2026 4:56:25.658197365 PM",
="",36747,,,,,105,="",="2/4/2026 4:56:25.659969980 PM",
="",36750,,,,,105,="",="2/4/2026 4:56:25.660668985 PM",
="",36753,,,,,105,="",="2/4/2026 4:56:25.661386085 PM",
="",36757,,,,,117,="",="2/4/2026 4:56:25.662353170 PM",
="",36759,,,,,117,="",="2/4/2026 4:56:25.666673530 PM",
="",36767,,,,,117,="",="2/4/2026 4:56:25.689405370 PM",
="",36771,,,,,117,="",="2/4/2026 4:56:25.691939340 PM",
="",36773,,,,,117,="",="2/4/2026 4:56:25.713006355 PM",
="",36785,,,,,117,="",="2/4/2026 4:56:25.752393580 PM",
="",36787,,,,,117,="",="2/4/2026 4:56:25.753371705 PM",
="",36789,,,,,117,="",="2/4/2026 4:56:25.755305035 PM",
="",36792,,,,,117,="",="2/4/2026 4:56:25.756476520 PM",
="",36794,,,,,117,="",="2/4/2026 4:56:25.756851205 PM",
="",36804,,,,,117,="",="2/4/2026 4:56:25.779896000 PM",
="",36805,,,,,375,="",="2/4/2026 4:56:25.785938030 PM",
="",36811,,,,,117,="",="2/4/2026 4:56:25.819182645 PM",
="",36812,,,,,117,="",="2/4/2026 4:56:25.819281215 PM",
="",36830,,,,,105,="",="2/4/2026 4:56:25.826318015 PM",
="",36845,,,,,117,="",="2/4/2026 4:56:25.855200900 PM",
="",36852,,,,,117,="",="2/4/2026 4:56:25.885571025 PM",
="",36854,,,,,117,="",="2/4/2026 4:56:25.886324860 PM",
="",36856,,,,,117,="",="2/4/2026 4:56:25.887104990 PM",
="",36858,,,,,117,="",="2/4/2026 4:56:25.888051620 PM",
="",36861,,,,,117,="",="2/4/2026 4:56:25.889762620 PM",
="",36870,,,,,213,="",="2/4/2026 4:56:25.929180990 PM",
="",36885,,,,,117,="",="2/4/2026 4:56:25.952612315 PM",
="",36889,,,,,117,="",="2/4/2026 4:56:25.954091490 PM",
="",36894,,,,,117,="",="2/4/2026 4:56:25.956269405 PM",
="",36895,,,,,105,="",="2/4/2026 4:56:25.956602140 PM",
="",36913,,,,,117,="",="2/4/2026 4:56:26.004566800 PM",
="",36928,,,,,117,="",="2/4/2026 4:56:26.024334715 PM",
="",36940,,,,,99,="",="2/4/2026 4:56:26.061839560 PM",
="",36945,,,,,117,="",="2/4/2026 4:56:26.085772240 PM",
="",36947,,,,,117,="",="2/4/2026 4:56:26.086570210 PM",
="",36949,,,,,117,="",="2/4/2026 4:56:26.087439890 PM",
="",36963,,,,,113,="",="2/4/2026 4:56:26.119788910 PM",
="",36964,,,,,113,="",="2/4/2026 4:56:26.120432685 PM",
="",36965,,,,,113,="",="2/4/2026 4:56:26.121227030 PM",
="",36966,,,,,113,="",="2/4/2026 4:56:26.121465320 PM",
="",36975,,,,,99,="",="2/4/2026 4:56:26.153758575 PM",
="",36978,,,,,462,="",="2/4/2026 4:56:26.159042415 PM",
="",36982,,,,,117,="",="2/4/2026 4:56:26.179316650 PM",
="",36988,,,,,117,="",="2/4/2026 4:56:26.219194630 PM",
="",36990,,,,,117,="",="2/4/2026 4:56:26.220038575 PM",
="",36998,,,,,117,="",="2/4/2026 4:56:26.223012380 PM",
="",37003,,,,,117,="",="2/4/2026 4:56:26.224738340 PM",
="",37005,,,,,117,="",="2/4/2026 4:56:26.246121530 PM",
="",37016,,,,,375,="",="2/4/2026 4:56:26.289799055 PM",
="",37029,,,,,117,="",="2/4/2026 4:56:26.352399430 PM",
="",37031,,,,,117,="",="2/4/2026 4:56:26.353197400 PM",
="",37032,,,,,99,="",="2/4/2026 4:56:26.353748000 PM",
="",37045,,,,,109,="",="2/4/2026 4:56:26.418866915 PM",
="",37047,,,,,117,="",="2/4/2026 4:56:26.419944515 PM",
="",37049,,,,,117,="",="2/4/2026 4:56:26.420823010 PM",
="",37052,,,,,117,="",="2/4/2026 4:56:26.422237315 PM",
="",37054,,,,,117,="",="2/4/2026 4:56:26.423384795 PM",
="",37055,,,,,99,="",="2/4/2026 4:56:26.423908820 PM",
="",37056,,,,,117,="",="2/4/2026 4:56:26.424044385 PM",
="",37057,,,,,213,="",="2/4/2026 4:56:26.429160755 PM",
="",37059,,,,,117,="",="2/4/2026 4:56:26.445007275 PM",
="",37074,,,,,462,="",="2/4/2026 4:56:26.467138930 PM",
="",37086,,,,,117,="",="2/4/2026 4:56:26.552075765 PM",
="",37094,,,,,117,="",="2/4/2026 4:56:26.555910955 PM",
="",37098,,,,,105,="",="2/4/2026 4:56:26.557620795 PM",
="",37112,,,,,117,="",="2/4/2026 4:56:26.598910585 PM",
="",37113,,,,,32,="",="2/4/2026 4:56:26.609104660 PM",
="",37114,,,,,105,="",="2/4/2026 4:56:26.618661780 PM",
="",37116,,,,,117,="",="2/4/2026 4:56:26.618955620 PM",
="",37118,,,,,117,="",="2/4/2026 4:56:26.622088445 PM",
="",37119,,,,,105,="",="2/4/2026 4:56:26.622556440 PM",
="",37120,,,,,105,="",="2/4/2026 4:56:26.623222310 PM",
="",37122,,,,,105,="",="2/4/2026 4:56:26.624145900 PM",
="",37124,,,,,117,="",="2/4/2026 4:56:26.624352875 PM",
="",37126,,,,,117,="",="2/4/2026 4:56:26.625123345 PM",
="",37127,,,,,105,="",="2/4/2026 4:56:26.625571405 PM",
="",37129,,,,,117,="",="2/4/2026 4:56:26.645972430 PM",
="",37148,,,,,117,="",="2/4/2026 4:56:26.687273595 PM",
="",37150,,,,,117,="",="2/4/2026 4:56:26.688071460 PM",
="",37165,,,,,117,="",="2/4/2026 4:56:26.752863205 PM",
="",37167,,,,,117,="",="2/4/2026 4:56:26.753553545 PM",
="",37169,,,,,117,="",="2/4/2026 4:56:26.754423945 PM",
="",37173,,,,,117,="",="2/4/2026 4:56:26.755955375 PM",
="",37199,,,,,117,="",="2/4/2026 4:56:26.821776490 PM",
="",37202,,,,,117,="",="2/4/2026 4:56:26.823741355 PM",
="",37218,,,,,170,="",="2/4/2026 4:56:26.879315870 PM",
="",37226,,,,,117,="",="2/4/2026 4:56:26.890839210 PM",
="",37230,,,,,117,="",="2/4/2026 4:56:26.951829275 PM",
="",37232,,,,,117,="",="2/4/2026 4:56:26.952744690 PM",
="",37234,,,,,117,="",="2/4/2026 4:56:26.953596210 PM",
="",37238,,,,,117,="",="2/4/2026 4:56:26.955052650 PM",
="",37253,,,,,387,="",="2/4/2026 4:56:26.968411755 PM",
="",37254,,,,,440,="",="2/4/2026 4:56:26.968892835 PM",
="",37267,,,,,117,="",="2/4/2026 4:56:27.020749505 PM",
="",37269,,,,,117,="",="2/4/2026 4:56:27.021485740 PM",
="",37273,,,,,117,="",="2/4/2026 4:56:27.023169725 PM",
="",37286,,,,,117,="",="2/4/2026 4:56:27.067832465 PM",
="",37293,,,,,462,="",="2/4/2026 4:56:27.080511915 PM",
="",37298,,,,,99,="",="2/4/2026 4:56:27.088658070 PM",
="",37309,,,,,398,="",="2/4/2026 4:56:27.108689470 PM",
="",37312,,,,,117,="",="2/4/2026 4:56:27.132837675 PM",
="",37319,,,,,117,="",="2/4/2026 4:56:27.154165195 PM",
="",37321,,,,,117,="",="2/4/2026 4:56:27.154848400 PM",
="",37342,,,,,117,="",="2/4/2026 4:56:27.178078075 PM",
="",37347,,,,,117,="",="2/4/2026 4:56:27.198851410 PM",
="",37358,,,,,117,="",="2/4/2026 4:56:27.222175690 PM",
="",37361,,,,,117,="",="2/4/2026 4:56:27.225306915 PM",
="",37367,,,,,117,="",="2/4/2026 4:56:27.268814370 PM",
="",37381,,,,,117,="",="2/4/2026 4:56:27.287482180 PM",
="",37382,,,,,117,="",="2/4/2026 4:56:27.288154385 PM",
="",37384,,,,,117,="",="2/4/2026 4:56:27.288876645 PM",
="",37388,,,,,117,="",="2/4/2026 4:56:27.290738865 PM",
="",37393,,,,,117,="",="2/4/2026 4:56:27.311272015 PM",
="",37395,,,,,375,="",="2/4/2026 4:56:27.321948140 PM",
="",37398,,,,,117,="",="2/4/2026 4:56:27.352641785 PM",
="",37400,,,,,117,="",="2/4/2026 4:56:27.353386485 PM",
="",37402,,,,,117,="",="2/4/2026 4:56:27.354158375 PM",
="",37425,,,,,117,="",="2/4/2026 4:56:27.408304020 PM",
="",37434,,,,,123,="",="2/4/2026 4:56:27.419638640 PM",
="",37447,,,,,117,="",="2/4/2026 4:56:27.423906470 PM",
="",37454,,,,,117,="",="2/4/2026 4:56:27.446369395 PM",
="",37455,,,,,454,="",="2/4/2026 4:56:27.453279150 PM",
="",37470,,,,,117,="",="2/4/2026 4:56:27.485271765 PM",
="",37473,,,,,117,="",="2/4/2026 4:56:27.487300045 PM",
="",37475,,,,,117,="",="2/4/2026 4:56:27.488017585 PM",
="",37489,,,,,117,="",="2/4/2026 4:56:27.511267155 PM",
="",37498,,,,,117,="",="2/4/2026 4:56:27.554022080 PM",
="",37500,,,,,117,="",="2/4/2026 4:56:27.554703245 PM",
="",37503,,,,,117,="",="2/4/2026 4:56:27.555680650 PM",
="",37507,,,,,117,="",="2/4/2026 4:56:27.557751705 PM",
="",37509,,,,,117,="",="2/4/2026 4:56:27.558441845 PM",
="",37511,,,,,117,="",="2/4/2026 4:56:27.559140850 PM",
="",37513,,,,,117,="",="2/4/2026 4:56:27.559993570 PM",
="",37517,,,,,117,="",="2/4/2026 4:56:27.562369560 PM",
="",37519,,,,,117,="",="2/4/2026 4:56:27.563095740 PM",
="",37522,,,,,117,="",="2/4/2026 4:56:27.567722020 PM",
="",37527,,,,,117,="",="2/4/2026 4:56:27.570179215 PM",
="",37529,,,,,117,="",="2/4/2026 4:56:27.571112445 PM",
="",37537,,,,,117,="",="2/4/2026 4:56:27.574088675 PM",
="",37539,,,,,117,="",="2/4/2026 4:56:27.574752560 PM",
="",37550,,,,,117,="",="2/4/2026 4:56:27.578808160 PM",
="",37563,,,,,117,="",="2/4/2026 4:56:27.587458855 PM",
="",37566,,,,,117,="",="2/4/2026 4:56:27.601813065 PM",
="",37569,,,,,117,="",="2/4/2026 4:56:27.604134800 PM",
="",37570,,,,,117,="",="2/4/2026 4:56:27.604871060 PM",
="",37572,,,,,117,="",="2/4/2026 4:56:27.606447040 PM",
="",37574,,,,,117,="",="2/4/2026 4:56:27.608381290 PM",
="",37576,,,,,117,="",="2/4/2026 4:56:27.609060495 PM",
="",37578,,,,,117,="",="2/4/2026 4:56:27.609795755 PM",
="",37584,,,,,117,="",="2/4/2026 4:56:27.612118010 PM",
="",37594,,,,,117,="",="2/4/2026 4:56:27.616363045 PM",
="",37599,,,,,117,="",="2/4/2026 4:56:27.620137580 PM",
="",37602,,,,,117,="",="2/4/2026 4:56:27.622595175 PM",
="",37603,,,,,170,="",="2/4/2026 4:56:27.622721520 PM",
="",37605,,,,,117,="",="2/4/2026 4:56:27.623343795 PM",
="",37607,,,,,117,="",="2/4/2026 4:56:27.624102150 PM",
="",37623,,,,,117,="",="2/4/2026 4:56:27.636005795 PM",
="",37629,,,,,117,="",="2/4/2026 4:56:27.638348650 PM",
="",37632,,,,,117,="",="2/4/2026 4:56:27.639602775 PM",
="",37636,,,,,117,="",="2/4/2026 4:56:27.646098035 PM",
="",37638,,,,,117,="",="2/4/2026 4:56:27.646649075 PM",
="",37639,,,,,99,="",="2/4/2026 4:56:27.647722205 PM",
="",37641,,,,,117,="",="2/4/2026 4:56:27.649502020 PM",
="",37644,,,,,117,="",="2/4/2026 4:56:27.652802185 PM",
="",37651,,,,,117,="",="2/4/2026 4:56:27.656432620 PM",
="",37653,,,,,117,="",="2/4/2026 4:56:27.657590700 PM",
="",37655,,,,,117,="",="2/4/2026 4:56:27.658275865 PM",
="",37657,,,,,117,="",="2/4/2026 4:56:27.659340475 PM",
="",37659,,,,,117,="",="2/4/2026 4:56:27.660020880 PM",
="",37664,,,,,117,="",="2/4/2026 4:56:27.662347095 PM",
="",37666,,,,,117,="",="2/4/2026 4:56:27.663425170 PM",
="",37670,,,,,117,="",="2/4/2026 4:56:27.664957575 PM",
="",37672,,,,,117,="",="2/4/2026 4:56:27.665566510 PM",
="",37674,,,,,117,="",="2/4/2026 4:56:27.670121640 PM",
="",37676,,,,,117,="",="2/4/2026 4:56:27.671289135 PM",
="",37693,,,,,213,="",="2/4/2026 4:56:27.704138015 PM",
="",37696,,,,,375,="",="2/4/2026 4:56:27.722682970 PM",
="",37711,,,,,103,="",="2/4/2026 4:56:27.794436565 PM",
="",37718,,,,,117,="",="2/4/2026 4:56:27.818853540 PM",
="",37719,,,,,117,="",="2/4/2026 4:56:27.819958285 PM",
="",37720,,,,,105,="",="2/4/2026 4:56:27.820371330 PM",
="",37722,,,,,117,="",="2/4/2026 4:56:27.820536005 PM",
="",37738,,,,,213,="",="2/4/2026 4:56:27.857648710 PM",
="",37740,,,,,117,="",="2/4/2026 4:56:27.867714270 PM",
="",37741,,,,,121,="",="2/4/2026 4:56:27.867842795 PM",
="",37743,,,,,117,="",="2/4/2026 4:56:27.868144770 PM",
="",37760,,,,,511,="",="2/4/2026 4:56:27.926498730 PM",
="",37775,,,,,229,="",="2/4/2026 4:56:27.967856600 PM",
="",37809,,,,,375,="",="2/4/2026 4:56:28.038753160 PM",
="",37811,,,,,460,="",="2/4/2026 4:56:28.050939320 PM",
="",37828,,,,,388,="",="2/4/2026 4:56:28.091197535 PM",
="",37855,,,,,117,="",="2/4/2026 4:56:28.169406755 PM",
="",37866,,,,,213,="",="2/4/2026 4:56:28.201842310 PM",
="",37894,,,,,117,="",="2/4/2026 4:56:28.271881060 PM",
="",37904,,,,,105,="",="2/4/2026 4:56:28.297612665 PM",
="",37913,,,,,117,="",="2/4/2026 4:56:28.318052350 PM",
="",37914,,,,,117,="",="2/4/2026 4:56:28.318099120 PM",
="",37917,,,,,117,="",="2/4/2026 4:56:28.319177050 PM",
="",37919,,,,,117,="",="2/4/2026 4:56:28.333191610 PM",
="",37920,,,,,117,="",="2/4/2026 4:56:28.333231210 PM",
="",37922,,,,,316,="",="2/4/2026 4:56:28.337366430 PM",
="",37923,,,,,375,="",="2/4/2026 4:56:28.337743380 PM",
="",37929,,,,,105,="",="2/4/2026 4:56:28.346833490 PM",
="",37938,,,,,117,="",="2/4/2026 4:56:28.352458350 PM",
="",37942,,,,,117,="",="2/4/2026 4:56:28.355772575 PM",
="",37943,,,,,117,="",="2/4/2026 4:56:28.355821280 PM",
="",37946,,,,,117,="",="2/4/2026 4:56:28.358984920 PM",
="",37948,,,,,467,="",="2/4/2026 4:56:28.366860475 PM",
="",37959,,,,,105,="",="2/4/2026 4:56:28.392377545 PM",
="",37961,,,,,103,="",="2/4/2026 4:56:28.392495105 PM",
="",37962,,,,,117,="",="2/4/2026 4:56:28.392542445 PM",
="",37964,,,,,117,="",="2/4/2026 4:56:28.393075790 PM",
="",37968,,,,,117,="",="2/4/2026 4:56:28.398921225 PM",
="",37969,,,,,117,="",="2/4/2026 4:56:28.398960825 PM",
="",37972,,,,,105,="",="2/4/2026 4:56:28.400802895 PM",
="",37976,,,,,105,="",="2/4/2026 4:56:28.401471365 PM",
="",37987,,,,,105,="",="2/4/2026 4:56:28.413808590 PM",
="",37988,,,,,99,="",="2/4/2026 4:56:28.413855460 PM",
="",37989,,,,,378,="",="2/4/2026 4:56:28.421839260 PM",
="",37990,,,,,117,="",="2/4/2026 4:56:28.422313810 PM",
="",37996,,,,,109,="",="2/4/2026 4:56:28.424167880 PM",
="",38004,,,,,117,="",="2/4/2026 4:56:28.426661865 PM",
="",38005,,,,,117,="",="2/4/2026 4:56:28.427939270 PM",
="",38009,,,,,117,="",="2/4/2026 4:56:28.429337615 PM",
="",38012,,,,,117,="",="2/4/2026 4:56:28.429770800 PM",
="",38013,,,,,117,="",="2/4/2026 4:56:28.429819225 PM",
="",38014,,,,,213,="",="2/4/2026 4:56:28.430405385 PM",
="",38015,,,,,117,="",="2/4/2026 4:56:28.432929875 PM",
="",38021,,,,,117,="",="2/4/2026 4:56:28.442069765 PM",
="",38022,,,,,105,="",="2/4/2026 4:56:28.443030970 PM",
="",38025,,,,,105,="",="2/4/2026 4:56:28.443692320 PM",
="",38034,,,,,117,="",="2/4/2026 4:56:28.451963010 PM",
="",38035,,,,,105,="",="2/4/2026 4:56:28.453248935 PM",
="",38037,,,,,117,="",="2/4/2026 4:56:28.453569030 PM",
="",38047,,,,,117,="",="2/4/2026 4:56:28.473059800 PM",
="",38050,,,,,117,="",="2/4/2026 4:56:28.474405200 PM",
="",38054,,,,,117,="",="2/4/2026 4:56:28.492079320 PM",
="",38055,,,,,375,="",="2/4/2026 4:56:28.497998825 PM",
="",38072,,,,,316,="",="2/4/2026 4:56:28.550383450 PM",
="",38095,,,,,105,="",="2/4/2026 4:56:28.620994515 PM",
="",38108,,,,,117,="",="2/4/2026 4:56:28.640492845 PM",
="",38110,,,,,117,="",="2/4/2026 4:56:28.641499465 PM",
="",38115,,,,,316,="",="2/4/2026 4:56:28.643923795 PM",
="",38117,,,,,117,="",="2/4/2026 4:56:28.646065970 PM",
="",38123,,,,,117,="",="2/4/2026 4:56:28.648844845 PM",
="",38128,,,,,117,="",="2/4/2026 4:56:28.652596645 PM",
="",38138,,,,,99,="",="2/4/2026 4:56:28.657558010 PM",
="",38142,,,,,121,="",="2/4/2026 4:56:28.664002160 PM",
="",38143,,,,,117,="",="2/4/2026 4:56:28.664053430 PM",
="",38146,,,,,117,="",="2/4/2026 4:56:28.680925785 PM",
="",38147,,,,,213,="",="2/4/2026 4:56:28.702446915 PM",
="",38192,,,,,375,="",="2/4/2026 4:56:28.849103085 PM",
="",38195,,,,,375,="",="2/4/2026 4:56:28.857959135 PM",
="",38197,,,,,213,="",="2/4/2026 4:56:28.858843665 PM",
="",38200,,,,,117,="",="2/4/2026 4:56:28.863555685 PM",
="",38201,,,,,105,="",="2/4/2026 4:56:28.866262610 PM",
="",38227,,,,,117,="",="2/4/2026 4:56:28.904270290 PM",
="",38308,,,,,375,="",="2/4/2026 4:56:29.156305005 PM",
="",38317,,,,,99,="",="2/4/2026 4:56:29.167526350 PM",
="",38324,,,,,117,="",="2/4/2026 4:56:29.174968845 PM",
="",38327,,,,,105,="",="2/4/2026 4:56:29.179162940 PM",
="",38332,,,,,99,="",="2/4/2026 4:56:29.181499530 PM",
="",38333,,,,,117,="",="2/4/2026 4:56:29.181780075 PM",
="",38337,,,,,105,="",="2/4/2026 4:56:29.183030200 PM",
="",38342,,,,,105,="",="2/4/2026 4:56:29.185194700 PM",
="",38344,,,,,117,="",="2/4/2026 4:56:29.185489540 PM",
="",38346,,,,,105,="",="2/4/2026 4:56:29.189080800 PM",
="",38348,,,,,117,="",="2/4/2026 4:56:29.189375040 PM",
="",38350,,,,,117,="",="2/4/2026 4:56:29.190381020 PM",
="",38353,,,,,99,="",="2/4/2026 4:56:29.192957940 PM",
="",38354,,,,,117,="",="2/4/2026 4:56:29.193205470 PM",
="",38355,,,,,105,="",="2/4/2026 4:56:29.193899570 PM",
="",38368,,,,,213,="",="2/4/2026 4:56:29.201845350 PM",
="",38378,,,,,117,="",="2/4/2026 4:56:29.215854760 PM",
="",38380,,,,,117,="",="2/4/2026 4:56:29.216675570 PM",
="",38381,,,,,117,="",="2/4/2026 4:56:29.217249010 PM",
="",38392,,,,,117,="",="2/4/2026 4:56:29.233814525 PM",
="",38393,,,,,117,="",="2/4/2026 4:56:29.236559505 PM",
="",38394,,,,,117,="",="2/4/2026 4:56:29.238601520 PM",
="",38396,,,,,105,="",="2/4/2026 4:56:29.242084080 PM",
="",38399,,,,,117,="",="2/4/2026 4:56:29.251331535 PM",
="",38400,,,,,117,="",="2/4/2026 4:56:29.254618795 PM",
="",38403,,,,,117,="",="2/4/2026 4:56:29.263587810 PM",
="",38410,,,,,117,="",="2/4/2026 4:56:29.287258865 PM",
="",38413,,,,,117,="",="2/4/2026 4:56:29.288043115 PM",
="",38414,,,,,117,="",="2/4/2026 4:56:29.289722140 PM",
="",38417,,,,,117,="",="2/4/2026 4:56:29.312854425 PM",
="",38420,,,,,398,="",="2/4/2026 4:56:29.320778385 PM",
="",38440,,,,,117,="",="2/4/2026 4:56:29.398365850 PM",
="",38442,,,,,338,="",="2/4/2026 4:56:29.404046290 PM",
="",38444,,,,,117,="",="2/4/2026 4:56:29.410326470 PM",
="",38448,,,,,117,="",="2/4/2026 4:56:29.417813190 PM",
="",38456,,,,,117,="",="2/4/2026 4:56:29.421034420 PM",
="",38458,,,,,420,="",="2/4/2026 4:56:29.422546600 PM",
="",38460,,,,,117,="",="2/4/2026 4:56:29.423301050 PM",
="",38469,,,,,99,="",="2/4/2026 4:56:29.444820230 PM",
="",38470,,,,,117,="",="2/4/2026 4:56:29.444955940 PM",
="",38479,,,,,117,="",="2/4/2026 4:56:29.465652325 PM",
="",38493,,,,,117,="",="2/4/2026 4:56:29.489182735 PM",
="",38494,,,,,99,="",="2/4/2026 4:56:29.489652505 PM",
="",38499,,,,,117,="",="2/4/2026 4:56:29.492711845 PM",
="",38505,,,,,117,="",="2/4/2026 4:56:29.503462290 PM",
="",38507,,,,,339,="",="2/4/2026 4:56:29.506953720 PM",
="",38510,,,,,117,="",="2/4/2026 4:56:29.514029565 PM",
="",38526,,,,,117,="",="2/4/2026 4:56:29.552238480 PM",
="",38527,,,,,117,="",="2/4/2026 4:56:29.553151830 PM",
="",38541,,,,,103,="",="2/4/2026 4:56:29.571750525 PM",
="",38543,,,,,117,="",="2/4/2026 4:56:29.572606210 PM",
="",38544,,,,,117,="",="2/4/2026 4:56:29.573470810 PM",
="",38546,,,,,117,="",="2/4/2026 4:56:29.581189300 PM",
="",38557,,,,,117,="",="2/4/2026 4:56:29.604332265 PM",
="",38558,,,,,119,="",="2/4/2026 4:56:29.604696320 PM",
="",38565,,,,,117,="",="2/4/2026 4:56:29.619043145 PM",
="",38569,,,,,117,="",="2/4/2026 4:56:29.620463305 PM",
="",38571,,,,,117,="",="2/4/2026 4:56:29.621307130 PM",
="",38573,,,,,117,="",="2/4/2026 4:56:29.621987295 PM",
="",38582,,,,,117,="",="2/4/2026 4:56:29.625345370 PM",
="",38587,,,,,404,="",="2/4/2026 4:56:29.630191430 PM",
="",38600,,,,,117,="",="2/4/2026 4:56:29.657834100 PM",
="",38611,,,,,117,="",="2/4/2026 4:56:29.684911580 PM",
="",38614,,,,,117,="",="2/4/2026 4:56:29.686265470 PM",
="",38615,,,,,117,="",="2/4/2026 4:56:29.686939395 PM",
="",38617,,,,,117,="",="2/4/2026 4:56:29.687966415 PM",
="",38619,,,,,117,="",="2/4/2026 4:56:29.688831055 PM",
="",38621,,,,,117,="",="2/4/2026 4:56:29.690091980 PM",
="",38623,,,,,117,="",="2/4/2026 4:56:29.690751585 PM",
="",38633,,,,,213,="",="2/4/2026 4:56:29.701837990 PM",
="",38644,,,,,117,="",="2/4/2026 4:56:29.712694200 PM",
="",38664,,,,,117,="",="2/4/2026 4:56:29.756734910 PM",
="",38666,,,,,105,="",="2/4/2026 4:56:29.759051105 PM",
="",38668,,,,,117,="",="2/4/2026 4:56:29.759234100 PM",
="",38686,,,,,117,="",="2/4/2026 4:56:29.818650825 PM",
="",38688,,,,,117,="",="2/4/2026 4:56:29.820247005 PM",
="",38702,,,,,207,="",="2/4/2026 4:56:29.850059780 PM",
="",38719,,,,,117,="",="2/4/2026 4:56:29.886894610 PM",
="",38754,,,,,117,="",="2/4/2026 4:56:29.951436570 PM",
="",38759,,,,,117,="",="2/4/2026 4:56:29.953274415 PM",
="",38761,,,,,117,="",="2/4/2026 4:56:29.954045410 PM",
="",38764,,,,,117,="",="2/4/2026 4:56:29.955662485 PM",
="",38766,,,,,117,="",="2/4/2026 4:56:29.956294155 PM",
="",38770,,,,,123,="",="2/4/2026 4:56:29.973289415 PM",
="",38771,,,,,117,="",="2/4/2026 4:56:29.977011060 PM",
="",38780,,,,,339,="",="2/4/2026 4:56:30.010369645 PM",
="",38784,,,,,117,="",="2/4/2026 4:56:30.017737585 PM",
="",38791,,,,,117,="",="2/4/2026 4:56:30.021002135 PM",
="",38800,,,,,404,="",="2/4/2026 4:56:30.039791920 PM",
="",38806,,,,,117,="",="2/4/2026 4:56:30.063509370 PM",
="",38807,,,,,316,="",="2/4/2026 4:56:30.068713215 PM",
="",38819,,,,,117,="",="2/4/2026 4:56:30.088003170 PM",
="",38821,,,,,117,="",="2/4/2026 4:56:30.088817755 PM",
="",38833,,,,,116,="",="2/4/2026 4:56:30.130618650 PM",
="",38844,,,,,122,="",="2/4/2026 4:56:30.139658450 PM",
="",38851,,,,,99,="",="2/4/2026 4:56:30.155548885 PM",
="",38856,,,,,35,="",="2/4/2026 4:56:30.179194910 PM",
="",38858,,,,,398,="",="2/4/2026 4:56:30.189584800 PM",
="",38859,,,,,105,="",="2/4/2026 4:56:30.192208910 PM",
="",38860,,,,,105,="",="2/4/2026 4:56:30.198402320 PM",
="",38862,,,,,117,="",="2/4/2026 4:56:30.198574475 PM",
="",38863,,,,,213,="",="2/4/2026 4:56:30.201833025 PM",
="",38865,,,,,229,="",="2/4/2026 4:56:30.213990280 PM",
="",38873,,,,,117,="",="2/4/2026 4:56:30.219587020 PM",
="",38877,,,,,117,="",="2/4/2026 4:56:30.221234430 PM",
="",38879,,,,,117,="",="2/4/2026 4:56:30.221811030 PM",
="",38881,,,,,117,="",="2/4/2026 4:56:30.222488675 PM",
="",38884,,,,,193,="",="2/4/2026 4:56:30.225567900 PM",
="",38910,,,,,344,="",="2/4/2026 4:56:30.281447710 PM",
="",38914,,,,,117,="",="2/4/2026 4:56:30.285389160 PM",
="",38916,,,,,117,="",="2/4/2026 4:56:30.286691220 PM",
="",38918,,,,,117,="",="2/4/2026 4:56:30.287471390 PM",
="",38920,,,,,117,="",="2/4/2026 4:56:30.288163555 PM",
="",38925,,,,,398,="",="2/4/2026 4:56:30.291985700 PM",
="",38927,,,,,117,="",="2/4/2026 4:56:30.310583980 PM",
="",38931,,,,,315,="",="2/4/2026 4:56:30.321042825 PM",
="",38936,,,,,420,="",="2/4/2026 4:56:30.343872650 PM",
="",38938,,,,,404,="",="2/4/2026 4:56:30.346989795 PM",
="",38939,,,,,401,="",="2/4/2026 4:56:30.349744615 PM",
="",38942,,,,,442,="",="2/4/2026 4:56:30.359723785 PM",
="",38954,,,,,117,="",="2/4/2026 4:56:30.420290595 PM",
="",38956,,,,,117,="",="2/4/2026 4:56:30.420993640 PM",
="",38957,,,,,99,="",="2/4/2026 4:56:30.421436675 PM",
="",38965,,,,,397,="",="2/4/2026 4:56:30.430291155 PM",
="",38966,,,,,109,="",="2/4/2026 4:56:30.436275850 PM",
="",38990,,,,,117,="",="2/4/2026 4:56:30.485641920 PM",
="",39007,,,,,117,="",="2/4/2026 4:56:30.532514810 PM",
="",39029,,,,,117,="",="2/4/2026 4:56:30.623337200 PM",
="",39052,,,,,117,="",="2/4/2026 4:56:30.670328295 PM",
="",39060,,,,,398,="",="2/4/2026 4:56:30.701588030 PM",
="",39061,,,,,213,="",="2/4/2026 4:56:30.702082045 PM",
="",39063,,,,,117,="",="2/4/2026 4:56:30.725528050 PM",
="",39067,,,,,117,="",="2/4/2026 4:56:30.731503900 PM",
="",39078,,,,,99,="",="2/4/2026 4:56:30.752998550 PM",
="",39092,,,,,117,="",="2/4/2026 4:56:30.777029875 PM",
="",39106,,,,,315,="",="2/4/2026 4:56:30.833074350 PM",
="",39107,,,,,117,="",="2/4/2026 4:56:30.833444700 PM",
="",39127,,,,,99,="",="2/4/2026 4:56:30.950607420 PM",
="",39128,,,,,375,="",="2/4/2026 4:56:30.955667895 PM",
="",39137,,,,,392,="",="2/4/2026 4:56:31.038593230 PM",
="",39142,,,,,375,="",="2/4/2026 4:56:31.061181935 PM",
="",39153,,,,,117,="",="2/4/2026 4:56:31.085389705 PM",
="",39168,,,,,99,="",="2/4/2026 4:56:31.154703770 PM",
="",39181,,,,,213,="",="2/4/2026 4:56:31.201823750 PM",
="",39194,,,,,315,="",="2/4/2026 4:56:31.239449760 PM",
="",39210,,,,,375,="",="2/4/2026 4:56:31.315576140 PM",
="",39227,,,,,233,="",="2/4/2026 4:56:31.358764495 PM",
="",39233,,,,,156,="",="2/4/2026 4:56:31.367213565 PM",
="",39259,,,,,156,="",="2/4/2026 4:56:31.453378140 PM",
="",39260,,,,,156,="",="2/4/2026 4:56:31.454964520 PM",
="",39304,,,,,465,="",="2/4/2026 4:56:31.674657665 PM",
="",39310,,,,,401,="",="2/4/2026 4:56:31.680969715 PM",
="",39330,,,,,229,="",="2/4/2026 4:56:31.761425980 PM",
="",39342,,,,,465,="",="2/4/2026 4:56:31.777178865 PM",
="",39343,,,,,404,="",="2/4/2026 4:56:31.780595755 PM",
="",39365,,,,,397,="",="2/4/2026 4:56:31.863823085 PM",
="",39370,,,,,401,="",="2/4/2026 4:56:31.885750610 PM",
="",39372,,,,,401,="",="2/4/2026 4:56:31.888479190 PM",
="",39381,,,,,398,="",="2/4/2026 4:56:31.921564015 PM",
="",39391,,,,,515,="",="2/4/2026 4:56:31.954831590 PM",
="",39392,,,,,515,="",="2/4/2026 4:56:31.955391375 PM",
="",39403,,,,,229,="",="2/4/2026 4:56:31.983751705 PM",
="",39416,,,,,397,="",="2/4/2026 4:56:32.068631035 PM",
="",39467,,,,,465,="",="2/4/2026 4:56:32.391459560 PM",
="",39491,,,,,420,="",="2/4/2026 4:56:32.494429710 PM",
="",39492,,,,,404,="",="2/4/2026 4:56:32.497394635 PM",
="",39508,,,,,467,="",="2/4/2026 4:56:32.563294470 PM",
="",39571,,,,,397,="",="2/4/2026 4:56:32.788267780 PM",
="",39575,,,,,105,="",="2/4/2026 4:56:32.792997300 PM",
="",39577,,,,,117,="",="2/4/2026 4:56:32.793407025 PM",
="",39601,,,,,388,="",="2/4/2026 4:56:32.904061955 PM",
="",39607,,,,,34,="",="2/4/2026 4:56:32.936534660 PM",
="",39648,,,,,397,="",="2/4/2026 4:56:33.092804230 PM",
="",39677,,,,,189,="",="2/4/2026 4:56:33.136683140 PM",
="",39679,,,,,316,="",="2/4/2026 4:56:33.149593140 PM",
="",39681,,,,,398,="",="2/4/2026 4:56:33.150383165 PM",
="",39691,,,,,397,="",="2/4/2026 4:56:33.195118020 PM",
="",39739,,,,,420,="",="2/4/2026 4:56:33.399016040 PM",
="",39754,,,,,117,="",="2/4/2026 4:56:33.463454335 PM",
="",39767,,,,,388,="",="2/4/2026 4:56:33.518444155 PM",
="",39825,,,,,375,="",="2/4/2026 4:56:33.822713025 PM",
="",39859,,,,,27,="",="2/4/2026 4:56:33.957015910 PM",
="",39879,,,,,375,="",="2/4/2026 4:56:34.027847575 PM",
="",39963,,,,,229,="",="2/4/2026 4:56:34.440063235 PM",
="",39973,,,,,315,="",="2/4/2026 4:56:34.490949690 PM",
="",39984,,,,,420,="",="2/4/2026 4:56:34.525423095 PM",
="",39985,,,,,397,="",="2/4/2026 4:56:34.526297930 PM",
="",40026,,,,,397,="",="2/4/2026 4:56:34.731044345 PM",
="",40062,,,,,465,="",="2/4/2026 4:56:34.849115550 PM",
="",40063,,,,,388,="",="2/4/2026 4:56:34.849687830 PM",
="",40069,,,,,401,="",="2/4/2026 4:56:34.858104885 PM",
="",40101,,,,,420,="",="2/4/2026 4:56:34.968563105 PM",
="",40160,,,,,420,="",="2/4/2026 4:56:35.242227320 PM",
="",40161,,,,,397,="",="2/4/2026 4:56:35.243143305 PM",
="",40164,,,,,401,="",="2/4/2026 4:56:35.264974560 PM",
="",40183,,,,,185,="",="2/4/2026 4:56:35.351363010 PM",
="",40188,,,,,404,="",="2/4/2026 4:56:35.364601040 PM",
="",40196,,,,,99,="",="2/4/2026 4:56:35.396532990 PM",
="",40210,,,,,369,="",="2/4/2026 4:56:35.425442165 PM",
="",40222,,,,,316,="",="2/4/2026 4:56:35.460814945 PM",
="",40223,,,,,375,="",="2/4/2026 4:56:35.461188720 PM",
="",40224,,,,,398,="",="2/4/2026 4:56:35.461604850 PM",
="",40242,,,,,339,="",="2/4/2026 4:56:35.511536470 PM",
="",40258,,,,,397,="",="2/4/2026 4:56:35.550227410 PM",
="",40261,,,,,388,="",="2/4/2026 4:56:35.566494020 PM",
="",40266,,,,,401,="",="2/4/2026 4:56:35.574887300 PM",
="",40288,,,,,375,="",="2/4/2026 4:56:35.665928830 PM",
="",40289,,,,,398,="",="2/4/2026 4:56:35.666342840 PM",
="",40324,,,,,420,="",="2/4/2026 4:56:35.754230640 PM",
="",40333,,,,,420,="",="2/4/2026 4:56:35.787745030 PM",
="",40351,,,,,398,="",="2/4/2026 4:56:35.871151970 PM",
="",40391,,,,,388,="",="2/4/2026 4:56:36.025317615 PM",
="",40426,,,,,379,="",="2/4/2026 4:56:36.141660510 PM",
="",40431,,,,,229,="",="2/4/2026 4:56:36.166181275 PM",
="",40433,,,,,117,="",="2/4/2026 4:56:36.169148650 PM",
="",40435,,,,,388,="",="2/4/2026 4:56:36.180915870 PM",
="",40497,,,,,449,="",="2/4/2026 4:56:36.346066010 PM",
="",40504,,,,,442,="",="2/4/2026 4:56:36.360329495 PM",
="",40509,,,,,316,="",="2/4/2026 4:56:36.382446275 PM",
="",40561,,,,,338,="",="2/4/2026 4:56:36.611277720 PM",
="",40656,,,,,401,="",="2/4/2026 4:56:37.005779890 PM",
="",40658,,,,,117,="",="2/4/2026 4:56:37.013890365 PM",
="",40664,,,,,1521,="",="2/4/2026 4:56:37.027831990 PM",
="",40670,,,,,117,="",="2/4/2026 4:56:37.063424450 PM",
="",40684,,,,,103,="",="2/4/2026 4:56:37.127021505 PM",
="",40700,,,,,117,="",="2/4/2026 4:56:37.154714070 PM",
="",40705,,,,,229,="",="2/4/2026 4:56:37.184635455 PM",
="",40715,,,,,117,="",="2/4/2026 4:56:37.220365415 PM",
="",40739,,,,,422,="",="2/4/2026 4:56:37.356040730 PM",
="",40827,,,,,117,="",="2/4/2026 4:56:37.740879915 PM",
="",40866,,,,,129,="",="2/4/2026 4:56:37.906357285 PM",
="",40869,,,,,515,="",="2/4/2026 4:56:37.913484035 PM",
="",40901,,,,,315,="",="2/4/2026 4:56:37.997868170 PM",
="",40930,,,,,316,="",="2/4/2026 4:56:38.123170210 PM",
="",40950,,,,,316,="",="2/4/2026 4:56:38.196530565 PM",
="",41019,,,,,113,="",="2/4/2026 4:56:38.449793635 PM",
="",41168,,,,,117,="",="2/4/2026 4:56:38.993618995 PM",
="",41195,,,,,229,="",="2/4/2026 4:56:39.094044435 PM",
="",41201,,,,,99,="",="2/4/2026 4:56:39.121576890 PM",
="",41217,,,,,401,="",="2/4/2026 4:56:39.156183275 PM",
="",41221,,,,,401,="",="2/4/2026 4:56:39.158903775 PM",
="",41231,,,,,515,="",="2/4/2026 4:56:39.225744395 PM",
="",41302,,,,,420,="",="2/4/2026 4:56:39.576594695 PM",
="",41324,,,,,315,="",="2/4/2026 4:56:39.682928825 PM",
="",41353,,,,,229,="",="2/4/2026 4:56:39.809736355 PM",
="",41359,,,,,117,="",="2/4/2026 4:56:39.823973880 PM",
="",41367,,,,,99,="",="2/4/2026 4:56:39.842193945 PM",
="",41448,,,,,323,="",="2/4/2026 4:56:40.108625565 PM",
="",41480,,,,,379,="",="2/4/2026 4:56:40.232410355 PM",
="",41535,,,,,209,="",="2/4/2026 4:56:40.465286610 PM",
="",41561,,,,,117,="",="2/4/2026 4:56:40.562256380 PM",
="",41632,,,,,315,="",="2/4/2026 4:56:40.839441260 PM",
="",41635,,,,,117,="",="2/4/2026 4:56:40.856701810 PM",
="",41660,,,,,117,="",="2/4/2026 4:56:40.950938305 PM",
="",41689,,,,,117,="",="2/4/2026 4:56:41.062578390 PM",
="",41727,,,,,379,="",="2/4/2026 4:56:41.222512640 PM",
="",41768,,,,,189,="",="2/4/2026 4:56:41.387822425 PM",
="",41814,,,,,111,="",="2/4/2026 4:56:41.624670035 PM",
="",41816,,,,,351,="",="2/4/2026 4:56:41.646622315 PM",
="",41843,,,,,398,="",="2/4/2026 4:56:41.813758360 PM",
="",41847,,,,,179,="",="2/4/2026 4:56:41.847841285 PM",
="",41856,,,,,28,="",="2/4/2026 4:56:41.897667285 PM",
="",41873,,,,,474,="",="2/4/2026 4:56:42.020495810 PM",
="",41898,,,,,420,="",="2/4/2026 4:56:42.110627570 PM",
="",41957,,,,,573,="",="2/4/2026 4:56:42.491815490 PM",
="",41958,,,,,214,="",="2/4/2026 4:56:42.494036930 PM",
="",41959,,,,,99,="",="2/4/2026 4:56:42.494095540 PM",
="",41969,,,,,185,="",="2/4/2026 4:56:42.511850365 PM",
="",42002,,,,,183,="",="2/4/2026 4:56:42.675651765 PM",
="",42022,,,,,99,="",="2/4/2026 4:56:42.782429255 PM",
="",42023,,,,,117,="",="2/4/2026 4:56:42.782636385 PM",
="",42024,,,,,99,="",="2/4/2026 4:56:42.791933095 PM",
="",42025,,,,,117,="",="2/4/2026 4:56:42.792170705 PM",
="",42070,,,,,229,="",="2/4/2026 4:56:42.962729005 PM",
="",42090,,,,,461,="",="2/4/2026 4:56:43.074431480 PM",
="",42110,,,,,461,="",="2/4/2026 4:56:43.180048050 PM",
="",42135,,,,,461,="",="2/4/2026 4:56:43.384849065 PM",
="",42203,,,,,306,="",="2/4/2026 4:56:43.918963305 PM",
="",42222,,,,,410,="",="2/4/2026 4:56:44.055355585 PM",
="",42230,,,,,420,="",="2/4/2026 4:56:44.158852170 PM",
="",42237,,,,,315,="",="2/4/2026 4:56:44.188632620 PM",
="",42276,,,,,398,="",="2/4/2026 4:56:44.523789545 PM",
="",42277,,,,,404,="",="2/4/2026 4:56:44.569015585 PM",
="",42306,,,,,420,="",="2/4/2026 4:56:44.773011620 PM",
="",42358,,,,,397,="",="2/4/2026 4:56:45.184180710 PM",
="",42369,,,,,194,="",="2/4/2026 4:56:45.293956820 PM",
="",42399,,,,,99,="",="2/4/2026 4:56:45.551413160 PM",
="",42419,,,,,229,="",="2/4/2026 4:56:45.680569805 PM",
="",42423,,,,,99,="",="2/4/2026 4:56:45.746856190 PM",
="",42427,,,,,115,="",="2/4/2026 4:56:45.755882240 PM",
="",42428,,,,,115,="",="2/4/2026 4:56:45.756250150 PM",
="",42429,,,,,115,="",="2/4/2026 4:56:45.756626580 PM",
="",42436,,,,,420,="",="2/4/2026 4:56:45.796988745 PM",
="",42440,,,,,229,="",="2/4/2026 4:56:45.821223220 PM",
="",42455,,,,,420,="",="2/4/2026 4:56:46.001816330 PM",
="",42456,,,,,404,="",="2/4/2026 4:56:46.002718865 PM",
="",42457,,,,,397,="",="2/4/2026 4:56:46.003569380 PM",
="",42469,,,,,229,="",="2/4/2026 4:56:46.079218200 PM",
="",42470,,,,,229,="",="2/4/2026 4:56:46.104582255 PM",
="",42471,,,,,420,="",="2/4/2026 4:56:46.105768260 PM",
="",42472,,,,,404,="",="2/4/2026 4:56:46.108195905 PM",
="",42526,,,,,229,="",="2/4/2026 4:56:46.617569560 PM",
="",42540,,,,,397,="",="2/4/2026 4:56:46.720339930 PM",
="",42573,,,,,410,="",="2/4/2026 4:56:46.922549170 PM",
="",42574,,,,,420,="",="2/4/2026 4:56:46.923677560 PM",
="",42575,,,,,404,="",="2/4/2026 4:56:46.924514025 PM",
="",42591,,,,,420,="",="2/4/2026 4:56:47.128187240 PM",
="",42609,,,,,436,="",="2/4/2026 4:56:47.239106545 PM",
="",42648,,,,,436,="",="2/4/2026 4:56:47.546323430 PM",
="",42664,,,,,447,="",="2/4/2026 4:56:47.651719885 PM",
="",42674,,,,,414,="",="2/4/2026 4:56:47.686087105 PM",
="",42710,,,,,115,="",="2/4/2026 4:56:47.837139995 PM",
="",42742,,,,,229,="",="2/4/2026 4:56:48.025880645 PM",
="",42763,,,,,410,="",="2/4/2026 4:56:48.152126935 PM",
="",42764,,,,,188,="",="2/4/2026 4:56:48.152602125 PM",
="",42767,,,,,404,="",="2/4/2026 4:56:48.154078830 PM",
="",42784,,,,,414,="",="2/4/2026 4:56:48.261637535 PM",
="",42808,,,,,404,="",="2/4/2026 4:56:48.461385695 PM",
="",42809,,,,,387,="",="2/4/2026 4:56:48.466571135 PM",
="",42811,,,,,414,="",="2/4/2026 4:56:48.471276145 PM",
="",42812,,,,,398,="",="2/4/2026 4:56:48.471871300 PM",
="",42827,,,,,397,="",="2/4/2026 4:56:48.563296810 PM",
="",42884,,,,,420,="",="2/4/2026 4:56:48.870302755 PM",
="",42908,,,,,229,="",="2/4/2026 4:56:49.017814865 PM",
="",42909,,,,,229,="",="2/4/2026 4:56:49.018197765 PM",
="",42911,,,,,229,="",="2/4/2026 4:56:49.038254950 PM",
="",42913,,,,,105,="",="2/4/2026 4:56:49.060808080 PM",
="",42914,,,,,117,="",="2/4/2026 4:56:49.062729690 PM",
="",42925,,,,,105,="",="2/4/2026 4:56:49.111964555 PM",
="",42935,,,,,404,="",="2/4/2026 4:56:49.178232765 PM",
="",42943,,,,,105,="",="2/4/2026 4:56:49.214880760 PM",
="",42956,,,,,420,="",="2/4/2026 4:56:49.304665150 PM",
="",42958,,,,,414,="",="2/4/2026 4:56:49.306027565 PM",
="",42960,,,,,414,="",="2/4/2026 4:56:49.313790605 PM",
="",42962,,,,,414,="",="2/4/2026 4:56:49.316377805 PM",
="",42966,,,,,398,="",="2/4/2026 4:56:49.318992720 PM",
="",42972,,,,,105,="",="2/4/2026 4:56:49.342207720 PM",
="",42978,,,,,420,="",="2/4/2026 4:56:49.381969435 PM",
="",42999,,,,,105,="",="2/4/2026 4:56:49.521494990 PM",
="",43001,,,,,105,="",="2/4/2026 4:56:49.523500055 PM",
="",43003,,,,,105,="",="2/4/2026 4:56:49.526933855 PM",
="",43026,,,,,403,="",="2/4/2026 4:56:49.663841390 PM",
="",43027,,,,,229,="",="2/4/2026 4:56:49.680969665 PM",
="",43045,,,,,410,="",="2/4/2026 4:56:49.789738885 PM",
="",43048,,,,,397,="",="2/4/2026 4:56:49.792162945 PM",
="",43058,,,,,194,="",="2/4/2026 4:56:49.876779915 PM",
="",43062,,,,,410,="",="2/4/2026 4:56:49.892304445 PM",
="",43088,,,,,229,="",="2/4/2026 4:56:50.054838815 PM",
="",43089,,,,,411,="",="2/4/2026 4:56:50.060166060 PM",
="",43096,,,,,393,="",="2/4/2026 4:56:50.073015745 PM",
="",43097,,,,,403,="",="2/4/2026 4:56:50.073441810 PM",
="",43098,,,,,387,="",="2/4/2026 4:56:50.073891825 PM",
="",43099,,,,,351,="",="2/4/2026 4:56:50.074303960 PM",
="",43126,,,,,432,="",="2/4/2026 4:56:50.165708565 PM",
="",43132,,,,,403,="",="2/4/2026 4:56:50.175851935 PM",
="",43133,,,,,387,="",="2/4/2026 4:56:50.176279415 PM",
="",43143,,,,,117,="",="2/4/2026 4:56:50.233634915 PM",
="",43144,,,,,105,="",="2/4/2026 4:56:50.238343720 PM",
="",43146,,,,,432,="",="2/4/2026 4:56:50.269915945 PM",
="",43151,,,,,400,="",="2/4/2026 4:56:50.276656725 PM",
="",43152,,,,,117,="",="2/4/2026 4:56:50.280348570 PM",
="",43153,,,,,117,="",="2/4/2026 4:56:50.280860900 PM",
="",43154,,,,,105,="",="2/4/2026 4:56:50.281691245 PM",
="",43163,,,,,105,="",="2/4/2026 4:56:50.320320285 PM",
="",43168,,,,,105,="",="2/4/2026 4:56:50.342826860 PM",
="",43185,,,,,403,="",="2/4/2026 4:56:50.483049780 PM",
="",43187,,,,,209,="",="2/4/2026 4:56:50.500868475 PM",
="",43188,,,,,205,="",="2/4/2026 4:56:50.502120070 PM",
="",43195,,,,,105,="",="2/4/2026 4:56:50.537147430 PM",
="",43197,,,,,414,="",="2/4/2026 4:56:50.547101225 PM",
="",43199,,,,,398,="",="2/4/2026 4:56:50.551083790 PM",
="",43206,,,,,403,="",="2/4/2026 4:56:50.585448425 PM",
="",43208,,,,,117,="",="2/4/2026 4:56:50.589787400 PM",
="",43209,,,,,117,="",="2/4/2026 4:56:50.590164670 PM",
="",43210,,,,,105,="",="2/4/2026 4:56:50.592803365 PM",
="",43211,,,,,105,="",="2/4/2026 4:56:50.598765535 PM",
="",43212,,,,,387,="",="2/4/2026 4:56:50.601510295 PM",
="",43222,,,,,105,="",="2/4/2026 4:56:50.627101205 PM",
="",43223,,,,,105,="",="2/4/2026 4:56:50.627930950 PM",
="",43226,,,,,105,="",="2/4/2026 4:56:50.649255910 PM",
="",43227,,,,,105,="",="2/4/2026 4:56:50.650130350 PM",
="",43228,,,,,117,="",="2/4/2026 4:56:50.654103455 PM",
="",43231,,,,,117,="",="2/4/2026 4:56:50.682479220 PM",
="",43233,,,,,403,="",="2/4/2026 4:56:50.687848775 PM",
="",43234,,,,,387,="",="2/4/2026 4:56:50.688285870 PM",
="",43238,,,,,117,="",="2/4/2026 4:56:50.692850260 PM",
="",43242,,,,,117,="",="2/4/2026 4:56:50.698707065 PM",
="",43243,,,,,105,="",="2/4/2026 4:56:50.700092875 PM",
="",43244,,,,,105,="",="2/4/2026 4:56:50.708340350 PM",
="",43248,,,,,105,="",="2/4/2026 4:56:50.712633165 PM",
="",43254,,,,,105,="",="2/4/2026 4:56:50.737212260 PM",
="",43256,,,,,117,="",="2/4/2026 4:56:50.749829790 PM",
="",43257,,,,,105,="",="2/4/2026 4:56:50.749978250 PM",
="",43258,,,,,105,="",="2/4/2026 4:56:50.750956975 PM",
="",43259,,,,,117,="",="2/4/2026 4:56:50.751601845 PM",
="",43260,,,,,117,="",="2/4/2026 4:56:50.752837770 PM",
="",43261,,,,,105,="",="2/4/2026 4:56:50.753205720 PM",
="",43262,,,,,117,="",="2/4/2026 4:56:50.756093280 PM",
="",43263,,,,,105,="",="2/4/2026 4:56:50.757014430 PM",
="",43264,,,,,117,="",="2/4/2026 4:56:50.762075890 PM",
="",43265,,,,,117,="",="2/4/2026 4:56:50.762639570 PM",
="",43267,,,,,117,="",="2/4/2026 4:56:50.769600465 PM",
="",43273,,,,,414,="",="2/4/2026 4:56:50.772752385 PM",
="",43275,,,,,229,="",="2/4/2026 4:56:50.773527195 PM",
="",43285,,,,,105,="",="2/4/2026 4:56:50.802129625 PM",
="",43286,,,,,105,="",="2/4/2026 4:56:50.802589805 PM",
="",43287,,,,,105,="",="2/4/2026 4:56:50.802949675 PM",
="",43288,,,,,117,="",="2/4/2026 4:56:50.803744220 PM",
="",43292,,,,,420,="",="2/4/2026 4:56:50.817765890 PM",
="",43296,,,,,105,="",="2/4/2026 4:56:50.829924910 PM",
="",43297,,,,,117,="",="2/4/2026 4:56:50.832480310 PM",
="",43299,,,,,105,="",="2/4/2026 4:56:50.834688865 PM",
="",43303,,,,,105,="",="2/4/2026 4:56:50.838484400 PM",
="",43304,,,,,117,="",="2/4/2026 4:56:50.841563090 PM",
="",43306,,,,,113,="",="2/4/2026 4:56:50.847916270 PM",
="",43308,,,,,117,="",="2/4/2026 4:56:50.849493430 PM",
="",43309,,,,,105,="",="2/4/2026 4:56:50.852800610 PM",
="",43313,,,,,403,="",="2/4/2026 4:56:50.892651400 PM",
="",43314,,,,,387,="",="2/4/2026 4:56:50.893088535 PM",
="",43315,,,,,351,="",="2/4/2026 4:56:50.893512525 PM",
="",43320,,,,,105,="",="2/4/2026 4:56:50.904558325 PM",
="",43322,,,,,117,="",="2/4/2026 4:56:50.906657555 PM",
="",43338,,,,,105,="",="2/4/2026 4:56:50.937471500 PM",
="",43340,,,,,117,="",="2/4/2026 4:56:50.953552045 PM",
="",43341,,,,,105,="",="2/4/2026 4:56:50.954941135 PM",
="",43342,,,,,105,="",="2/4/2026 4:56:50.955671930 PM",
="",43348,,,,,351,="",="2/4/2026 4:56:50.995913315 PM",
="",43350,,,,,117,="",="2/4/2026 4:56:51.008258575 PM",
="",43354,,,,,105,="",="2/4/2026 4:56:51.019533150 PM",
="",43355,,,,,117,="",="2/4/2026 4:56:51.021986450 PM",
="",43356,,,,,229,="",="2/4/2026 4:56:51.023963770 PM",
="",43361,,,,,117,="",="2/4/2026 4:56:51.038722665 PM",
="",43362,,,,,117,="",="2/4/2026 4:56:51.039030840 PM",
="",43363,,,,,105,="",="2/4/2026 4:56:51.040523095 PM",
="",43364,,,,,117,="",="2/4/2026 4:56:51.042946580 PM",
="",43366,,,,,117,="",="2/4/2026 4:56:51.049059050 PM",
="",43367,,,,,105,="",="2/4/2026 4:56:51.058429630 PM",
="",43368,,,,,117,="",="2/4/2026 4:56:51.060866810 PM",
="",43369,,,,,117,="",="2/4/2026 4:56:51.069269305 PM",
="",43370,,,,,105,="",="2/4/2026 4:56:51.070646235 PM",
="",43371,,,,,117,="",="2/4/2026 4:56:51.070918000 PM",
="",43372,,,,,105,="",="2/4/2026 4:56:51.081717120 PM",
="",43373,,,,,117,="",="2/4/2026 4:56:51.084226850 PM",
="",43374,,,,,105,="",="2/4/2026 4:56:51.092046545 PM",
="",43384,,,,,404,="",="2/4/2026 4:56:51.122703105 PM",
="",43385,,,,,397,="",="2/4/2026 4:56:51.123867235 PM",
="",43387,,,,,105,="",="2/4/2026 4:56:51.129622790 PM",
="",43389,,,,,105,="",="2/4/2026 4:56:51.137849545 PM",
="",43390,,,,,105,="",="2/4/2026 4:56:51.138825830 PM",
="",43391,,,,,105,="",="2/4/2026 4:56:51.139088895 PM",
="",43392,,,,,117,="",="2/4/2026 4:56:51.140259390 PM",
="",43393,,,,,105,="",="2/4/2026 4:56:51.140899685 PM",
="",43394,,,,,117,="",="2/4/2026 4:56:51.141485220 PM",
="",43396,,,,,117,="",="2/4/2026 4:56:51.144995235 PM",
="",43397,,,,,405,="",="2/4/2026 4:56:51.146130670 PM",
="",43399,,,,,105,="",="2/4/2026 4:56:51.160508020 PM",
="",43400,,,,,117,="",="2/4/2026 4:56:51.163235545 PM",
="",43401,,,,,105,="",="2/4/2026 4:56:51.163531705 PM",
="",43402,,,,,117,="",="2/4/2026 4:56:51.166019435 PM",
="",43407,,,,,117,="",="2/4/2026 4:56:51.189060100 PM",
="",43408,,,,,105,="",="2/4/2026 4:56:51.197720620 PM",
="",43409,,,,,117,="",="2/4/2026 4:56:51.198723640 PM",
="",43410,,,,,351,="",="2/4/2026 4:56:51.200715830 PM",
="",43412,,,,,117,="",="2/4/2026 4:56:51.218915895 PM",
="",43413,,,,,105,="",="2/4/2026 4:56:51.220308345 PM",
="",43417,,,,,420,="",="2/4/2026 4:56:51.225324560 PM",
="",43421,,,,,105,="",="2/4/2026 4:56:51.227540560 PM",
="",43422,,,,,117,="",="2/4/2026 4:56:51.228869315 PM",
="",43424,,,,,105,="",="2/4/2026 4:56:51.229155795 PM",
="",43425,,,,,105,="",="2/4/2026 4:56:51.230294355 PM",
="",43435,,,,,117,="",="2/4/2026 4:56:51.253993670 PM",
="",43437,,,,,117,="",="2/4/2026 4:56:51.258932360 PM",
="",43439,,,,,117,="",="2/4/2026 4:56:51.261867055 PM",
="",43440,,,,,105,="",="2/4/2026 4:56:51.262362705 PM",
="",43441,,,,,105,="",="2/4/2026 4:56:51.262507765 PM",
="",43444,,,,,117,="",="2/4/2026 4:56:51.264305915 PM",
="",43445,,,,,117,="",="2/4/2026 4:56:51.264851940 PM",
="",43446,,,,,105,="",="2/4/2026 4:56:51.264948305 PM",
="",43447,,,,,105,="",="2/4/2026 4:56:51.265369590 PM",
="",43448,,,,,117,="",="2/4/2026 4:56:51.268484255 PM",
="",43452,,,,,109,="",="2/4/2026 4:56:51.311123090 PM",
="",43453,,,,,105,="",="2/4/2026 4:56:51.318894600 PM",
="",43454,,,,,105,="",="2/4/2026 4:56:51.319061460 PM",
="",43456,,,,,117,="",="2/4/2026 4:56:51.320442485 PM",
="",43457,,,,,105,="",="2/4/2026 4:56:51.320565130 PM",
="",43458,,,,,117,="",="2/4/2026 4:56:51.321668795 PM",
="",43459,,,,,105,="",="2/4/2026 4:56:51.321746185 PM",
="",43460,,,,,105,="",="2/4/2026 4:56:51.321903605 PM",
="",43461,,,,,105,="",="2/4/2026 4:56:51.322900705 PM",
="",43462,,,,,474,="",="2/4/2026 4:56:51.323281810 PM",
="",43468,,,,,105,="",="2/4/2026 4:56:51.328566100 PM",
="",43469,,,,,117,="",="2/4/2026 4:56:51.331940750 PM",
="",43472,,,,,117,="",="2/4/2026 4:56:51.341274795 PM",
="",43473,,,,,105,="",="2/4/2026 4:56:51.342181850 PM",
="",43474,,,,,117,="",="2/4/2026 4:56:51.344612990 PM",
="",43475,,,,,105,="",="2/4/2026 4:56:51.348693445 PM",
="",43477,,,,,117,="",="2/4/2026 4:56:51.352486460 PM",
="",43478,,,,,105,="",="2/4/2026 4:56:51.352581065 PM",
="",43483,,,,,105,="",="2/4/2026 4:56:51.365152140 PM",
="",43484,,,,,105,="",="2/4/2026 4:56:51.365489515 PM",
="",43485,,,,,117,="",="2/4/2026 4:56:51.365898415 PM",
="",43486,,,,,117,="",="2/4/2026 4:56:51.370050580 PM",
="",43490,,,,,105,="",="2/4/2026 4:56:51.373264395 PM",
="",43493,,,,,117,="",="2/4/2026 4:56:51.375960560 PM",
="",43496,,,,,117,="",="2/4/2026 4:56:51.378241670 PM",
="",43497,,,,,117,="",="2/4/2026 4:56:51.378725755 PM",
="",43498,,,,,117,="",="2/4/2026 4:56:51.378925630 PM",
="",43501,,,,,117,="",="2/4/2026 4:56:51.382045735 PM",
="",43502,,,,,105,="",="2/4/2026 4:56:51.382914175 PM",
="",43504,,,,,105,="",="2/4/2026 4:56:51.385650955 PM",
="",43506,,,,,105,="",="2/4/2026 4:56:51.389079020 PM",
="",43507,,,,,99,="",="2/4/2026 4:56:51.389118675 PM",
="",43508,,,,,105,="",="2/4/2026 4:56:51.390232460 PM",
="",43509,,,,,99,="",="2/4/2026 4:56:51.390272075 PM",
="",43510,,,,,117,="",="2/4/2026 4:56:51.390790605 PM",
="",43512,,,,,117,="",="2/4/2026 4:56:51.394288060 PM",
="",43513,,,,,105,="",="2/4/2026 4:56:51.394426880 PM",
="",43514,,,,,117,="",="2/4/2026 4:56:51.395092645 PM",
="",43515,,,,,105,="",="2/4/2026 4:56:51.395427860 PM",
="",43516,,,,,105,="",="2/4/2026 4:56:51.407649465 PM",
="",43517,,,,,105,="",="2/4/2026 4:56:51.408738435 PM",
="",43519,,,,,105,="",="2/4/2026 4:56:51.411001140 PM",
="",43521,,,,,99,="",="2/4/2026 4:56:51.412664150 PM",
="",43522,,,,,117,="",="2/4/2026 4:56:51.413025780 PM",
="",43524,,,,,117,="",="2/4/2026 4:56:51.416691830 PM",
="",43526,,,,,117,="",="2/4/2026 4:56:51.417598725 PM",
="",43527,,,,,117,="",="2/4/2026 4:56:51.418143910 PM",
="",43528,,,,,105,="",="2/4/2026 4:56:51.418222260 PM",
="",43529,,,,,105,="",="2/4/2026 4:56:51.419943180 PM",
="",43531,,,,,117,="",="2/4/2026 4:56:51.421029470 PM",
="",43536,,,,,420,="",="2/4/2026 4:56:51.431977105 PM",
="",43537,,,,,117,="",="2/4/2026 4:56:51.432471480 PM",
="",43538,,,,,105,="",="2/4/2026 4:56:51.432744145 PM",
="",43541,,,,,105,="",="2/4/2026 4:56:51.435325305 PM",
="",43542,,,,,117,="",="2/4/2026 4:56:51.435610145 PM",
="",43547,,,,,117,="",="2/4/2026 4:56:51.445628235 PM",
="",43548,,,,,117,="",="2/4/2026 4:56:51.445846605 PM",
="",43549,,,,,117,="",="2/4/2026 4:56:51.446021720 PM",
="",43552,,,,,105,="",="2/4/2026 4:56:51.448208380 PM",
="",43553,,,,,117,="",="2/4/2026 4:56:51.451687275 PM",
="",43555,,,,,117,="",="2/4/2026 4:56:51.452024250 PM",
="",43556,,,,,105,="",="2/4/2026 4:56:51.452128055 PM",
="",43557,,,,,117,="",="2/4/2026 4:56:51.452916750 PM",
="",43559,,,,,105,="",="2/4/2026 4:56:51.457175395 PM",
="",43560,,,,,117,="",="2/4/2026 4:56:51.457597695 PM",
="",43561,,,,,99,="",="2/4/2026 4:56:51.460416105 PM",
="",43565,,,,,117,="",="2/4/2026 4:56:51.465938120 PM",
="",43566,,,,,105,="",="2/4/2026 4:56:51.466838695 PM",
="",43567,,,,,105,="",="2/4/2026 4:56:51.466915565 PM",
="",43568,,,,,117,="",="2/4/2026 4:56:51.467359285 PM",
="",43569,,,,,105,="",="2/4/2026 4:56:51.467551475 PM",
="",43570,,,,,105,="",="2/4/2026 4:56:51.467732350 PM",
="",43573,,,,,117,="",="2/4/2026 4:56:51.469308850 PM",
="",43574,,,,,105,="",="2/4/2026 4:56:51.470992195 PM",
="",43575,,,,,117,="",="2/4/2026 4:56:51.472261800 PM",
="",43576,,,,,105,="",="2/4/2026 4:56:51.472832600 PM",
="",43579,,,,,117,="",="2/4/2026 4:56:51.475045835 PM",
="",43581,,,,,117,="",="2/4/2026 4:56:51.476755395 PM",
="",43583,,,,,117,="",="2/4/2026 4:56:51.478017360 PM",
="",43588,,,,,105,="",="2/4/2026 4:56:51.481457545 PM",
="",43589,,,,,105,="",="2/4/2026 4:56:51.483346725 PM",
="",43592,,,,,117,="",="2/4/2026 4:56:51.485352325 PM",
="",43593,,,,,117,="",="2/4/2026 4:56:51.486102685 PM",
="",43594,,,,,117,="",="2/4/2026 4:56:51.487355565 PM",
="",43596,,,,,117,="",="2/4/2026 4:56:51.488869995 PM",
="",43597,,,,,105,="",="2/4/2026 4:56:51.489346670 PM",
="",43598,,,,,117,="",="2/4/2026 4:56:51.491457435 PM",
="",43599,,,,,105,="",="2/4/2026 4:56:51.492863485 PM",
="",43600,,,,,99,="",="2/4/2026 4:56:51.492902380 PM",
="",43601,,,,,117,="",="2/4/2026 4:56:51.493171140 PM",
="",43602,,,,,117,="",="2/4/2026 4:56:51.493390110 PM",
="",43603,,,,,117,="",="2/4/2026 4:56:51.496904020 PM",
="",43604,,,,,117,="",="2/4/2026 4:56:51.499810580 PM",
="",43605,,,,,105,="",="2/4/2026 4:56:51.499908385 PM",
="",43606,,,,,117,="",="2/4/2026 4:56:51.502054205 PM",
="",43607,,,,,117,="",="2/4/2026 4:56:51.503430575 PM",
="",43608,,,,,105,="",="2/4/2026 4:56:51.503506405 PM",
="",43609,,,,,105,="",="2/4/2026 4:56:51.506572840 PM",
="",43610,,,,,117,="",="2/4/2026 4:56:51.508905535 PM",
="",43612,,,,,117,="",="2/4/2026 4:56:51.509285605 PM",
="",43614,,,,,105,="",="2/4/2026 4:56:51.510658895 PM",
="",43618,,,,,117,="",="2/4/2026 4:56:51.517676705 PM",
="",43620,,,,,117,="",="2/4/2026 4:56:51.520486310 PM",
="",43622,,,,,105,="",="2/4/2026 4:56:51.521882215 PM",
="",43623,,,,,117,="",="2/4/2026 4:56:51.523590320 PM",
="",43628,,,,,410,="",="2/4/2026 4:56:51.530610155 PM",
="",43632,,,,,105,="",="2/4/2026 4:56:51.532904245 PM",
="",43634,,,,,117,="",="2/4/2026 4:56:51.535572715 PM",
="",43635,,,,,105,="",="2/4/2026 4:56:51.535772110 PM",
="",43636,,,,,105,="",="2/4/2026 4:56:51.536903550 PM",
="",43638,,,,,117,="",="2/4/2026 4:56:51.549327045 PM",
="",43639,,,,,105,="",="2/4/2026 4:56:51.550489885 PM",
="",43641,,,,,105,="",="2/4/2026 4:56:51.553753650 PM",
="",43645,,,,,105,="",="2/4/2026 4:56:51.570032255 PM",
="",43648,,,,,105,="",="2/4/2026 4:56:51.588695080 PM",
="",43649,,,,,105,="",="2/4/2026 4:56:51.588994760 PM",
="",43651,,,,,117,="",="2/4/2026 4:56:51.593894840 PM",
="",43654,,,,,117,="",="2/4/2026 4:56:51.598727010 PM",
="",43655,,,,,105,="",="2/4/2026 4:56:51.611236855 PM",
="",43668,,,,,105,="",="2/4/2026 4:56:51.652937810 PM",
="",43669,,,,,117,="",="2/4/2026 4:56:51.655034975 PM",
="",43670,,,,,105,="",="2/4/2026 4:56:51.656392690 PM",
="",43672,,,,,117,="",="2/4/2026 4:56:51.670875360 PM",
="",43673,,,,,105,="",="2/4/2026 4:56:51.672336135 PM",
="",43674,,,,,105,="",="2/4/2026 4:56:51.673007165 PM",
="",43675,,,,,229,="",="2/4/2026 4:56:51.709578700 PM",
="",43676,,,,,117,="",="2/4/2026 4:56:51.715271920 PM",
="",43677,,,,,105,="",="2/4/2026 4:56:51.717803905 PM",
="",43678,,,,,117,="",="2/4/2026 4:56:51.723106270 PM",
="",43679,,,,,105,="",="2/4/2026 4:56:51.724491240 PM",
="",43681,,,,,404,="",="2/4/2026 4:56:51.736993360 PM",
="",43682,,,,,105,="",="2/4/2026 4:56:51.737565965 PM",
="",43685,,,,,105,="",="2/4/2026 4:56:51.744722830 PM",
="",43689,,,,,117,="",="2/4/2026 4:56:51.772785635 PM",
="",43690,,,,,105,="",="2/4/2026 4:56:51.772861745 PM",
="",43691,,,,,105,="",="2/4/2026 4:56:51.774175325 PM",
="",43693,,,,,105,="",="2/4/2026 4:56:51.778397400 PM",
="",43695,,,,,117,="",="2/4/2026 4:56:51.780935945 PM",
="",43699,,,,,105,="",="2/4/2026 4:56:51.791410310 PM",
="",43700,,,,,105,="",="2/4/2026 4:56:51.795749870 PM",
="",43701,,,,,105,="",="2/4/2026 4:56:51.810223780 PM",
="",43702,,,,,105,="",="2/4/2026 4:56:51.810695455 PM",
="",43703,,,,,117,="",="2/4/2026 4:56:51.812322930 PM",
="",43704,,,,,105,="",="2/4/2026 4:56:51.829258540 PM",
="",43705,,,,,117,="",="2/4/2026 4:56:51.829944265 PM",
="",43706,,,,,474,="",="2/4/2026 4:56:51.835253985 PM",
="",43714,,,,,105,="",="2/4/2026 4:56:51.864323535 PM",
="",43716,,,,,105,="",="2/4/2026 4:56:51.876934760 PM",
="",43717,,,,,117,="",="2/4/2026 4:56:51.880102800 PM",
="",43721,,,,,117,="",="2/4/2026 4:56:51.923881665 PM",
="",43731,,,,,117,="",="2/4/2026 4:56:51.968937805 PM",
="",43733,,,,,105,="",="2/4/2026 4:56:51.970332535 PM",
="",43734,,,,,105,="",="2/4/2026 4:56:51.978840955 PM",
="",43738,,,,,105,="",="2/4/2026 4:56:51.991530290 PM",
="",43740,,,,,105,="",="2/4/2026 4:56:51.993116630 PM",
="",43741,,,,,117,="",="2/4/2026 4:56:51.996756025 PM",
="",43742,,,,,117,="",="2/4/2026 4:56:51.998781065 PM",
="",43744,,,,,105,="",="2/4/2026 4:56:52.029228875 PM",
="",43752,,,,,117,="",="2/4/2026 4:56:52.048874490 PM",
="",43753,,,,,117,="",="2/4/2026 4:56:52.049212945 PM",
="",43754,,,,,105,="",="2/4/2026 4:56:52.050601050 PM",
="",43755,,,,,105,="",="2/4/2026 4:56:52.051489465 PM",
="",43763,,,,,117,="",="2/4/2026 4:56:52.059490995 PM",
="",43765,,,,,117,="",="2/4/2026 4:56:52.073130625 PM",
="",43766,,,,,117,="",="2/4/2026 4:56:52.073753575 PM",
="",43768,,,,,105,="",="2/4/2026 4:56:52.082139615 PM",
="",43770,,,,,105,="",="2/4/2026 4:56:52.084700575 PM",
="",43771,,,,,105,="",="2/4/2026 4:56:52.097598865 PM",
="",43772,,,,,117,="",="2/4/2026 4:56:52.098762785 PM",
="",43773,,,,,117,="",="2/4/2026 4:56:52.099850995 PM",
="",43774,,,,,105,="",="2/4/2026 4:56:52.101246100 PM",
="",43775,,,,,117,="",="2/4/2026 4:56:52.121830465 PM",
="",43776,,,,,105,="",="2/4/2026 4:56:52.123462315 PM",
="",43778,,,,,117,="",="2/4/2026 4:56:52.129193700 PM",
="",43780,,,,,105,="",="2/4/2026 4:56:52.131387975 PM",
="",43781,,,,,117,="",="2/4/2026 4:56:52.132086500 PM",
="",43782,,,,,105,="",="2/4/2026 4:56:52.132392555 PM",
="",43783,,,,,117,="",="2/4/2026 4:56:52.132861550 PM",
="",43784,,,,,105,="",="2/4/2026 4:56:52.133604650 PM",
="",43790,,,,,117,="",="2/4/2026 4:56:52.147984730 PM",
="",43791,,,,,117,="",="2/4/2026 4:56:52.148299170 PM",
="",43792,,,,,105,="",="2/4/2026 4:56:52.148413135 PM",
="",43799,,,,,105,="",="2/4/2026 4:56:52.160287205 PM",
="",43800,,,,,105,="",="2/4/2026 4:56:52.161550730 PM",
="",43801,,,,,117,="",="2/4/2026 4:56:52.162507495 PM",
="",43802,,,,,117,="",="2/4/2026 4:56:52.163724285 PM",
="",43803,,,,,105,="",="2/4/2026 4:56:52.163934535 PM",
="",43804,,,,,117,="",="2/4/2026 4:56:52.164636540 PM",
="",43805,,,,,117,="",="2/4/2026 4:56:52.169197885 PM",
="",43807,,,,,117,="",="2/4/2026 4:56:52.174220930 PM",
="",43808,,,,,117,="",="2/4/2026 4:56:52.175967945 PM",
="",43809,,,,,117,="",="2/4/2026 4:56:52.177130945 PM",
="",43810,,,,,105,="",="2/4/2026 4:56:52.178120550 PM",
="",43811,,,,,117,="",="2/4/2026 4:56:52.179622700 PM",
="",43813,,,,,117,="",="2/4/2026 4:56:52.182413590 PM",
="",43814,,,,,105,="",="2/4/2026 4:56:52.184448590 PM",
="",43815,,,,,117,="",="2/4/2026 4:56:52.184640200 PM",
="",43816,,,,,105,="",="2/4/2026 4:56:52.184850195 PM",
="",43817,,,,,117,="",="2/4/2026 4:56:52.185144410 PM",
="",43818,,,,,117,="",="2/4/2026 4:56:52.186049385 PM",
="",43823,,,,,117,="",="2/4/2026 4:56:52.192216990 PM",
="",43825,,,,,117,="",="2/4/2026 4:56:52.204111900 PM",
="",43826,,,,,229,="",="2/4/2026 4:56:52.204391320 PM",
="",43827,,,,,105,="",="2/4/2026 4:56:52.205803445 PM",
="",43828,,,,,117,="",="2/4/2026 4:56:52.207883755 PM",
="",43830,,,,,117,="",="2/4/2026 4:56:52.208907870 PM",
="",43834,,,,,400,="",="2/4/2026 4:56:52.217633320 PM",
="",43835,,,,,117,="",="2/4/2026 4:56:52.221516480 PM",
="",43836,,,,,117,="",="2/4/2026 4:56:52.222091920 PM",
="",43837,,,,,117,="",="2/4/2026 4:56:52.224155415 PM",
="",43840,,,,,105,="",="2/4/2026 4:56:52.226090625 PM",
="",43843,,,,,117,="",="2/4/2026 4:56:52.226816325 PM",
="",43844,,,,,105,="",="2/4/2026 4:56:52.226989640 PM",
="",43845,,,,,99,="",="2/4/2026 4:56:52.227044735 PM",
="",43846,,,,,117,="",="2/4/2026 4:56:52.227672765 PM",
="",43851,,,,,117,="",="2/4/2026 4:56:52.230589260 PM",
="",43855,,,,,117,="",="2/4/2026 4:56:52.234729025 PM",
="",43858,,,,,117,="",="2/4/2026 4:56:52.243872315 PM",
="",43865,,,,,99,="",="2/4/2026 4:56:52.250724715 PM",
="",43866,,,,,117,="",="2/4/2026 4:56:52.251331905 PM",
="",43867,,,,,117,="",="2/4/2026 4:56:52.251384075 PM",
="",43868,,,,,117,="",="2/4/2026 4:56:52.252735445 PM",
="",43876,,,,,99,="",="2/4/2026 4:56:52.263367470 PM",
="",43877,,,,,117,="",="2/4/2026 4:56:52.264063915 PM",
="",43879,,,,,105,="",="2/4/2026 4:56:52.267078175 PM",
="",43880,,,,,117,="",="2/4/2026 4:56:52.267918560 PM",
="",43881,,,,,99,="",="2/4/2026 4:56:52.268098515 PM",
="",43882,,,,,117,="",="2/4/2026 4:56:52.268379035 PM",
="",43883,,,,,117,="",="2/4/2026 4:56:52.268959635 PM",
="",43884,,,,,117,="",="2/4/2026 4:56:52.269115670 PM",
="",43885,,,,,117,="",="2/4/2026 4:56:52.270495520 PM",
="",43886,,,,,105,="",="2/4/2026 4:56:52.270633260 PM",
="",43887,,,,,99,="",="2/4/2026 4:56:52.270672515 PM",
="",43888,,,,,117,="",="2/4/2026 4:56:52.270794520 PM",
="",43889,,,,,105,="",="2/4/2026 4:56:52.270994690 PM",
="",43890,,,,,117,="",="2/4/2026 4:56:52.271317065 PM",
="",43891,,,,,117,="",="2/4/2026 4:56:52.273005010 PM",
="",43892,,,,,117,="",="2/4/2026 4:56:52.273772445 PM",
="",43894,,,,,99,="",="2/4/2026 4:56:52.275207125 PM",
="",43895,,,,,117,="",="2/4/2026 4:56:52.275438935 PM",
="",43896,,,,,117,="",="2/4/2026 4:56:52.278698460 PM",
="",43897,,,,,117,="",="2/4/2026 4:56:52.278919790 PM",
="",43899,,,,,105,="",="2/4/2026 4:56:52.279401465 PM",
="",43900,,,,,117,="",="2/4/2026 4:56:52.280118005 PM",
="",43902,,,,,117,="",="2/4/2026 4:56:52.280560985 PM",
="",43903,,,,,105,="",="2/4/2026 4:56:52.280699045 PM",
="",43906,,,,,99,="",="2/4/2026 4:56:52.281243020 PM",
="",43907,,,,,117,="",="2/4/2026 4:56:52.281682305 PM",
="",43908,,,,,105,="",="2/4/2026 4:56:52.282380750 PM",
="",43909,,,,,99,="",="2/4/2026 4:56:52.282417915 PM",
="",43910,,,,,117,="",="2/4/2026 4:56:52.283035940 PM",
="",43912,,,,,117,="",="2/4/2026 4:56:52.283496375 PM",
="",43914,,,,,117,="",="2/4/2026 4:56:52.285516215 PM",
="",43916,,,,,117,="",="2/4/2026 4:56:52.286219475 PM",
="",43917,,,,,105,="",="2/4/2026 4:56:52.286356320 PM",
="",43918,,,,,99,="",="2/4/2026 4:56:52.286542995 PM",
="",43919,,,,,117,="",="2/4/2026 4:56:52.286706630 PM",
="",43922,,,,,117,="",="2/4/2026 4:56:52.287215925 PM",
="",43923,,,,,117,="",="2/4/2026 4:56:52.287255525 PM",
="",43925,,,,,117,="",="2/4/2026 4:56:52.288108060 PM",
="",43926,,,,,117,="",="2/4/2026 4:56:52.288159630 PM",
="",43927,,,,,105,="",="2/4/2026 4:56:52.288377520 PM",
="",43928,,,,,105,="",="2/4/2026 4:56:52.288814540 PM",
="",43929,,,,,99,="",="2/4/2026 4:56:52.288851705 PM",
="",43932,,,,,117,="",="2/4/2026 4:56:52.292115080 PM",
="",43933,,,,,117,="",="2/4/2026 4:56:52.300885260 PM",
="",43934,,,,,117,="",="2/4/2026 4:56:52.302915220 PM",
="",43935,,,,,99,="",="2/4/2026 4:56:52.303193860 PM",
="",43936,,,,,117,="",="2/4/2026 4:56:52.306506880 PM",
="",43937,,,,,99,="",="2/4/2026 4:56:52.306830735 PM",
="",43938,,,,,117,="",="2/4/2026 4:56:52.309217485 PM",
="",43939,,,,,117,="",="2/4/2026 4:56:52.311764670 PM",
="",43940,,,,,117,="",="2/4/2026 4:56:52.311911010 PM",
="",43941,,,,,117,="",="2/4/2026 4:56:52.312076045 PM",
="",43942,,,,,105,="",="2/4/2026 4:56:52.312154875 PM",
="",43943,,,,,99,="",="2/4/2026 4:56:52.312192040 PM",
="",43944,,,,,105,="",="2/4/2026 4:56:52.320056280 PM",
="",43949,,,,,99,="",="2/4/2026 4:56:52.325555935 PM",
="",43953,,,,,105,="",="2/4/2026 4:56:52.327162370 PM",
="",43954,,,,,117,="",="2/4/2026 4:56:52.327338085 PM",
="",43957,,,,,117,="",="2/4/2026 4:56:52.329061835 PM",
="",43958,,,,,117,="",="2/4/2026 4:56:52.329113380 PM",
="",43961,,,,,99,="",="2/4/2026 4:56:52.329896220 PM",
="",43962,,,,,117,="",="2/4/2026 4:56:52.329964690 PM",
="",43963,,,,,117,="",="2/4/2026 4:56:52.330007315 PM",
="",43965,,,,,117,="",="2/4/2026 4:56:52.332124560 PM",
="",43966,,,,,117,="",="2/4/2026 4:56:52.335765875 PM",
="",43967,,,,,99,="",="2/4/2026 4:56:52.336038180 PM",
="",43971,,,,,117,="",="2/4/2026 4:56:52.338689530 PM",
="",43972,,,,,99,="",="2/4/2026 4:56:52.338883565 PM",
="",43973,,,,,117,="",="2/4/2026 4:56:52.339086975 PM",
="",43974,,,,,105,="",="2/4/2026 4:56:52.339224315 PM",
="",43975,,,,,99,="",="2/4/2026 4:56:52.339264050 PM",
="",43976,,,,,117,="",="2/4/2026 4:56:52.339719605 PM",
="",43977,,,,,117,="",="2/4/2026 4:56:52.340001750 PM",
="",43979,,,,,117,="",="2/4/2026 4:56:52.340376155 PM",
="",43981,,,,,117,="",="2/4/2026 4:56:52.340714170 PM",
="",43983,,,,,117,="",="2/4/2026 4:56:52.341295170 PM",
="",43985,,,,,105,="",="2/4/2026 4:56:52.342375700 PM",
="",43986,,,,,99,="",="2/4/2026 4:56:52.342425210 PM",
="",43987,,,,,117,="",="2/4/2026 4:56:52.342695635 PM",
="",43988,,,,,117,="",="2/4/2026 4:56:52.342905325 PM",
="",43989,,,,,105,="",="2/4/2026 4:56:52.343057185 PM",
="",43990,,,,,117,="",="2/4/2026 4:56:52.343285570 PM",
="",43992,,,,,117,="",="2/4/2026 4:56:52.345036770 PM",
="",43994,,,,,105,="",="2/4/2026 4:56:52.348667325 PM",
="",43995,,,,,105,="",="2/4/2026 4:56:52.349153320 PM",
="",43996,,,,,105,="",="2/4/2026 4:56:52.349670625 PM",
="",43998,,,,,229,="",="2/4/2026 4:56:52.352045050 PM",
="",43999,,,,,117,="",="2/4/2026 4:56:52.352591840 PM",
="",44000,,,,,404,="",="2/4/2026 4:56:52.352822765 PM",
="",44001,,,,,397,="",="2/4/2026 4:56:52.353576650 PM",
="",44002,,,,,117,="",="2/4/2026 4:56:52.356313305 PM",
="",44003,,,,,117,="",="2/4/2026 4:56:52.359106795 PM",
="",44007,,,,,117,="",="2/4/2026 4:56:52.361776825 PM",
="",44008,,,,,117,="",="2/4/2026 4:56:52.362519380 PM",
="",44009,,,,,117,="",="2/4/2026 4:56:52.363658620 PM",
="",44010,,,,,105,="",="2/4/2026 4:56:52.363850695 PM",
="",44011,,,,,99,="",="2/4/2026 4:56:52.363890310 PM",
="",44012,,,,,117,="",="2/4/2026 4:56:52.364166270 PM",
="",44013,,,,,117,="",="2/4/2026 4:56:52.364813820 PM",
="",44023,,,,,117,="",="2/4/2026 4:56:52.369087670 PM",
="",44024,,,,,117,="",="2/4/2026 4:56:52.369297400 PM",
="",44026,,,,,117,="",="2/4/2026 4:56:52.369699405 PM",
="",44028,,,,,117,="",="2/4/2026 4:56:52.371362270 PM",
="",44029,,,,,105,="",="2/4/2026 4:56:52.371515610 PM",
="",44030,,,,,105,="",="2/4/2026 4:56:52.372080035 PM",
="",44031,,,,,117,="",="2/4/2026 4:56:52.372562565 PM",
="",44033,,,,,117,="",="2/4/2026 4:56:52.373528575 PM",
="",44034,,,,,117,="",="2/4/2026 4:56:52.373585665 PM",
="",44036,,,,,99,="",="2/4/2026 4:56:52.374003155 PM",
="",44037,,,,,117,="",="2/4/2026 4:56:52.374270950 PM",
="",44042,,,,,117,="",="2/4/2026 4:56:52.376348740 PM",
="",44046,,,,,117,="",="2/4/2026 4:56:52.378131575 PM",
="",44047,,,,,117,="",="2/4/2026 4:56:52.378182425 PM",
="",44050,,,,,117,="",="2/4/2026 4:56:52.385316680 PM",
="",44053,,,,,99,="",="2/4/2026 4:56:52.387272595 PM",
="",44057,,,,,117,="",="2/4/2026 4:56:52.389195855 PM",
="",44058,,,,,117,="",="2/4/2026 4:56:52.389478095 PM",
="",44059,,,,,105,="",="2/4/2026 4:56:52.389615860 PM",
="",44061,,,,,99,="",="2/4/2026 4:56:52.389835275 PM",
="",44062,,,,,117,="",="2/4/2026 4:56:52.389915880 PM",
="",44063,,,,,117,="",="2/4/2026 4:56:52.389968450 PM",
="",44064,,,,,117,="",="2/4/2026 4:56:52.390276585 PM",
="",44065,,,,,117,="",="2/4/2026 4:56:52.390434565 PM",
="",44066,,,,,105,="",="2/4/2026 4:56:52.390552690 PM",
="",44068,,,,,117,="",="2/4/2026 4:56:52.391134425 PM",
="",44069,,,,,105,="",="2/4/2026 4:56:52.391334780 PM",
="",44073,,,,,117,="",="2/4/2026 4:56:52.394864690 PM",
="",44074,,,,,105,="",="2/4/2026 4:56:52.396223460 PM",
="",44077,,,,,117,="",="2/4/2026 4:56:52.397032045 PM",
="",44078,,,,,105,="",="2/4/2026 4:56:52.398379720 PM",
="",44080,,,,,117,="",="2/4/2026 4:56:52.398574355 PM",
="",44084,,,,,117,="",="2/4/2026 4:56:52.400353985 PM",
="",44090,,,,,117,="",="2/4/2026 4:56:52.411378695 PM",
="",44093,,,,,117,="",="2/4/2026 4:56:52.413262955 PM",
="",44099,,,,,117,="",="2/4/2026 4:56:52.419459375 PM",
="",44101,,,,,105,="",="2/4/2026 4:56:52.420850560 PM",
="",44106,,,,,117,="",="2/4/2026 4:56:52.430187290 PM",
="",44107,,,,,117,="",="2/4/2026 4:56:52.430258315 PM",
="",44109,,,,,117,="",="2/4/2026 4:56:52.440929290 PM",
="",44112,,,,,105,="",="2/4/2026 4:56:52.445226035 PM",
="",44113,,,,,117,="",="2/4/2026 4:56:52.446046100 PM",
="",44115,,,,,117,="",="2/4/2026 4:56:52.447917040 PM",
="",44116,,,,,105,="",="2/4/2026 4:56:52.448934580 PM",
="",44118,,,,,117,="",="2/4/2026 4:56:52.449376520 PM",
="",44119,,,,,117,="",="2/4/2026 4:56:52.450169970 PM",
="",44124,,,,,117,="",="2/4/2026 4:56:52.457016940 PM",
="",44127,,,,,117,="",="2/4/2026 4:56:52.460246175 PM",
="",44130,,,,,117,="",="2/4/2026 4:56:52.461213215 PM",
="",44132,,,,,105,="",="2/4/2026 4:56:52.462072175 PM",
="",44136,,,,,117,="",="2/4/2026 4:56:52.470946305 PM",
="",44139,,,,,99,="",="2/4/2026 4:56:52.474212500 PM",
="",44140,,,,,117,="",="2/4/2026 4:56:52.474447655 PM",
="",44141,,,,,117,="",="2/4/2026 4:56:52.476237830 PM",
="",44145,,,,,105,="",="2/4/2026 4:56:52.491100785 PM",
="",44146,,,,,105,="",="2/4/2026 4:56:52.491255805 PM",
="",44147,,,,,117,="",="2/4/2026 4:56:52.491484990 PM",
="",44148,,,,,105,="",="2/4/2026 4:56:52.491654930 PM",
="",44149,,,,,117,="",="2/4/2026 4:56:52.492816705 PM",
="",44150,,,,,117,="",="2/4/2026 4:56:52.493747295 PM",
="",44153,,,,,117,="",="2/4/2026 4:56:52.494801490 PM",
="",44155,,,,,117,="",="2/4/2026 4:56:52.495136745 PM",
="",44157,,,,,99,="",="2/4/2026 4:56:52.495405720 PM",
="",44159,,,,,117,="",="2/4/2026 4:56:52.497550070 PM",
="",44161,,,,,117,="",="2/4/2026 4:56:52.497951475 PM",
="",44164,,,,,99,="",="2/4/2026 4:56:52.499199800 PM",
="",44167,,,,,121,="",="2/4/2026 4:56:52.507007855 PM",
="",44168,,,,,117,="",="2/4/2026 4:56:52.507984580 PM",
="",44169,,,,,117,="",="2/4/2026 4:56:52.511256385 PM",
="",44170,,,,,117,="",="2/4/2026 4:56:52.511401565 PM",
="",44172,,,,,105,="",="2/4/2026 4:56:52.511646215 PM",
="",44173,,,,,117,="",="2/4/2026 4:56:52.512768095 PM",
="",44175,,,,,99,="",="2/4/2026 4:56:52.512975880 PM",
="",44177,,,,,105,="",="2/4/2026 4:56:52.513872145 PM",
="",44179,,,,,117,="",="2/4/2026 4:56:52.517230195 PM",
="",44188,,,,,117,="",="2/4/2026 4:56:52.523694680 PM",
="",44190,,,,,117,="",="2/4/2026 4:56:52.527310275 PM",
="",44194,,,,,117,="",="2/4/2026 4:56:52.534343920 PM",
="",44196,,,,,105,="",="2/4/2026 4:56:52.535426210 PM",
="",44197,,,,,109,="",="2/4/2026 4:56:52.536270845 PM",
="",44198,,,,,117,="",="2/4/2026 4:56:52.536309560 PM",
="",44199,,,,,117,="",="2/4/2026 4:56:52.536561155 PM",
="",44200,,,,,117,="",="2/4/2026 4:56:52.537176785 PM",
="",44201,,,,,105,="",="2/4/2026 4:56:52.537315150 PM",
="",44203,,,,,105,="",="2/4/2026 4:56:52.537663020 PM",
="",44204,,,,,117,="",="2/4/2026 4:56:52.538332905 PM",
="",44206,,,,,99,="",="2/4/2026 4:56:52.538555825 PM",
="",44211,,,,,99,="",="2/4/2026 4:56:52.539935005 PM",
="",44212,,,,,117,="",="2/4/2026 4:56:52.540565680 PM",
="",44213,,,,,117,="",="2/4/2026 4:56:52.540617530 PM",
="",44216,,,,,117,="",="2/4/2026 4:56:52.541456475 PM",
="",44217,,,,,123,="",="2/4/2026 4:56:52.541678800 PM",
="",44222,,,,,105,="",="2/4/2026 4:56:52.542448615 PM",
="",44223,,,,,117,="",="2/4/2026 4:56:52.542767510 PM",
="",44225,,,,,105,="",="2/4/2026 4:56:52.543170355 PM",
="",44228,,,,,105,="",="2/4/2026 4:56:52.544149120 PM",
="",44230,,,,,111,="",="2/4/2026 4:56:52.544605585 PM",
="",44232,,,,,105,="",="2/4/2026 4:56:52.544859780 PM",
="",44234,,,,,117,="",="2/4/2026 4:56:52.545698525 PM",
="",44235,,,,,117,="",="2/4/2026 4:56:52.546328235 PM",
="",44236,,,,,117,="",="2/4/2026 4:56:52.546628195 PM",
="",44237,,,,,117,="",="2/4/2026 4:56:52.547028760 PM",
="",44238,,,,,105,="",="2/4/2026 4:56:52.547107430 PM",
="",44239,,,,,99,="",="2/4/2026 4:56:52.547146565 PM",
="",44240,,,,,117,="",="2/4/2026 4:56:52.548402850 PM",
="",44241,,,,,117,="",="2/4/2026 4:56:52.548858125 PM",
="",44243,,,,,117,="",="2/4/2026 4:56:52.549297745 PM",
="",44246,,,,,117,="",="2/4/2026 4:56:52.549888080 PM",
="",44247,,,,,105,="",="2/4/2026 4:56:52.550065380 PM",
="",44251,,,,,105,="",="2/4/2026 4:56:52.551345320 PM",
="",44252,,,,,117,="",="2/4/2026 4:56:52.551676055 PM",
="",44253,,,,,105,="",="2/4/2026 4:56:52.551753605 PM",
="",44255,,,,,117,="",="2/4/2026 4:56:52.552592765 PM",
="",44257,,,,,117,="",="2/4/2026 4:56:52.556225720 PM",
="",44258,,,,,117,="",="2/4/2026 4:56:52.556851015 PM",
="",44259,,,,,410,="",="2/4/2026 4:56:52.556961410 PM",
="",44261,,,,,420,="",="2/4/2026 4:56:52.559458050 PM",
="",44264,,,,,117,="",="2/4/2026 4:56:52.560918990 PM",
="",44265,,,,,105,="",="2/4/2026 4:56:52.561519685 PM",
="",44267,,,,,397,="",="2/4/2026 4:56:52.561961830 PM",
="",44268,,,,,117,="",="2/4/2026 4:56:52.562436340 PM",
="",44272,,,,,117,="",="2/4/2026 4:56:52.564814690 PM",
="",44273,,,,,105,="",="2/4/2026 4:56:52.565250070 PM",
="",44274,,,,,117,="",="2/4/2026 4:56:52.566556985 PM",
="",44275,,,,,117,="",="2/4/2026 4:56:52.567379770 PM",
="",44276,,,,,117,="",="2/4/2026 4:56:52.568158805 PM",
="",44277,,,,,117,="",="2/4/2026 4:56:52.568919480 PM",
="",44278,,,,,117,="",="2/4/2026 4:56:52.569493240 PM",
="",44279,,,,,117,="",="2/4/2026 4:56:52.570429990 PM",
="",44280,,,,,117,="",="2/4/2026 4:56:52.570675615 PM",
="",44281,,,,,117,="",="2/4/2026 4:56:52.570877545 PM",
="",44283,,,,,105,="",="2/4/2026 4:56:52.571156130 PM",
="",44285,,,,,117,="",="2/4/2026 4:56:52.571996810 PM",
="",44286,,,,,117,="",="2/4/2026 4:56:52.572279490 PM",
="",44289,,,,,117,="",="2/4/2026 4:56:52.573194705 PM",
="",44296,,,,,117,="",="2/4/2026 4:56:52.575775265 PM",
="",44299,,,,,117,="",="2/4/2026 4:56:52.576890410 PM",
="",44304,,,,,117,="",="2/4/2026 4:56:52.580494395 PM",
="",44307,,,,,117,="",="2/4/2026 4:56:52.582286780 PM",
="",44312,,,,,117,="",="2/4/2026 4:56:52.584874980 PM",
="",44313,,,,,117,="",="2/4/2026 4:56:52.585158485 PM",
="",44314,,,,,193,="",="2/4/2026 4:56:52.585435355 PM",
="",44315,,,,,105,="",="2/4/2026 4:56:52.585926095 PM",
="",44316,,,,,117,="",="2/4/2026 4:56:52.586287125 PM",
="",44319,,,,,117,="",="2/4/2026 4:56:52.588075955 PM",
="",44320,,,,,117,="",="2/4/2026 4:56:52.588996290 PM",
="",44322,,,,,99,="",="2/4/2026 4:56:52.589218620 PM",
="",44323,,,,,117,="",="2/4/2026 4:56:52.589378775 PM",
="",44331,,,,,117,="",="2/4/2026 4:56:52.592119395 PM",
="",44336,,,,,105,="",="2/4/2026 4:56:52.594735555 PM",
="",44337,,,,,99,="",="2/4/2026 4:56:52.594772720 PM",
="",44338,,,,,117,="",="2/4/2026 4:56:52.595052530 PM",
="",44341,,,,,117,="",="2/4/2026 4:56:52.595389920 PM",
="",44346,,,,,117,="",="2/4/2026 4:56:52.596609350 PM",
="",44348,,,,,117,="",="2/4/2026 4:56:52.597001115 PM",
="",44354,,,,,117,="",="2/4/2026 4:56:52.600249830 PM",
="",44355,,,,,117,="",="2/4/2026 4:56:52.600301400 PM",
="",44357,,,,,105,="",="2/4/2026 4:56:52.600844785 PM",
="",44359,,,,,99,="",="2/4/2026 4:56:52.601068955 PM",
="",44363,,,,,121,="",="2/4/2026 4:56:52.603644355 PM",
="",44365,,,,,105,="",="2/4/2026 4:56:52.604579985 PM",
="",44367,,,,,117,="",="2/4/2026 4:56:52.606492060 PM",
="",44369,,,,,117,="",="2/4/2026 4:56:52.606855570 PM",
="",44374,,,,,117,="",="2/4/2026 4:56:52.609989400 PM",
="",44375,,,,,117,="",="2/4/2026 4:56:52.610041905 PM",
="",44376,,,,,117,="",="2/4/2026 4:56:52.610360560 PM",
="",44379,,,,,117,="",="2/4/2026 4:56:52.610738990 PM",
="",44385,,,,,117,="",="2/4/2026 4:56:52.612066470 PM",
="",44386,,,,,117,="",="2/4/2026 4:56:52.612118535 PM",
="",44392,,,,,117,="",="2/4/2026 4:56:52.613724920 PM",
="",44393,,,,,117,="",="2/4/2026 4:56:52.613776385 PM",
="",44394,,,,,117,="",="2/4/2026 4:56:52.614526010 PM",
="",44395,,,,,117,="",="2/4/2026 4:56:52.614577235 PM",
="",44396,,,,,105,="",="2/4/2026 4:56:52.614717215 PM",
="",44402,,,,,117,="",="2/4/2026 4:56:52.616051690 PM",
="",44408,,,,,117,="",="2/4/2026 4:56:52.619076030 PM",
="",44411,,,,,117,="",="2/4/2026 4:56:52.620053075 PM",
="",44414,,,,,117,="",="2/4/2026 4:56:52.621220130 PM",
="",44415,,,,,109,="",="2/4/2026 4:56:52.622084940 PM",
="",44416,,,,,117,="",="2/4/2026 4:56:52.622129905 PM",
="",44417,,,,,99,="",="2/4/2026 4:56:52.622308180 PM",
="",44418,,,,,117,="",="2/4/2026 4:56:52.622441870 PM",
="",44419,,,,,117,="",="2/4/2026 4:56:52.622481470 PM",
="",44423,,,,,117,="",="2/4/2026 4:56:52.624165865 PM",
="",44424,,,,,117,="",="2/4/2026 4:56:52.624569330 PM",
="",44425,,,,,117,="",="2/4/2026 4:56:52.624620700 PM",
="",44427,,,,,99,="",="2/4/2026 4:56:52.625197260 PM",
="",44429,,,,,117,="",="2/4/2026 4:56:52.627086215 PM",
="",44432,,,,,99,="",="2/4/2026 4:56:52.627478235 PM",
="",44434,,,,,117,="",="2/4/2026 4:56:52.628411875 PM",
="",44436,,,,,99,="",="2/4/2026 4:56:52.628829175 PM",
="",44437,,,,,117,="",="2/4/2026 4:56:52.629505420 PM",
="",44449,,,,,117,="",="2/4/2026 4:56:52.633304000 PM",
="",44450,,,,,117,="",="2/4/2026 4:56:52.633355265 PM",
="",44451,,,,,105,="",="2/4/2026 4:56:52.633493550 PM",
="",44452,,,,,117,="",="2/4/2026 4:56:52.634172675 PM",
="",44455,,,,,117,="",="2/4/2026 4:56:52.635458295 PM",
="",44456,,,,,117,="",="2/4/2026 4:56:52.636259265 PM",
="",44462,,,,,105,="",="2/4/2026 4:56:52.641136385 PM",
="",44464,,,,,117,="",="2/4/2026 4:56:52.641259190 PM",
="",44470,,,,,117,="",="2/4/2026 4:56:52.644004465 PM",
="",44472,,,,,229,="",="2/4/2026 4:56:52.646076235 PM",
="",44474,,,,,105,="",="2/4/2026 4:56:52.646375200 PM",
="",44475,,,,,105,="",="2/4/2026 4:56:52.646540035 PM",
="",44482,,,,,117,="",="2/4/2026 4:56:52.648920665 PM",
="",44485,,,,,105,="",="2/4/2026 4:56:52.650282755 PM",
="",44486,,,,,117,="",="2/4/2026 4:56:52.650605370 PM",
="",44488,,,,,117,="",="2/4/2026 4:56:52.651239425 PM",
="",44492,,,,,404,="",="2/4/2026 4:56:52.658605375 PM",
="",44497,,,,,117,="",="2/4/2026 4:56:52.660356355 PM",
="",44499,,,,,117,="",="2/4/2026 4:56:52.661162525 PM",
="",44501,,,,,117,="",="2/4/2026 4:56:52.662309005 PM",
="",44503,,,,,99,="",="2/4/2026 4:56:52.663573520 PM",
="",44505,,,,,99,="",="2/4/2026 4:56:52.663986095 PM",
="",44509,,,,,99,="",="2/4/2026 4:56:52.667126455 PM",
="",44510,,,,,117,="",="2/4/2026 4:56:52.667239420 PM",
="",44512,,,,,99,="",="2/4/2026 4:56:52.667574545 PM",
="",44513,,,,,117,="",="2/4/2026 4:56:52.668219465 PM",
="",44514,,,,,99,="",="2/4/2026 4:56:52.668397620 PM",
="",44515,,,,,117,="",="2/4/2026 4:56:52.668579775 PM",
="",44520,,,,,117,="",="2/4/2026 4:56:52.670496690 PM",
="",44521,,,,,117,="",="2/4/2026 4:56:52.672098645 PM",
="",44523,,,,,117,="",="2/4/2026 4:56:52.672419260 PM",
="",44525,,,,,99,="",="2/4/2026 4:56:52.672641590 PM",
="",44529,,,,,117,="",="2/4/2026 4:56:52.675178520 PM",
="",44530,,,,,117,="",="2/4/2026 4:56:52.675461200 PM",
="",44531,,,,,105,="",="2/4/2026 4:56:52.675598980 PM",
="",44532,,,,,105,="",="2/4/2026 4:56:52.675785295 PM",
="",44534,,,,,117,="",="2/4/2026 4:56:52.676103230 PM",
="",44540,,,,,229,="",="2/4/2026 4:56:52.678057835 PM",
="",44545,,,,,117,="",="2/4/2026 4:56:52.681219200 PM",
="",44552,,,,,99,="",="2/4/2026 4:56:52.685587335 PM",
="",44559,,,,,105,="",="2/4/2026 4:56:52.695981350 PM",
="",44567,,,,,109,="",="2/4/2026 4:56:52.697527205 PM",
="",44572,,,,,105,="",="2/4/2026 4:56:52.698362540 PM",
="",44574,,,,,117,="",="2/4/2026 4:56:52.698584445 PM",
="",44577,,,,,117,="",="2/4/2026 4:56:52.699419190 PM",
="",44578,,,,,117,="",="2/4/2026 4:56:52.699701350 PM",
="",44581,,,,,117,="",="2/4/2026 4:56:52.701198050 PM",
="",44583,,,,,117,="",="2/4/2026 4:56:52.701489845 PM",
="",44590,,,,,117,="",="2/4/2026 4:56:52.704260885 PM",
="",44593,,,,,229,="",="2/4/2026 4:56:52.705001710 PM",
="",44595,,,,,117,="",="2/4/2026 4:56:52.705405080 PM",
="",44601,,,,,105,="",="2/4/2026 4:56:52.706909350 PM",
="",44603,,,,,117,="",="2/4/2026 4:56:52.707405520 PM",
="",44608,,,,,99,="",="2/4/2026 4:56:52.711127495 PM",
="",44610,,,,,117,="",="2/4/2026 4:56:52.712018885 PM",
="",44612,,,,,229,="",="2/4/2026 4:56:52.712461495 PM",
="",44617,,,,,117,="",="2/4/2026 4:56:52.714162930 PM",
="",44619,,,,,117,="",="2/4/2026 4:56:52.714791000 PM",
="",44627,,,,,105,="",="2/4/2026 4:56:52.717839735 PM",
="",44634,,,,,117,="",="2/4/2026 4:56:52.719025845 PM",
="",44637,,,,,117,="",="2/4/2026 4:56:52.721231720 PM",
="",44641,,,,,105,="",="2/4/2026 4:56:52.725005000 PM",
="",44644,,,,,117,="",="2/4/2026 4:56:52.725846480 PM",
="",44647,,,,,117,="",="2/4/2026 4:56:52.728015860 PM",
="",44649,,,,,117,="",="2/4/2026 4:56:52.729144180 PM",
="",44656,,,,,121,="",="2/4/2026 4:56:52.735640160 PM",
="",44657,,,,,117,="",="2/4/2026 4:56:52.735689175 PM",
="",44658,,,,,117,="",="2/4/2026 4:56:52.736317245 PM",
="",44659,,,,,121,="",="2/4/2026 4:56:52.736551655 PM",
="",44660,,,,,117,="",="2/4/2026 4:56:52.736599685 PM",
="",44666,,,,,229,="",="2/4/2026 4:56:52.741229480 PM",
="",44673,,,,,105,="",="2/4/2026 4:56:52.744677885 PM",
="",44679,,,,,105,="",="2/4/2026 4:56:52.746105605 PM",
="",44691,,,,,117,="",="2/4/2026 4:56:52.750997550 PM",
="",44694,,,,,117,="",="2/4/2026 4:56:52.751916140 PM",
="",44695,,,,,117,="",="2/4/2026 4:56:52.752134390 PM",
="",44697,,,,,105,="",="2/4/2026 4:56:52.752552890 PM",
="",44699,,,,,117,="",="2/4/2026 4:56:52.752861250 PM",
="",44703,,,,,99,="",="2/4/2026 4:56:52.753605235 PM",
="",44704,,,,,117,="",="2/4/2026 4:56:52.756041950 PM",
="",44708,,,,,227,="",="2/4/2026 4:56:52.759990600 PM",
="",44721,,,,,105,="",="2/4/2026 4:56:52.767823410 PM",
="",44727,,,,,105,="",="2/4/2026 4:56:52.768872525 PM",
="",44733,,,,,117,="",="2/4/2026 4:56:52.770138735 PM",
="",44734,,,,,117,="",="2/4/2026 4:56:52.770178335 PM",
="",44738,,,,,99,="",="2/4/2026 4:56:52.770817415 PM",
="",44740,,,,,117,="",="2/4/2026 4:56:52.771681020 PM",
="",44744,,,,,117,="",="2/4/2026 4:56:52.773032450 PM",
="",44746,,,,,105,="",="2/4/2026 4:56:52.773301200 PM",
="",44748,,,,,117,="",="2/4/2026 4:56:52.773580930 PM",
="",44750,,,,,117,="",="2/4/2026 4:56:52.774282415 PM",
="",44753,,,,,119,="",="2/4/2026 4:56:52.775929490 PM",
="",44758,,,,,117,="",="2/4/2026 4:56:52.777459335 PM",
="",44765,,,,,117,="",="2/4/2026 4:56:52.780371150 PM",
="",44767,,,,,117,="",="2/4/2026 4:56:52.781391530 PM",
="",44769,,,,,121,="",="2/4/2026 4:56:52.782330615 PM",
="",44771,,,,,105,="",="2/4/2026 4:56:52.782516890 PM",
="",44776,,,,,117,="",="2/4/2026 4:56:52.783377770 PM",
="",44777,,,,,105,="",="2/4/2026 4:56:52.783507775 PM",
="",44780,,,,,117,="",="2/4/2026 4:56:52.786309750 PM",
="",44785,,,,,229,="",="2/4/2026 4:56:52.787783235 PM",
="",44786,,,,,117,="",="2/4/2026 4:56:52.788004490 PM",
="",44790,,,,,117,="",="2/4/2026 4:56:52.790795860 PM",
="",44792,,,,,117,="",="2/4/2026 4:56:52.791772185 PM",
="",44797,,,,,117,="",="2/4/2026 4:56:52.794496550 PM",
="",44798,,,,,105,="",="2/4/2026 4:56:52.794634850 PM",
="",44799,,,,,99,="",="2/4/2026 4:56:52.794674625 PM",
="",44801,,,,,105,="",="2/4/2026 4:56:52.794934050 PM",
="",44803,,,,,117,="",="2/4/2026 4:56:52.795550445 PM",
="",44804,,,,,117,="",="2/4/2026 4:56:52.795602975 PM",
="",44810,,,,,105,="",="2/4/2026 4:56:52.799350255 PM",
="",44813,,,,,117,="",="2/4/2026 4:56:52.800539515 PM",
="",44816,,,,,117,="",="2/4/2026 4:56:52.801055215 PM",
="",44821,,,,,105,="",="2/4/2026 4:56:52.802656795 PM",
="",44831,,,,,117,="",="2/4/2026 4:56:52.806407360 PM",
="",44833,,,,,117,="",="2/4/2026 4:56:52.806709200 PM",
="",44834,,,,,117,="",="2/4/2026 4:56:52.806760745 PM",
="",44835,,,,,105,="",="2/4/2026 4:56:52.806902005 PM",
="",44841,,,,,117,="",="2/4/2026 4:56:52.809899970 PM",
="",44845,,,,,117,="",="2/4/2026 4:56:52.811195675 PM",
="",44847,,,,,105,="",="2/4/2026 4:56:52.811474190 PM",
="",44850,,,,,105,="",="2/4/2026 4:56:52.812076470 PM",
="",44856,,,,,117,="",="2/4/2026 4:56:52.818936135 PM",
="",44858,,,,,105,="",="2/4/2026 4:56:52.819296325 PM",
="",44865,,,,,229,="",="2/4/2026 4:56:52.821281905 PM",
="",44871,,,,,105,="",="2/4/2026 4:56:52.823651980 PM",
="",44874,,,,,229,="",="2/4/2026 4:56:52.825098880 PM",
="",44875,,,,,229,="",="2/4/2026 4:56:52.825308570 PM",
="",44877,,,,,117,="",="2/4/2026 4:56:52.826361945 PM",
="",44878,,,,,99,="",="2/4/2026 4:56:52.826540020 PM",
="",44882,,,,,99,="",="2/4/2026 4:56:52.827326470 PM",
="",44885,,,,,105,="",="2/4/2026 4:56:52.828613250 PM",
="",44886,,,,,99,="",="2/4/2026 4:56:52.828650415 PM",
="",44887,,,,,117,="",="2/4/2026 4:56:52.828807805 PM",
="",44889,,,,,99,="",="2/4/2026 4:56:52.829014805 PM",
="",44891,,,,,117,="",="2/4/2026 4:56:52.829990540 PM",
="",44893,,,,,99,="",="2/4/2026 4:56:52.830665185 PM",
="",44898,,,,,3229,="",="2/4/2026 4:56:52.832582975 PM",
="",44903,,,,,117,="",="2/4/2026 4:56:52.834425985 PM",
="",44904,,,,,117,="",="2/4/2026 4:56:52.834917515 PM",
="",44906,,,,,99,="",="2/4/2026 4:56:52.835106220 PM",
="",44907,,,,,117,="",="2/4/2026 4:56:52.835349775 PM",
="",44908,,,,,117,="",="2/4/2026 4:56:52.835984725 PM",
="",44911,,,,,403,="",="2/4/2026 4:56:52.838274030 PM",
="",44912,,,,,387,="",="2/4/2026 4:56:52.838713045 PM",
="",44915,,,,,117,="",="2/4/2026 4:56:52.840055370 PM",
="",44920,,,,,117,="",="2/4/2026 4:56:52.841610025 PM",
="",44922,,,,,117,="",="2/4/2026 4:56:52.842665180 PM",
="",44929,,,,,105,="",="2/4/2026 4:56:52.844717275 PM",
="",44935,,,,,117,="",="2/4/2026 4:56:52.846864655 PM",
="",44936,,,,,105,="",="2/4/2026 4:56:52.848268800 PM",
="",44942,,,,,117,="",="2/4/2026 4:56:52.850705685 PM",
="",44946,,,,,105,="",="2/4/2026 4:56:52.852079935 PM",
="",44947,,,,,99,="",="2/4/2026 4:56:52.852117100 PM",
="",44948,,,,,117,="",="2/4/2026 4:56:52.852314040 PM",
="",44949,,,,,117,="",="2/4/2026 4:56:52.854256730 PM",
="",44951,,,,,117,="",="2/4/2026 4:56:52.855875405 PM",
="",44958,,,,,117,="",="2/4/2026 4:56:52.868964330 PM",
="",44959,,,,,105,="",="2/4/2026 4:56:52.869554505 PM",
="",44963,,,,,117,="",="2/4/2026 4:56:52.871433730 PM",
="",44966,,,,,105,="",="2/4/2026 4:56:52.872424050 PM",
="",44968,,,,,105,="",="2/4/2026 4:56:52.872733585 PM",
="",44971,,,,,117,="",="2/4/2026 4:56:52.873272610 PM",
="",44979,,,,,117,="",="2/4/2026 4:56:52.877009050 PM",
="",44985,,,,,117,="",="2/4/2026 4:56:52.880049670 PM",
="",44986,,,,,105,="",="2/4/2026 4:56:52.881411600 PM",
="",44990,,,,,105,="",="2/4/2026 4:56:52.887725145 PM",
="",44991,,,,,99,="",="2/4/2026 4:56:52.887764240 PM",
="",44993,,,,,105,="",="2/4/2026 4:56:52.888022920 PM",
="",44998,,,,,117,="",="2/4/2026 4:56:52.889969130 PM",
="",45001,,,,,99,="",="2/4/2026 4:56:52.890536825 PM",
="",45009,,,,,117,="",="2/4/2026 4:56:52.894617585 PM",
="",45010,,,,,105,="",="2/4/2026 4:56:52.896016010 PM",
="",45013,,,,,117,="",="2/4/2026 4:56:52.899296655 PM",
="",45014,,,,,105,="",="2/4/2026 4:56:52.900388425 PM",
="",45016,,,,,117,="",="2/4/2026 4:56:52.900549860 PM",
="",45017,,,,,105,="",="2/4/2026 4:56:52.900687385 PM",
="",45018,,,,,105,="",="2/4/2026 4:56:52.900898475 PM",
="",45024,,,,,105,="",="2/4/2026 4:56:52.902133665 PM",
="",45034,,,,,117,="",="2/4/2026 4:56:52.904714985 PM",
="",45035,,,,,105,="",="2/4/2026 4:56:52.905421645 PM",
="",45040,,,,,117,="",="2/4/2026 4:56:52.907537330 PM",
="",45041,,,,,105,="",="2/4/2026 4:56:52.908952955 PM",
="",45043,,,,,117,="",="2/4/2026 4:56:52.909175005 PM",
="",45044,,,,,117,="",="2/4/2026 4:56:52.910961355 PM",
="",45045,,,,,105,="",="2/4/2026 4:56:52.912333525 PM",
="",45047,,,,,117,="",="2/4/2026 4:56:52.912512320 PM",
="",45048,,,,,117,="",="2/4/2026 4:56:52.918737395 PM",
="",45055,,,,,117,="",="2/4/2026 4:56:52.926470885 PM",
="",45056,,,,,117,="",="2/4/2026 4:56:52.927098755 PM",
="",45057,,,,,117,="",="2/4/2026 4:56:52.927664955 PM",
="",45059,,,,,117,="",="2/4/2026 4:56:52.929110075 PM",
="",45060,,,,,105,="",="2/4/2026 4:56:52.929186225 PM",
="",45061,,,,,99,="",="2/4/2026 4:56:52.929225720 PM",
="",45064,,,,,117,="",="2/4/2026 4:56:52.930785485 PM",
="",45068,,,,,99,="",="2/4/2026 4:56:52.937824495 PM",
="",45069,,,,,117,="",="2/4/2026 4:56:52.937934870 PM",
="",45072,,,,,99,="",="2/4/2026 4:56:52.940234005 PM",
="",45073,,,,,117,="",="2/4/2026 4:56:52.940857330 PM",
="",45074,,,,,117,="",="2/4/2026 4:56:52.940909100 PM",
="",45076,,,,,117,="",="2/4/2026 4:56:52.942089115 PM",
="",45079,,,,,99,="",="2/4/2026 4:56:52.944041115 PM",
="",45080,,,,,117,="",="2/4/2026 4:56:52.944196645 PM",
="",45081,,,,,117,="",="2/4/2026 4:56:52.944248295 PM",
="",45083,,,,,117,="",="2/4/2026 4:56:52.949060025 PM",
="",45084,,,,,105,="",="2/4/2026 4:56:52.950454675 PM",
="",45085,,,,,99,="",="2/4/2026 4:56:52.950491840 PM",
="",45086,,,,,117,="",="2/4/2026 4:56:52.951114240 PM",
="",45087,,,,,117,="",="2/4/2026 4:56:52.952817625 PM",
="",45088,,,,,105,="",="2/4/2026 4:56:52.954189635 PM",
="",45090,,,,,117,="",="2/4/2026 4:56:52.954375270 PM",
="",45093,,,,,117,="",="2/4/2026 4:56:52.960684975 PM",
="",45094,,,,,117,="",="2/4/2026 4:56:52.962257795 PM",
="",45101,,,,,117,="",="2/4/2026 4:56:52.970591705 PM",
="",45118,,,,,117,="",="2/4/2026 4:56:52.978999410 PM",
="",45135,,,,,105,="",="2/4/2026 4:56:52.999934285 PM",
="",45138,,,,,105,="",="2/4/2026 4:56:53.000381905 PM",
="",45142,,,,,117,="",="2/4/2026 4:56:53.002098105 PM",
="",45150,,,,,105,="",="2/4/2026 4:56:53.011006410 PM",
="",45153,,,,,117,="",="2/4/2026 4:56:53.011539120 PM",
="",45173,,,,,117,="",="2/4/2026 4:56:53.019219650 PM",
="",45177,,,,,117,="",="2/4/2026 4:56:53.019579240 PM",
="",45191,,,,,99,="",="2/4/2026 4:56:53.033101810 PM",
="",45198,,,,,121,="",="2/4/2026 4:56:53.041047135 PM",
="",45199,,,,,117,="",="2/4/2026 4:56:53.041099750 PM",
="",45203,,,,,229,="",="2/4/2026 4:56:53.044780300 PM",
="",45204,,,,,163,="",="2/4/2026 4:56:53.045197170 PM",
="",45207,,,,,117,="",="2/4/2026 4:56:53.046030690 PM",
="",45219,,,,,117,="",="2/4/2026 4:56:53.049536825 PM",
="",45227,,,,,117,="",="2/4/2026 4:56:53.052370965 PM",
="",45234,,,,,105,="",="2/4/2026 4:56:53.056320735 PM",
="",45237,,,,,117,="",="2/4/2026 4:56:53.058074775 PM",
="",45249,,,,,109,="",="2/4/2026 4:56:53.062089025 PM",
="",45257,,,,,404,="",="2/4/2026 4:56:53.068756745 PM",
="",45265,,,,,117,="",="2/4/2026 4:56:53.075066975 PM",
="",45268,,,,,121,="",="2/4/2026 4:56:53.075718605 PM",
="",45269,,,,,117,="",="2/4/2026 4:56:53.076275170 PM",
="",45271,,,,,105,="",="2/4/2026 4:56:53.076505135 PM",
="",45277,,,,,117,="",="2/4/2026 4:56:53.080190785 PM",
="",45280,,,,,117,="",="2/4/2026 4:56:53.084316745 PM",
="",45289,,,,,229,="",="2/4/2026 4:56:53.100604965 PM",
="",45293,,,,,117,="",="2/4/2026 4:56:53.101235365 PM",
="",45301,,,,,105,="",="2/4/2026 4:56:53.105666365 PM",
="",45305,,,,,105,="",="2/4/2026 4:56:53.106171815 PM",
="",45312,,,,,109,="",="2/4/2026 4:56:53.107152430 PM",
="",45320,,,,,117,="",="2/4/2026 4:56:53.108402310 PM",
="",45330,,,,,109,="",="2/4/2026 4:56:53.111234445 PM",
="",45335,,,,,121,="",="2/4/2026 4:56:53.112893205 PM",
="",45353,,,,,121,="",="2/4/2026 4:56:53.119545220 PM",
="",45357,,,,,109,="",="2/4/2026 4:56:53.120352800 PM",
="",45369,,,,,117,="",="2/4/2026 4:56:53.129413215 PM",
="",45379,,,,,105,="",="2/4/2026 4:56:53.142470520 PM",
="",45390,,,,,117,="",="2/4/2026 4:56:53.150665705 PM",
="",45424,,,,,117,="",="2/4/2026 4:56:53.172462015 PM",
="",45425,,,,,105,="",="2/4/2026 4:56:53.173292440 PM",
="",45427,,,,,121,="",="2/4/2026 4:56:53.173523025 PM",
="",45432,,,,,99,="",="2/4/2026 4:56:53.176819630 PM",
="",45436,,,,,117,="",="2/4/2026 4:56:53.179793400 PM",
="",45439,,,,,105,="",="2/4/2026 4:56:53.181834050 PM",
="",45464,,,,,121,="",="2/4/2026 4:56:53.198723365 PM",
="",45466,,,,,105,="",="2/4/2026 4:56:53.200176045 PM",
="",45469,,,,,105,="",="2/4/2026 4:56:53.202388920 PM",
="",45470,,,,,105,="",="2/4/2026 4:56:53.202589370 PM",
="",45473,,,,,117,="",="2/4/2026 4:56:53.204795845 PM",
="",45478,,,,,117,="",="2/4/2026 4:56:53.206757595 PM",
="",45480,,,,,105,="",="2/4/2026 4:56:53.206946625 PM",
="",45486,,,,,105,="",="2/4/2026 4:56:53.208470815 PM",
="",45496,,,,,105,="",="2/4/2026 4:56:53.209913895 PM",
="",45512,,,,,117,="",="2/4/2026 4:56:53.215394555 PM",
="",45522,,,,,117,="",="2/4/2026 4:56:53.226090605 PM",
="",45527,,,,,105,="",="2/4/2026 4:56:53.234957775 PM",
="",45532,,,,,117,="",="2/4/2026 4:56:53.237107940 PM",
="",45534,,,,,105,="",="2/4/2026 4:56:53.238562395 PM",
="",45539,,,,,121,="",="2/4/2026 4:56:53.239166250 PM",
="",45542,,,,,105,="",="2/4/2026 4:56:53.239885535 PM",
="",45547,,,,,109,="",="2/4/2026 4:56:53.241162405 PM",
="",45558,,,,,117,="",="2/4/2026 4:56:53.248712910 PM",
="",45560,,,,,117,="",="2/4/2026 4:56:53.249084215 PM",
="",45561,,,,,105,="",="2/4/2026 4:56:53.250484400 PM",
="",45572,,,,,117,="",="2/4/2026 4:56:53.255833745 PM",
="",45574,,,,,117,="",="2/4/2026 4:56:53.256764370 PM",
="",45576,,,,,105,="",="2/4/2026 4:56:53.258132940 PM",
="",45578,,,,,117,="",="2/4/2026 4:56:53.258537455 PM",
="",45579,,,,,117,="",="2/4/2026 4:56:53.258802265 PM",
="",45585,,,,,99,="",="2/4/2026 4:56:53.263036220 PM",
="",45588,,,,,410,="",="2/4/2026 4:56:53.272211440 PM",
="",45590,,,,,420,="",="2/4/2026 4:56:53.273142630 PM",
="",45591,,,,,404,="",="2/4/2026 4:56:53.273941040 PM",
="",45608,,,,,117,="",="2/4/2026 4:56:53.283153930 PM",
="",45628,,,,,117,="",="2/4/2026 4:56:53.295508990 PM",
="",45629,,,,,105,="",="2/4/2026 4:56:53.296867680 PM",
="",45640,,,,,117,="",="2/4/2026 4:56:53.301920945 PM",
="",45643,,,,,109,="",="2/4/2026 4:56:53.302662930 PM",
="",45649,,,,,117,="",="2/4/2026 4:56:53.303919450 PM",
="",45655,,,,,117,="",="2/4/2026 4:56:53.305839095 PM",
="",45659,,,,,105,="",="2/4/2026 4:56:53.307725355 PM",
="",45663,,,,,121,="",="2/4/2026 4:56:53.309304775 PM",
="",45666,,,,,109,="",="2/4/2026 4:56:53.310209880 PM",
="",45669,,,,,117,="",="2/4/2026 4:56:53.311386005 PM",
="",45670,,,,,105,="",="2/4/2026 4:56:53.311457315 PM",
="",45675,,,,,105,="",="2/4/2026 4:56:53.312711545 PM",
="",45677,,,,,117,="",="2/4/2026 4:56:53.312856225 PM",
="",45682,,,,,119,="",="2/4/2026 4:56:53.315863250 PM",
="",45685,,,,,105,="",="2/4/2026 4:56:53.316274790 PM",
="",45691,,,,,117,="",="2/4/2026 4:56:53.318409730 PM",
="",45693,,,,,117,="",="2/4/2026 4:56:53.318865110 PM",
="",45700,,,,,121,="",="2/4/2026 4:56:53.320323285 PM",
="",45705,,,,,117,="",="2/4/2026 4:56:53.321763925 PM",
="",45708,,,,,105,="",="2/4/2026 4:56:53.323234900 PM",
="",45709,,,,,117,="",="2/4/2026 4:56:53.323351390 PM",
="",45718,,,,,117,="",="2/4/2026 4:56:53.329421120 PM",
="",45725,,,,,105,="",="2/4/2026 4:56:53.334577225 PM",
="",45732,,,,,105,="",="2/4/2026 4:56:53.335983290 PM",
="",45734,,,,,109,="",="2/4/2026 4:56:53.336773550 PM",
="",45739,,,,,117,="",="2/4/2026 4:56:53.338131135 PM",
="",45740,,,,,105,="",="2/4/2026 4:56:53.338209485 PM",
="",45745,,,,,117,="",="2/4/2026 4:56:53.340354185 PM",
="",45748,,,,,1643,="",="2/4/2026 4:56:53.340812240 PM",
="",45750,,,,,117,="",="2/4/2026 4:56:53.341241240 PM",
="",45751,,,,,105,="",="2/4/2026 4:56:53.341334670 PM",
="",45759,,,,,117,="",="2/4/2026 4:56:53.343461960 PM",
="",45761,,,,,117,="",="2/4/2026 4:56:53.343796665 PM",
="",45764,,,,,105,="",="2/4/2026 4:56:53.344718960 PM",
="",45768,,,,,105,="",="2/4/2026 4:56:53.347822450 PM",
="",45770,,,,,117,="",="2/4/2026 4:56:53.348456765 PM",
="",45773,,,,,105,="",="2/4/2026 4:56:53.349102550 PM",
="",45776,,,,,117,="",="2/4/2026 4:56:53.350299770 PM",
="",45784,,,,,117,="",="2/4/2026 4:56:53.353179445 PM",
="",45791,,,,,117,="",="2/4/2026 4:56:53.355198730 PM",
="",45803,,,,,117,="",="2/4/2026 4:56:53.358723880 PM",
="",45812,,,,,105,="",="2/4/2026 4:56:53.361134560 PM",
="",45824,,,,,117,="",="2/4/2026 4:56:53.365880345 PM",
="",45835,,,,,105,="",="2/4/2026 4:56:53.369240055 PM",
="",45849,,,,,105,="",="2/4/2026 4:56:53.377542640 PM",
="",45852,,,,,117,="",="2/4/2026 4:56:53.378615040 PM",
="",45862,,,,,117,="",="2/4/2026 4:56:53.380879785 PM",
="",45865,,,,,117,="",="2/4/2026 4:56:53.381794055 PM",
="",45869,,,,,436,="",="2/4/2026 4:56:53.383117505 PM",
="",45884,,,,,117,="",="2/4/2026 4:56:53.389909705 PM",
="",45889,,,,,229,="",="2/4/2026 4:56:53.391947980 PM",
="",45894,,,,,117,="",="2/4/2026 4:56:53.394555005 PM",
="",45896,,,,,117,="",="2/4/2026 4:56:53.394738360 PM",
="",45898,,,,,117,="",="2/4/2026 4:56:53.395427845 PM",
="",45910,,,,,105,="",="2/4/2026 4:56:53.399745840 PM",
="",45918,,,,,117,="",="2/4/2026 4:56:53.402375220 PM",
="",45921,,,,,105,="",="2/4/2026 4:56:53.402855930 PM",
="",45924,,,,,105,="",="2/4/2026 4:56:53.403376075 PM",
="",45928,,,,,105,="",="2/4/2026 4:56:53.404359680 PM",
="",45948,,,,,117,="",="2/4/2026 4:56:53.411286655 PM",
="",45951,,,,,109,="",="2/4/2026 4:56:53.412170265 PM",
="",45954,,,,,105,="",="2/4/2026 4:56:53.413617535 PM",
="",45957,,,,,117,="",="2/4/2026 4:56:53.414420875 PM",
="",45958,,,,,117,="",="2/4/2026 4:56:53.414766690 PM",
="",45959,,,,,117,="",="2/4/2026 4:56:53.415112880 PM",
="",45961,,,,,117,="",="2/4/2026 4:56:53.415428660 PM",
="",45966,,,,,117,="",="2/4/2026 4:56:53.418109970 PM",
="",45967,,,,,105,="",="2/4/2026 4:56:53.418205695 PM",
="",45971,,,,,117,="",="2/4/2026 4:56:53.420123850 PM",
="",45977,,,,,105,="",="2/4/2026 4:56:53.422071100 PM",
="",45981,,,,,117,="",="2/4/2026 4:56:53.423669885 PM",
="",45985,,,,,105,="",="2/4/2026 4:56:53.424207225 PM",
="",45990,,,,,105,="",="2/4/2026 4:56:53.425046385 PM",
="",45993,,,,,117,="",="2/4/2026 4:56:53.425930590 PM",
="",46007,,,,,105,="",="2/4/2026 4:56:53.431785910 PM",
="",46008,,,,,117,="",="2/4/2026 4:56:53.432027920 PM",
="",46009,,,,,117,="",="2/4/2026 4:56:53.432201875 PM",
="",46013,,,,,105,="",="2/4/2026 4:56:53.434129725 PM",
="",46020,,,,,105,="",="2/4/2026 4:56:53.435200240 PM",
="",46029,,,,,105,="",="2/4/2026 4:56:53.438395695 PM",
="",46031,,,,,103,="",="2/4/2026 4:56:53.438668050 PM",
="",46035,,,,,105,="",="2/4/2026 4:56:53.439559575 PM",
="",46041,,,,,117,="",="2/4/2026 4:56:53.440387120 PM",
="",46043,,,,,105,="",="2/4/2026 4:56:53.441782065 PM",
="",46048,,,,,117,="",="2/4/2026 4:56:53.445373805 PM",
="",46052,,,,,105,="",="2/4/2026 4:56:53.448786670 PM",
="",46057,,,,,119,="",="2/4/2026 4:56:53.449996870 PM",
="",46061,,,,,117,="",="2/4/2026 4:56:53.450976095 PM",
="",46066,,,,,117,="",="2/4/2026 4:56:53.452671010 PM",
="",46067,,,,,105,="",="2/4/2026 4:56:53.452863285 PM",
="",46073,,,,,105,="",="2/4/2026 4:56:53.455861170 PM",
="",46076,,,,,117,="",="2/4/2026 4:56:53.456801085 PM",
="",46082,,,,,117,="",="2/4/2026 4:56:53.458193590 PM",
="",46094,,,,,117,="",="2/4/2026 4:56:53.461761230 PM",
="",46111,,,,,117,="",="2/4/2026 4:56:53.466763640 PM",
="",46113,,,,,109,="",="2/4/2026 4:56:53.467218625 PM",
="",46115,,,,,105,="",="2/4/2026 4:56:53.468711445 PM",
="",46117,,,,,121,="",="2/4/2026 4:56:53.468979350 PM",
="",46123,,,,,117,="",="2/4/2026 4:56:53.473393720 PM",
="",46125,,,,,117,="",="2/4/2026 4:56:53.473654180 PM",
="",46134,,,,,117,="",="2/4/2026 4:56:53.482675150 PM",
="",46138,,,,,117,="",="2/4/2026 4:56:53.483040420 PM",
="",46140,,,,,117,="",="2/4/2026 4:56:53.483815375 PM",
="",46145,,,,,105,="",="2/4/2026 4:56:53.488275030 PM",
="",46151,,,,,105,="",="2/4/2026 4:56:53.490710570 PM",
="",46155,,,,,117,="",="2/4/2026 4:56:53.492663580 PM",
="",46164,,,,,117,="",="2/4/2026 4:56:53.509151450 PM",
="",46173,,,,,117,="",="2/4/2026 4:56:53.514248090 PM",
="",46175,,,,,105,="",="2/4/2026 4:56:53.514437415 PM",
="",46178,,,,,105,="",="2/4/2026 4:56:53.515022055 PM",
="",46185,,,,,117,="",="2/4/2026 4:56:53.516452775 PM",
="",46187,,,,,105,="",="2/4/2026 4:56:53.516685945 PM",
="",46192,,,,,117,="",="2/4/2026 4:56:53.517459360 PM",
="",46194,,,,,117,="",="2/4/2026 4:56:53.517755795 PM",
="",46196,,,,,105,="",="2/4/2026 4:56:53.518052435 PM",
="",46205,,,,,105,="",="2/4/2026 4:56:53.523741245 PM",
="",46214,,,,,117,="",="2/4/2026 4:56:53.525204385 PM",
="",46215,,,,,117,="",="2/4/2026 4:56:53.525243985 PM",
="",46216,,,,,105,="",="2/4/2026 4:56:53.525390655 PM",
="",46218,,,,,117,="",="2/4/2026 4:56:53.526573725 PM",
="",46219,,,,,117,="",="2/4/2026 4:56:53.526962230 PM",
="",46229,,,,,117,="",="2/4/2026 4:56:53.535831210 PM",
="",46235,,,,,117,="",="2/4/2026 4:56:53.539574525 PM",
="",46238,,,,,117,="",="2/4/2026 4:56:53.541110155 PM",
="",46240,,,,,105,="",="2/4/2026 4:56:53.543978755 PM",
="",46243,,,,,105,="",="2/4/2026 4:56:53.544823180 PM",
="",46245,,,,,105,="",="2/4/2026 4:56:53.545399140 PM",
="",46248,,,,,117,="",="2/4/2026 4:56:53.546134495 PM",
="",46264,,,,,117,="",="2/4/2026 4:56:53.569986585 PM",
="",46272,,,,,105,="",="2/4/2026 4:56:53.571803670 PM",
="",46275,,,,,105,="",="2/4/2026 4:56:53.572263770 PM",
="",46282,,,,,117,="",="2/4/2026 4:56:53.573193645 PM",
="",46289,,,,,105,="",="2/4/2026 4:56:53.574567490 PM",
="",46290,,,,,117,="",="2/4/2026 4:56:53.574951095 PM",
="",46302,,,,,117,="",="2/4/2026 4:56:53.582998615 PM",
="",46304,,,,,99,="",="2/4/2026 4:56:53.583900525 PM",
="",46305,,,,,103,="",="2/4/2026 4:56:53.583996295 PM",
="",46306,,,,,117,="",="2/4/2026 4:56:53.584047290 PM",
="",46307,,,,,105,="",="2/4/2026 4:56:53.584426000 PM",
="",46308,,,,,99,="",="2/4/2026 4:56:53.584463165 PM",
="",46309,,,,,117,="",="2/4/2026 4:56:53.584705200 PM",
="",46313,,,,,117,="",="2/4/2026 4:56:53.587915135 PM",
="",46315,,,,,117,="",="2/4/2026 4:56:53.595928800 PM",
="",46318,,,,,105,="",="2/4/2026 4:56:53.600138860 PM",
="",46321,,,,,105,="",="2/4/2026 4:56:53.600804905 PM",
="",46326,,,,,105,="",="2/4/2026 4:56:53.603762855 PM",
="",46327,,,,,105,="",="2/4/2026 4:56:53.605897700 PM",
="",46335,,,,,117,="",="2/4/2026 4:56:53.612101815 PM",
="",46336,,,,,105,="",="2/4/2026 4:56:53.613072485 PM",
="",46338,,,,,117,="",="2/4/2026 4:56:53.613740130 PM",
="",46350,,,,,105,="",="2/4/2026 4:56:53.617698820 PM",
="",46351,,,,,117,="",="2/4/2026 4:56:53.620985985 PM",
="",46353,,,,,117,="",="2/4/2026 4:56:53.621346695 PM",
="",46355,,,,,117,="",="2/4/2026 4:56:53.622048115 PM",
="",46361,,,,,105,="",="2/4/2026 4:56:53.628069020 PM",
="",46364,,,,,117,="",="2/4/2026 4:56:53.629151310 PM",
="",46366,,,,,105,="",="2/4/2026 4:56:53.635672105 PM",
="",46368,,,,,117,="",="2/4/2026 4:56:53.635846820 PM",
="",46375,,,,,119,="",="2/4/2026 4:56:53.640563570 PM",
="",46387,,,,,117,="",="2/4/2026 4:56:53.650123360 PM",
="",46389,,,,,105,="",="2/4/2026 4:56:53.651499345 PM",
="",46399,,,,,105,="",="2/4/2026 4:56:53.656778855 PM",
="",46417,,,,,117,="",="2/4/2026 4:56:53.661534760 PM",
="",46429,,,,,109,="",="2/4/2026 4:56:53.672283670 PM",
="",46440,,,,,474,="",="2/4/2026 4:56:53.678473380 PM",
="",46444,,,,,117,="",="2/4/2026 4:56:53.683839315 PM",
="",46445,,,,,105,="",="2/4/2026 4:56:53.684024550 PM",
="",46446,,,,,117,="",="2/4/2026 4:56:53.684350685 PM",
="",46448,,,,,99,="",="2/4/2026 4:56:53.689434070 PM",
="",46450,,,,,105,="",="2/4/2026 4:56:53.690424020 PM",
="",46451,,,,,117,="",="2/4/2026 4:56:53.692881920 PM",
="",46452,,,,,117,="",="2/4/2026 4:56:53.694946815 PM",
="",46454,,,,,117,="",="2/4/2026 4:56:53.696438965 PM",
="",46457,,,,,117,="",="2/4/2026 4:56:53.699543495 PM",
="",46458,,,,,117,="",="2/4/2026 4:56:53.699772225 PM",
="",46459,,,,,117,="",="2/4/2026 4:56:53.699962075 PM",
="",46461,,,,,117,="",="2/4/2026 4:56:53.700878450 PM",
="",46462,,,,,99,="",="2/4/2026 4:56:53.701189730 PM",
="",46464,,,,,105,="",="2/4/2026 4:56:53.701610550 PM",
="",46465,,,,,99,="",="2/4/2026 4:56:53.701650125 PM",
="",46466,,,,,117,="",="2/4/2026 4:56:53.702492605 PM",
="",46468,,,,,117,="",="2/4/2026 4:56:53.703460970 PM",
="",46469,,,,,117,="",="2/4/2026 4:56:53.704087545 PM",
="",46470,,,,,117,="",="2/4/2026 4:56:53.704600395 PM",
="",46471,,,,,105,="",="2/4/2026 4:56:53.704852340 PM",
="",46472,,,,,117,="",="2/4/2026 4:56:53.705173955 PM",
="",46475,,,,,117,="",="2/4/2026 4:56:53.707607340 PM",
="",46477,,,,,105,="",="2/4/2026 4:56:53.707796770 PM",
="",46478,,,,,117,="",="2/4/2026 4:56:53.708771735 PM",
="",46480,,,,,105,="",="2/4/2026 4:56:53.709296600 PM",
="",46481,,,,,105,="",="2/4/2026 4:56:53.709410565 PM",
="",46484,,,,,117,="",="2/4/2026 4:56:53.710334075 PM",
="",46485,,,,,99,="",="2/4/2026 4:56:53.710511815 PM",
="",46490,,,,,105,="",="2/4/2026 4:56:53.714450865 PM",
="",46491,,,,,99,="",="2/4/2026 4:56:53.714488920 PM",
="",46492,,,,,117,="",="2/4/2026 4:56:53.715203460 PM",
="",46495,,,,,105,="",="2/4/2026 4:56:53.716252375 PM",
="",46496,,,,,117,="",="2/4/2026 4:56:53.717019650 PM",
="",46497,,,,,117,="",="2/4/2026 4:56:53.717280035 PM",
="",46502,,,,,117,="",="2/4/2026 4:56:53.718891910 PM",
="",46504,,,,,117,="",="2/4/2026 4:56:53.719502045 PM",
="",46509,,,,,117,="",="2/4/2026 4:56:53.720896830 PM",
="",46510,,,,,117,="",="2/4/2026 4:56:53.721124120 PM",
="",46511,,,,,105,="",="2/4/2026 4:56:53.721227765 PM",
="",46513,,,,,117,="",="2/4/2026 4:56:53.723386865 PM",
="",46514,,,,,117,="",="2/4/2026 4:56:53.724187515 PM",
="",46516,,,,,117,="",="2/4/2026 4:56:53.724538025 PM",
="",46519,,,,,117,="",="2/4/2026 4:56:53.724885095 PM",
="",46521,,,,,105,="",="2/4/2026 4:56:53.725180735 PM",
="",46522,,,,,99,="",="2/4/2026 4:56:53.725220790 PM",
="",46523,,,,,117,="",="2/4/2026 4:56:53.725377050 PM",
="",46526,,,,,117,="",="2/4/2026 4:56:53.727302500 PM",
="",46527,,,,,105,="",="2/4/2026 4:56:53.727440785 PM",
="",46528,,,,,99,="",="2/4/2026 4:56:53.727480040 PM",
="",46531,,,,,99,="",="2/4/2026 4:56:53.729886965 PM",
="",46532,,,,,117,="",="2/4/2026 4:56:53.730562370 PM",
="",46534,,,,,105,="",="2/4/2026 4:56:53.731076780 PM",
="",46537,,,,,117,="",="2/4/2026 4:56:53.732430110 PM",
="",46538,,,,,117,="",="2/4/2026 4:56:53.733495840 PM",
="",46539,,,,,105,="",="2/4/2026 4:56:53.733812240 PM",
="",46541,,,,,117,="",="2/4/2026 4:56:53.734307690 PM",
="",46544,,,,,117,="",="2/4/2026 4:56:53.735234405 PM",
="",46545,,,,,117,="",="2/4/2026 4:56:53.735285695 PM",
="",46546,,,,,117,="",="2/4/2026 4:56:53.736151855 PM",
="",46547,,,,,105,="",="2/4/2026 4:56:53.737715835 PM",
="",46550,,,,,117,="",="2/4/2026 4:56:53.738776550 PM",
="",46552,,,,,99,="",="2/4/2026 4:56:53.744448145 PM",
="",46553,,,,,117,="",="2/4/2026 4:56:53.746031100 PM",
="",46554,,,,,105,="",="2/4/2026 4:56:53.748251015 PM",
="",46555,,,,,117,="",="2/4/2026 4:56:53.749088400 PM",
="",46556,,,,,105,="",="2/4/2026 4:56:53.752436155 PM",
="",46557,,,,,99,="",="2/4/2026 4:56:53.752476210 PM",
="",46562,,,,,117,="",="2/4/2026 4:56:53.757720080 PM",
="",46563,,,,,117,="",="2/4/2026 4:56:53.758966805 PM",
="",46564,,,,,105,="",="2/4/2026 4:56:53.761744360 PM",
="",46565,,,,,105,="",="2/4/2026 4:56:53.764337000 PM",
="",46566,,,,,117,="",="2/4/2026 4:56:53.764741765 PM",
="",46567,,,,,117,="",="2/4/2026 4:56:53.770688160 PM",
="",46568,,,,,117,="",="2/4/2026 4:56:53.774704400 PM",
="",46569,,,,,117,="",="2/4/2026 4:56:53.776378130 PM",
="",46570,,,,,117,="",="2/4/2026 4:56:53.777006160 PM",
="",46571,,,,,117,="",="2/4/2026 4:56:53.777288505 PM",
="",46572,,,,,99,="",="2/4/2026 4:56:53.777706285 PM",
="",46573,,,,,117,="",="2/4/2026 4:56:53.780653115 PM",
="",46574,,,,,474,="",="2/4/2026 4:56:53.780960550 PM",
="",46580,,,,,117,="",="2/4/2026 4:56:53.787044410 PM",
="",46581,,,,,117,="",="2/4/2026 4:56:53.788542040 PM",
="",46583,,,,,99,="",="2/4/2026 4:56:53.788737505 PM",
="",46584,,,,,117,="",="2/4/2026 4:56:53.789402200 PM",
="",46585,,,,,105,="",="2/4/2026 4:56:53.789540405 PM",
="",46586,,,,,99,="",="2/4/2026 4:56:53.789579500 PM",
="",46587,,,,,117,="",="2/4/2026 4:56:53.790255185 PM",
="",46589,,,,,105,="",="2/4/2026 4:56:53.797631420 PM",
="",46591,,,,,105,="",="2/4/2026 4:56:53.798925360 PM",
="",46592,,,,,117,="",="2/4/2026 4:56:53.799419530 PM",
="",46593,,,,,99,="",="2/4/2026 4:56:53.799772625 PM",
="",46594,,,,,117,="",="2/4/2026 4:56:53.801955900 PM",
="",46595,,,,,117,="",="2/4/2026 4:56:53.802495925 PM",
="",46596,,,,,117,="",="2/4/2026 4:56:53.804061785 PM",
="",46597,,,,,117,="",="2/4/2026 4:56:53.808232365 PM",
="",46599,,,,,117,="",="2/4/2026 4:56:53.808656050 PM",
="",46602,,,,,105,="",="2/4/2026 4:56:53.810972465 PM",
="",46604,,,,,117,="",="2/4/2026 4:56:53.814129170 PM",
="",46605,,,,,105,="",="2/4/2026 4:56:53.814266710 PM",
="",46611,,,,,414,="",="2/4/2026 4:56:53.821400200 PM",
="",46614,,,,,414,="",="2/4/2026 4:56:53.823005795 PM",
="",46618,,,,,398,="",="2/4/2026 4:56:53.824192790 PM",
="",46623,,,,,105,="",="2/4/2026 4:56:53.829407650 PM",
="",46624,,,,,117,="",="2/4/2026 4:56:53.829704625 PM",
="",46625,,,,,117,="",="2/4/2026 4:56:53.830968070 PM",
="",46628,,,,,117,="",="2/4/2026 4:56:53.835268375 PM",
="",46629,,,,,117,="",="2/4/2026 4:56:53.835550095 PM",
="",46630,,,,,117,="",="2/4/2026 4:56:53.836177845 PM",
="",46631,,,,,99,="",="2/4/2026 4:56:53.836357225 PM",
="",46633,,,,,117,="",="2/4/2026 4:56:53.837293990 PM",
="",46637,,,,,117,="",="2/4/2026 4:56:53.840031410 PM",
="",46638,,,,,105,="",="2/4/2026 4:56:53.842507830 PM",
="",46639,,,,,117,="",="2/4/2026 4:56:53.842673985 PM",
="",46641,,,,,117,="",="2/4/2026 4:56:53.844856940 PM",
="",46642,,,,,99,="",="2/4/2026 4:56:53.845084950 PM",
="",46643,,,,,117,="",="2/4/2026 4:56:53.845313360 PM",
="",46646,,,,,117,="",="2/4/2026 4:56:53.848035905 PM",
="",46647,,,,,117,="",="2/4/2026 4:56:53.848084355 PM",
="",46649,,,,,99,="",="2/4/2026 4:56:53.848273900 PM",
="",46650,,,,,105,="",="2/4/2026 4:56:53.849897385 PM",
="",46651,,,,,105,="",="2/4/2026 4:56:53.850638580 PM",
="",46653,,,,,117,="",="2/4/2026 4:56:53.852038165 PM",
="",46654,,,,,99,="",="2/4/2026 4:56:53.853185285 PM",
="",46655,,,,,117,="",="2/4/2026 4:56:53.855480110 PM",
="",46656,,,,,105,="",="2/4/2026 4:56:53.856684940 PM",
="",46658,,,,,117,="",="2/4/2026 4:56:53.859597475 PM",
="",46659,,,,,105,="",="2/4/2026 4:56:53.859734800 PM",
="",46660,,,,,117,="",="2/4/2026 4:56:53.859946650 PM",
="",46661,,,,,117,="",="2/4/2026 4:56:53.860155260 PM",
="",46663,,,,,99,="",="2/4/2026 4:56:53.862209155 PM",
="",46664,,,,,117,="",="2/4/2026 4:56:53.862373750 PM",
="",46665,,,,,105,="",="2/4/2026 4:56:53.867339380 PM",
="",46666,,,,,117,="",="2/4/2026 4:56:53.869392195 PM",
="",46667,,,,,117,="",="2/4/2026 4:56:53.869558135 PM",
="",46668,,,,,117,="",="2/4/2026 4:56:53.869740370 PM",
="",46669,,,,,117,="",="2/4/2026 4:56:53.871640965 PM",
="",46671,,,,,117,="",="2/4/2026 4:56:53.873833680 PM",
="",46672,,,,,117,="",="2/4/2026 4:56:53.875194290 PM",
="",46673,,,,,117,="",="2/4/2026 4:56:53.878872900 PM",
="",46679,,,,,99,="",="2/4/2026 4:56:53.911240240 PM",
="",46680,,,,,117,="",="2/4/2026 4:56:53.911511290 PM",
="",46682,,,,,117,="",="2/4/2026 4:56:53.912295900 PM",
="",46693,,,,,117,="",="2/4/2026 4:56:53.919400855 PM",
="",46694,,,,,105,="",="2/4/2026 4:56:53.920246160 PM",
="",46695,,,,,99,="",="2/4/2026 4:56:53.920285455 PM",
="",46696,,,,,117,="",="2/4/2026 4:56:53.920715955 PM",
="",46698,,,,,105,="",="2/4/2026 4:56:53.924460955 PM",
="",46700,,,,,117,="",="2/4/2026 4:56:53.924776210 PM",
="",46701,,,,,105,="",="2/4/2026 4:56:53.924914510 PM",
="",46705,,,,,117,="",="2/4/2026 4:56:53.925810165 PM",
="",46707,,,,,117,="",="2/4/2026 4:56:53.926319575 PM",
="",46711,,,,,117,="",="2/4/2026 4:56:53.928245785 PM",
="",46712,,,,,117,="",="2/4/2026 4:56:53.928446860 PM",
="",46713,,,,,99,="",="2/4/2026 4:56:53.931266590 PM",
="",46715,,,,,99,="",="2/4/2026 4:56:53.936450670 PM",
="",46717,,,,,99,="",="2/4/2026 4:56:53.940169855 PM",
="",46719,,,,,117,="",="2/4/2026 4:56:53.942636810 PM",
="",46722,,,,,117,="",="2/4/2026 4:56:53.953841995 PM",
="",46733,,,,,117,="",="2/4/2026 4:56:53.960795450 PM",
="",46734,,,,,117,="",="2/4/2026 4:56:53.961325155 PM",
="",46735,,,,,117,="",="2/4/2026 4:56:53.961517150 PM",
="",46737,,,,,105,="",="2/4/2026 4:56:53.962153100 PM",
="",46743,,,,,105,="",="2/4/2026 4:56:53.964949855 PM",
="",46754,,,,,109,="",="2/4/2026 4:56:53.974304005 PM",
="",46756,,,,,117,="",="2/4/2026 4:56:53.974564180 PM",
="",46760,,,,,105,="",="2/4/2026 4:56:53.976012260 PM",
="",46761,,,,,99,="",="2/4/2026 4:56:53.976049835 PM",
="",46769,,,,,105,="",="2/4/2026 4:56:53.991425640 PM",
="",46773,,,,,105,="",="2/4/2026 4:56:53.992630430 PM",
="",46780,,,,,117,="",="2/4/2026 4:56:53.997241950 PM",
="",46781,,,,,105,="",="2/4/2026 4:56:53.997361155 PM",
="",46783,,,,,117,="",="2/4/2026 4:56:53.997509895 PM",
="",46785,,,,,99,="",="2/4/2026 4:56:54.000515155 PM",
="",46787,,,,,109,="",="2/4/2026 4:56:54.004278685 PM",
="",46796,,,,,105,="",="2/4/2026 4:56:54.010312915 PM",
="",46798,,,,,117,="",="2/4/2026 4:56:54.010625075 PM",
="",46808,,,,,117,="",="2/4/2026 4:56:54.014339680 PM",
="",46810,,,,,117,="",="2/4/2026 4:56:54.014601420 PM",
="",46812,,,,,117,="",="2/4/2026 4:56:54.015641535 PM",
="",46818,,,,,105,="",="2/4/2026 4:56:54.017812875 PM",
="",46820,,,,,105,="",="2/4/2026 4:56:54.018187265 PM",
="",46823,,,,,117,="",="2/4/2026 4:56:54.018718130 PM",
="",46829,,,,,117,="",="2/4/2026 4:56:54.019745290 PM",
="",46832,,,,,99,="",="2/4/2026 4:56:54.020613475 PM",
="",46844,,,,,105,="",="2/4/2026 4:56:54.027325435 PM",
="",46846,,,,,121,="",="2/4/2026 4:56:54.027524605 PM",
="",46873,,,,,117,="",="2/4/2026 4:56:54.040060990 PM",
="",46876,,,,,117,="",="2/4/2026 4:56:54.042010315 PM",
="",46879,,,,,105,="",="2/4/2026 4:56:54.046007740 PM",
="",46882,,,,,117,="",="2/4/2026 4:56:54.048154425 PM",
="",46883,,,,,117,="",="2/4/2026 4:56:54.048994625 PM",
="",46884,,,,,117,="",="2/4/2026 4:56:54.049153125 PM",
="",46885,,,,,105,="",="2/4/2026 4:56:54.049631320 PM",
="",46888,,,,,105,="",="2/4/2026 4:56:54.050419370 PM",
="",46890,,,,,117,="",="2/4/2026 4:56:54.050594485 PM",
="",46891,,,,,117,="",="2/4/2026 4:56:54.058810425 PM",
="",46894,,,,,103,="",="2/4/2026 4:56:54.060675240 PM",
="",46895,,,,,117,="",="2/4/2026 4:56:54.060725100 PM",
="",46899,,,,,105,="",="2/4/2026 4:56:54.061933930 PM",
="",46901,,,,,117,="",="2/4/2026 4:56:54.062109325 PM",
="",46902,,,,,117,="",="2/4/2026 4:56:54.062906335 PM",
="",46903,,,,,105,="",="2/4/2026 4:56:54.064296225 PM",
="",46910,,,,,117,="",="2/4/2026 4:56:54.068858570 PM",
="",46918,,,,,105,="",="2/4/2026 4:56:54.072055465 PM",
="",46921,,,,,109,="",="2/4/2026 4:56:54.072335675 PM",
="",46928,,,,,105,="",="2/4/2026 4:56:54.073187290 PM",
="",46932,,,,,123,="",="2/4/2026 4:56:54.073739950 PM",
="",46950,,,,,121,="",="2/4/2026 4:56:54.079241010 PM",
="",46955,,,,,117,="",="2/4/2026 4:56:54.088387825 PM",
="",46957,,,,,105,="",="2/4/2026 4:56:54.088576310 PM",
="",46958,,,,,99,="",="2/4/2026 4:56:54.088615845 PM",
="",46959,,,,,117,="",="2/4/2026 4:56:54.089627145 PM",
="",46961,,,,,117,="",="2/4/2026 4:56:54.091353065 PM",
="",46967,,,,,105,="",="2/4/2026 4:56:54.095532925 PM",
="",46976,,,,,117,="",="2/4/2026 4:56:54.099042460 PM",
="",46981,,,,,117,="",="2/4/2026 4:56:54.109046715 PM",
="",46984,,,,,105,="",="2/4/2026 4:56:54.109405780 PM",
="",46995,,,,,117,="",="2/4/2026 4:56:54.117736410 PM",
="",46998,,,,,117,="",="2/4/2026 4:56:54.118966170 PM",
="",47002,,,,,105,="",="2/4/2026 4:56:54.120541815 PM",
="",47007,,,,,117,="",="2/4/2026 4:56:54.121294255 PM",
="",47023,,,,,260,="",="2/4/2026 4:56:54.126954435 PM",
="",47032,,,,,105,="",="2/4/2026 4:56:54.129595755 PM",
="",47041,,,,,117,="",="2/4/2026 4:56:54.131572580 PM",
="",47045,,,,,117,="",="2/4/2026 4:56:54.136349605 PM",
="",47058,,,,,117,="",="2/4/2026 4:56:54.140464370 PM",
="",47066,,,,,117,="",="2/4/2026 4:56:54.150086135 PM",
="",47069,,,,,105,="",="2/4/2026 4:56:54.150793215 PM",
="",47074,,,,,109,="",="2/4/2026 4:56:54.152382060 PM",
="",47093,,,,,117,="",="2/4/2026 4:56:54.168098275 PM",
="",47095,,,,,109,="",="2/4/2026 4:56:54.168310530 PM",
="",47100,,,,,109,="",="2/4/2026 4:56:54.169567495 PM",
="",47104,,,,,117,="",="2/4/2026 4:56:54.171090355 PM",
="",47116,,,,,105,="",="2/4/2026 4:56:54.173671235 PM",
="",47121,,,,,117,="",="2/4/2026 4:56:54.174390140 PM",
="",47137,,,,,121,="",="2/4/2026 4:56:54.181010535 PM",
="",47156,,,,,410,="",="2/4/2026 4:56:54.193816495 PM",
="",47157,,,,,420,="",="2/4/2026 4:56:54.194591105 PM",
="",47168,,,,,105,="",="2/4/2026 4:56:54.200222890 PM",
="",47169,,,,,99,="",="2/4/2026 4:56:54.200260825 PM",
="",47171,,,,,117,="",="2/4/2026 4:56:54.201595580 PM",
="",47173,,,,,105,="",="2/4/2026 4:56:54.204605280 PM",
="",47181,,,,,99,="",="2/4/2026 4:56:54.208267760 PM",
="",47182,,,,,117,="",="2/4/2026 4:56:54.208874215 PM",
="",47193,,,,,117,="",="2/4/2026 4:56:54.211987200 PM",
="",47224,,,,,105,="",="2/4/2026 4:56:54.231969880 PM",
="",47228,,,,,121,="",="2/4/2026 4:56:54.232804025 PM",
="",47230,,,,,109,="",="2/4/2026 4:56:54.234145200 PM",
="",47239,,,,,105,="",="2/4/2026 4:56:54.236199155 PM",
="",47241,,,,,117,="",="2/4/2026 4:56:54.236478035 PM",
="",47251,,,,,99,="",="2/4/2026 4:56:54.239575155 PM",
="",47252,,,,,117,="",="2/4/2026 4:56:54.239843075 PM",
="",47264,,,,,109,="",="2/4/2026 4:56:54.244227750 PM",
="",47273,,,,,99,="",="2/4/2026 4:56:54.250577050 PM",
="",47274,,,,,117,="",="2/4/2026 4:56:54.250719315 PM",
="",47275,,,,,117,="",="2/4/2026 4:56:54.250785390 PM",
="",47281,,,,,117,="",="2/4/2026 4:56:54.256723825 PM",
="",47287,,,,,117,="",="2/4/2026 4:56:54.259285370 PM",
="",47294,,,,,117,="",="2/4/2026 4:56:54.268109170 PM",
="",47301,,,,,117,="",="2/4/2026 4:56:54.269800390 PM",
="",47303,,,,,99,="",="2/4/2026 4:56:54.269939080 PM",
="",47304,,,,,117,="",="2/4/2026 4:56:54.270595480 PM",
="",47306,,,,,105,="",="2/4/2026 4:56:54.271273605 PM",
="",47307,,,,,117,="",="2/4/2026 4:56:54.271587825 PM",
="",47340,,,,,117,="",="2/4/2026 4:56:54.296225355 PM",
="",47346,,,,,117,="",="2/4/2026 4:56:54.299850225 PM",
="",47352,,,,,117,="",="2/4/2026 4:56:54.301189470 PM",
="",47360,,,,,105,="",="2/4/2026 4:56:54.303314340 PM",
="",47361,,,,,99,="",="2/4/2026 4:56:54.303352595 PM",
="",47365,,,,,99,="",="2/4/2026 4:56:54.304621855 PM",
="",47369,,,,,117,="",="2/4/2026 4:56:54.305260205 PM",
="",47374,,,,,117,="",="2/4/2026 4:56:54.310867090 PM",
="",47378,,,,,117,="",="2/4/2026 4:56:54.313361700 PM",
="",47383,,,,,117,="",="2/4/2026 4:56:54.319542025 PM",
="",47384,,,,,105,="",="2/4/2026 4:56:54.319680925 PM",
="",47389,,,,,117,="",="2/4/2026 4:56:54.325143005 PM",
="",47390,,,,,99,="",="2/4/2026 4:56:54.325296905 PM",
="",47393,,,,,121,="",="2/4/2026 4:56:54.327329185 PM",
="",47404,,,,,117,="",="2/4/2026 4:56:54.329802300 PM",
="",47408,,,,,117,="",="2/4/2026 4:56:54.330777625 PM",
="",47411,,,,,117,="",="2/4/2026 4:56:54.331641625 PM",
="",47414,,,,,105,="",="2/4/2026 4:56:54.336373750 PM",
="",47417,,,,,105,="",="2/4/2026 4:56:54.336807730 PM",
="",47426,,,,,105,="",="2/4/2026 4:56:54.342239115 PM",
="",47431,,,,,119,="",="2/4/2026 4:56:54.344468920 PM",
="",47434,,,,,117,="",="2/4/2026 4:56:54.345548580 PM",
="",47437,,,,,117,="",="2/4/2026 4:56:54.345977795 PM",
="",47441,,,,,99,="",="2/4/2026 4:56:54.346545185 PM",
="",47442,,,,,1085,="",="2/4/2026 4:56:54.346731795 PM",
="",47452,,,,,117,="",="2/4/2026 4:56:54.348728940 PM",
="",47454,,,,,117,="",="2/4/2026 4:56:54.349095380 PM",
="",47465,,,,,117,="",="2/4/2026 4:56:54.352359735 PM",
="",47499,,,,,103,="",="2/4/2026 4:56:54.366107710 PM",
="",47501,,,,,103,="",="2/4/2026 4:56:54.367899940 PM",
="",47502,,,,,117,="",="2/4/2026 4:56:54.368712500 PM",
="",47507,,,,,117,="",="2/4/2026 4:56:54.372031840 PM",
="",47508,,,,,105,="",="2/4/2026 4:56:54.372109430 PM",
="",47509,,,,,117,="",="2/4/2026 4:56:54.372185635 PM",
="",47510,,,,,117,="",="2/4/2026 4:56:54.372332815 PM",
="",47517,,,,,105,="",="2/4/2026 4:56:54.376510635 PM",
="",47518,,,,,99,="",="2/4/2026 4:56:54.376563490 PM",
="",47519,,,,,117,="",="2/4/2026 4:56:54.379055460 PM",
="",47524,,,,,109,="",="2/4/2026 4:56:54.379669190 PM",
="",47537,,,,,105,="",="2/4/2026 4:56:54.383710900 PM",
="",47548,,,,,117,="",="2/4/2026 4:56:54.390469885 PM",
="",47555,,,,,117,="",="2/4/2026 4:56:54.392407775 PM",
="",47563,,,,,117,="",="2/4/2026 4:56:54.394073865 PM",
="",47576,,,,,109,="",="2/4/2026 4:56:54.401193720 PM",
="",47577,,,,,414,="",="2/4/2026 4:56:54.402477155 PM",
="",47591,,,,,229,="",="2/4/2026 4:56:54.410493070 PM",
="",47601,,,,,117,="",="2/4/2026 4:56:54.423371915 PM",
="",47610,,,,,117,="",="2/4/2026 4:56:54.428990770 PM",
="",47612,,,,,105,="",="2/4/2026 4:56:54.429679975 PM",
="",47614,,,,,117,="",="2/4/2026 4:56:54.429987620 PM",
="",47615,,,,,117,="",="2/4/2026 4:56:54.430039005 PM",
="",47616,,,,,105,="",="2/4/2026 4:56:54.430382500 PM",
="",47617,,,,,99,="",="2/4/2026 4:56:54.430433675 PM",
="",47618,,,,,117,="",="2/4/2026 4:56:54.430645180 PM",
="",47619,,,,,99,="",="2/4/2026 4:56:54.430823800 PM",
="",47622,,,,,99,="",="2/4/2026 4:56:54.432541880 PM",
="",47623,,,,,121,="",="2/4/2026 4:56:54.432577095 PM",
="",47624,,,,,117,="",="2/4/2026 4:56:54.432629085 PM",
="",47632,,,,,105,="",="2/4/2026 4:56:54.437724560 PM",
="",47634,,,,,229,="",="2/4/2026 4:56:54.437796890 PM",
="",47636,,,,,117,="",="2/4/2026 4:56:54.438262105 PM",
="",47639,,,,,117,="",="2/4/2026 4:56:54.438606860 PM",
="",47641,,,,,105,="",="2/4/2026 4:56:54.438811410 PM",
="",47643,,,,,117,="",="2/4/2026 4:56:54.439066035 PM",
="",47646,,,,,117,="",="2/4/2026 4:56:54.439502260 PM",
="",47649,,,,,109,="",="2/4/2026 4:56:54.442780110 PM",
="",47658,,,,,121,="",="2/4/2026 4:56:54.445585310 PM",
="",47662,,,,,103,="",="2/4/2026 4:56:54.446843150 PM",
="",47673,,,,,117,="",="2/4/2026 4:56:54.449893190 PM",
="",47689,,,,,117,="",="2/4/2026 4:56:54.455806330 PM",
="",47740,,,,,117,="",="2/4/2026 4:56:54.488998200 PM",
="",47743,,,,,117,="",="2/4/2026 4:56:54.491463895 PM",
="",47744,,,,,117,="",="2/4/2026 4:56:54.491826165 PM",
="",47749,,,,,103,="",="2/4/2026 4:56:54.494464715 PM",
="",47753,,,,,474,="",="2/4/2026 4:56:54.497687530 PM",
="",47765,,,,,105,="",="2/4/2026 4:56:54.505767175 PM",
="",47771,,,,,109,="",="2/4/2026 4:56:54.507168130 PM",
="",47772,,,,,121,="",="2/4/2026 4:56:54.508005225 PM",
="",47783,,,,,117,="",="2/4/2026 4:56:54.511768680 PM",
="",47793,,,,,117,="",="2/4/2026 4:56:54.513827060 PM",
="",47808,,,,,117,="",="2/4/2026 4:56:54.518397725 PM",
="",47812,,,,,117,="",="2/4/2026 4:56:54.523320940 PM",
="",47816,,,,,105,="",="2/4/2026 4:56:54.524755040 PM",
="",47823,,,,,117,="",="2/4/2026 4:56:54.528904065 PM",
="",47840,,,,,117,="",="2/4/2026 4:56:54.535813165 PM",
="",47841,,,,,117,="",="2/4/2026 4:56:54.536286135 PM",
="",47848,,,,,117,="",="2/4/2026 4:56:54.538080275 PM",
="",47852,,,,,105,="",="2/4/2026 4:56:54.538890055 PM",
="",47853,,,,,105,="",="2/4/2026 4:56:54.539028395 PM",
="",47858,,,,,117,="",="2/4/2026 4:56:54.540420650 PM",
="",47862,,,,,117,="",="2/4/2026 4:56:54.541358720 PM",
="",47866,,,,,109,="",="2/4/2026 4:56:54.541838215 PM",
="",47879,,,,,105,="",="2/4/2026 4:56:54.544478460 PM",
="",47909,,,,,117,="",="2/4/2026 4:56:54.559179665 PM",
="",47911,,,,,105,="",="2/4/2026 4:56:54.559311200 PM",
="",47918,,,,,117,="",="2/4/2026 4:56:54.564423455 PM",
="",47920,,,,,117,="",="2/4/2026 4:56:54.564755785 PM",
="",47925,,,,,105,="",="2/4/2026 4:56:54.567886490 PM",
="",47927,,,,,117,="",="2/4/2026 4:56:54.568939365 PM",
="",47929,,,,,105,="",="2/4/2026 4:56:54.569217605 PM",
="",47934,,,,,103,="",="2/4/2026 4:56:54.571161050 PM",
="",47945,,,,,117,="",="2/4/2026 4:56:54.575149750 PM",
="",47951,,,,,117,="",="2/4/2026 4:56:54.575996070 PM",
="",47954,,,,,117,="",="2/4/2026 4:56:54.576383315 PM",
="",47959,,,,,117,="",="2/4/2026 4:56:54.577673520 PM",
="",47966,,,,,117,="",="2/4/2026 4:56:54.581549180 PM",
="",47982,,,,,121,="",="2/4/2026 4:56:54.587176835 PM",
="",47992,,,,,105,="",="2/4/2026 4:56:54.589646430 PM",
="",47998,,,,,117,="",="2/4/2026 4:56:54.592276770 PM",
="",48001,,,,,105,="",="2/4/2026 4:56:54.593154325 PM",
="",48010,,,,,117,="",="2/4/2026 4:56:54.594738905 PM",
="",48015,,,,,117,="",="2/4/2026 4:56:54.596546300 PM",
="",48017,,,,,229,="",="2/4/2026 4:56:54.597174785 PM",
="",48020,,,,,414,="",="2/4/2026 4:56:54.597993415 PM",
="",48021,,,,,398,="",="2/4/2026 4:56:54.603332350 PM",
="",48031,,,,,105,="",="2/4/2026 4:56:54.609973850 PM",
="",48034,,,,,105,="",="2/4/2026 4:56:54.610949215 PM",
="",48039,,,,,117,="",="2/4/2026 4:56:54.612526840 PM",
="",48042,,,,,121,="",="2/4/2026 4:56:54.615683220 PM",
="",48046,,,,,119,="",="2/4/2026 4:56:54.616870620 PM",
="",48050,,,,,105,="",="2/4/2026 4:56:54.617547200 PM",
="",48053,,,,,105,="",="2/4/2026 4:56:54.619782930 PM",
="",48059,,,,,117,="",="2/4/2026 4:56:54.621601335 PM",
="",48064,,,,,105,="",="2/4/2026 4:56:54.623743900 PM",
="",48071,,,,,117,="",="2/4/2026 4:56:54.626361920 PM",
="",48091,,,,,229,="",="2/4/2026 4:56:54.633862350 PM",
="",48099,,,,,117,="",="2/4/2026 4:56:54.637919655 PM",
="",48108,,,,,117,="",="2/4/2026 4:56:54.641107695 PM",
="",48111,,,,,117,="",="2/4/2026 4:56:54.642879270 PM",
="",48114,,,,,109,="",="2/4/2026 4:56:54.643162795 PM",
="",48116,,,,,105,="",="2/4/2026 4:56:54.643291285 PM",
="",48117,,,,,117,="",="2/4/2026 4:56:54.643653240 PM",
="",48121,,,,,117,="",="2/4/2026 4:56:54.644254410 PM",
="",48125,,,,,117,="",="2/4/2026 4:56:54.645996255 PM",
="",48128,,,,,117,="",="2/4/2026 4:56:54.646935365 PM",
="",48136,,,,,117,="",="2/4/2026 4:56:54.648625705 PM",
="",48137,,,,,117,="",="2/4/2026 4:56:54.650238540 PM",
="",48143,,,,,105,="",="2/4/2026 4:56:54.651948525 PM",
="",48147,,,,,121,="",="2/4/2026 4:56:54.652528925 PM",
="",48149,,,,,105,="",="2/4/2026 4:56:54.652745375 PM",
="",48155,,,,,117,="",="2/4/2026 4:56:54.654245850 PM",
="",48172,,,,,109,="",="2/4/2026 4:56:54.658474810 PM",
="",48175,,,,,117,="",="2/4/2026 4:56:54.658778855 PM",
="",48188,,,,,105,="",="2/4/2026 4:56:54.664481785 PM",
="",48194,,,,,117,="",="2/4/2026 4:56:54.669104545 PM",
="",48195,,,,,105,="",="2/4/2026 4:56:54.669165255 PM",
="",48207,,,,,103,="",="2/4/2026 4:56:54.672563700 PM",
="",48213,,,,,117,="",="2/4/2026 4:56:54.675210820 PM",
="",48224,,,,,117,="",="2/4/2026 4:56:54.678488265 PM",
="",48227,,,,,105,="",="2/4/2026 4:56:54.679289390 PM",
="",48231,,,,,109,="",="2/4/2026 4:56:54.679896935 PM",
="",48237,,,,,105,="",="2/4/2026 4:56:54.681111715 PM",
="",48244,,,,,117,="",="2/4/2026 4:56:54.682888415 PM",
="",48259,,,,,109,="",="2/4/2026 4:56:54.691226060 PM",
="",48268,,,,,105,="",="2/4/2026 4:56:54.695441750 PM",
="",48286,,,,,117,="",="2/4/2026 4:56:54.709429305 PM",
="",48292,,,,,105,="",="2/4/2026 4:56:54.711425850 PM",
="",48312,,,,,109,="",="2/4/2026 4:56:54.724782065 PM",
="",48317,,,,,105,="",="2/4/2026 4:56:54.726471520 PM",
="",48321,,,,,117,="",="2/4/2026 4:56:54.727621845 PM",
="",48323,,,,,117,="",="2/4/2026 4:56:54.728419735 PM",
="",48326,,,,,117,="",="2/4/2026 4:56:54.728922225 PM",
="",48329,,,,,99,="",="2/4/2026 4:56:54.729516260 PM",
="",48337,,,,,105,="",="2/4/2026 4:56:54.732786065 PM",
="",48346,,,,,117,="",="2/4/2026 4:56:54.735539225 PM",
="",48350,,,,,105,="",="2/4/2026 4:56:54.737610755 PM",
="",48361,,,,,117,="",="2/4/2026 4:56:54.743425870 PM",
="",48372,,,,,105,="",="2/4/2026 4:56:54.748513940 PM",
="",48378,,,,,117,="",="2/4/2026 4:56:54.751719720 PM",
="",48386,,,,,109,="",="2/4/2026 4:56:54.755191885 PM",
="",48388,,,,,117,="",="2/4/2026 4:56:54.755992490 PM",
="",48391,,,,,105,="",="2/4/2026 4:56:54.756209015 PM",
="",48394,,,,,117,="",="2/4/2026 4:56:54.759053565 PM",
="",48400,,,,,105,="",="2/4/2026 4:56:54.760476600 PM",
="",48409,,,,,117,="",="2/4/2026 4:56:54.763131510 PM",
="",48414,,,,,109,="",="2/4/2026 4:56:54.764169460 PM",
="",48421,,,,,117,="",="2/4/2026 4:56:54.765337365 PM",
="",48430,,,,,117,="",="2/4/2026 4:56:54.770024535 PM",
="",48433,,,,,117,="",="2/4/2026 4:56:54.771534125 PM",
="",48434,,,,,117,="",="2/4/2026 4:56:54.771764940 PM",
="",48447,,,,,117,="",="2/4/2026 4:56:54.775421705 PM",
="",48449,,,,,105,="",="2/4/2026 4:56:54.775576485 PM",
="",48453,,,,,117,="",="2/4/2026 4:56:54.777087955 PM",
="",48454,,,,,105,="",="2/4/2026 4:56:54.777226335 PM",
="",48455,,,,,99,="",="2/4/2026 4:56:54.777266350 PM",
="",48460,,,,,117,="",="2/4/2026 4:56:54.778763285 PM",
="",48484,,,,,117,="",="2/4/2026 4:56:54.789680790 PM",
="",48485,,,,,105,="",="2/4/2026 4:56:54.790593060 PM",
="",48486,,,,,99,="",="2/4/2026 4:56:54.790632835 PM",
="",48495,,,,,117,="",="2/4/2026 4:56:54.796801765 PM",
="",48503,,,,,117,="",="2/4/2026 4:56:54.800876660 PM",
="",48523,,,,,105,="",="2/4/2026 4:56:54.808624840 PM",
="",48525,,,,,117,="",="2/4/2026 4:56:54.809618380 PM",
="",48526,,,,,99,="",="2/4/2026 4:56:54.809796815 PM",
="",48536,,,,,117,="",="2/4/2026 4:56:54.812781700 PM",
="",48540,,,,,105,="",="2/4/2026 4:56:54.815116940 PM",
="",48542,,,,,105,="",="2/4/2026 4:56:54.815743690 PM",
="",48557,,,,,109,="",="2/4/2026 4:56:54.822186985 PM",
="",48574,,,,,121,="",="2/4/2026 4:56:54.828099035 PM",
="",48582,,,,,117,="",="2/4/2026 4:56:54.843158545 PM",
="",48585,,,,,229,="",="2/4/2026 4:56:54.845125535 PM",
="",48587,,,,,105,="",="2/4/2026 4:56:54.846115735 PM",
="",48591,,,,,105,="",="2/4/2026 4:56:54.847933045 PM",
="",48597,,,,,121,="",="2/4/2026 4:56:54.849163595 PM",
="",48599,,,,,117,="",="2/4/2026 4:56:54.849433355 PM",
="",48602,,,,,109,="",="2/4/2026 4:56:54.849982910 PM",
="",48604,,,,,105,="",="2/4/2026 4:56:54.851770995 PM",
="",48608,,,,,117,="",="2/4/2026 4:56:54.852435280 PM",
="",48614,,,,,105,="",="2/4/2026 4:56:54.855639855 PM",
="",48618,,,,,117,="",="2/4/2026 4:56:54.857660495 PM",
="",48621,,,,,105,="",="2/4/2026 4:56:54.859043825 PM",
="",48622,,,,,117,="",="2/4/2026 4:56:54.860193945 PM",
="",48623,,,,,105,="",="2/4/2026 4:56:54.860332125 PM",
="",48628,,,,,123,="",="2/4/2026 4:56:54.863505385 PM",
="",48630,,,,,117,="",="2/4/2026 4:56:54.865281115 PM",
="",48636,,,,,105,="",="2/4/2026 4:56:54.872033760 PM",
="",48637,,,,,117,="",="2/4/2026 4:56:54.872355855 PM",
="",48639,,,,,105,="",="2/4/2026 4:56:54.874706790 PM",
="",48659,,,,,105,="",="2/4/2026 4:56:54.885886440 PM",
="",48662,,,,,117,="",="2/4/2026 4:56:54.887956350 PM",
="",48664,,,,,109,="",="2/4/2026 4:56:54.889612970 PM",
="",48673,,,,,109,="",="2/4/2026 4:56:54.900129870 PM",
="",48687,,,,,105,="",="2/4/2026 4:56:54.906109790 PM",
="",48691,,,,,420,="",="2/4/2026 4:56:54.910811335 PM",
="",48701,,,,,117,="",="2/4/2026 4:56:54.916379385 PM",
="",48704,,,,,117,="",="2/4/2026 4:56:54.917583445 PM",
="",48714,,,,,117,="",="2/4/2026 4:56:54.920385175 PM",
="",48719,,,,,109,="",="2/4/2026 4:56:54.923647425 PM",
="",48722,,,,,117,="",="2/4/2026 4:56:54.924061220 PM",
="",48726,,,,,195,="",="2/4/2026 4:56:54.929844960 PM",
="",48729,,,,,105,="",="2/4/2026 4:56:54.931069545 PM",
="",48732,,,,,105,="",="2/4/2026 4:56:54.937853885 PM",
="",48734,,,,,117,="",="2/4/2026 4:56:54.938105550 PM",
="",48736,,,,,117,="",="2/4/2026 4:56:54.938881360 PM",
="",48745,,,,,99,="",="2/4/2026 4:56:54.948460775 PM",
="",48747,,,,,105,="",="2/4/2026 4:56:54.948869875 PM",
="",48748,,,,,99,="",="2/4/2026 4:56:54.948908970 PM",
="",48749,,,,,117,="",="2/4/2026 4:56:54.949331670 PM",
="",48750,,,,,117,="",="2/4/2026 4:56:54.950265140 PM",
="",48751,,,,,117,="",="2/4/2026 4:56:54.950501790 PM",
="",48752,,,,,117,="",="2/4/2026 4:56:54.950713000 PM",
="",48753,,,,,105,="",="2/4/2026 4:56:54.950817085 PM",
="",48754,,,,,99,="",="2/4/2026 4:56:54.950856740 PM",
="",48755,,,,,117,="",="2/4/2026 4:56:54.952033555 PM",
="",48756,,,,,117,="",="2/4/2026 4:56:54.952929450 PM",
="",48757,,,,,105,="",="2/4/2026 4:56:54.953405765 PM",
="",48758,,,,,99,="",="2/4/2026 4:56:54.953445660 PM",
="",48759,,,,,117,="",="2/4/2026 4:56:54.953641855 PM",
="",48760,,,,,105,="",="2/4/2026 4:56:54.954323740 PM",
="",48761,,,,,99,="",="2/4/2026 4:56:54.954362755 PM",
="",48763,,,,,117,="",="2/4/2026 4:56:54.955713365 PM",
="",48764,,,,,105,="",="2/4/2026 4:56:54.957150325 PM",
="",48772,,,,,99,="",="2/4/2026 4:56:54.973709760 PM",
="",48773,,,,,103,="",="2/4/2026 4:56:54.973854985 PM",
="",48777,,,,,117,="",="2/4/2026 4:56:54.976802660 PM",
="",48784,,,,,117,="",="2/4/2026 4:56:54.980384120 PM",
="",48786,,,,,105,="",="2/4/2026 4:56:54.986422505 PM",
="",48790,,,,,121,="",="2/4/2026 4:56:54.989217075 PM",
="",48793,,,,,117,="",="2/4/2026 4:56:54.989516120 PM",
="",48795,,,,,117,="",="2/4/2026 4:56:54.990321505 PM",
="",48796,,,,,117,="",="2/4/2026 4:56:54.990372675 PM",
="",48797,,,,,117,="",="2/4/2026 4:56:54.990654995 PM",
="",48800,,,,,105,="",="2/4/2026 4:56:54.993370480 PM",
="",48801,,,,,99,="",="2/4/2026 4:56:54.993410055 PM",
="",48802,,,,,117,="",="2/4/2026 4:56:54.993741205 PM",
="",48804,,,,,99,="",="2/4/2026 4:56:54.994577740 PM",
="",48812,,,,,117,="",="2/4/2026 4:56:55.004491915 PM",
="",48816,,,,,117,="",="2/4/2026 4:56:55.007989290 PM",
="",48820,,,,,117,="",="2/4/2026 4:56:55.009565275 PM",
="",48824,,,,,105,="",="2/4/2026 4:56:55.013709755 PM",
="",48828,,,,,117,="",="2/4/2026 4:56:55.015362045 PM",
="",48829,,,,,105,="",="2/4/2026 4:56:55.016766790 PM",
="",48833,,,,,99,="",="2/4/2026 4:56:55.019939300 PM",
="",48837,,,,,229,="",="2/4/2026 4:56:55.023082480 PM",
="",48838,,,,,229,="",="2/4/2026 4:56:55.023642655 PM",
="",48841,,,,,105,="",="2/4/2026 4:56:55.026283990 PM",
="",48847,,,,,117,="",="2/4/2026 4:56:55.029162550 PM",
="",48850,,,,,105,="",="2/4/2026 4:56:55.036742660 PM",
="",48854,,,,,99,="",="2/4/2026 4:56:55.039202320 PM",
="",48855,,,,,117,="",="2/4/2026 4:56:55.039484415 PM",
="",48859,,,,,117,="",="2/4/2026 4:56:55.041671755 PM",
="",48864,,,,,99,="",="2/4/2026 4:56:55.047560765 PM",
="",48867,,,,,105,="",="2/4/2026 4:56:55.049595415 PM",
="",48869,,,,,105,="",="2/4/2026 4:56:55.049964205 PM",
="",48870,,,,,99,="",="2/4/2026 4:56:55.050003580 PM",
="",48874,,,,,105,="",="2/4/2026 4:56:55.050991760 PM",
="",48876,,,,,105,="",="2/4/2026 4:56:55.051345470 PM",
="",48879,,,,,117,="",="2/4/2026 4:56:55.051741920 PM",
="",48882,,,,,99,="",="2/4/2026 4:56:55.051999690 PM",
="",48895,,,,,117,="",="2/4/2026 4:56:55.055129885 PM",
="",48897,,,,,117,="",="2/4/2026 4:56:55.056671010 PM",
="",48899,,,,,105,="",="2/4/2026 4:56:55.068128100 PM",
="",48907,,,,,117,="",="2/4/2026 4:56:55.070818585 PM",
="",48908,,,,,105,="",="2/4/2026 4:56:55.072222810 PM",
="",48914,,,,,117,="",="2/4/2026 4:56:55.080984935 PM",
="",48915,,,,,105,="",="2/4/2026 4:56:55.082230565 PM",
="",48921,,,,,117,="",="2/4/2026 4:56:55.084755430 PM",
="",48930,,,,,105,="",="2/4/2026 4:56:55.093850250 PM",
="",48935,,,,,117,="",="2/4/2026 4:56:55.096597555 PM",
="",48943,,,,,117,="",="2/4/2026 4:56:55.099330250 PM",
="",48947,,,,,105,="",="2/4/2026 4:56:55.100640165 PM",
="",48948,,,,,105,="",="2/4/2026 4:56:55.100778530 PM",
="",48957,,,,,117,="",="2/4/2026 4:56:55.102052835 PM",
="",48961,,,,,109,="",="2/4/2026 4:56:55.104186055 PM",
="",48969,,,,,109,="",="2/4/2026 4:56:55.105198905 PM",
="",48979,,,,,103,="",="2/4/2026 4:56:55.109754235 PM",
="",48996,,,,,109,="",="2/4/2026 4:56:55.120623085 PM",
="",49002,,,,,117,="",="2/4/2026 4:56:55.123294525 PM",
="",49003,,,,,109,="",="2/4/2026 4:56:55.123434575 PM",
="",49006,,,,,105,="",="2/4/2026 4:56:55.124710505 PM",
="",49008,,,,,109,="",="2/4/2026 4:56:55.125424980 PM",
="",49009,,,,,117,="",="2/4/2026 4:56:55.125476220 PM",
="",49010,,,,,105,="",="2/4/2026 4:56:55.125613880 PM",
="",49014,,,,,121,="",="2/4/2026 4:56:55.126129530 PM",
="",49018,,,,,117,="",="2/4/2026 4:56:55.127116230 PM",
="",49019,,,,,117,="",="2/4/2026 4:56:55.129290530 PM",
="",49020,,,,,105,="",="2/4/2026 4:56:55.130662340 PM",
="",49032,,,,,117,="",="2/4/2026 4:56:55.140345420 PM",
="",49036,,,,,117,="",="2/4/2026 4:56:55.141219180 PM",
="",49053,,,,,117,="",="2/4/2026 4:56:55.152632890 PM",
="",49056,,,,,105,="",="2/4/2026 4:56:55.153532985 PM",
="",49064,,,,,105,="",="2/4/2026 4:56:55.154815285 PM",
="",49069,,,,,117,="",="2/4/2026 4:56:55.155452105 PM",
="",49078,,,,,117,="",="2/4/2026 4:56:55.166184905 PM",
="",49083,,,,,117,="",="2/4/2026 4:56:55.168370645 PM",
="",49084,,,,,117,="",="2/4/2026 4:56:55.168995075 PM",
="",49086,,,,,103,="",="2/4/2026 4:56:55.170027730 PM",
="",49091,,,,,105,="",="2/4/2026 4:56:55.170859400 PM",
="",49107,,,,,105,="",="2/4/2026 4:56:55.175615740 PM",
="",49108,,,,,105,="",="2/4/2026 4:56:55.176125270 PM",
="",49109,,,,,117,="",="2/4/2026 4:56:55.176341895 PM",
="",49113,,,,,113,="",="2/4/2026 4:56:55.179286745 PM",
="",49117,,,,,117,="",="2/4/2026 4:56:55.185113175 PM",
="",49118,,,,,117,="",="2/4/2026 4:56:55.185555655 PM",
="",49135,,,,,117,="",="2/4/2026 4:56:55.193567185 PM",
="",49142,,,,,105,="",="2/4/2026 4:56:55.195490580 PM",
="",49144,,,,,117,="",="2/4/2026 4:56:55.195787780 PM",
="",49151,,,,,109,="",="2/4/2026 4:56:55.198997220 PM",
="",49155,,,,,109,="",="2/4/2026 4:56:55.199336035 PM",
="",49156,,,,,117,="",="2/4/2026 4:56:55.199386520 PM",
="",49170,,,,,121,="",="2/4/2026 4:56:55.203053490 PM",
="",49189,,,,,117,="",="2/4/2026 4:56:55.210138285 PM",
="",49194,,,,,404,="",="2/4/2026 4:56:55.220306030 PM",
="",49200,,,,,109,="",="2/4/2026 4:56:55.227176350 PM",
="",49202,,,,,121,="",="2/4/2026 4:56:55.227805755 PM",
="",49210,,,,,103,="",="2/4/2026 4:56:55.230201315 PM",
="",49212,,,,,105,="",="2/4/2026 4:56:55.230389115 PM",
="",49213,,,,,105,="",="2/4/2026 4:56:55.230599045 PM",
="",49217,,,,,109,="",="2/4/2026 4:56:55.232209890 PM",
="",49219,,,,,103,="",="2/4/2026 4:56:55.232713565 PM",
="",49226,,,,,105,="",="2/4/2026 4:56:55.233940760 PM",
="",49228,,,,,109,="",="2/4/2026 4:56:55.234131975 PM",
="",49252,,,,,103,="",="2/4/2026 4:56:55.243260000 PM",
="",49262,,,,,105,="",="2/4/2026 4:56:55.249998475 PM",
="",49266,,,,,103,="",="2/4/2026 4:56:55.251073640 PM",
="",49268,,,,,105,="",="2/4/2026 4:56:55.255614775 PM",
="",49270,,,,,121,="",="2/4/2026 4:56:55.255723100 PM",
="",49272,,,,,105,="",="2/4/2026 4:56:55.255913070 PM",
="",49278,,,,,105,="",="2/4/2026 4:56:55.256810445 PM",
="",49311,,,,,109,="",="2/4/2026 4:56:55.290435050 PM",
="",49324,,,,,109,="",="2/4/2026 4:56:55.294446635 PM",
="",49343,,,,,117,="",="2/4/2026 4:56:55.299962495 PM",
="",49349,,,,,383,="",="2/4/2026 4:56:55.302218805 PM",
="",49363,,,,,121,="",="2/4/2026 4:56:55.312011065 PM",
="",49370,,,,,109,="",="2/4/2026 4:56:55.315630990 PM",
="",49374,,,,,474,="",="2/4/2026 4:56:55.316893005 PM",
="",49375,,,,,109,="",="2/4/2026 4:56:55.321206835 PM",
="",49384,,,,,117,="",="2/4/2026 4:56:55.325632955 PM",
="",49394,,,,,109,="",="2/4/2026 4:56:55.329958960 PM",
="",49398,,,,,99,="",="2/4/2026 4:56:55.332464215 PM",
="",49411,,,,,117,="",="2/4/2026 4:56:55.338375940 PM",
="",49416,,,,,117,="",="2/4/2026 4:56:55.340050430 PM",
="",49426,,,,,117,="",="2/4/2026 4:56:55.343570265 PM",
="",49428,,,,,117,="",="2/4/2026 4:56:55.344370955 PM",
="",49434,,,,,121,="",="2/4/2026 4:56:55.348053280 PM",
="",49437,,,,,117,="",="2/4/2026 4:56:55.349364315 PM",
="",49443,,,,,105,="",="2/4/2026 4:56:55.351328965 PM",
="",49445,,,,,109,="",="2/4/2026 4:56:55.351616745 PM",
="",49455,,,,,103,="",="2/4/2026 4:56:55.353609440 PM",
="",49458,,,,,117,="",="2/4/2026 4:56:55.353970040 PM",
="",49460,,,,,117,="",="2/4/2026 4:56:55.354284995 PM",
="",49464,,,,,105,="",="2/4/2026 4:56:55.355119595 PM",
="",49467,,,,,109,="",="2/4/2026 4:56:55.355847065 PM",
="",49469,,,,,105,="",="2/4/2026 4:56:55.356047490 PM",
="",49476,,,,,109,="",="2/4/2026 4:56:55.358565310 PM",
="",49478,,,,,109,="",="2/4/2026 4:56:55.359019825 PM",
="",49479,,,,,117,="",="2/4/2026 4:56:55.359069590 PM",
="",49483,,,,,105,="",="2/4/2026 4:56:55.359497650 PM",
="",49489,,,,,105,="",="2/4/2026 4:56:55.360501750 PM",
="",49492,,,,,117,="",="2/4/2026 4:56:55.362122345 PM",
="",49495,,,,,117,="",="2/4/2026 4:56:55.362609760 PM",
="",49508,,,,,229,="",="2/4/2026 4:56:55.365482025 PM",
="",49509,,,,,229,="",="2/4/2026 4:56:55.365567500 PM",
="",49516,,,,,109,="",="2/4/2026 4:56:55.367136040 PM",
="",49523,,,,,229,="",="2/4/2026 4:56:55.369233480 PM",
="",49524,,,,,229,="",="2/4/2026 4:56:55.369443170 PM",
="",49530,,,,,99,="",="2/4/2026 4:56:55.370797070 PM",
="",49532,,,,,119,="",="2/4/2026 4:56:55.372194450 PM",
="",49534,,,,,109,="",="2/4/2026 4:56:55.372997125 PM",
="",49536,,,,,117,="",="2/4/2026 4:56:55.373796945 PM",
="",49550,,,,,117,="",="2/4/2026 4:56:55.377694365 PM",
="",49557,,,,,117,="",="2/4/2026 4:56:55.381058795 PM",
="",49561,,,,,117,="",="2/4/2026 4:56:55.382628935 PM",
="",49569,,,,,103,="",="2/4/2026 4:56:55.386825390 PM",
="",49577,,,,,117,="",="2/4/2026 4:56:55.390007255 PM",
="",49598,,,,,109,="",="2/4/2026 4:56:55.396393315 PM",
="",49606,,,,,117,="",="2/4/2026 4:56:55.398054800 PM",
="",49612,,,,,105,="",="2/4/2026 4:56:55.399652430 PM",
="",49622,,,,,99,="",="2/4/2026 4:56:55.403958295 PM",
="",49634,,,,,117,="",="2/4/2026 4:56:55.408471710 PM",
="",49641,,,,,105,="",="2/4/2026 4:56:55.410126635 PM",
="",49652,,,,,105,="",="2/4/2026 4:56:55.414182155 PM",
="",49654,,,,,117,="",="2/4/2026 4:56:55.415710325 PM",
="",49663,,,,,229,="",="2/4/2026 4:56:55.418358810 PM",
="",49666,,,,,105,="",="2/4/2026 4:56:55.419000245 PM",
="",49668,,,,,410,="",="2/4/2026 4:56:55.422626950 PM",
="",49671,,,,,420,="",="2/4/2026 4:56:55.423451060 PM",
="",49672,,,,,117,="",="2/4/2026 4:56:55.424295010 PM",
="",49674,,,,,397,="",="2/4/2026 4:56:55.424972660 PM",
="",49691,,,,,105,="",="2/4/2026 4:56:55.431113700 PM",
="",49700,,,,,117,="",="2/4/2026 4:56:55.441962340 PM",
="",49706,,,,,117,="",="2/4/2026 4:56:55.444101320 PM",
="",49720,,,,,121,="",="2/4/2026 4:56:55.448803945 PM",
="",49725,,,,,117,="",="2/4/2026 4:56:55.449505610 PM",
="",49731,,,,,99,="",="2/4/2026 4:56:55.450142330 PM",
="",49733,,,,,109,="",="2/4/2026 4:56:55.451048860 PM",
="",49735,,,,,109,="",="2/4/2026 4:56:55.451791480 PM",
="",49754,,,,,105,="",="2/4/2026 4:56:55.460930920 PM",
="",49758,,,,,117,="",="2/4/2026 4:56:55.461928225 PM",
="",49760,,,,,105,="",="2/4/2026 4:56:55.462162910 PM",
="",49763,,,,,117,="",="2/4/2026 4:56:55.462695135 PM",
="",49769,,,,,117,="",="2/4/2026 4:56:55.465701675 PM",
="",49781,,,,,109,="",="2/4/2026 4:56:55.473330505 PM",
="",49782,,,,,117,="",="2/4/2026 4:56:55.473380630 PM",
="",49784,,,,,117,="",="2/4/2026 4:56:55.475973070 PM",
="",49789,,,,,105,="",="2/4/2026 4:56:55.478517895 PM",
="",49790,,,,,99,="",="2/4/2026 4:56:55.478557870 PM",
="",49791,,,,,117,="",="2/4/2026 4:56:55.479175330 PM",
="",49792,,,,,117,="",="2/4/2026 4:56:55.479226540 PM",
="",49800,,,,,117,="",="2/4/2026 4:56:55.481252960 PM",
="",49811,,,,,117,="",="2/4/2026 4:56:55.489029675 PM",
="",49826,,,,,109,="",="2/4/2026 4:56:55.497862000 PM",
="",49829,,,,,117,="",="2/4/2026 4:56:55.499109875 PM",
="",49832,,,,,105,="",="2/4/2026 4:56:55.500468350 PM",
="",49834,,,,,117,="",="2/4/2026 4:56:55.500805220 PM",
="",49845,,,,,117,="",="2/4/2026 4:56:55.504521005 PM",
="",49849,,,,,117,="",="2/4/2026 4:56:55.506022075 PM",
="",49882,,,,,117,="",="2/4/2026 4:56:55.520352190 PM",
="",49891,,,,,117,="",="2/4/2026 4:56:55.527848045 PM",
="",49898,,,,,117,="",="2/4/2026 4:56:55.530588985 PM",
="",49908,,,,,109,="",="2/4/2026 4:56:55.538677555 PM",
="",49909,,,,,117,="",="2/4/2026 4:56:55.538728255 PM",
="",49911,,,,,99,="",="2/4/2026 4:56:55.538917280 PM",
="",49913,,,,,117,="",="2/4/2026 4:56:55.540518230 PM",
="",49916,,,,,117,="",="2/4/2026 4:56:55.542228075 PM",
="",49918,,,,,105,="",="2/4/2026 4:56:55.542591380 PM",
="",49919,,,,,99,="",="2/4/2026 4:56:55.542631235 PM",
="",49929,,,,,121,="",="2/4/2026 4:56:55.548629100 PM",
="",49940,,,,,117,="",="2/4/2026 4:56:55.556071950 PM",
="",49943,,,,,117,="",="2/4/2026 4:56:55.557991720 PM",
="",49944,,,,,105,="",="2/4/2026 4:56:55.560241850 PM",
="",49948,,,,,117,="",="2/4/2026 4:56:55.564216380 PM",
="",49949,,,,,105,="",="2/4/2026 4:56:55.565010910 PM",
="",49950,,,,,99,="",="2/4/2026 4:56:55.565050045 PM",
="",49951,,,,,117,="",="2/4/2026 4:56:55.565556030 PM",
="",49952,,,,,105,="",="2/4/2026 4:56:55.565693875 PM",
="",49954,,,,,117,="",="2/4/2026 4:56:55.566273810 PM",
="",49955,,,,,105,="",="2/4/2026 4:56:55.566426070 PM",
="",49956,,,,,99,="",="2/4/2026 4:56:55.566464245 PM",
="",49962,,,,,105,="",="2/4/2026 4:56:55.567800000 PM",
="",49965,,,,,117,="",="2/4/2026 4:56:55.570926945 PM",
="",49967,,,,,117,="",="2/4/2026 4:56:55.572599955 PM",
="",49968,,,,,117,="",="2/4/2026 4:56:55.572762910 PM",
="",49969,,,,,117,="",="2/4/2026 4:56:55.572972920 PM",
="",49970,,,,,105,="",="2/4/2026 4:56:55.573758995 PM",
="",49973,,,,,105,="",="2/4/2026 4:56:55.574363050 PM",
="",49975,,,,,117,="",="2/4/2026 4:56:55.575030975 PM",
="",49977,,,,,105,="",="2/4/2026 4:56:55.577370630 PM",
="",49978,,,,,99,="",="2/4/2026 4:56:55.577409685 PM",
="",49980,,,,,117,="",="2/4/2026 4:56:55.580646355 PM",
="",49981,,,,,229,="",="2/4/2026 4:56:55.583127415 PM",
="",49982,,,,,117,="",="2/4/2026 4:56:55.584037965 PM",
="",49984,,,,,105,="",="2/4/2026 4:56:55.586239840 PM",
="",49987,,,,,117,="",="2/4/2026 4:56:55.588390620 PM",
="",49996,,,,,117,="",="2/4/2026 4:56:55.598854690 PM",
="",49999,,,,,99,="",="2/4/2026 4:56:55.599211110 PM",
="",50000,,,,,117,="",="2/4/2026 4:56:55.599971355 PM",
="",50001,,,,,105,="",="2/4/2026 4:56:55.600276930 PM",
="",50002,,,,,99,="",="2/4/2026 4:56:55.600316785 PM",
="",50003,,,,,117,="",="2/4/2026 4:56:55.600498340 PM",
="",50005,,,,,117,="",="2/4/2026 4:56:55.601113275 PM",
="",50008,,,,,117,="",="2/4/2026 4:56:55.602566715 PM",
="",50010,,,,,117,="",="2/4/2026 4:56:55.603357525 PM",
="",50011,,,,,105,="",="2/4/2026 4:56:55.603497105 PM",
="",50013,,,,,105,="",="2/4/2026 4:56:55.604023850 PM",
="",50018,,,,,117,="",="2/4/2026 4:56:55.605461215 PM",
="",50019,,,,,117,="",="2/4/2026 4:56:55.605514065 PM",
="",50024,,,,,117,="",="2/4/2026 4:56:55.607909150 PM",
="",50026,,,,,105,="",="2/4/2026 4:56:55.609809570 PM",
="",50027,,,,,99,="",="2/4/2026 4:56:55.609849865 PM",
="",50028,,,,,117,="",="2/4/2026 4:56:55.611046775 PM",
="",50029,,,,,117,="",="2/4/2026 4:56:55.612583845 PM",
="",50044,,,,,105,="",="2/4/2026 4:56:55.629843205 PM",
="",50047,,,,,117,="",="2/4/2026 4:56:55.630362735 PM",
="",50057,,,,,117,="",="2/4/2026 4:56:55.634066520 PM",
="",50062,,,,,99,="",="2/4/2026 4:56:55.638942345 PM",
="",50063,,,,,105,="",="2/4/2026 4:56:55.639342270 PM",
="",50064,,,,,117,="",="2/4/2026 4:56:55.639642765 PM",
="",50068,,,,,117,="",="2/4/2026 4:56:55.641670965 PM",
="",50069,,,,,117,="",="2/4/2026 4:56:55.642455815 PM",
="",50071,,,,,117,="",="2/4/2026 4:56:55.644334755 PM",
="",50073,,,,,105,="",="2/4/2026 4:56:55.645600200 PM",
="",50074,,,,,99,="",="2/4/2026 4:56:55.645640175 PM",
="",50076,,,,,117,="",="2/4/2026 4:56:55.646194055 PM",
="",50077,,,,,99,="",="2/4/2026 4:56:55.646371250 PM",
="",50078,,,,,117,="",="2/4/2026 4:56:55.646542565 PM",
="",50079,,,,,105,="",="2/4/2026 4:56:55.646806830 PM",
="",50084,,,,,129,="",="2/4/2026 4:56:55.649424920 PM",
="",50086,,,,,99,="",="2/4/2026 4:56:55.649893895 PM",
="",50089,,,,,117,="",="2/4/2026 4:56:55.650241575 PM",
="",50092,,,,,117,="",="2/4/2026 4:56:55.651468605 PM",
="",50094,,,,,105,="",="2/4/2026 4:56:55.651681015 PM",
="",50095,,,,,99,="",="2/4/2026 4:56:55.651720310 PM",
="",50097,,,,,117,="",="2/4/2026 4:56:55.652230480 PM",
="",50103,,,,,117,="",="2/4/2026 4:56:55.660333135 PM",
="",50106,,,,,117,="",="2/4/2026 4:56:55.662280440 PM",
="",50109,,,,,105,="",="2/4/2026 4:56:55.663977380 PM",
="",50114,,,,,117,="",="2/4/2026 4:56:55.666184260 PM",
="",50115,,,,,117,="",="2/4/2026 4:56:55.666639215 PM",
="",50117,,,,,99,="",="2/4/2026 4:56:55.666945725 PM",
="",50118,,,,,117,="",="2/4/2026 4:56:55.667139050 PM",
="",50119,,,,,99,="",="2/4/2026 4:56:55.667362985 PM",
="",50120,,,,,117,="",="2/4/2026 4:56:55.667519855 PM",
="",50122,,,,,117,="",="2/4/2026 4:56:55.667901420 PM",
="",50124,,,,,99,="",="2/4/2026 4:56:55.668199050 PM",
="",50131,,,,,117,="",="2/4/2026 4:56:55.671423355 PM",
="",50133,,,,,117,="",="2/4/2026 4:56:55.672218500 PM",
="",50136,,,,,99,="",="2/4/2026 4:56:55.675030685 PM",
="",50137,,,,,109,="",="2/4/2026 4:56:55.675254250 PM",
="",50138,,,,,117,="",="2/4/2026 4:56:55.675334510 PM",
="",50141,,,,,117,="",="2/4/2026 4:56:55.676845140 PM",
="",50146,,,,,117,="",="2/4/2026 4:56:55.678821885 PM",
="",50151,,,,,117,="",="2/4/2026 4:56:55.679400810 PM",
="",50156,,,,,117,="",="2/4/2026 4:56:55.680425150 PM",
="",50158,,,,,105,="",="2/4/2026 4:56:55.680614275 PM",
="",50159,,,,,99,="",="2/4/2026 4:56:55.680653530 PM",
="",50166,,,,,117,="",="2/4/2026 4:56:55.682446285 PM",
="",50169,,,,,105,="",="2/4/2026 4:56:55.683184420 PM",
="",50171,,,,,117,="",="2/4/2026 4:56:55.683503835 PM",
="",50174,,,,,105,="",="2/4/2026 4:56:55.684355860 PM",
="",50175,,,,,99,="",="2/4/2026 4:56:55.684395490 PM",
="",50176,,,,,117,="",="2/4/2026 4:56:55.684679375 PM",
="",50177,,,,,117,="",="2/4/2026 4:56:55.684718975 PM",
="",50184,,,,,117,="",="2/4/2026 4:56:55.686617685 PM",
="",50185,,,,,117,="",="2/4/2026 4:56:55.687784460 PM",
="",50188,,,,,105,="",="2/4/2026 4:56:55.689285075 PM",
="",50200,,,,,117,="",="2/4/2026 4:56:55.694904350 PM",
="",50202,,,,,229,="",="2/4/2026 4:56:55.695788500 PM",
="",50207,,,,,117,="",="2/4/2026 4:56:55.699238870 PM",
="",50211,,,,,105,="",="2/4/2026 4:56:55.700243090 PM",
="",50214,,,,,105,="",="2/4/2026 4:56:55.700832970 PM",
="",50223,,,,,117,="",="2/4/2026 4:56:55.702565610 PM",
="",50224,,,,,117,="",="2/4/2026 4:56:55.703047340 PM",
="",50225,,,,,105,="",="2/4/2026 4:56:55.704447630 PM",
="",50228,,,,,117,="",="2/4/2026 4:56:55.704875090 PM",
="",50229,,,,,117,="",="2/4/2026 4:56:55.705117755 PM",
="",50230,,,,,105,="",="2/4/2026 4:56:55.706534900 PM",
="",50238,,,,,121,="",="2/4/2026 4:56:55.709485210 PM",
="",50241,,,,,117,="",="2/4/2026 4:56:55.710064305 PM",
="",50244,,,,,117,="",="2/4/2026 4:56:55.710627330 PM",
="",50252,,,,,105,="",="2/4/2026 4:56:55.712966465 PM",
="",50260,,,,,105,="",="2/4/2026 4:56:55.717030720 PM",
="",50261,,,,,117,="",="2/4/2026 4:56:55.717363455 PM",
="",50262,,,,,105,="",="2/4/2026 4:56:55.717488635 PM",
="",50265,,,,,103,="",="2/4/2026 4:56:55.718035575 PM",
="",50272,,,,,105,="",="2/4/2026 4:56:55.720058060 PM",
="",50283,,,,,117,="",="2/4/2026 4:56:55.723719470 PM",
="",50286,,,,,117,="",="2/4/2026 4:56:55.724394920 PM",
="",50287,,,,,117,="",="2/4/2026 4:56:55.724662500 PM",
="",50293,,,,,420,="",="2/4/2026 4:56:55.730592650 PM",
="",50304,,,,,99,="",="2/4/2026 4:56:55.734411925 PM",
="",50305,,,,,117,="",="2/4/2026 4:56:55.734694365 PM",
="",50308,,,,,99,="",="2/4/2026 4:56:55.736617030 PM",
="",50312,,,,,117,="",="2/4/2026 4:56:55.738149450 PM",
="",50313,,,,,117,="",="2/4/2026 4:56:55.738488180 PM",
="",50317,,,,,117,="",="2/4/2026 4:56:55.738973215 PM",
="",50328,,,,,105,="",="2/4/2026 4:56:55.743017710 PM",
="",50333,,,,,121,="",="2/4/2026 4:56:55.744622530 PM",
="",50336,,,,,99,="",="2/4/2026 4:56:55.745016365 PM",
="",50342,,,,,121,="",="2/4/2026 4:56:55.748621395 PM",
="",50351,,,,,117,="",="2/4/2026 4:56:55.753946500 PM",
="",50354,,,,,117,="",="2/4/2026 4:56:55.755911880 PM",
="",50355,,,,,109,="",="2/4/2026 4:56:55.758919495 PM",
="",50357,,,,,117,="",="2/4/2026 4:56:55.759149230 PM",
="",50374,,,,,99,="",="2/4/2026 4:56:55.764430090 PM",
="",50380,,,,,105,="",="2/4/2026 4:56:55.766557225 PM",
="",50386,,,,,117,="",="2/4/2026 4:56:55.768773595 PM",
="",50387,,,,,105,="",="2/4/2026 4:56:55.768905935 PM",
="",50391,,,,,105,="",="2/4/2026 4:56:55.769906580 PM",
="",50392,,,,,105,="",="2/4/2026 4:56:55.770053040 PM",
="",50394,,,,,117,="",="2/4/2026 4:56:55.770357615 PM",
="",50395,,,,,105,="",="2/4/2026 4:56:55.770504035 PM",
="",50397,,,,,117,="",="2/4/2026 4:56:55.770885640 PM",
="",50405,,,,,117,="",="2/4/2026 4:56:55.772036445 PM",
="",50409,,,,,105,="",="2/4/2026 4:56:55.773728130 PM",
="",50410,,,,,99,="",="2/4/2026 4:56:55.773767385 PM",
="",50419,,,,,121,="",="2/4/2026 4:56:55.776300650 PM",
="",50426,,,,,117,="",="2/4/2026 4:56:55.777883235 PM",
="",50438,,,,,117,="",="2/4/2026 4:56:55.782171020 PM",
="",50441,,,,,117,="",="2/4/2026 4:56:55.783107970 PM",
="",50466,,,,,105,="",="2/4/2026 4:56:55.793568035 PM",
="",50487,,,,,105,="",="2/4/2026 4:56:55.803557645 PM",
="",50510,,,,,117,="",="2/4/2026 4:56:55.812727040 PM",
="",50512,,,,,117,="",="2/4/2026 4:56:55.813578275 PM",
="",50520,,,,,229,="",="2/4/2026 4:56:55.815785465 PM",
="",50527,,,,,229,="",="2/4/2026 4:56:55.817784745 PM",
="",50528,,,,,229,="",="2/4/2026 4:56:55.817955100 PM",
="",50548,,,,,103,="",="2/4/2026 4:56:55.822195695 PM",
="",50552,,,,,117,="",="2/4/2026 4:56:55.822599805 PM",
="",50553,,,,,117,="",="2/4/2026 4:56:55.822650935 PM",
="",50557,,,,,117,="",="2/4/2026 4:56:55.823848275 PM",
="",50561,,,,,103,="",="2/4/2026 4:56:55.824725225 PM",
="",50563,,,,,105,="",="2/4/2026 4:56:55.824912880 PM",
="",50565,,,,,109,="",="2/4/2026 4:56:55.825035250 PM",
="",50586,,,,,117,="",="2/4/2026 4:56:55.830920425 PM",
="",50587,,,,,420,="",="2/4/2026 4:56:55.832224680 PM",
="",50595,,,,,99,="",="2/4/2026 4:56:55.835800080 PM",
="",50596,,,,,117,="",="2/4/2026 4:56:55.836070970 PM",
="",50630,,,,,229,="",="2/4/2026 4:56:55.847820960 PM",
="",50635,,,,,109,="",="2/4/2026 4:56:55.849330140 PM",
="",50655,,,,,117,="",="2/4/2026 4:56:55.860829920 PM",
="",50665,,,,,260,="",="2/4/2026 4:56:55.867813135 PM",
="",50668,,,,,103,="",="2/4/2026 4:56:55.868868975 PM",
="",50679,,,,,105,="",="2/4/2026 4:56:55.870693785 PM",
="",50684,,,,,121,="",="2/4/2026 4:56:55.871234490 PM",
="",50688,,,,,229,="",="2/4/2026 4:56:55.872013185 PM",
="",50689,,,,,229,="",="2/4/2026 4:56:55.872222875 PM",
="",50692,,,,,105,="",="2/4/2026 4:56:55.872879180 PM",
="",50693,,,,,109,="",="2/4/2026 4:56:55.873158055 PM",
="",50716,,,,,105,="",="2/4/2026 4:56:55.884589375 PM",
="",50718,,,,,109,="",="2/4/2026 4:56:55.884831475 PM",
="",50719,,,,,109,="",="2/4/2026 4:56:55.885091035 PM",
="",50721,,,,,105,="",="2/4/2026 4:56:55.886081870 PM",
="",50745,,,,,117,="",="2/4/2026 4:56:55.901074515 PM",
="",50761,,,,,117,="",="2/4/2026 4:56:55.903569320 PM",
="",50771,,,,,103,="",="2/4/2026 4:56:55.918287395 PM",
="",50774,,,,,109,="",="2/4/2026 4:56:55.919120555 PM",
="",50797,,,,,229,="",="2/4/2026 4:56:55.931093570 PM",
="",50799,,,,,105,="",="2/4/2026 4:56:55.932829060 PM",
="",50822,,,,,117,="",="2/4/2026 4:56:55.949197870 PM",
="",50826,,,,,105,="",="2/4/2026 4:56:55.950575055 PM",
="",50830,,,,,117,="",="2/4/2026 4:56:55.952236550 PM",
="",50835,,,,,117,="",="2/4/2026 4:56:55.953201750 PM",
="",50839,,,,,117,="",="2/4/2026 4:56:55.955051115 PM",
="",50858,,,,,117,="",="2/4/2026 4:56:55.962048150 PM",
="",50874,,,,,121,="",="2/4/2026 4:56:55.968975105 PM",
="",50880,,,,,117,="",="2/4/2026 4:56:55.971294845 PM",
="",50886,,,,,105,="",="2/4/2026 4:56:55.973102510 PM",
="",50898,,,,,121,="",="2/4/2026 4:56:55.975578985 PM",
="",50902,,,,,117,="",="2/4/2026 4:56:55.975989035 PM",
="",50913,,,,,117,="",="2/4/2026 4:56:55.980371545 PM",
="",50934,,,,,109,="",="2/4/2026 4:56:56.000810935 PM",
="",50939,,,,,103,="",="2/4/2026 4:56:56.003675360 PM",
="",50941,,,,,117,="",="2/4/2026 4:56:56.004815770 PM",
="",50951,,,,,105,="",="2/4/2026 4:56:56.009378535 PM",
="",50953,,,,,109,="",="2/4/2026 4:56:56.009687920 PM",
="",50957,,,,,117,="",="2/4/2026 4:56:56.010395915 PM",
="",50958,,,,,117,="",="2/4/2026 4:56:56.010898970 PM",
="",50960,,,,,117,="",="2/4/2026 4:56:56.012351035 PM",
="",50962,,,,,117,="",="2/4/2026 4:56:56.013459605 PM",
="",50970,,,,,103,="",="2/4/2026 4:56:56.017803160 PM",
="",51009,,,,,109,="",="2/4/2026 4:56:56.050883400 PM",
="",51013,,,,,229,="",="2/4/2026 4:56:56.051194465 PM",
="",51022,,,,,117,="",="2/4/2026 4:56:56.054465035 PM",
="",51034,,,,,121,="",="2/4/2026 4:56:56.058610080 PM",
="",51042,,,,,109,="",="2/4/2026 4:56:56.060327850 PM",
="",51054,,,,,109,="",="2/4/2026 4:56:56.067355335 PM",
="",51056,,,,,109,="",="2/4/2026 4:56:56.067662190 PM",
="",51057,,,,,103,="",="2/4/2026 4:56:56.068301510 PM",
="",51060,,,,,109,="",="2/4/2026 4:56:56.070745905 PM",
="",51073,,,,,105,="",="2/4/2026 4:56:56.074876260 PM",
="",51074,,,,,105,="",="2/4/2026 4:56:56.075013640 PM",
="",51075,,,,,117,="",="2/4/2026 4:56:56.075359300 PM",
="",51077,,,,,105,="",="2/4/2026 4:56:56.075629455 PM",
="",51084,,,,,117,="",="2/4/2026 4:56:56.076851210 PM",
="",51092,,,,,109,="",="2/4/2026 4:56:56.078984460 PM",
="",51107,,,,,117,="",="2/4/2026 4:56:56.083314770 PM",
="",51114,,,,,105,="",="2/4/2026 4:56:56.085328930 PM",
="",51118,,,,,117,="",="2/4/2026 4:56:56.098994870 PM",
="",51137,,,,,105,="",="2/4/2026 4:56:56.114974315 PM",
="",51142,,,,,117,="",="2/4/2026 4:56:56.116882155 PM",
="",51145,,,,,117,="",="2/4/2026 4:56:56.117705895 PM",
="",51148,,,,,129,="",="2/4/2026 4:56:56.117977650 PM",
="",51152,,,,,229,="",="2/4/2026 4:56:56.118266830 PM",
="",51155,,,,,117,="",="2/4/2026 4:56:56.118906350 PM",
="",51160,,,,,117,="",="2/4/2026 4:56:56.121542260 PM",
="",51162,,,,,105,="",="2/4/2026 4:56:56.122351630 PM",
="",51170,,,,,229,="",="2/4/2026 4:56:56.123373445 PM",
="",51198,,,,,121,="",="2/4/2026 4:56:56.133293470 PM",
="",51207,,,,,99,="",="2/4/2026 4:56:56.140121815 PM",
="",51212,,,,,229,="",="2/4/2026 4:56:56.141330570 PM",
="",51213,,,,,229,="",="2/4/2026 4:56:56.141539255 PM",
="",51214,,,,,229,="",="2/4/2026 4:56:56.141711945 PM",
="",51215,,,,,229,="",="2/4/2026 4:56:56.141884630 PM",
="",51223,,,,,121,="",="2/4/2026 4:56:56.144505335 PM",
="",51233,,,,,117,="",="2/4/2026 4:56:56.149472050 PM",
="",51238,,,,,121,="",="2/4/2026 4:56:56.151062945 PM",
="",51250,,,,,109,="",="2/4/2026 4:56:56.153604900 PM",
="",51253,,,,,105,="",="2/4/2026 4:56:56.154324910 PM",
="",51277,,,,,121,="",="2/4/2026 4:56:56.161945715 PM",
="",51281,,,,,117,="",="2/4/2026 4:56:56.163998815 PM",
="",51302,,,,,117,="",="2/4/2026 4:56:56.173329980 PM",
="",51312,,,,,117,="",="2/4/2026 4:56:56.176360720 PM",
="",51316,,,,,117,="",="2/4/2026 4:56:56.176660415 PM",
="",51321,,,,,117,="",="2/4/2026 4:56:56.178800275 PM",
="",51323,,,,,105,="",="2/4/2026 4:56:56.178992090 PM",
="",51328,,,,,117,="",="2/4/2026 4:56:56.179626005 PM",
="",51344,,,,,109,="",="2/4/2026 4:56:56.187949595 PM",
="",51348,,,,,103,="",="2/4/2026 4:56:56.189364485 PM",
="",51352,,,,,117,="",="2/4/2026 4:56:56.190856365 PM",
="",51358,,,,,117,="",="2/4/2026 4:56:56.194558390 PM",
="",51366,,,,,117,="",="2/4/2026 4:56:56.198141235 PM",
="",51371,,,,,105,="",="2/4/2026 4:56:56.198619585 PM",
="",51376,,,,,117,="",="2/4/2026 4:56:56.201707435 PM",
="",51386,,,,,109,="",="2/4/2026 4:56:56.210631445 PM",
="",51390,,,,,117,="",="2/4/2026 4:56:56.218923525 PM",
="",51391,,,,,129,="",="2/4/2026 4:56:56.219046540 PM",
="",51417,,,,,105,="",="2/4/2026 4:56:56.233808680 PM",
="",51446,,,,,117,="",="2/4/2026 4:56:56.250796285 PM",
="",51448,,,,,515,="",="2/4/2026 4:56:56.254446250 PM",
="",51467,,,,,105,="",="2/4/2026 4:56:56.267092475 PM",
="",51469,,,,,117,="",="2/4/2026 4:56:56.267882290 PM",
="",51482,,,,,103,="",="2/4/2026 4:56:56.279388385 PM",
="",51486,,,,,105,="",="2/4/2026 4:56:56.279993605 PM",
="",51492,,,,,117,="",="2/4/2026 4:56:56.280723790 PM",
="",51505,,,,,117,="",="2/4/2026 4:56:56.283130310 PM",
="",51513,,,,,117,="",="2/4/2026 4:56:56.285625420 PM",
="",51515,,,,,109,="",="2/4/2026 4:56:56.287903325 PM",
="",51523,,,,,117,="",="2/4/2026 4:56:56.292239870 PM",
="",51526,,,,,109,="",="2/4/2026 4:56:56.293151130 PM",
="",51574,,,,,117,="",="2/4/2026 4:56:56.321852200 PM",
="",51583,,,,,105,="",="2/4/2026 4:56:56.326092005 PM",
="",51585,,,,,117,="",="2/4/2026 4:56:56.326860380 PM",
="",51587,,,,,117,="",="2/4/2026 4:56:56.328540950 PM",
="",51588,,,,,117,="",="2/4/2026 4:56:56.328588455 PM",
="",51591,,,,,119,="",="2/4/2026 4:56:56.331932820 PM",
="",51596,,,,,229,="",="2/4/2026 4:56:56.333659575 PM",
="",51597,,,,,229,="",="2/4/2026 4:56:56.333869265 PM",
="",51601,,,,,121,="",="2/4/2026 4:56:56.334450765 PM",
="",51613,,,,,105,="",="2/4/2026 4:56:56.338354760 PM",
="",51620,,,,,117,="",="2/4/2026 4:56:56.342575515 PM",
="",51621,,,,,105,="",="2/4/2026 4:56:56.342653985 PM",
="",51623,,,,,105,="",="2/4/2026 4:56:56.343248720 PM",
="",51624,,,,,410,="",="2/4/2026 4:56:56.344457245 PM",
="",51630,,,,,397,="",="2/4/2026 4:56:56.347623740 PM",
="",51637,,,,,121,="",="2/4/2026 4:56:56.351417030 PM",
="",51640,,,,,105,="",="2/4/2026 4:56:56.353574490 PM",
="",51642,,,,,105,="",="2/4/2026 4:56:56.353940560 PM",
="",51644,,,,,117,="",="2/4/2026 4:56:56.354463605 PM",
="",51646,,,,,117,="",="2/4/2026 4:56:56.356278835 PM",
="",51649,,,,,229,="",="2/4/2026 4:56:56.358423100 PM",
="",51652,,,,,109,="",="2/4/2026 4:56:56.358822690 PM",
="",51654,,,,,117,="",="2/4/2026 4:56:56.359095400 PM",
="",51662,,,,,117,="",="2/4/2026 4:56:56.361352770 PM",
="",51664,,,,,105,="",="2/4/2026 4:56:56.361610035 PM",
="",51676,,,,,105,="",="2/4/2026 4:56:56.366981790 PM",
="",51683,,,,,109,="",="2/4/2026 4:56:56.370062810 PM",
="",51690,,,,,105,="",="2/4/2026 4:56:56.375065685 PM",
="",51701,,,,,121,="",="2/4/2026 4:56:56.377380605 PM",
="",51706,,,,,103,="",="2/4/2026 4:56:56.378432875 PM",
="",51712,,,,,117,="",="2/4/2026 4:56:56.380840245 PM",
="",51717,,,,,105,="",="2/4/2026 4:56:56.382473055 PM",
="",51720,,,,,109,="",="2/4/2026 4:56:56.382784025 PM",
="",51730,,,,,229,="",="2/4/2026 4:56:56.385488495 PM",
="",51731,,,,,229,="",="2/4/2026 4:56:56.385697180 PM",
="",51737,,,,,195,="",="2/4/2026 4:56:56.386419775 PM",
="",51741,,,,,109,="",="2/4/2026 4:56:56.386811585 PM",
="",51743,,,,,117,="",="2/4/2026 4:56:56.387021870 PM",
="",51752,,,,,117,="",="2/4/2026 4:56:56.390171615 PM",
="",51761,,,,,117,="",="2/4/2026 4:56:56.397715580 PM",
="",51763,,,,,121,="",="2/4/2026 4:56:56.398705895 PM",
="",51775,,,,,195,="",="2/4/2026 4:56:56.402868340 PM",
="",51781,,,,,121,="",="2/4/2026 4:56:56.404547930 PM",
="",51784,,,,,105,="",="2/4/2026 4:56:56.405973675 PM",
="",51789,,,,,109,="",="2/4/2026 4:56:56.406501070 PM",
="",51795,,,,,195,="",="2/4/2026 4:56:56.414798370 PM",
="",51814,,,,,195,="",="2/4/2026 4:56:56.431290480 PM",
="",51824,,,,,105,="",="2/4/2026 4:56:56.435749480 PM",
="",51826,,,,,105,="",="2/4/2026 4:56:56.436446645 PM",
="",51829,,,,,117,="",="2/4/2026 4:56:56.438317345 PM",
="",51830,,,,,105,="",="2/4/2026 4:56:56.438568450 PM",
="",51839,,,,,109,="",="2/4/2026 4:56:56.442109265 PM",
="",51859,,,,,117,="",="2/4/2026 4:56:56.452866745 PM",
="",51862,,,,,562,="",="2/4/2026 4:56:56.454702825 PM",
="",51863,,,,,105,="",="2/4/2026 4:56:56.458823535 PM",
="",51872,,,,,109,="",="2/4/2026 4:56:56.460421485 PM",
="",51879,,,,,121,="",="2/4/2026 4:56:56.461804300 PM",
="",51893,,,,,121,="",="2/4/2026 4:56:56.472432805 PM",
="",51901,,,,,105,="",="2/4/2026 4:56:56.475197320 PM",
="",51905,,,,,105,="",="2/4/2026 4:56:56.484552365 PM",
="",51908,,,,,105,="",="2/4/2026 4:56:56.484944050 PM",
="",51923,,,,,117,="",="2/4/2026 4:56:56.488243870 PM",
="",51931,,,,,109,="",="2/4/2026 4:56:56.489454590 PM",
="",51937,,,,,109,="",="2/4/2026 4:56:56.493180015 PM",
="",51942,,,,,117,="",="2/4/2026 4:56:56.500412465 PM",
="",51947,,,,,229,="",="2/4/2026 4:56:56.502454330 PM",
="",51951,,,,,229,="",="2/4/2026 4:56:56.503000720 PM",
="",51953,,,,,109,="",="2/4/2026 4:56:56.504190965 PM",
="",51964,,,,,117,="",="2/4/2026 4:56:56.507355840 PM",
="",51969,,,,,117,="",="2/4/2026 4:56:56.509500765 PM",
="",51973,,,,,117,="",="2/4/2026 4:56:56.510848655 PM",
="",51975,,,,,105,="",="2/4/2026 4:56:56.511075940 PM",
="",51993,,,,,121,="",="2/4/2026 4:56:56.528991250 PM",
="",51996,,,,,117,="",="2/4/2026 4:56:56.531161635 PM",
="",52009,,,,,121,="",="2/4/2026 4:56:56.535417520 PM",
="",52021,,,,,123,="",="2/4/2026 4:56:56.540404450 PM",
="",52023,,,,,105,="",="2/4/2026 4:56:56.544435670 PM",
="",52030,,,,,105,="",="2/4/2026 4:56:56.547143315 PM",
="",52035,,,,,117,="",="2/4/2026 4:56:56.549714640 PM",
="",52037,,,,,105,="",="2/4/2026 4:56:56.551714940 PM",
="",52038,,,,,117,="",="2/4/2026 4:56:56.552020715 PM",
="",52039,,,,,105,="",="2/4/2026 4:56:56.552106105 PM",
="",52043,,,,,103,="",="2/4/2026 4:56:56.553807485 PM",
="",52045,,,,,117,="",="2/4/2026 4:56:56.554120145 PM",
="",52053,,,,,105,="",="2/4/2026 4:56:56.558551150 PM",
="",52056,,,,,229,="",="2/4/2026 4:56:56.559141905 PM",
="",52058,,,,,229,="",="2/4/2026 4:56:56.559942610 PM",
="",52060,,,,,229,="",="2/4/2026 4:56:56.560343195 PM",
="",52061,,,,,195,="",="2/4/2026 4:56:56.564423640 PM",
="",52063,,,,,105,="",="2/4/2026 4:56:56.573334075 PM",
="",52068,,,,,117,="",="2/4/2026 4:56:56.573846065 PM",
="",52071,,,,,105,="",="2/4/2026 4:56:56.575676050 PM",
="",52078,,,,,105,="",="2/4/2026 4:56:56.586890835 PM",
="",52083,,,,,109,="",="2/4/2026 4:56:56.588945940 PM",
="",52085,,,,,105,="",="2/4/2026 4:56:56.589117085 PM",
="",52088,,,,,229,="",="2/4/2026 4:56:56.589452950 PM",
="",52096,,,,,113,="",="2/4/2026 4:56:56.603615750 PM",
="",52101,,,,,109,="",="2/4/2026 4:56:56.606005555 PM",
="",52104,,,,,117,="",="2/4/2026 4:56:56.606914380 PM",
="",52115,,,,,109,="",="2/4/2026 4:56:56.610326795 PM",
="",52122,,,,,121,="",="2/4/2026 4:56:56.612719310 PM",
="",52127,,,,,109,="",="2/4/2026 4:56:56.613336255 PM",
="",52130,,,,,105,="",="2/4/2026 4:56:56.613633245 PM",
="",52135,,,,,119,="",="2/4/2026 4:56:56.616364650 PM",
="",52139,,,,,117,="",="2/4/2026 4:56:56.616517975 PM",
="",52144,,,,,105,="",="2/4/2026 4:56:56.619947750 PM",
="",52149,,,,,109,="",="2/4/2026 4:56:56.621131215 PM",
="",52151,,,,,117,="",="2/4/2026 4:56:56.621394845 PM",
="",52153,,,,,195,="",="2/4/2026 4:56:56.622743565 PM",
="",52170,,,,,105,="",="2/4/2026 4:56:56.631165430 PM",
="",52174,,,,,229,="",="2/4/2026 4:56:56.634016650 PM",
="",52176,,,,,195,="",="2/4/2026 4:56:56.634485775 PM",
="",52178,,,,,195,="",="2/4/2026 4:56:56.634546265 PM",
="",52196,,,,,109,="",="2/4/2026 4:56:56.639588270 PM",
="",52200,,,,,229,="",="2/4/2026 4:56:56.641874480 PM",
="",52211,,,,,105,="",="2/4/2026 4:56:56.645251135 PM",
="",52213,,,,,195,="",="2/4/2026 4:56:56.645665240 PM",
="",52224,,,,,105,="",="2/4/2026 4:56:56.651226945 PM",
="",52230,,,,,117,="",="2/4/2026 4:56:56.653254105 PM",
="",52234,,,,,117,="",="2/4/2026 4:56:56.653997545 PM",
="",52242,,,,,109,="",="2/4/2026 4:56:56.655962520 PM",
="",52253,,,,,121,="",="2/4/2026 4:56:56.659439645 PM",
="",52256,,,,,105,="",="2/4/2026 4:56:56.659939415 PM",
="",52258,,,,,109,="",="2/4/2026 4:56:56.660422380 PM",
="",52260,,,,,105,="",="2/4/2026 4:56:56.660656675 PM",
="",52265,,,,,117,="",="2/4/2026 4:56:56.663128820 PM",
="",52270,,,,,229,="",="2/4/2026 4:56:56.664260530 PM",
="",52290,,,,,109,="",="2/4/2026 4:56:56.671011670 PM",
="",52294,,,,,121,="",="2/4/2026 4:56:56.673915475 PM",
="",52304,,,,,105,="",="2/4/2026 4:56:56.677494720 PM",
="",52307,,,,,105,="",="2/4/2026 4:56:56.677952435 PM",
="",52314,,,,,308,="",="2/4/2026 4:56:56.678956910 PM",
="",52322,,,,,109,="",="2/4/2026 4:56:56.681598760 PM",
="",52345,,,,,109,="",="2/4/2026 4:56:56.690093980 PM",
="",52356,,,,,109,="",="2/4/2026 4:56:56.695041770 PM",
="",52361,,,,,195,="",="2/4/2026 4:56:56.695593870 PM",
="",52377,,,,,109,="",="2/4/2026 4:56:56.702755820 PM",
="",52395,,,,,229,="",="2/4/2026 4:56:56.720408995 PM",
="",52408,,,,,195,="",="2/4/2026 4:56:56.726649495 PM",
="",52417,,,,,109,="",="2/4/2026 4:56:56.730463635 PM",
="",52425,,,,,117,="",="2/4/2026 4:56:56.736284140 PM",
="",52430,,,,,105,="",="2/4/2026 4:56:56.736866975 PM",
="",52431,,,,,105,="",="2/4/2026 4:56:56.737033090 PM",
="",52436,,,,,109,="",="2/4/2026 4:56:56.737940515 PM",
="",52438,,,,,195,="",="2/4/2026 4:56:56.738220235 PM",
="",52439,,,,,195,="",="2/4/2026 4:56:56.738269480 PM",
="",52440,,,,,195,="",="2/4/2026 4:56:56.738282725 PM",
="",52443,,,,,109,="",="2/4/2026 4:56:56.738629080 PM",
="",52454,,,,,105,="",="2/4/2026 4:56:56.741265045 PM",
="",52456,,,,,229,="",="2/4/2026 4:56:56.741367325 PM",
="",52460,,,,,109,="",="2/4/2026 4:56:56.744417175 PM",
="",52463,,,,,105,="",="2/4/2026 4:56:56.744981550 PM",
="",52469,,,,,105,="",="2/4/2026 4:56:56.748675655 PM",
="",52474,,,,,117,="",="2/4/2026 4:56:56.749669840 PM",
="",52478,,,,,121,="",="2/4/2026 4:56:56.750289570 PM",
="",52484,,,,,105,="",="2/4/2026 4:56:56.754892330 PM",
="",52487,,,,,121,="",="2/4/2026 4:56:56.755401500 PM",
="",52489,,,,,109,="",="2/4/2026 4:56:56.755684470 PM",
="",52491,,,,,117,="",="2/4/2026 4:56:56.755983780 PM",
="",52496,,,,,195,="",="2/4/2026 4:56:56.759691690 PM",
="",52505,,,,,195,="",="2/4/2026 4:56:56.764591985 PM",
="",52514,,,,,105,="",="2/4/2026 4:56:56.774365925 PM",
="",52521,,,,,117,="",="2/4/2026 4:56:56.776131180 PM",
="",52522,,,,,109,="",="2/4/2026 4:56:56.777201220 PM",
="",52541,,,,,109,="",="2/4/2026 4:56:56.787242610 PM",
="",52550,,,,,105,="",="2/4/2026 4:56:56.792031715 PM",
="",52561,,,,,117,="",="2/4/2026 4:56:56.796857245 PM",
="",52569,,,,,117,="",="2/4/2026 4:56:56.805046350 PM",
="",52588,,,,,105,="",="2/4/2026 4:56:56.815329380 PM",
="",52596,,,,,103,="",="2/4/2026 4:56:56.818307780 PM",
="",52610,,,,,121,="",="2/4/2026 4:56:56.823066965 PM",
="",52624,,,,,105,="",="2/4/2026 4:56:56.828745335 PM",
="",52639,,,,,117,="",="2/4/2026 4:56:56.831620300 PM",
="",52641,,,,,117,="",="2/4/2026 4:56:56.831985725 PM",
="",52645,,,,,105,="",="2/4/2026 4:56:56.833686470 PM",
="",52652,,,,,121,="",="2/4/2026 4:56:56.834954235 PM",
="",52661,,,,,117,="",="2/4/2026 4:56:56.839152395 PM",
="",52665,,,,,229,="",="2/4/2026 4:56:56.839609810 PM",
="",52666,,,,,229,="",="2/4/2026 4:56:56.840136175 PM",
="",52673,,,,,229,="",="2/4/2026 4:56:56.842663160 PM",
="",52675,,,,,229,="",="2/4/2026 4:56:56.843463850 PM",
="",52686,,,,,229,="",="2/4/2026 4:56:56.846033130 PM",
="",52688,,,,,105,="",="2/4/2026 4:56:56.846391925 PM",
="",52691,,,,,229,="",="2/4/2026 4:56:56.847252545 PM",
="",52692,,,,,229,="",="2/4/2026 4:56:56.847461230 PM",
="",52693,,,,,229,="",="2/4/2026 4:56:56.847633920 PM",
="",52694,,,,,229,="",="2/4/2026 4:56:56.847806605 PM",
="",52710,,,,,229,="",="2/4/2026 4:56:56.854217655 PM",
="",52713,,,,,474,="",="2/4/2026 4:56:56.854633220 PM",
="",52724,,,,,105,="",="2/4/2026 4:56:56.860861420 PM",
="",52727,,,,,229,="",="2/4/2026 4:56:56.863530005 PM",
="",52737,,,,,103,="",="2/4/2026 4:56:56.865715760 PM",
="",52744,,,,,123,="",="2/4/2026 4:56:56.867908260 PM",
="",52749,,,,,117,="",="2/4/2026 4:56:56.870619385 PM",
="",52776,,,,,103,="",="2/4/2026 4:56:56.884550645 PM",
="",52781,,,,,121,="",="2/4/2026 4:56:56.885800295 PM",
="",52796,,,,,109,="",="2/4/2026 4:56:56.889269665 PM",
="",52800,,,,,109,="",="2/4/2026 4:56:56.891023440 PM",
="",52802,,,,,109,="",="2/4/2026 4:56:56.891529970 PM",
="",52812,,,,,105,="",="2/4/2026 4:56:56.894371985 PM",
="",52863,,,,,117,="",="2/4/2026 4:56:56.932657210 PM",
="",52868,,,,,117,="",="2/4/2026 4:56:56.936229740 PM",
="",52870,,,,,117,="",="2/4/2026 4:56:56.936441150 PM",
="",52875,,,,,117,="",="2/4/2026 4:56:56.938815940 PM",
="",52876,,,,,121,="",="2/4/2026 4:56:56.939004170 PM",
="",52880,,,,,383,="",="2/4/2026 4:56:56.940189485 PM",
="",52882,,,,,105,="",="2/4/2026 4:56:56.941086320 PM",
="",52899,,,,,229,="",="2/4/2026 4:56:56.950921130 PM",
="",52903,,,,,109,="",="2/4/2026 4:56:56.951945140 PM",
="",52909,,,,,229,="",="2/4/2026 4:56:56.954481125 PM",
="",52911,,,,,109,="",="2/4/2026 4:56:56.954741615 PM",
="",52916,,,,,117,="",="2/4/2026 4:56:56.957713770 PM",
="",52917,,,,,420,="",="2/4/2026 4:56:56.958522255 PM",
="",52918,,,,,105,="",="2/4/2026 4:56:56.959074020 PM",
="",52920,,,,,229,="",="2/4/2026 4:56:56.959173555 PM",
="",52924,,,,,103,="",="2/4/2026 4:56:56.960707490 PM",
="",52928,,,,,229,="",="2/4/2026 4:56:56.966722430 PM",
="",52929,,,,,214,="",="2/4/2026 4:56:56.966932120 PM",
="",52930,,,,,229,="",="2/4/2026 4:56:56.966947470 PM",
="",52932,,,,,109,="",="2/4/2026 4:56:56.969025490 PM",
="",52941,,,,,117,="",="2/4/2026 4:56:56.973585425 PM",
="",52944,,,,,117,="",="2/4/2026 4:56:56.974386600 PM",
="",52951,,,,,109,="",="2/4/2026 4:56:56.975506025 PM",
="",52959,,,,,109,="",="2/4/2026 4:56:56.979293725 PM",
="",52968,,,,,117,="",="2/4/2026 4:56:56.986755080 PM",
="",52986,,,,,105,="",="2/4/2026 4:56:56.996852915 PM",
="",52996,,,,,117,="",="2/4/2026 4:56:56.998450130 PM",
="",52998,,,,,117,="",="2/4/2026 4:56:56.998793090 PM",
="",53006,,,,,117,="",="2/4/2026 4:56:57.000652655 PM",
="",53008,,,,,109,="",="2/4/2026 4:56:57.001537475 PM",
="",53021,,,,,109,="",="2/4/2026 4:56:57.008993380 PM",
="",53039,,,,,117,="",="2/4/2026 4:56:57.012964705 PM",
="",53042,,,,,229,="",="2/4/2026 4:56:57.013712725 PM",
="",53045,,,,,109,="",="2/4/2026 4:56:57.015681250 PM",
="",53049,,,,,103,="",="2/4/2026 4:56:57.016350865 PM",
="",53051,,,,,103,="",="2/4/2026 4:56:57.018850075 PM",
="",53055,,,,,109,="",="2/4/2026 4:56:57.027523105 PM",
="",53059,,,,,121,="",="2/4/2026 4:56:57.029916845 PM",
="",53062,,,,,105,="",="2/4/2026 4:56:57.030252980 PM",
="",53082,,,,,229,="",="2/4/2026 4:56:57.035417160 PM",
="",53084,,,,,105,="",="2/4/2026 4:56:57.035800330 PM",
="",53086,,,,,117,="",="2/4/2026 4:56:57.036030535 PM",
="",53087,,,,,117,="",="2/4/2026 4:56:57.036083170 PM",
="",53090,,,,,229,="",="2/4/2026 4:56:57.039218590 PM",
="",53098,,,,,109,="",="2/4/2026 4:56:57.054074480 PM",
="",53102,,,,,117,="",="2/4/2026 4:56:57.059184480 PM",
="",53103,,,,,117,="",="2/4/2026 4:56:57.059977690 PM",
="",53106,,,,,229,="",="2/4/2026 4:56:57.060775365 PM",
="",53114,,,,,117,="",="2/4/2026 4:56:57.064410780 PM",
="",53116,,,,,117,="",="2/4/2026 4:56:57.066066145 PM",
="",53119,,,,,109,="",="2/4/2026 4:56:57.067656655 PM",
="",53141,,,,,117,="",="2/4/2026 4:56:57.080613650 PM",
="",53150,,,,,229,="",="2/4/2026 4:56:57.086587275 PM",
="",53153,,,,,121,="",="2/4/2026 4:56:57.088164060 PM",
="",53155,,,,,308,="",="2/4/2026 4:56:57.088571255 PM",
="",53164,,,,,99,="",="2/4/2026 4:56:57.098656280 PM",
="",53166,,,,,105,="",="2/4/2026 4:56:57.099554640 PM",
="",53173,,,,,103,="",="2/4/2026 4:56:57.100537695 PM",
="",53181,,,,,109,="",="2/4/2026 4:56:57.102024005 PM",
="",53188,,,,,103,="",="2/4/2026 4:56:57.103432095 PM",
="",53211,,,,,109,="",="2/4/2026 4:56:57.130421945 PM",
="",53217,,,,,109,="",="2/4/2026 4:56:57.132279325 PM",
="",53223,,,,,117,="",="2/4/2026 4:56:57.133729320 PM",
="",53245,,,,,105,="",="2/4/2026 4:56:57.147627905 PM",
="",53257,,,,,109,="",="2/4/2026 4:56:57.159086525 PM",
="",53262,,,,,474,="",="2/4/2026 4:56:57.160133265 PM",
="",53265,,,,,195,="",="2/4/2026 4:56:57.164265080 PM",
="",53267,,,,,420,="",="2/4/2026 4:56:57.164503455 PM",
="",53268,,,,,404,="",="2/4/2026 4:56:57.165319465 PM",
="",53289,,,,,109,="",="2/4/2026 4:56:57.180996580 PM",
="",53291,,,,,117,="",="2/4/2026 4:56:57.181744690 PM",
="",53292,,,,,117,="",="2/4/2026 4:56:57.182013570 PM",
="",53306,,,,,117,="",="2/4/2026 4:56:57.188988145 PM",
="",53309,,,,,308,="",="2/4/2026 4:56:57.190954245 PM",
="",53328,,,,,105,="",="2/4/2026 4:56:57.201826520 PM",
="",53331,,,,,105,="",="2/4/2026 4:56:57.202358265 PM",
="",53371,,,,,103,="",="2/4/2026 4:56:57.227188595 PM",
="",53391,,,,,383,="",="2/4/2026 4:56:57.247390875 PM",
="",53393,,,,,103,="",="2/4/2026 4:56:57.249218095 PM",
="",53398,,,,,109,="",="2/4/2026 4:56:57.251818230 PM",
="",53403,,,,,105,="",="2/4/2026 4:56:57.254146995 PM",
="",53410,,,,,109,="",="2/4/2026 4:56:57.257078260 PM",
="",53414,,,,,103,="",="2/4/2026 4:56:57.257491665 PM",
="",53424,,,,,195,="",="2/4/2026 4:56:57.266107035 PM",
="",53434,,,,,117,="",="2/4/2026 4:56:57.270470995 PM",
="",53445,,,,,117,="",="2/4/2026 4:56:57.272762675 PM",
="",53447,,,,,109,="",="2/4/2026 4:56:57.274088515 PM",
="",53451,,,,,103,="",="2/4/2026 4:56:57.275710815 PM",
="",53460,,,,,117,="",="2/4/2026 4:56:57.282077625 PM",
="",53464,,,,,121,="",="2/4/2026 4:56:57.283636640 PM",
="",53486,,,,,109,="",="2/4/2026 4:56:57.296227565 PM",
="",53496,,,,,105,="",="2/4/2026 4:56:57.303921845 PM",
="",53513,,,,,105,="",="2/4/2026 4:56:57.307818935 PM",
="",53523,,,,,103,="",="2/4/2026 4:56:57.309028770 PM",
="",53530,,,,,103,="",="2/4/2026 4:56:57.312379725 PM",
="",53535,,,,,109,="",="2/4/2026 4:56:57.314340270 PM",
="",53555,,,,,121,="",="2/4/2026 4:56:57.336476925 PM",
="",53569,,,,,109,="",="2/4/2026 4:56:57.339585320 PM",
="",53570,,,,,117,="",="2/4/2026 4:56:57.339634885 PM",
="",53587,,,,,383,="",="2/4/2026 4:56:57.349790375 PM",
="",53592,,,,,117,="",="2/4/2026 4:56:57.352571795 PM",
="",53593,,,,,117,="",="2/4/2026 4:56:57.352611395 PM",
="",53596,,,,,109,="",="2/4/2026 4:56:57.353351810 PM",
="",53599,,,,,109,="",="2/4/2026 4:56:57.354262625 PM",
="",53606,,,,,229,="",="2/4/2026 4:56:57.356502640 PM",
="",53607,,,,,229,="",="2/4/2026 4:56:57.356571605 PM",
="",53608,,,,,229,="",="2/4/2026 4:56:57.356614770 PM",
="",53609,,,,,229,="",="2/4/2026 4:56:57.356787455 PM",
="",53612,,,,,105,="",="2/4/2026 4:56:57.357100480 PM",
="",53625,,,,,229,="",="2/4/2026 4:56:57.361293695 PM",
="",53631,,,,,103,="",="2/4/2026 4:56:57.362653265 PM",
="",53633,,,,,117,="",="2/4/2026 4:56:57.363465820 PM",
="",53644,,,,,117,="",="2/4/2026 4:56:57.370463565 PM",
="",53652,,,,,105,="",="2/4/2026 4:56:57.372370480 PM",
="",53666,,,,,229,="",="2/4/2026 4:56:57.375921145 PM",
="",53668,,,,,229,="",="2/4/2026 4:56:57.376723810 PM",
="",53669,,,,,229,="",="2/4/2026 4:56:57.376932495 PM",
="",53670,,,,,229,="",="2/4/2026 4:56:57.377105185 PM",
="",53698,,,,,229,="",="2/4/2026 4:56:57.384894775 PM",
="",53702,,,,,229,="",="2/4/2026 4:56:57.386362775 PM",
="",53703,,,,,229,="",="2/4/2026 4:56:57.386571460 PM",
="",53715,,,,,229,="",="2/4/2026 4:56:57.390914545 PM",
="",53716,,,,,229,="",="2/4/2026 4:56:57.391124235 PM",
="",53718,,,,,105,="",="2/4/2026 4:56:57.391438230 PM",
="",53725,,,,,229,="",="2/4/2026 4:56:57.395106325 PM",
="",53726,,,,,229,="",="2/4/2026 4:56:57.395316015 PM",
="",53727,,,,,229,="",="2/4/2026 4:56:57.395488700 PM",
="",53730,,,,,105,="",="2/4/2026 4:56:57.395837540 PM",
="",53735,,,,,103,="",="2/4/2026 4:56:57.398188830 PM",
="",53754,,,,,229,="",="2/4/2026 4:56:57.403388815 PM",
="",53755,,,,,229,="",="2/4/2026 4:56:57.403598505 PM",
="",53767,,,,,109,="",="2/4/2026 4:56:57.406509910 PM",
="",53770,,,,,117,="",="2/4/2026 4:56:57.407430415 PM",
="",53772,,,,,229,="",="2/4/2026 4:56:57.407886145 PM",
="",53774,,,,,105,="",="2/4/2026 4:56:57.408244180 PM",
="",53784,,,,,109,="",="2/4/2026 4:56:57.409959990 PM",
="",53801,,,,,105,="",="2/4/2026 4:56:57.413048910 PM",
="",53805,,,,,109,="",="2/4/2026 4:56:57.414602800 PM",
="",53806,,,,,229,="",="2/4/2026 4:56:57.415053565 PM",
="",53809,,,,,117,="",="2/4/2026 4:56:57.415670930 PM",
="",53816,,,,,105,="",="2/4/2026 4:56:57.419157565 PM",
="",53833,,,,,105,="",="2/4/2026 4:56:57.425256115 PM",
="",53840,,,,,109,="",="2/4/2026 4:56:57.428984590 PM",
="",53851,,,,,109,="",="2/4/2026 4:56:57.432922720 PM",
="",53854,,,,,105,="",="2/4/2026 4:56:57.433336355 PM",
="",53867,,,,,105,="",="2/4/2026 4:56:57.438531875 PM",
="",53874,,,,,229,="",="2/4/2026 4:56:57.440044740 PM",
="",53878,,,,,105,="",="2/4/2026 4:56:57.441314005 PM",
="",53880,,,,,105,="",="2/4/2026 4:56:57.441742690 PM",
="",53884,,,,,105,="",="2/4/2026 4:56:57.442326705 PM",
="",53895,,,,,229,="",="2/4/2026 4:56:57.445864090 PM",
="",53900,,,,,229,="",="2/4/2026 4:56:57.447987530 PM",
="",53901,,,,,229,="",="2/4/2026 4:56:57.448197220 PM",
="",53902,,,,,229,="",="2/4/2026 4:56:57.448370910 PM",
="",53906,,,,,229,="",="2/4/2026 4:56:57.449532140 PM",
="",53910,,,,,121,="",="2/4/2026 4:56:57.450561805 PM",
="",53916,,,,,117,="",="2/4/2026 4:56:57.452373490 PM",
="",53925,,,,,229,="",="2/4/2026 4:56:57.456557340 PM",
="",53926,,,,,229,="",="2/4/2026 4:56:57.456767030 PM",
="",53931,,,,,229,="",="2/4/2026 4:56:57.457588695 PM",
="",53932,,,,,229,="",="2/4/2026 4:56:57.457798385 PM",
="",53933,,,,,229,="",="2/4/2026 4:56:57.457972075 PM",
="",53946,,,,,109,="",="2/4/2026 4:56:57.461428905 PM",
="",53956,,,,,109,="",="2/4/2026 4:56:57.463077235 PM",
="",53960,,,,,109,="",="2/4/2026 4:56:57.464206860 PM",
="",53969,,,,,103,="",="2/4/2026 4:56:57.479124990 PM",
="",53973,,,,,229,="",="2/4/2026 4:56:57.480998165 PM",
="",53974,,,,,229,="",="2/4/2026 4:56:57.481207855 PM",
="",53975,,,,,229,="",="2/4/2026 4:56:57.481381545 PM",
="",53976,,,,,229,="",="2/4/2026 4:56:57.481554230 PM",
="",53977,,,,,229,="",="2/4/2026 4:56:57.481726920 PM",
="",53984,,,,,109,="",="2/4/2026 4:56:57.484806880 PM",
="",53986,,,,,109,="",="2/4/2026 4:56:57.485421910 PM",
="",53990,,,,,229,="",="2/4/2026 4:56:57.486202770 PM",
="",53998,,,,,229,="",="2/4/2026 4:56:57.487654795 PM",
="",54000,,,,,229,="",="2/4/2026 4:56:57.487864485 PM",
="",54001,,,,,229,="",="2/4/2026 4:56:57.488037170 PM",
="",54009,,,,,229,="",="2/4/2026 4:56:57.489835055 PM",
="",54016,,,,,121,="",="2/4/2026 4:56:57.491747845 PM",
="",54022,,,,,229,="",="2/4/2026 4:56:57.493252750 PM",
="",54023,,,,,229,="",="2/4/2026 4:56:57.493461435 PM",
="",54032,,,,,229,="",="2/4/2026 4:56:57.497618925 PM",
="",54033,,,,,229,="",="2/4/2026 4:56:57.497827610 PM",
="",54034,,,,,229,="",="2/4/2026 4:56:57.498000300 PM",
="",54035,,,,,229,="",="2/4/2026 4:56:57.498172985 PM",
="",54039,,,,,105,="",="2/4/2026 4:56:57.502890535 PM",
="",54048,,,,,229,="",="2/4/2026 4:56:57.504962775 PM",
="",54049,,,,,229,="",="2/4/2026 4:56:57.505110965 PM",
="",54052,,,,,105,="",="2/4/2026 4:56:57.508536395 PM",
="",54073,,,,,109,="",="2/4/2026 4:56:57.512212095 PM",
="",54122,,,,,229,="",="2/4/2026 4:56:57.552138420 PM",
="",54123,,,,,229,="",="2/4/2026 4:56:57.552348110 PM",
="",54125,,,,,229,="",="2/4/2026 4:56:57.552593895 PM",
="",54127,,,,,229,="",="2/4/2026 4:56:57.552876305 PM",
="",54128,,,,,229,="",="2/4/2026 4:56:57.553085995 PM",
="",54129,,,,,229,="",="2/4/2026 4:56:57.553259685 PM",
="",54132,,,,,117,="",="2/4/2026 4:56:57.554596985 PM",
="",54136,,,,,229,="",="2/4/2026 4:56:57.555787550 PM",
="",54145,,,,,105,="",="2/4/2026 4:56:57.558445585 PM",
="",54157,,,,,121,="",="2/4/2026 4:56:57.563466605 PM",
="",54161,,,,,109,="",="2/4/2026 4:56:57.563914515 PM",
="",54165,,,,,229,="",="2/4/2026 4:56:57.564206820 PM",
="",54166,,,,,229,="",="2/4/2026 4:56:57.564306370 PM",
="",54170,,,,,117,="",="2/4/2026 4:56:57.565170755 PM",
="",54178,,,,,229,="",="2/4/2026 4:56:57.568034450 PM",
="",54179,,,,,1643,="",="2/4/2026 4:56:57.568243135 PM",
="",54181,,,,,109,="",="2/4/2026 4:56:57.568613840 PM",
="",54185,,,,,195,="",="2/4/2026 4:56:57.573341240 PM",
="",54199,,,,,117,="",="2/4/2026 4:56:57.580253960 PM",
="",54205,,,,,117,="",="2/4/2026 4:56:57.587041700 PM",
="",54207,,,,,109,="",="2/4/2026 4:56:57.591142335 PM",
="",54212,,,,,121,="",="2/4/2026 4:56:57.593211635 PM",
="",54217,,,,,109,="",="2/4/2026 4:56:57.594758170 PM",
="",54221,,,,,109,="",="2/4/2026 4:56:57.595445535 PM",
="",54229,,,,,109,="",="2/4/2026 4:56:57.598964530 PM",
="",54239,,,,,117,="",="2/4/2026 4:56:57.601325810 PM",
="",54243,,,,,103,="",="2/4/2026 4:56:57.603593100 PM",
="",54245,,,,,103,="",="2/4/2026 4:56:57.603803440 PM",
="",54259,,,,,229,="",="2/4/2026 4:56:57.610100970 PM",
="",54260,,,,,229,="",="2/4/2026 4:56:57.610236305 PM",
="",54262,,,,,105,="",="2/4/2026 4:56:57.610966870 PM",
="",54264,,,,,109,="",="2/4/2026 4:56:57.611095205 PM",
="",54266,,,,,105,="",="2/4/2026 4:56:57.611283870 PM",
="",54268,,,,,105,="",="2/4/2026 4:56:57.611663755 PM",
="",54283,,,,,229,="",="2/4/2026 4:56:57.614627460 PM",
="",54284,,,,,229,="",="2/4/2026 4:56:57.614836145 PM",
="",54285,,,,,229,="",="2/4/2026 4:56:57.615008835 PM",
="",54286,,,,,229,="",="2/4/2026 4:56:57.615181520 PM",
="",54293,,,,,121,="",="2/4/2026 4:56:57.615660900 PM",
="",54295,,,,,117,="",="2/4/2026 4:56:57.617228765 PM",
="",54297,,,,,103,="",="2/4/2026 4:56:57.617929160 PM",
="",54299,,,,,109,="",="2/4/2026 4:56:57.618599700 PM",
="",54303,,,,,229,="",="2/4/2026 4:56:57.619173070 PM",
="",54304,,,,,229,="",="2/4/2026 4:56:57.619381755 PM",
="",54305,,,,,229,="",="2/4/2026 4:56:57.619554445 PM",
="",54307,,,,,117,="",="2/4/2026 4:56:57.619768300 PM",
="",54311,,,,,117,="",="2/4/2026 4:56:57.621209895 PM",
="",54314,,,,,121,="",="2/4/2026 4:56:57.623807530 PM",
="",54316,,,,,195,="",="2/4/2026 4:56:57.624251010 PM",
="",54339,,,,,195,="",="2/4/2026 4:56:57.632048610 PM",
="",54348,,,,,109,="",="2/4/2026 4:56:57.638166005 PM",
="",54355,,,,,117,="",="2/4/2026 4:56:57.640964770 PM",
="",54357,,,,,195,="",="2/4/2026 4:56:57.642717810 PM",
="",54361,,,,,109,="",="2/4/2026 4:56:57.644270660 PM",
="",54386,,,,,121,="",="2/4/2026 4:56:57.669423985 PM",
="",54390,,,,,109,="",="2/4/2026 4:56:57.670679535 PM",
="",54400,,,,,109,="",="2/4/2026 4:56:57.679068950 PM",
="",54405,,,,,195,="",="2/4/2026 4:56:57.679787485 PM",
="",54419,,,,,195,="",="2/4/2026 4:56:57.691668595 PM",
="",54420,,,,,195,="",="2/4/2026 4:56:57.691716840 PM",
="",54423,,,,,117,="",="2/4/2026 4:56:57.692934160 PM",
="",54427,,,,,229,="",="2/4/2026 4:56:57.693570150 PM",
="",54428,,,,,229,="",="2/4/2026 4:56:57.693779840 PM",
="",54433,,,,,109,="",="2/4/2026 4:56:57.695214025 PM",
="",54451,,,,,121,="",="2/4/2026 4:56:57.709029780 PM",
="",54458,,,,,103,="",="2/4/2026 4:56:57.710860460 PM",
="",54464,,,,,117,="",="2/4/2026 4:56:57.712650965 PM",
="",54469,,,,,105,="",="2/4/2026 4:56:57.713615925 PM",
="",54472,,,,,117,="",="2/4/2026 4:56:57.713991535 PM",
="",54479,,,,,103,="",="2/4/2026 4:56:57.714908940 PM",
="",54487,,,,,195,="",="2/4/2026 4:56:57.719079810 PM",
="",54491,,,,,117,="",="2/4/2026 4:56:57.720680470 PM",
="",54501,,,,,117,="",="2/4/2026 4:56:57.725566230 PM",
="",54510,,,,,195,="",="2/4/2026 4:56:57.731223905 PM",
="",54523,,,,,109,="",="2/4/2026 4:56:57.734443365 PM",
="",54526,,,,,105,="",="2/4/2026 4:56:57.735258980 PM",
="",54531,,,,,103,="",="2/4/2026 4:56:57.736131895 PM",
="",54541,,,,,109,="",="2/4/2026 4:56:57.740591090 PM",
="",54553,,,,,109,="",="2/4/2026 4:56:57.746192990 PM",
="",54560,,,,,117,="",="2/4/2026 4:56:57.748357085 PM",
="",54565,,,,,109,="",="2/4/2026 4:56:57.750278005 PM",
="",54575,,,,,105,="",="2/4/2026 4:56:57.752782405 PM",
="",54579,,,,,109,="",="2/4/2026 4:56:57.753561970 PM",
="",54586,,,,,109,="",="2/4/2026 4:56:57.755791860 PM",
="",54597,,,,,105,="",="2/4/2026 4:56:57.758483935 PM",
="",54599,,,,,229,="",="2/4/2026 4:56:57.758750605 PM",
="",54600,,,,,229,="",="2/4/2026 4:56:57.758836080 PM",
="",54608,,,,,229,="",="2/4/2026 4:56:57.760273185 PM",
="",54609,,,,,229,="",="2/4/2026 4:56:57.760481870 PM",
="",54643,,,,,121,="",="2/4/2026 4:56:57.772073120 PM",
="",54645,,,,,105,="",="2/4/2026 4:56:57.772263145 PM",
="",54646,,,,,109,="",="2/4/2026 4:56:57.772518635 PM",
="",54650,,,,,123,="",="2/4/2026 4:56:57.773008905 PM",
="",54656,,,,,121,="",="2/4/2026 4:56:57.773828845 PM",
="",54658,,,,,105,="",="2/4/2026 4:56:57.773984265 PM",
="",54661,,,,,105,="",="2/4/2026 4:56:57.779683440 PM",
="",54663,,,,,117,="",="2/4/2026 4:56:57.779832315 PM",
="",54679,,,,,109,="",="2/4/2026 4:56:57.785066575 PM",
="",54690,,,,,117,="",="2/4/2026 4:56:57.790439005 PM",
="",54692,,,,,117,="",="2/4/2026 4:56:57.790905315 PM",
="",54707,,,,,117,="",="2/4/2026 4:56:57.795783000 PM",
="",54713,,,,,109,="",="2/4/2026 4:56:57.797613795 PM",
="",54715,,,,,109,="",="2/4/2026 4:56:57.798248065 PM",
="",54736,,,,,117,="",="2/4/2026 4:56:57.806893580 PM",
="",54748,,,,,109,="",="2/4/2026 4:56:57.811183930 PM",
="",54750,,,,,117,="",="2/4/2026 4:56:57.811394055 PM",
="",54752,,,,,121,="",="2/4/2026 4:56:57.812134365 PM",
="",54757,,,,,105,="",="2/4/2026 4:56:57.813091035 PM",
="",54768,,,,,103,="",="2/4/2026 4:56:57.816622100 PM",
="",54775,,,,,109,="",="2/4/2026 4:56:57.818011740 PM",
="",54779,,,,,103,="",="2/4/2026 4:56:57.818992050 PM",
="",54781,,,,,105,="",="2/4/2026 4:56:57.819218185 PM",
="",54782,,,,,105,="",="2/4/2026 4:56:57.819497705 PM",
="",54785,,,,,109,="",="2/4/2026 4:56:57.820041055 PM",
="",54815,,,,,121,="",="2/4/2026 4:56:57.827450180 PM",
="",54822,,,,,229,="",="2/4/2026 4:56:57.828659525 PM",
="",54832,,,,,105,="",="2/4/2026 4:56:57.833007010 PM",
="",54845,,,,,117,="",="2/4/2026 4:56:57.837455715 PM",
="",54855,,,,,103,="",="2/4/2026 4:56:57.839592430 PM",
="",54868,,,,,109,="",="2/4/2026 4:56:57.843435770 PM",
="",54881,,,,,109,="",="2/4/2026 4:56:57.849580160 PM",
="",54907,,,,,109,="",="2/4/2026 4:56:57.870703880 PM",
="",54908,,,,,109,="",="2/4/2026 4:56:57.870933130 PM",
="",54909,,,,,109,="",="2/4/2026 4:56:57.871163100 PM",
="",54910,,,,,109,="",="2/4/2026 4:56:57.871635605 PM",
="",54911,,,,,885,="",="2/4/2026 4:56:57.871777185 PM",
="",54913,,,,,105,="",="2/4/2026 4:56:57.872110500 PM",
="",54917,,,,,117,="",="2/4/2026 4:56:57.873064855 PM",
="",54928,,,,,121,="",="2/4/2026 4:56:57.875982155 PM",
="",54942,,,,,109,="",="2/4/2026 4:56:57.883270400 PM",
="",54949,,,,,109,="",="2/4/2026 4:56:57.890098035 PM",
="",54958,,,,,105,="",="2/4/2026 4:56:57.895200755 PM",
="",54961,,,,,195,="",="2/4/2026 4:56:57.896647440 PM",
="",54972,,,,,109,="",="2/4/2026 4:56:57.898736155 PM",
="",54974,,,,,109,="",="2/4/2026 4:56:57.898967645 PM",
="",54992,,,,,109,="",="2/4/2026 4:56:57.914152415 PM",
="",54996,,,,,109,="",="2/4/2026 4:56:57.915866000 PM",
="",55006,,,,,109,="",="2/4/2026 4:56:57.919265265 PM",
="",55007,,,,,117,="",="2/4/2026 4:56:57.919313630 PM",
="",55018,,,,,105,="",="2/4/2026 4:56:57.924737215 PM",
="",55024,,,,,229,="",="2/4/2026 4:56:57.929153080 PM",
="",55025,,,,,229,="",="2/4/2026 4:56:57.929361765 PM",
="",55027,,,,,229,="",="2/4/2026 4:56:57.929435080 PM",
="",55029,,,,,229,="",="2/4/2026 4:56:57.930065255 PM",
="",55030,,,,,229,="",="2/4/2026 4:56:57.930273940 PM",
="",55031,,,,,229,="",="2/4/2026 4:56:57.930446630 PM",
="",55048,,,,,105,="",="2/4/2026 4:56:57.939700600 PM",
="",55065,,,,,195,="",="2/4/2026 4:56:57.953031595 PM",
="",55071,,,,,105,="",="2/4/2026 4:56:57.954888955 PM",
="",55083,,,,,117,="",="2/4/2026 4:56:57.961813295 PM",
="",55086,,,,,121,="",="2/4/2026 4:56:57.967017170 PM",
="",55091,,,,,109,="",="2/4/2026 4:56:57.971097155 PM",
="",55102,,,,,109,="",="2/4/2026 4:56:57.979330110 PM",
="",55105,,,,,121,="",="2/4/2026 4:56:57.983625885 PM",
="",55114,,,,,109,="",="2/4/2026 4:56:57.990775435 PM",
="",55126,,,,,109,="",="2/4/2026 4:56:58.000700245 PM",
="",55133,,,,,109,="",="2/4/2026 4:56:58.002885240 PM",
="",55143,,,,,117,="",="2/4/2026 4:56:58.009174175 PM",
="",55157,,,,,121,="",="2/4/2026 4:56:58.012198835 PM",
="",55170,,,,,103,="",="2/4/2026 4:56:58.014752040 PM",
="",55187,,,,,105,="",="2/4/2026 4:56:58.020742630 PM",
="",55194,,,,,117,="",="2/4/2026 4:56:58.021737755 PM",
="",55205,,,,,109,="",="2/4/2026 4:56:58.033729360 PM",
="",55214,,,,,121,="",="2/4/2026 4:56:58.039481990 PM",
="",55219,,,,,229,="",="2/4/2026 4:56:58.041303335 PM",
="",55229,,,,,109,="",="2/4/2026 4:56:58.052529190 PM",
="",55235,,,,,109,="",="2/4/2026 4:56:58.055483020 PM",
="",55245,,,,,229,="",="2/4/2026 4:56:58.058565065 PM",
="",55246,,,,,229,="",="2/4/2026 4:56:58.058774755 PM",
="",55263,,,,,109,="",="2/4/2026 4:56:58.068751235 PM",
="",55272,,,,,105,="",="2/4/2026 4:56:58.071242220 PM",
="",55279,,,,,109,="",="2/4/2026 4:56:58.072294300 PM",
="",55294,,,,,410,="",="2/4/2026 4:56:58.084115445 PM",
="",55295,,,,,420,="",="2/4/2026 4:56:58.084988450 PM",
="",55322,,,,,105,="",="2/4/2026 4:56:58.121509105 PM",
="",55325,,,,,109,="",="2/4/2026 4:56:58.121992405 PM",
="",55329,,,,,121,="",="2/4/2026 4:56:58.122753670 PM",
="",55332,,,,,105,="",="2/4/2026 4:56:58.123083765 PM",
="",55335,,,,,229,="",="2/4/2026 4:56:58.123345655 PM",
="",55342,,,,,117,="",="2/4/2026 4:56:58.124254825 PM",
="",55343,,,,,109,="",="2/4/2026 4:56:58.124670645 PM",
="",55352,,,,,103,="",="2/4/2026 4:56:58.126339995 PM",
="",55381,,,,,105,="",="2/4/2026 4:56:58.142270720 PM",
="",55399,,,,,105,="",="2/4/2026 4:56:58.154943905 PM",
="",55401,,,,,105,="",="2/4/2026 4:56:58.155342805 PM",
="",55403,,,,,109,="",="2/4/2026 4:56:58.155546645 PM",
="",55405,,,,,109,="",="2/4/2026 4:56:58.156682730 PM",
="",55408,,,,,109,="",="2/4/2026 4:56:58.157097495 PM",
="",55417,,,,,117,="",="2/4/2026 4:56:58.162945135 PM",
="",55422,,,,,383,="",="2/4/2026 4:56:58.168993470 PM",
="",55441,,,,,229,="",="2/4/2026 4:56:58.174306980 PM",
="",55446,,,,,229,="",="2/4/2026 4:56:58.176692600 PM",
="",55447,,,,,229,="",="2/4/2026 4:56:58.176901285 PM",
="",55451,,,,,229,="",="2/4/2026 4:56:58.177495785 PM",
="",55466,,,,,117,="",="2/4/2026 4:56:58.189820320 PM",
="",55502,,,,,117,="",="2/4/2026 4:56:58.201370375 PM",
="",55506,,,,,109,="",="2/4/2026 4:56:58.202096285 PM",
="",55513,,,,,109,="",="2/4/2026 4:56:58.203051570 PM",
="",55523,,,,,117,="",="2/4/2026 4:56:58.205691580 PM",
="",55525,,,,,109,="",="2/4/2026 4:56:58.205994905 PM",
="",55534,,,,,109,="",="2/4/2026 4:56:58.208571625 PM",
="",55547,,,,,117,="",="2/4/2026 4:56:58.213509955 PM",
="",55552,,,,,308,="",="2/4/2026 4:56:58.214967300 PM",
="",55558,,,,,117,="",="2/4/2026 4:56:58.219158670 PM",
="",55575,,,,,105,="",="2/4/2026 4:56:58.225740930 PM",
="",55579,,,,,105,="",="2/4/2026 4:56:58.226393840 PM",
="",55589,,,,,117,="",="2/4/2026 4:56:58.228479230 PM",
="",55593,,,,,115,="",="2/4/2026 4:56:58.233267095 PM",
="",55596,,,,,229,="",="2/4/2026 4:56:58.235871900 PM",
="",55610,,,,,109,="",="2/4/2026 4:56:58.243784615 PM",
="",55628,,,,,121,="",="2/4/2026 4:56:58.256186765 PM",
="",55632,,,,,117,="",="2/4/2026 4:56:58.256883615 PM",
="",55663,,,,,117,="",="2/4/2026 4:56:58.272858355 PM",
="",55666,,,,,117,="",="2/4/2026 4:56:58.279149880 PM",
="",55667,,,,,105,="",="2/4/2026 4:56:58.280333715 PM",
="",55670,,,,,105,="",="2/4/2026 4:56:58.280836565 PM",
="",55680,,,,,109,="",="2/4/2026 4:56:58.284798185 PM",
="",55684,,,,,103,="",="2/4/2026 4:56:58.286616680 PM",
="",55685,,,,,117,="",="2/4/2026 4:56:58.289180365 PM",
="",55704,,,,,103,="",="2/4/2026 4:56:58.310284015 PM",
="",55731,,,,,109,="",="2/4/2026 4:56:58.327772520 PM",
="",55733,,,,,105,="",="2/4/2026 4:56:58.327961225 PM",
="",55735,,,,,229,="",="2/4/2026 4:56:58.328411360 PM",
="",55736,,,,,229,="",="2/4/2026 4:56:58.328620045 PM",
="",55737,,,,,229,="",="2/4/2026 4:56:58.328792735 PM",
="",55741,,,,,121,="",="2/4/2026 4:56:58.329078925 PM",
="",55753,,,,,123,="",="2/4/2026 4:56:58.333159725 PM",
="",55759,,,,,117,="",="2/4/2026 4:56:58.334774945 PM",
="",55763,,,,,117,="",="2/4/2026 4:56:58.336156385 PM",
="",55767,,,,,117,="",="2/4/2026 4:56:58.339171050 PM",
="",55777,,,,,105,="",="2/4/2026 4:56:58.344799350 PM",
="",55786,,,,,117,="",="2/4/2026 4:56:58.348540710 PM",
="",55790,,,,,1643,="",="2/4/2026 4:56:58.348952550 PM",
="",55792,,,,,117,="",="2/4/2026 4:56:58.352034410 PM",
="",55800,,,,,109,="",="2/4/2026 4:56:58.353186215 PM",
="",55827,,,,,105,="",="2/4/2026 4:56:58.365907940 PM",
="",55851,,,,,109,="",="2/4/2026 4:56:58.377033065 PM",
="",55862,,,,,121,="",="2/4/2026 4:56:58.379723380 PM",
="",55870,,,,,105,="",="2/4/2026 4:56:58.380636355 PM",
="",55881,,,,,117,="",="2/4/2026 4:56:58.384266795 PM",
="",55887,,,,,109,="",="2/4/2026 4:56:58.386789250 PM",
="",55892,,,,,121,="",="2/4/2026 4:56:58.388936820 PM",
="",55895,,,,,229,="",="2/4/2026 4:56:58.393132075 PM",
="",55898,,,,,105,="",="2/4/2026 4:56:58.396343015 PM",
="",55901,,,,,220,="",="2/4/2026 4:56:58.396703135 PM",
="",55906,,,,,121,="",="2/4/2026 4:56:58.398165300 PM",
="",55908,,,,,117,="",="2/4/2026 4:56:58.398467625 PM",
="",55909,,,,,109,="",="2/4/2026 4:56:58.398782685 PM",
="",55955,,,,,105,="",="2/4/2026 4:56:58.414034340 PM",
="",55957,,,,,109,="",="2/4/2026 4:56:58.414491945 PM",
="",55963,,,,,229,="",="2/4/2026 4:56:58.416572075 PM",
="",55964,,,,,229,="",="2/4/2026 4:56:58.416781765 PM",
="",55965,,,,,229,="",="2/4/2026 4:56:58.416955455 PM",
="",55968,,,,,229,="",="2/4/2026 4:56:58.417656210 PM",
="",55969,,,,,229,="",="2/4/2026 4:56:58.417864895 PM",
="",55971,,,,,229,="",="2/4/2026 4:56:58.418113365 PM",
="",55972,,,,,229,="",="2/4/2026 4:56:58.418322050 PM",
="",55975,,,,,229,="",="2/4/2026 4:56:58.418857170 PM",
="",55976,,,,,229,="",="2/4/2026 4:56:58.419066860 PM",
="",55982,,,,,229,="",="2/4/2026 4:56:58.420257770 PM",
="",55983,,,,,229,="",="2/4/2026 4:56:58.420466455 PM",
="",55985,,,,,103,="",="2/4/2026 4:56:58.421057860 PM",
="",55987,,,,,229,="",="2/4/2026 4:56:58.421172075 PM",
="",55989,,,,,105,="",="2/4/2026 4:56:58.421389695 PM",
="",55996,,,,,229,="",="2/4/2026 4:56:58.423527535 PM",
="",55997,,,,,229,="",="2/4/2026 4:56:58.423736220 PM",
="",55998,,,,,229,="",="2/4/2026 4:56:58.423908910 PM",
="",55999,,,,,229,="",="2/4/2026 4:56:58.424081595 PM",
="",56001,,,,,229,="",="2/4/2026 4:56:58.423804240 PM",
="",56004,,,,,121,="",="2/4/2026 4:56:58.424419315 PM",
="",56024,,,,,229,="",="2/4/2026 4:56:58.430172305 PM",
="",56026,,,,,105,="",="2/4/2026 4:56:58.430373950 PM",
="",56056,,,,,109,="",="2/4/2026 4:56:58.458944415 PM",
="",56062,,,,,105,="",="2/4/2026 4:56:58.460989740 PM",
="",56068,,,,,117,="",="2/4/2026 4:56:58.462525785 PM",
="",56088,,,,,109,="",="2/4/2026 4:56:58.471807930 PM",
="",56094,,,,,105,="",="2/4/2026 4:56:58.480505710 PM",
="",56097,,,,,117,="",="2/4/2026 4:56:58.481084190 PM",
="",56100,,,,,229,="",="2/4/2026 4:56:58.481881865 PM",
="",56112,,,,,109,="",="2/4/2026 4:56:58.488698165 PM",
="",56114,,,,,109,="",="2/4/2026 4:56:58.489627515 PM",
="",56127,,,,,105,="",="2/4/2026 4:56:58.497467615 PM",
="",56132,,,,,105,="",="2/4/2026 4:56:58.502429630 PM",
="",56144,,,,,109,="",="2/4/2026 4:56:58.519090225 PM",
="",56150,,,,,229,="",="2/4/2026 4:56:58.520472415 PM",
="",56158,,,,,117,="",="2/4/2026 4:56:58.523075230 PM",
="",56176,,,,,105,="",="2/4/2026 4:56:58.533463000 PM",
="",56192,,,,,229,="",="2/4/2026 4:56:58.538696150 PM",
="",56193,,,,,229,="",="2/4/2026 4:56:58.538782625 PM",
="",56195,,,,,105,="",="2/4/2026 4:56:58.539176690 PM",
="",56204,,,,,109,="",="2/4/2026 4:56:58.541121510 PM",
="",56206,,,,,117,="",="2/4/2026 4:56:58.541419520 PM",
="",56211,,,,,117,="",="2/4/2026 4:56:58.542235405 PM",
="",56212,,,,,105,="",="2/4/2026 4:56:58.543091605 PM",
="",56219,,,,,229,="",="2/4/2026 4:56:58.546346520 PM",
="",56220,,,,,229,="",="2/4/2026 4:56:58.546556210 PM",
="",56221,,,,,229,="",="2/4/2026 4:56:58.546729900 PM",
="",56222,,,,,229,="",="2/4/2026 4:56:58.546902585 PM",
="",56224,,,,,117,="",="2/4/2026 4:56:58.547439665 PM",
="",56230,,,,,105,="",="2/4/2026 4:56:58.549958110 PM",
="",56236,,,,,229,="",="2/4/2026 4:56:58.551355195 PM",
="",56249,,,,,229,="",="2/4/2026 4:56:58.554395030 PM",
="",56256,,,,,105,="",="2/4/2026 4:56:58.556510065 PM",
="",56257,,,,,109,="",="2/4/2026 4:56:58.556788715 PM",
="",56261,,,,,121,="",="2/4/2026 4:56:58.557317130 PM",
="",56263,,,,,109,="",="2/4/2026 4:56:58.557704865 PM",
="",56271,,,,,117,="",="2/4/2026 4:56:58.559084110 PM",
="",56292,,,,,121,="",="2/4/2026 4:56:58.568595465 PM",
="",56298,,,,,105,="",="2/4/2026 4:56:58.571943300 PM",
="",56300,,,,,109,="",="2/4/2026 4:56:58.572357035 PM",
="",56302,,,,,105,="",="2/4/2026 4:56:58.572479005 PM",
="",56305,,,,,117,="",="2/4/2026 4:56:58.573479095 PM",
="",56315,,,,,105,="",="2/4/2026 4:56:58.577370030 PM",
="",56338,,,,,109,="",="2/4/2026 4:56:58.586560505 PM",
="",56343,,,,,121,="",="2/4/2026 4:56:58.589061425 PM",
="",56361,,,,,109,="",="2/4/2026 4:56:58.601136700 PM",
="",56371,,,,,117,="",="2/4/2026 4:56:58.605964705 PM",
="",56373,,,,,109,="",="2/4/2026 4:56:58.606418625 PM",
="",56384,,,,,103,="",="2/4/2026 4:56:58.609877770 PM",
="",56404,,,,,195,="",="2/4/2026 4:56:58.618788765 PM",
="",56428,,,,,105,="",="2/4/2026 4:56:58.627047875 PM",
="",56436,,,,,117,="",="2/4/2026 4:56:58.628470235 PM",
="",56442,,,,,105,="",="2/4/2026 4:56:58.630511075 PM",
="",56450,,,,,117,="",="2/4/2026 4:56:58.632435050 PM",
="",56453,,,,,103,="",="2/4/2026 4:56:58.633521890 PM",
="",56454,,,,,117,="",="2/4/2026 4:56:58.633590605 PM",
="",56462,,,,,105,="",="2/4/2026 4:56:58.634933400 PM",
="",56476,,,,,109,="",="2/4/2026 4:56:58.642413290 PM",
="",56486,,,,,105,="",="2/4/2026 4:56:58.646889900 PM",
="",56492,,,,,117,="",="2/4/2026 4:56:58.650358065 PM",
="",56502,,,,,109,="",="2/4/2026 4:56:58.652363150 PM",
="",56507,,,,,103,="",="2/4/2026 4:56:58.654175445 PM",
="",56514,,,,,105,="",="2/4/2026 4:56:58.656387900 PM",
="",56537,,,,,103,="",="2/4/2026 4:56:58.669071495 PM",
="",56546,,,,,105,="",="2/4/2026 4:56:58.672306275 PM",
="",56550,,,,,117,="",="2/4/2026 4:56:58.673042155 PM",
="",56561,,,,,109,="",="2/4/2026 4:56:58.678628205 PM",
="",56567,,,,,117,="",="2/4/2026 4:56:58.680062400 PM",
="",56571,,,,,109,="",="2/4/2026 4:56:58.681063250 PM",
="",56581,,,,,109,="",="2/4/2026 4:56:58.684245425 PM",
="",56583,,,,,109,="",="2/4/2026 4:56:58.684460235 PM",
="",56589,,,,,109,="",="2/4/2026 4:56:58.686103270 PM",
="",56592,,,,,117,="",="2/4/2026 4:56:58.687135295 PM",
="",56602,,,,,109,="",="2/4/2026 4:56:58.691047980 PM",
="",56610,,,,,109,="",="2/4/2026 4:56:58.696355065 PM",
="",56611,,,,,117,="",="2/4/2026 4:56:58.697033580 PM",
="",56612,,,,,117,="",="2/4/2026 4:56:58.697315820 PM",
="",56613,,,,,117,="",="2/4/2026 4:56:58.698236395 PM",
="",56614,,,,,117,="",="2/4/2026 4:56:58.698507235 PM",
="",56615,,,,,117,="",="2/4/2026 4:56:58.699133890 PM",
="",56616,,,,,410,="",="2/4/2026 4:56:58.699498390 PM",
="",56621,,,,,420,="",="2/4/2026 4:56:58.701096430 PM",
="",56634,,,,,105,="",="2/4/2026 4:56:58.706374625 PM",
="",56637,,,,,117,="",="2/4/2026 4:56:58.707061955 PM",
="",56652,,,,,105,="",="2/4/2026 4:56:58.715142870 PM",
="",56658,,,,,229,="",="2/4/2026 4:56:58.719641860 PM",
="",56659,,,,,229,="",="2/4/2026 4:56:58.719850545 PM",
="",56660,,,,,229,="",="2/4/2026 4:56:58.720023235 PM",
="",56661,,,,,229,="",="2/4/2026 4:56:58.720195920 PM",
="",56668,,,,,109,="",="2/4/2026 4:56:58.723217655 PM",
="",56671,,,,,109,="",="2/4/2026 4:56:58.723674315 PM",
="",56673,,,,,121,="",="2/4/2026 4:56:58.723840100 PM",
="",56711,,,,,105,="",="2/4/2026 4:56:58.735916205 PM",
="",56718,,,,,109,="",="2/4/2026 4:56:58.737551985 PM",
="",56722,,,,,229,="",="2/4/2026 4:56:58.737841085 PM",
="",56724,,,,,109,="",="2/4/2026 4:56:58.738152385 PM",
="",56726,,,,,105,="",="2/4/2026 4:56:58.738299075 PM",
="",56740,,,,,109,="",="2/4/2026 4:56:58.741906105 PM",
="",56744,,,,,109,="",="2/4/2026 4:56:58.742827455 PM",
="",56759,,,,,109,="",="2/4/2026 4:56:58.745965400 PM",
="",56760,,,,,117,="",="2/4/2026 4:56:58.746012260 PM",
="",56763,,,,,117,="",="2/4/2026 4:56:58.747698555 PM",
="",56780,,,,,121,="",="2/4/2026 4:56:58.752771305 PM",
="",56782,,,,,117,="",="2/4/2026 4:56:58.753649005 PM",
="",56788,,,,,121,="",="2/4/2026 4:56:58.757300835 PM",
="",56805,,,,,117,="",="2/4/2026 4:56:58.763577165 PM",
="",56810,,,,,105,="",="2/4/2026 4:56:58.773685980 PM",
="",56820,,,,,117,="",="2/4/2026 4:56:58.775872080 PM",
="",56823,,,,,229,="",="2/4/2026 4:56:58.776232075 PM",
="",56824,,,,,229,="",="2/4/2026 4:56:58.776441765 PM",
="",56825,,,,,229,="",="2/4/2026 4:56:58.776615455 PM",
="",56826,,,,,229,="",="2/4/2026 4:56:58.776788140 PM",
="",56829,,,,,105,="",="2/4/2026 4:56:58.778421105 PM",
="",56834,,,,,229,="",="2/4/2026 4:56:58.779164735 PM",
="",56853,,,,,109,="",="2/4/2026 4:56:58.787364955 PM",
="",56868,,,,,117,="",="2/4/2026 4:56:58.792168000 PM",
="",56875,,,,,109,="",="2/4/2026 4:56:58.793992115 PM",
="",56883,,,,,105,="",="2/4/2026 4:56:58.794963550 PM",
="",56893,,,,,117,="",="2/4/2026 4:56:58.796844870 PM",
="",56894,,,,,117,="",="2/4/2026 4:56:58.797190285 PM",
="",56895,,,,,109,="",="2/4/2026 4:56:58.797365245 PM",
="",56897,,,,,105,="",="2/4/2026 4:56:58.797969250 PM",
="",56902,,,,,99,="",="2/4/2026 4:56:58.800324425 PM",
="",56918,,,,,195,="",="2/4/2026 4:56:58.808423085 PM",
="",56921,,,,,103,="",="2/4/2026 4:56:58.809245540 PM",
="",56942,,,,,103,="",="2/4/2026 4:56:58.817547950 PM",
="",56954,,,,,103,="",="2/4/2026 4:56:58.825968780 PM",
="",56965,,,,,117,="",="2/4/2026 4:56:58.836398300 PM",
="",56986,,,,,105,="",="2/4/2026 4:56:58.847665655 PM",
="",56998,,,,,109,="",="2/4/2026 4:56:58.850786570 PM",
="",57000,,,,,105,="",="2/4/2026 4:56:58.850975035 PM",
="",57002,,,,,109,="",="2/4/2026 4:56:58.851422400 PM",
="",57004,,,,,105,="",="2/4/2026 4:56:58.851607425 PM",
="",57005,,,,,121,="",="2/4/2026 4:56:58.851798150 PM",
="",57018,,,,,195,="",="2/4/2026 4:56:58.855591815 PM",
="",57025,,,,,121,="",="2/4/2026 4:56:58.857130880 PM",
="",57029,,,,,117,="",="2/4/2026 4:56:58.857985485 PM",
="",57031,,,,,117,="",="2/4/2026 4:56:58.858205455 PM",
="",57033,,,,,121,="",="2/4/2026 4:56:58.858386205 PM",
="",57037,,,,,109,="",="2/4/2026 4:56:58.860009890 PM",
="",57044,,,,,117,="",="2/4/2026 4:56:58.862096635 PM",
="",57058,,,,,229,="",="2/4/2026 4:56:58.865180605 PM",
="",57065,,,,,121,="",="2/4/2026 4:56:58.869071100 PM",
="",57072,,,,,117,="",="2/4/2026 4:56:58.870664365 PM",
="",57076,,,,,103,="",="2/4/2026 4:56:58.872584750 PM",
="",57083,,,,,117,="",="2/4/2026 4:56:58.882607170 PM",
="",57085,,,,,121,="",="2/4/2026 4:56:58.883183285 PM",
="",57100,,,,,105,="",="2/4/2026 4:56:58.890870815 PM",
="",57118,,,,,229,="",="2/4/2026 4:56:58.896194530 PM",
="",57119,,,,,229,="",="2/4/2026 4:56:58.896281005 PM",
="",57120,,,,,229,="",="2/4/2026 4:56:58.896453690 PM",
="",57129,,,,,229,="",="2/4/2026 4:56:58.899785530 PM",
="",57133,,,,,121,="",="2/4/2026 4:56:58.900379415 PM",
="",57136,,,,,474,="",="2/4/2026 4:56:58.900944115 PM",
="",57150,,,,,103,="",="2/4/2026 4:56:58.910194770 PM",
="",57151,,,,,117,="",="2/4/2026 4:56:58.910242485 PM",
="",57157,,,,,195,="",="2/4/2026 4:56:58.912423885 PM",
="",57159,,,,,195,="",="2/4/2026 4:56:58.912667295 PM",
="",57172,,,,,229,="",="2/4/2026 4:56:58.920858850 PM",
="",57178,,,,,117,="",="2/4/2026 4:56:58.921526415 PM",
="",57182,,,,,117,="",="2/4/2026 4:56:58.921698180 PM",
="",57184,,,,,109,="",="2/4/2026 4:56:58.922800515 PM",
="",57189,,,,,229,="",="2/4/2026 4:56:58.924347610 PM",
="",57202,,,,,109,="",="2/4/2026 4:56:58.938408185 PM",
="",57216,,,,,105,="",="2/4/2026 4:56:58.943636670 PM",
="",57221,,,,,117,="",="2/4/2026 4:56:58.944313320 PM",
="",57235,,,,,229,="",="2/4/2026 4:56:58.945956275 PM",
="",57237,,,,,105,="",="2/4/2026 4:56:58.946345915 PM",
="",57244,,,,,105,="",="2/4/2026 4:56:58.948098250 PM",
="",57247,,,,,117,="",="2/4/2026 4:56:58.948211750 PM",
="",57265,,,,,117,="",="2/4/2026 4:56:58.970324665 PM",
="",57268,,,,,195,="",="2/4/2026 4:56:58.971657865 PM",
="",57275,,,,,109,="",="2/4/2026 4:56:58.973042200 PM",
="",57279,,,,,229,="",="2/4/2026 4:56:58.974046365 PM",
="",57282,,,,,105,="",="2/4/2026 4:56:58.974890835 PM",
="",57288,,,,,195,="",="2/4/2026 4:56:58.976809810 PM",
="",57293,,,,,103,="",="2/4/2026 4:56:58.977895680 PM",
="",57302,,,,,103,="",="2/4/2026 4:56:58.989413475 PM",
="",57305,,,,,121,="",="2/4/2026 4:56:58.989612570 PM",
="",57306,,,,,117,="",="2/4/2026 4:56:58.989661985 PM",
="",57307,,,,,121,="",="2/4/2026 4:56:58.990244040 PM",
="",57309,,,,,105,="",="2/4/2026 4:56:58.990475170 PM",
="",57315,,,,,105,="",="2/4/2026 4:56:58.991304715 PM",
="",57324,,,,,109,="",="2/4/2026 4:56:58.992385415 PM",
="",57338,,,,,109,="",="2/4/2026 4:56:58.999249265 PM",
="",57347,,,,,117,="",="2/4/2026 4:56:59.002552320 PM",
="",57352,,,,,109,="",="2/4/2026 4:56:59.005443565 PM",
="",57356,,,,,420,="",="2/4/2026 4:56:59.008276575 PM",
="",57357,,,,,404,="",="2/4/2026 4:56:59.009081745 PM",
="",57358,,,,,397,="",="2/4/2026 4:56:59.009867125 PM",
="",57359,,,,,105,="",="2/4/2026 4:56:59.010325715 PM",
="",57366,,,,,109,="",="2/4/2026 4:56:59.016081285 PM",
="",57370,,,,,229,="",="2/4/2026 4:56:59.016928560 PM",
="",57371,,,,,229,="",="2/4/2026 4:56:59.017138250 PM",
="",57373,,,,,229,="",="2/4/2026 4:56:59.017376635 PM",
="",57376,,,,,121,="",="2/4/2026 4:56:59.018896405 PM",
="",57386,,,,,103,="",="2/4/2026 4:56:59.027874975 PM",
="",57390,,,,,195,="",="2/4/2026 4:56:59.029449925 PM",
="",57394,,,,,117,="",="2/4/2026 4:56:59.029947080 PM",
="",57397,,,,,105,="",="2/4/2026 4:56:59.032297665 PM",
="",57401,,,,,105,="",="2/4/2026 4:56:59.032844810 PM",
="",57402,,,,,195,="",="2/4/2026 4:56:59.033032890 PM",
="",57417,,,,,117,="",="2/4/2026 4:56:59.039811545 PM",
="",57421,,,,,121,="",="2/4/2026 4:56:59.041117110 PM",
="",57423,,,,,105,="",="2/4/2026 4:56:59.041309695 PM",
="",57440,,,,,105,="",="2/4/2026 4:56:59.044767935 PM",
="",57442,,,,,229,="",="2/4/2026 4:56:59.044863730 PM",
="",57466,,,,,103,="",="2/4/2026 4:56:59.063666150 PM",
="",57475,,,,,103,="",="2/4/2026 4:56:59.069042785 PM",
="",57479,,,,,121,="",="2/4/2026 4:56:59.070747190 PM",
="",57485,,,,,109,="",="2/4/2026 4:56:59.077009690 PM",
="",57487,,,,,229,="",="2/4/2026 4:56:59.083510730 PM",
="",57501,,,,,105,="",="2/4/2026 4:56:59.091310740 PM",
="",57507,,,,,117,="",="2/4/2026 4:56:59.091900360 PM",
="",57511,,,,,117,="",="2/4/2026 4:56:59.093617200 PM",
="",57514,,,,,105,="",="2/4/2026 4:56:59.094416805 PM",
="",57522,,,,,109,="",="2/4/2026 4:56:59.097937110 PM",
="",57539,,,,,109,="",="2/4/2026 4:56:59.101375990 PM",
="",57545,,,,,105,="",="2/4/2026 4:56:59.104748135 PM",
="",57550,,,,,420,="",="2/4/2026 4:56:59.109087145 PM",
="",57553,,,,,117,="",="2/4/2026 4:56:59.109886440 PM",
="",57554,,,,,105,="",="2/4/2026 4:56:59.110116730 PM",
="",57570,,,,,117,="",="2/4/2026 4:56:59.124653595 PM",
="",57582,,,,,109,="",="2/4/2026 4:56:59.129170635 PM",
="",57583,,,,,121,="",="2/4/2026 4:56:59.129337580 PM",
="",57587,,,,,105,="",="2/4/2026 4:56:59.130127350 PM",
="",57592,,,,,121,="",="2/4/2026 4:56:59.131233975 PM",
="",57600,,,,,105,="",="2/4/2026 4:56:59.137647070 PM",
="",57616,,,,,105,="",="2/4/2026 4:56:59.146796840 PM",
="",57619,,,,,105,="",="2/4/2026 4:56:59.147101055 PM",
="",57626,,,,,109,="",="2/4/2026 4:56:59.148658190 PM",
="",57647,,,,,105,="",="2/4/2026 4:56:59.160416270 PM",
="",57651,,,,,121,="",="2/4/2026 4:56:59.161389555 PM",
="",57655,,,,,105,="",="2/4/2026 4:56:59.176127890 PM",
="",57665,,,,,121,="",="2/4/2026 4:56:59.180857430 PM",
="",57669,,,,,121,="",="2/4/2026 4:56:59.181223980 PM",
="",57673,,,,,109,="",="2/4/2026 4:56:59.182143605 PM",
="",57686,,,,,117,="",="2/4/2026 4:56:59.189955690 PM",
="",57689,,,,,103,="",="2/4/2026 4:56:59.190429840 PM",
="",57704,,,,,121,="",="2/4/2026 4:56:59.194194500 PM",
="",57714,,,,,195,="",="2/4/2026 4:56:59.198922190 PM",
="",57734,,,,,109,="",="2/4/2026 4:56:59.217814535 PM",
="",57736,,,,,109,="",="2/4/2026 4:56:59.218931555 PM",
="",57737,,,,,117,="",="2/4/2026 4:56:59.218979980 PM",
="",57742,,,,,109,="",="2/4/2026 4:56:59.229275305 PM",
="",57743,,,,,103,="",="2/4/2026 4:56:59.229489940 PM",
="",57756,,,,,117,="",="2/4/2026 4:56:59.238930135 PM",
="",57757,,,,,117,="",="2/4/2026 4:56:59.238979585 PM",
="",57758,,,,,117,="",="2/4/2026 4:56:59.239382470 PM",
="",57763,,,,,105,="",="2/4/2026 4:56:59.240954570 PM",
="",57768,,,,,105,="",="2/4/2026 4:56:59.242599605 PM",
="",57769,,,,,105,="",="2/4/2026 4:56:59.242737425 PM",
="",57787,,,,,105,="",="2/4/2026 4:56:59.248336245 PM",
="",57792,,,,,117,="",="2/4/2026 4:56:59.249337290 PM",
="",57794,,,,,105,="",="2/4/2026 4:56:59.249597930 PM",
="",57797,,,,,105,="",="2/4/2026 4:56:59.250246680 PM",
="",57802,,,,,117,="",="2/4/2026 4:56:59.251459655 PM",
="",57807,,,,,105,="",="2/4/2026 4:56:59.252237305 PM",
="",57814,,,,,105,="",="2/4/2026 4:56:59.253275740 PM",
="",57821,,,,,117,="",="2/4/2026 4:56:59.254395770 PM",
="",57823,,,,,103,="",="2/4/2026 4:56:59.255252040 PM",
="",57828,,,,,105,="",="2/4/2026 4:56:59.256304760 PM",
="",57854,,,,,117,="",="2/4/2026 4:56:59.276035820 PM",
="",57862,,,,,109,="",="2/4/2026 4:56:59.291192290 PM",
="",57871,,,,,109,="",="2/4/2026 4:56:59.298320940 PM",
="",57876,,,,,109,="",="2/4/2026 4:56:59.299462020 PM",
="",57880,,,,,117,="",="2/4/2026 4:56:59.300588600 PM",
="",57882,,,,,105,="",="2/4/2026 4:56:59.300778030 PM",
="",57890,,,,,3229,="",="2/4/2026 4:56:59.302973330 PM",
="",57898,,,,,109,="",="2/4/2026 4:56:59.305105210 PM",
="",57907,,,,,109,="",="2/4/2026 4:56:59.308149675 PM",
="",57912,,,,,117,="",="2/4/2026 4:56:59.309778925 PM",
="",57916,,,,,229,="",="2/4/2026 4:56:59.316163070 PM",
="",57917,,,,,105,="",="2/4/2026 4:56:59.317825880 PM",
="",57922,,,,,117,="",="2/4/2026 4:56:59.320197470 PM",
="",57926,,,,,105,="",="2/4/2026 4:56:59.320845260 PM",
="",57928,,,,,109,="",="2/4/2026 4:56:59.321476365 PM",
="",57930,,,,,229,="",="2/4/2026 4:56:59.322107685 PM",
="",57933,,,,,103,="",="2/4/2026 4:56:59.323189150 PM",
="",57939,,,,,121,="",="2/4/2026 4:56:59.323977285 PM",
="",57947,,,,,109,="",="2/4/2026 4:56:59.326546680 PM",
="",57953,,,,,109,="",="2/4/2026 4:56:59.328645430 PM",
="",57955,,,,,195,="",="2/4/2026 4:56:59.329345805 PM",
="",57959,,,,,229,="",="2/4/2026 4:56:59.331358500 PM",
="",57970,,,,,117,="",="2/4/2026 4:56:59.335187035 PM",
="",57978,,,,,105,="",="2/4/2026 4:56:59.336944125 PM",
="",57979,,,,,195,="",="2/4/2026 4:56:59.337217635 PM",
="",58002,,,,,117,="",="2/4/2026 4:56:59.350446350 PM",
="",58006,,,,,103,="",="2/4/2026 4:56:59.350915925 PM",
="",58010,,,,,121,="",="2/4/2026 4:56:59.352643665 PM",
="",58012,,,,,105,="",="2/4/2026 4:56:59.353067590 PM",
="",58028,,,,,117,="",="2/4/2026 4:56:59.359688430 PM",
="",58031,,,,,117,="",="2/4/2026 4:56:59.360325825 PM",
="",58048,,,,,105,="",="2/4/2026 4:56:59.371248885 PM",
="",58051,,,,,229,="",="2/4/2026 4:56:59.373173315 PM",
="",58056,,,,,229,="",="2/4/2026 4:56:59.374394575 PM",
="",58063,,,,,117,="",="2/4/2026 4:56:59.377610900 PM",
="",58075,,,,,562,="",="2/4/2026 4:56:59.382594025 PM",
="",58081,,,,,121,="",="2/4/2026 4:56:59.387211265 PM",
="",58086,,,,,117,="",="2/4/2026 4:56:59.388914775 PM",
="",58101,,,,,105,="",="2/4/2026 4:56:59.394040180 PM",
="",58104,,,,,121,="",="2/4/2026 4:56:59.394628435 PM",
="",58109,,,,,121,="",="2/4/2026 4:56:59.396253390 PM",
="",58112,,,,,117,="",="2/4/2026 4:56:59.398546620 PM",
="",58114,,,,,105,="",="2/4/2026 4:56:59.398676115 PM",
="",58115,,,,,105,="",="2/4/2026 4:56:59.398813055 PM",
="",58126,,,,,105,="",="2/4/2026 4:56:59.401596290 PM",
="",58132,,,,,117,="",="2/4/2026 4:56:59.402092865 PM",
="",58134,,,,,105,="",="2/4/2026 4:56:59.402271935 PM",
="",58140,,,,,105,="",="2/4/2026 4:56:59.403438030 PM",
="",58145,,,,,109,="",="2/4/2026 4:56:59.404434605 PM",
="",58150,,,,,109,="",="2/4/2026 4:56:59.404627985 PM",
="",58155,,,,,103,="",="2/4/2026 4:56:59.406970680 PM",
="",58159,,,,,105,="",="2/4/2026 4:56:59.408090590 PM",
="",58167,,,,,105,="",="2/4/2026 4:56:59.409262485 PM",
="",58179,,,,,404,="",="2/4/2026 4:56:59.416949235 PM",
="",58181,,,,,117,="",="2/4/2026 4:56:59.418131620 PM",
="",58189,,,,,105,="",="2/4/2026 4:56:59.421616150 PM",
="",58200,,,,,103,="",="2/4/2026 4:56:59.423537115 PM",
="",58210,,,,,103,="",="2/4/2026 4:56:59.428770650 PM",
="",58212,,,,,229,="",="2/4/2026 4:56:59.429604675 PM",
="",58214,,,,,121,="",="2/4/2026 4:56:59.430572285 PM",
="",58218,,,,,121,="",="2/4/2026 4:56:59.432725785 PM",
="",58240,,,,,109,="",="2/4/2026 4:56:59.438770955 PM",
="",58249,,,,,117,="",="2/4/2026 4:56:59.441259305 PM",
="",58251,,,,,195,="",="2/4/2026 4:56:59.441721500 PM",
="",58256,,,,,117,="",="2/4/2026 4:56:59.442350670 PM",
="",58258,,,,,308,="",="2/4/2026 4:56:59.443798900 PM",
="",58265,,,,,229,="",="2/4/2026 4:56:59.447839025 PM",
="",58276,,,,,105,="",="2/4/2026 4:56:59.450187900 PM",
="",58282,,,,,105,="",="2/4/2026 4:56:59.451669155 PM",
="",58285,,,,,105,="",="2/4/2026 4:56:59.453022925 PM",
="",58292,,,,,105,="",="2/4/2026 4:56:59.454613105 PM",
="",58298,,,,,105,="",="2/4/2026 4:56:59.455400395 PM",
="",58301,,,,,117,="",="2/4/2026 4:56:59.456945755 PM",
="",58331,,,,,105,="",="2/4/2026 4:56:59.465661030 PM",
="",58342,,,,,121,="",="2/4/2026 4:56:59.482725780 PM",
="",58356,,,,,105,="",="2/4/2026 4:56:59.489683915 PM",
="",58364,,,,,109,="",="2/4/2026 4:56:59.491850705 PM",
="",58373,,,,,105,="",="2/4/2026 4:56:59.496475550 PM",
="",58376,,,,,117,="",="2/4/2026 4:56:59.497978685 PM",
="",58380,,,,,105,="",="2/4/2026 4:56:59.499359030 PM",
="",58381,,,,,117,="",="2/4/2026 4:56:59.499790005 PM",
="",58385,,,,,109,="",="2/4/2026 4:56:59.500642765 PM",
="",58389,,,,,121,="",="2/4/2026 4:56:59.501201555 PM",
="",58399,,,,,105,="",="2/4/2026 4:56:59.505248635 PM",
="",58400,,,,,117,="",="2/4/2026 4:56:59.505414635 PM",
="",58408,,,,,117,="",="2/4/2026 4:56:59.506542460 PM",
="",58413,,,,,105,="",="2/4/2026 4:56:59.507101495 PM",
="",58422,,,,,117,="",="2/4/2026 4:56:59.509983615 PM",
="",58428,,,,,117,="",="2/4/2026 4:56:59.511692805 PM",
="",58430,,,,,105,="",="2/4/2026 4:56:59.511881915 PM",
="",58432,,,,,105,="",="2/4/2026 4:56:59.512256120 PM",
="",58438,,,,,117,="",="2/4/2026 4:56:59.513518170 PM",
="",58447,,,,,404,="",="2/4/2026 4:56:59.520777815 PM",
="",58464,,,,,109,="",="2/4/2026 4:56:59.541652850 PM",
="",58471,,,,,308,="",="2/4/2026 4:56:59.546191825 PM",
="",58494,,,,,121,="",="2/4/2026 4:56:59.555621580 PM",
="",58502,,,,,105,="",="2/4/2026 4:56:59.556840090 PM",
="",58512,,,,,109,="",="2/4/2026 4:56:59.558867660 PM",
="",58519,,,,,195,="",="2/4/2026 4:56:59.560282335 PM",
="",58528,,,,,117,="",="2/4/2026 4:56:59.562764130 PM",
="",58533,,,,,121,="",="2/4/2026 4:56:59.568187295 PM",
="",58541,,,,,125,="",="2/4/2026 4:56:59.574421730 PM",
="",58546,,,,,105,="",="2/4/2026 4:56:59.576325165 PM",
="",58547,,,,,105,="",="2/4/2026 4:56:59.576505960 PM",
="",58550,,,,,117,="",="2/4/2026 4:56:59.576871955 PM",
="",58552,,,,,117,="",="2/4/2026 4:56:59.577153850 PM",
="",58560,,,,,103,="",="2/4/2026 4:56:59.589142620 PM",
="",58562,,,,,109,="",="2/4/2026 4:56:59.589305990 PM",
="",58564,,,,,123,="",="2/4/2026 4:56:59.590484200 PM",
="",58568,,,,,109,="",="2/4/2026 4:56:59.591563760 PM",
="",58592,,,,,109,="",="2/4/2026 4:56:59.609301195 PM",
="",58616,,,,,121,="",="2/4/2026 4:56:59.614473890 PM",
="",58632,,,,,117,="",="2/4/2026 4:56:59.627618090 PM",
="",58637,,,,,109,="",="2/4/2026 4:56:59.632094195 PM",
="",58643,,,,,103,="",="2/4/2026 4:56:59.634023150 PM",
="",58646,,,,,105,="",="2/4/2026 4:56:59.634899515 PM",
="",58648,,,,,117,="",="2/4/2026 4:56:59.635987440 PM",
="",58652,,,,,117,="",="2/4/2026 4:56:59.637000285 PM",
="",58663,,,,,109,="",="2/4/2026 4:56:59.644993310 PM",
="",58670,,,,,105,="",="2/4/2026 4:56:59.659415930 PM",
="",58680,,,,,109,="",="2/4/2026 4:56:59.660841300 PM",
="",58695,,,,,109,="",="2/4/2026 4:56:59.666802655 PM",
="",58738,,,,,194,="",="2/4/2026 4:56:59.700383565 PM",
="",58740,,,,,117,="",="2/4/2026 4:56:59.709685875 PM",
="",58744,,,,,105,="",="2/4/2026 4:56:59.711168325 PM",
="",58747,,,,,105,="",="2/4/2026 4:56:59.711973135 PM",
="",58752,,,,,109,="",="2/4/2026 4:56:59.714000640 PM",
="",58768,,,,,105,="",="2/4/2026 4:56:59.720122780 PM",
="",58776,,,,,397,="",="2/4/2026 4:56:59.725051465 PM",
="",58785,,,,,109,="",="2/4/2026 4:56:59.731489995 PM",
="",58787,,,,,109,="",="2/4/2026 4:56:59.732878820 PM",
="",58797,,,,,121,="",="2/4/2026 4:56:59.736803925 PM",
="",58806,,,,,103,="",="2/4/2026 4:56:59.738938485 PM",
="",58842,,,,,109,="",="2/4/2026 4:56:59.753531855 PM",
="",58847,,,,,105,="",="2/4/2026 4:56:59.755222110 PM",
="",58860,,,,,117,="",="2/4/2026 4:56:59.761435270 PM",
="",58863,,,,,109,="",="2/4/2026 4:56:59.762170735 PM",
="",58865,,,,,105,="",="2/4/2026 4:56:59.762358520 PM",
="",58882,,,,,117,="",="2/4/2026 4:56:59.765561380 PM",
="",58884,,,,,105,="",="2/4/2026 4:56:59.765750970 PM",
="",58897,,,,,105,="",="2/4/2026 4:56:59.768042530 PM",
="",58942,,,,,103,="",="2/4/2026 4:56:59.786453350 PM",
="",58944,,,,,109,="",="2/4/2026 4:56:59.787253590 PM",
="",58950,,,,,117,="",="2/4/2026 4:56:59.788711940 PM",
="",59005,,,,,109,="",="2/4/2026 4:56:59.807441430 PM",
="",59009,,,,,109,="",="2/4/2026 4:56:59.807789500 PM",
="",59025,,,,,117,="",="2/4/2026 4:56:59.811995930 PM",
="",59034,,,,,117,="",="2/4/2026 4:56:59.814107435 PM",
="",59051,,,,,229,="",="2/4/2026 4:56:59.818964540 PM",
="",59058,,,,,117,="",="2/4/2026 4:56:59.821238445 PM",
="",59061,,,,,103,="",="2/4/2026 4:56:59.823606750 PM",
="",59063,,,,,121,="",="2/4/2026 4:56:59.824408325 PM",
="",59064,,,,,105,="",="2/4/2026 4:56:59.827691010 PM",
="",59066,,,,,397,="",="2/4/2026 4:56:59.827893010 PM",
="",59085,,,,,117,="",="2/4/2026 4:56:59.833768225 PM",
="",59086,,,,,117,="",="2/4/2026 4:56:59.834047785 PM",
="",59091,,,,,109,="",="2/4/2026 4:56:59.835277425 PM",
="",59093,,,,,121,="",="2/4/2026 4:56:59.835731755 PM",
="",59102,,,,,117,="",="2/4/2026 4:56:59.838408880 PM",
="",59107,,,,,105,="",="2/4/2026 4:56:59.839886215 PM",
="",59109,,,,,117,="",="2/4/2026 4:56:59.840260845 PM",
="",59151,,,,,109,="",="2/4/2026 4:56:59.863746635 PM",
="",59153,,,,,105,="",="2/4/2026 4:56:59.863933980 PM",
="",59156,,,,,105,="",="2/4/2026 4:56:59.864438390 PM",
="",59171,,,,,105,="",="2/4/2026 4:56:59.879567130 PM",
="",59184,,,,,117,="",="2/4/2026 4:56:59.884334970 PM",
="",59187,,,,,105,="",="2/4/2026 4:56:59.886405740 PM",
="",59195,,,,,117,="",="2/4/2026 4:56:59.890677730 PM",
="",59199,,,,,109,="",="2/4/2026 4:56:59.896007215 PM",
="",59207,,,,,117,="",="2/4/2026 4:56:59.905768675 PM",
="",59212,,,,,109,="",="2/4/2026 4:56:59.909144295 PM",
="",59217,,,,,117,="",="2/4/2026 4:56:59.910957960 PM",
="",59236,,,,,103,="",="2/4/2026 4:56:59.918937520 PM",
="",59247,,,,,117,="",="2/4/2026 4:56:59.930855970 PM",
="",59248,,,,,99,="",="2/4/2026 4:56:59.931033365 PM",
="",59249,,,,,117,="",="2/4/2026 4:56:59.931264855 PM",
="",59260,,,,,117,="",="2/4/2026 4:56:59.939189920 PM",
="",59266,,,,,105,="",="2/4/2026 4:56:59.940344555 PM",
="",59271,,,,,109,="",="2/4/2026 4:56:59.942645765 PM",
="",59273,,,,,105,="",="2/4/2026 4:56:59.942833870 PM",
="",59274,,,,,105,="",="2/4/2026 4:56:59.942980890 PM",
="",59277,,,,,105,="",="2/4/2026 4:56:59.943641095 PM",
="",59289,,,,,105,="",="2/4/2026 4:56:59.955252205 PM",
="",59295,,,,,117,="",="2/4/2026 4:56:59.957257725 PM",
="",59300,,,,,105,="",="2/4/2026 4:56:59.961380435 PM",
="",59304,,,,,105,="",="2/4/2026 4:56:59.966036490 PM",
="",59305,,,,,105,="",="2/4/2026 4:56:59.966176350 PM",
="",59307,,,,,229,="",="2/4/2026 4:56:59.966451850 PM",
="",59317,,,,,109,="",="2/4/2026 4:56:59.968517695 PM",
="",59320,,,,,105,="",="2/4/2026 4:56:59.968873595 PM",
="",59334,,,,,105,="",="2/4/2026 4:56:59.973918855 PM",
="",59348,,,,,229,="",="2/4/2026 4:56:59.977454880 PM",
="",59349,,,,,229,="",="2/4/2026 4:56:59.977663565 PM",
="",59365,,,,,109,="",="2/4/2026 4:56:59.994936970 PM",
="",59372,,,,,105,="",="2/4/2026 4:56:59.996374240 PM",
="",59376,,,,,103,="",="2/4/2026 4:56:59.997175355 PM",
="",59377,,,,,109,="",="2/4/2026 4:56:59.997507725 PM",
="",59385,,,,,109,="",="2/4/2026 4:57:00.000710665 PM",
="",59393,,,,,109,="",="2/4/2026 4:57:00.002614205 PM",
="",59402,,,,,103,="",="2/4/2026 4:57:00.009966825 PM",
="",59411,,,,,105,="",="2/4/2026 4:57:00.011372935 PM",
="",59412,,,,,99,="",="2/4/2026 4:57:00.011412910 PM",
="",59415,,,,,179,="",="2/4/2026 4:57:00.018179825 PM",
="",59420,,,,,105,="",="2/4/2026 4:57:00.020374050 PM",
="",59423,,,,,105,="",="2/4/2026 4:57:00.020882435 PM",
="",59444,,,,,404,="",="2/4/2026 4:57:00.031346780 PM",
="",59446,,,,,103,="",="2/4/2026 4:57:00.033334685 PM",
="",59477,,,,,117,="",="2/4/2026 4:57:00.059079815 PM",
="",59492,,,,,117,="",="2/4/2026 4:57:00.067170095 PM",
="",59529,,,,,117,="",="2/4/2026 4:57:00.096605590 PM",
="",59558,,,,,105,="",="2/4/2026 4:57:00.121062855 PM",
="",59561,,,,,193,="",="2/4/2026 4:57:00.121616070 PM",
="",59591,,,,,117,="",="2/4/2026 4:57:00.138830535 PM",
="",59596,,,,,121,="",="2/4/2026 4:57:00.141742425 PM",
="",59598,,,,,117,="",="2/4/2026 4:57:00.142005225 PM",
="",59613,,,,,117,="",="2/4/2026 4:57:00.156429305 PM",
="",59617,,,,,117,="",="2/4/2026 4:57:00.159339080 PM",
="",59641,,,,,105,="",="2/4/2026 4:57:00.172537730 PM",
="",59644,,,,,105,="",="2/4/2026 4:57:00.173036660 PM",
="",59652,,,,,109,="",="2/4/2026 4:57:00.176203120 PM",
="",59653,,,,,229,="",="2/4/2026 4:57:00.176361115 PM",
="",59669,,,,,109,="",="2/4/2026 4:57:00.181011545 PM",
="",59671,,,,,117,="",="2/4/2026 4:57:00.181370565 PM",
="",59677,,,,,109,="",="2/4/2026 4:57:00.182368435 PM",
="",59699,,,,,121,="",="2/4/2026 4:57:00.194354180 PM",
="",59703,,,,,109,="",="2/4/2026 4:57:00.196364615 PM",
="",59709,,,,,109,="",="2/4/2026 4:57:00.201672955 PM",
="",59714,,,,,117,="",="2/4/2026 4:57:00.202754155 PM",
="",59732,,,,,117,="",="2/4/2026 4:57:00.227075525 PM",
="",59743,,,,,105,="",="2/4/2026 4:57:00.232868295 PM",
="",59746,,,,,105,="",="2/4/2026 4:57:00.234517290 PM",
="",59747,,,,,99,="",="2/4/2026 4:57:00.234556760 PM",
="",59749,,,,,410,="",="2/4/2026 4:57:00.235489925 PM",
="",59752,,,,,117,="",="2/4/2026 4:57:00.237075890 PM",
="",59753,,,,,105,="",="2/4/2026 4:57:00.237189055 PM",
="",59754,,,,,117,="",="2/4/2026 4:57:00.237405585 PM",
="",59757,,,,,109,="",="2/4/2026 4:57:00.238551515 PM",
="",59774,,,,,117,="",="2/4/2026 4:57:00.249164155 PM",
="",59777,,,,,109,="",="2/4/2026 4:57:00.251138510 PM",
="",59785,,,,,121,="",="2/4/2026 4:57:00.254953770 PM",
="",59787,,,,,117,="",="2/4/2026 4:57:00.255313960 PM",
="",59791,,,,,121,="",="2/4/2026 4:57:00.256819790 PM",
="",59809,,,,,105,="",="2/4/2026 4:57:00.273549830 PM",
="",59810,,,,,105,="",="2/4/2026 4:57:00.273723425 PM",
="",59818,,,,,117,="",="2/4/2026 4:57:00.275292570 PM",
="",59823,,,,,109,="",="2/4/2026 4:57:00.275770410 PM",
="",59833,,,,,109,="",="2/4/2026 4:57:00.279485435 PM",
="",59835,,,,,117,="",="2/4/2026 4:57:00.279745770 PM",
="",59837,,,,,117,="",="2/4/2026 4:57:00.280422775 PM",
="",59839,,,,,117,="",="2/4/2026 4:57:00.281115060 PM",
="",59840,,,,,117,="",="2/4/2026 4:57:00.281310790 PM",
="",59841,,,,,117,="",="2/4/2026 4:57:00.281752810 PM",
="",59842,,,,,117,="",="2/4/2026 4:57:00.282151735 PM",
="",59862,,,,,99,="",="2/4/2026 4:57:00.300177810 PM",
="",59864,,,,,105,="",="2/4/2026 4:57:00.300483570 PM",
="",59867,,,,,117,="",="2/4/2026 4:57:00.301188590 PM",
="",59869,,,,,105,="",="2/4/2026 4:57:00.302712060 PM",
="",59884,,,,,109,="",="2/4/2026 4:57:00.311936150 PM",
="",59887,,,,,183,="",="2/4/2026 4:57:00.312219030 PM",
="",59889,,,,,105,="",="2/4/2026 4:57:00.312416815 PM",
="",59894,,,,,117,="",="2/4/2026 4:57:00.313120280 PM",
="",59906,,,,,117,="",="2/4/2026 4:57:00.316255860 PM",
="",59907,,,,,105,="",="2/4/2026 4:57:00.318776870 PM",
="",59915,,,,,105,="",="2/4/2026 4:57:00.323878600 PM",
="",59921,,,,,105,="",="2/4/2026 4:57:00.327640760 PM",
="",59925,,,,,105,="",="2/4/2026 4:57:00.330944620 PM",
="",59929,,,,,105,="",="2/4/2026 4:57:00.334412980 PM",
="",59937,,,,,105,="",="2/4/2026 4:57:00.339389665 PM",
="",59939,,,,,420,="",="2/4/2026 4:57:00.340735895 PM",
="",59941,,,,,404,="",="2/4/2026 4:57:00.341520945 PM",
="",59945,,,,,117,="",="2/4/2026 4:57:00.343192885 PM",
="",59952,,,,,117,="",="2/4/2026 4:57:00.345356915 PM",
="",59957,,,,,105,="",="2/4/2026 4:57:00.346668775 PM",
="",59978,,,,,105,="",="2/4/2026 4:57:00.354927810 PM",
="",59980,,,,,109,="",="2/4/2026 4:57:00.355879540 PM",
="",59985,,,,,105,="",="2/4/2026 4:57:00.356921210 PM",
="",59989,,,,,105,="",="2/4/2026 4:57:00.358384610 PM",
="",60004,,,,,105,="",="2/4/2026 4:57:00.360816150 PM",
="",60015,,,,,105,="",="2/4/2026 4:57:00.366566175 PM",
="",60022,,,,,121,="",="2/4/2026 4:57:00.367915145 PM",
="",60024,,,,,109,="",="2/4/2026 4:57:00.368128365 PM",
="",60032,,,,,99,="",="2/4/2026 4:57:00.370159385 PM",
="",60034,,,,,105,="",="2/4/2026 4:57:00.370782745 PM",
="",60044,,,,,105,="",="2/4/2026 4:57:00.375010140 PM",
="",60049,,,,,105,="",="2/4/2026 4:57:00.376303960 PM",
="",60053,,,,,105,="",="2/4/2026 4:57:00.376888480 PM",
="",60056,,,,,121,="",="2/4/2026 4:57:00.377436425 PM",
="",60061,,,,,121,="",="2/4/2026 4:57:00.377944370 PM",
="",60078,,,,,109,="",="2/4/2026 4:57:00.381532025 PM",
="",60082,,,,,121,="",="2/4/2026 4:57:00.382553715 PM",
="",60084,,,,,103,="",="2/4/2026 4:57:00.383011705 PM",
="",60090,,,,,109,="",="2/4/2026 4:57:00.386198415 PM",
="",60094,,,,,229,="",="2/4/2026 4:57:00.394823385 PM",
="",60097,,,,,105,="",="2/4/2026 4:57:00.403651625 PM",
="",60105,,,,,117,="",="2/4/2026 4:57:00.407132885 PM",
="",60115,,,,,121,="",="2/4/2026 4:57:00.410665390 PM",
="",60123,,,,,105,="",="2/4/2026 4:57:00.412738885 PM",
="",60131,,,,,103,="",="2/4/2026 4:57:00.414510430 PM",
="",60141,,,,,103,="",="2/4/2026 4:57:00.420651700 PM",
="",60149,,,,,103,="",="2/4/2026 4:57:00.427367770 PM",
="",60153,,,,,229,="",="2/4/2026 4:57:00.429394450 PM",
="",60156,,,,,117,="",="2/4/2026 4:57:00.430182440 PM",
="",60159,,,,,121,="",="2/4/2026 4:57:00.430536255 PM",
="",60165,,,,,117,="",="2/4/2026 4:57:00.432504000 PM",
="",60181,,,,,474,="",="2/4/2026 4:57:00.436962720 PM",
="",60212,,,,,105,="",="2/4/2026 4:57:00.462566005 PM",
="",60227,,,,,121,="",="2/4/2026 4:57:00.469943385 PM",
="",60230,,,,,105,="",="2/4/2026 4:57:00.478161380 PM",
="",60233,,,,,109,="",="2/4/2026 4:57:00.478410095 PM",
="",60244,,,,,117,="",="2/4/2026 4:57:00.480326360 PM",
="",60248,,,,,117,="",="2/4/2026 4:57:00.481015330 PM",
="",60253,,,,,105,="",="2/4/2026 4:57:00.482100895 PM",
="",60279,,,,,117,="",="2/4/2026 4:57:00.510678890 PM",
="",60291,,,,,117,="",="2/4/2026 4:57:00.515467845 PM",
="",60303,,,,,117,="",="2/4/2026 4:57:00.521121075 PM",
="",60304,,,,,117,="",="2/4/2026 4:57:00.521403515 PM",
="",60314,,,,,117,="",="2/4/2026 4:57:00.524192390 PM",
="",60329,,,,,105,="",="2/4/2026 4:57:00.530468720 PM",
="",60345,,,,,105,="",="2/4/2026 4:57:00.536504400 PM",
="",60351,,,,,121,="",="2/4/2026 4:57:00.538806120 PM",
="",60356,,,,,474,="",="2/4/2026 4:57:00.539398075 PM",
="",60362,,,,,404,="",="2/4/2026 4:57:00.543718955 PM",
="",60364,,,,,397,="",="2/4/2026 4:57:00.544489280 PM",
="",60376,,,,,229,="",="2/4/2026 4:57:00.554464755 PM",
="",60379,,,,,99,="",="2/4/2026 4:57:00.555597780 PM",
="",60380,,,,,117,="",="2/4/2026 4:57:00.555790200 PM",
="",60394,,,,,343,="",="2/4/2026 4:57:00.563282120 PM",
="",60395,,,,,117,="",="2/4/2026 4:57:00.566181935 PM",
="",60396,,,,,117,="",="2/4/2026 4:57:00.566982305 PM",
="",60399,,,,,105,="",="2/4/2026 4:57:00.568308300 PM",
="",60400,,,,,99,="",="2/4/2026 4:57:00.568348315 PM",
="",60401,,,,,117,="",="2/4/2026 4:57:00.569431885 PM",
="",60402,,,,,117,="",="2/4/2026 4:57:00.569714045 PM",
="",60404,,,,,117,="",="2/4/2026 4:57:00.570392530 PM",
="",60424,,,,,109,="",="2/4/2026 4:57:00.582251995 PM",
="",60427,,,,,105,="",="2/4/2026 4:57:00.583029915 PM",
="",60433,,,,,117,="",="2/4/2026 4:57:00.583951735 PM",
="",60447,,,,,109,="",="2/4/2026 4:57:00.587805545 PM",
="",60482,,,,,109,="",="2/4/2026 4:57:00.600635460 PM",
="",60493,,,,,109,="",="2/4/2026 4:57:00.606929790 PM",
="",60514,,,,,109,="",="2/4/2026 4:57:00.615645900 PM",
="",60524,,,,,109,="",="2/4/2026 4:57:00.617838615 PM",
="",60534,,,,,117,="",="2/4/2026 4:57:00.621018185 PM",
="",60542,,,,,103,="",="2/4/2026 4:57:00.622998120 PM",
="",60552,,,,,117,="",="2/4/2026 4:57:00.626670695 PM",
="",60558,,,,,109,="",="2/4/2026 4:57:00.628334155 PM",
="",60564,,,,,117,="",="2/4/2026 4:57:00.630639230 PM",
="",60588,,,,,117,="",="2/4/2026 4:57:00.639187420 PM",
="",60599,,,,,117,="",="2/4/2026 4:57:00.645078480 PM",
="",60601,,,,,117,="",="2/4/2026 4:57:00.648648445 PM",
="",60603,,,,,105,="",="2/4/2026 4:57:00.648940565 PM",
="",60614,,,,,105,="",="2/4/2026 4:57:00.653311260 PM",
="",60624,,,,,105,="",="2/4/2026 4:57:00.659341060 PM",
="",60625,,,,,99,="",="2/4/2026 4:57:00.659380075 PM",
="",60627,,,,,105,="",="2/4/2026 4:57:00.660132510 PM",
="",60657,,,,,103,="",="2/4/2026 4:57:00.669727575 PM",
="",60663,,,,,109,="",="2/4/2026 4:57:00.673497005 PM",
="",60677,,,,,105,="",="2/4/2026 4:57:00.683385265 PM",
="",60690,,,,,105,="",="2/4/2026 4:57:00.685525525 PM",
="",60704,,,,,117,="",="2/4/2026 4:57:00.690425890 PM",
="",60706,,,,,109,="",="2/4/2026 4:57:00.690903330 PM",
="",60708,,,,,117,="",="2/4/2026 4:57:00.691169760 PM",
="",60726,,,,,117,="",="2/4/2026 4:57:00.698479525 PM",
="",60740,,,,,109,="",="2/4/2026 4:57:00.706634405 PM",
="",60750,,,,,105,="",="2/4/2026 4:57:00.710920060 PM",
="",60756,,,,,105,="",="2/4/2026 4:57:00.712270735 PM",
="",60774,,,,,117,="",="2/4/2026 4:57:00.718877735 PM",
="",60779,,,,,125,="",="2/4/2026 4:57:00.720636990 PM",
="",60784,,,,,109,="",="2/4/2026 4:57:00.722269475 PM",
="",60786,,,,,117,="",="2/4/2026 4:57:00.723072960 PM",
="",60788,,,,,121,="",="2/4/2026 4:57:00.723351715 PM",
="",60797,,,,,121,="",="2/4/2026 4:57:00.726304825 PM",
="",60805,,,,,121,="",="2/4/2026 4:57:00.728347640 PM",
="",60814,,,,,109,="",="2/4/2026 4:57:00.729999620 PM",
="",60829,,,,,103,="",="2/4/2026 4:57:00.734898805 PM",
="",60834,,,,,121,="",="2/4/2026 4:57:00.736717520 PM",
="",60837,,,,,105,="",="2/4/2026 4:57:00.737302120 PM",
="",60862,,,,,117,="",="2/4/2026 4:57:00.744681955 PM",
="",60869,,,,,397,="",="2/4/2026 4:57:00.748885355 PM",
="",60873,,,,,103,="",="2/4/2026 4:57:00.749595565 PM",
="",60879,,,,,105,="",="2/4/2026 4:57:00.754876600 PM",
="",60884,,,,,117,="",="2/4/2026 4:57:00.756116490 PM",
="",60887,,,,,105,="",="2/4/2026 4:57:00.758384270 PM",
="",60892,,,,,109,="",="2/4/2026 4:57:00.760662385 PM",
="",60899,,,,,109,="",="2/4/2026 4:57:00.762712080 PM",
="",60901,,,,,109,="",="2/4/2026 4:57:00.763339415 PM",
="",60908,,,,,121,="",="2/4/2026 4:57:00.765630725 PM",
="",60917,,,,,105,="",="2/4/2026 4:57:00.768029715 PM",
="",60936,,,,,105,="",="2/4/2026 4:57:00.774351275 PM",
="",60937,,,,,105,="",="2/4/2026 4:57:00.774494895 PM",
="",60959,,,,,105,="",="2/4/2026 4:57:00.781550395 PM",
="",60963,,,,,103,="",="2/4/2026 4:57:00.782410150 PM",
="",60969,,,,,121,="",="2/4/2026 4:57:00.785161895 PM",
="",60972,,,,,105,="",="2/4/2026 4:57:00.785979440 PM",
="",60981,,,,,121,="",="2/4/2026 4:57:00.787367130 PM",
="",61007,,,,,109,="",="2/4/2026 4:57:00.798143425 PM",
="",61025,,,,,109,="",="2/4/2026 4:57:00.806297950 PM",
="",61031,,,,,121,="",="2/4/2026 4:57:00.807890680 PM",
="",61038,,,,,117,="",="2/4/2026 4:57:00.811444725 PM",
="",61039,,,,,117,="",="2/4/2026 4:57:00.811600105 PM",
="",61049,,,,,109,="",="2/4/2026 4:57:00.815019620 PM",
="",61079,,,,,105,="",="2/4/2026 4:57:00.830630625 PM",
="",61084,,,,,117,="",="2/4/2026 4:57:00.831426795 PM",
="",61085,,,,,117,="",="2/4/2026 4:57:00.832912385 PM",
="",61088,,,,,109,="",="2/4/2026 4:57:00.833350895 PM",
="",61090,,,,,105,="",="2/4/2026 4:57:00.834309955 PM",
="",61112,,,,,397,="",="2/4/2026 4:57:00.851352015 PM",
="",61121,,,,,302,="",="2/4/2026 4:57:00.862755270 PM",
="",61148,,,,,103,="",="2/4/2026 4:57:00.880891400 PM",
="",61157,,,,,109,="",="2/4/2026 4:57:00.884598520 PM",
="",61169,,,,,105,="",="2/4/2026 4:57:00.888085230 PM",
="",61179,,,,,105,="",="2/4/2026 4:57:00.889698145 PM",
="",61194,,,,,117,="",="2/4/2026 4:57:00.896081295 PM",
="",61198,,,,,109,="",="2/4/2026 4:57:00.899161420 PM",
="",61216,,,,,103,="",="2/4/2026 4:57:00.911517190 PM",
="",61242,,,,,109,="",="2/4/2026 4:57:00.931913535 PM",
="",61249,,,,,117,="",="2/4/2026 4:57:00.933905525 PM",
="",61258,,,,,121,="",="2/4/2026 4:57:00.937247425 PM",
="",61262,,,,,109,="",="2/4/2026 4:57:00.937588745 PM",
="",61276,,,,,109,="",="2/4/2026 4:57:00.942351205 PM",
="",61277,,,,,117,="",="2/4/2026 4:57:00.942402130 PM",
="",61280,,,,,103,="",="2/4/2026 4:57:00.943082690 PM",
="",61302,,,,,109,="",="2/4/2026 4:57:00.959422275 PM",
="",61308,,,,,121,="",="2/4/2026 4:57:00.960510155 PM",
="",61318,,,,,109,="",="2/4/2026 4:57:00.964440640 PM",
="",61321,,,,,117,="",="2/4/2026 4:57:00.965937300 PM",
="",61322,,,,,105,="",="2/4/2026 4:57:00.966049385 PM",
="",61324,,,,,117,="",="2/4/2026 4:57:00.966266915 PM",
="",61327,,,,,117,="",="2/4/2026 4:57:00.967430280 PM",
="",61332,,,,,105,="",="2/4/2026 4:57:00.975614215 PM",
="",61334,,,,,109,="",="2/4/2026 4:57:00.976748245 PM",
="",61335,,,,,109,="",="2/4/2026 4:57:00.977034205 PM",
="",61336,,,,,1303,="",="2/4/2026 4:57:00.977489415 PM",
="",61342,,,,,117,="",="2/4/2026 4:57:00.978772720 PM",
="",61352,,,,,105,="",="2/4/2026 4:57:00.984628685 PM",
="",61354,,,,,117,="",="2/4/2026 4:57:00.984733455 PM",
="",61358,,,,,103,="",="2/4/2026 4:57:00.987248735 PM",
="",61367,,,,,105,="",="2/4/2026 4:57:00.990393205 PM",
="",61384,,,,,103,="",="2/4/2026 4:57:00.993671765 PM",
="",61404,,,,,117,="",="2/4/2026 4:57:00.999058100 PM",
="",61452,,,,,105,="",="2/4/2026 4:57:01.053165645 PM",
="",61454,,,,,117,="",="2/4/2026 4:57:01.054437450 PM",
="",61456,,,,,420,="",="2/4/2026 4:57:01.055721345 PM",
="",61457,,,,,105,="",="2/4/2026 4:57:01.056648005 PM",
="",61470,,,,,109,="",="2/4/2026 4:57:01.061904185 PM",
="",61490,,,,,117,="",="2/4/2026 4:57:01.082642215 PM",
="",61491,,,,,117,="",="2/4/2026 4:57:01.083442200 PM",
="",61500,,,,,105,="",="2/4/2026 4:57:01.093186970 PM",
="",61504,,,,,117,="",="2/4/2026 4:57:01.093955340 PM",
="",61518,,,,,117,="",="2/4/2026 4:57:01.096241325 PM",
="",61527,,,,,109,="",="2/4/2026 4:57:01.100797800 PM",
="",61529,,,,,117,="",="2/4/2026 4:57:01.101683710 PM",
="",61530,,,,,105,="",="2/4/2026 4:57:01.103072295 PM",
="",61532,,,,,229,="",="2/4/2026 4:57:01.104440080 PM",
="",61534,,,,,117,="",="2/4/2026 4:57:01.106483000 PM",
="",61542,,,,,103,="",="2/4/2026 4:57:01.111023485 PM",
="",61549,,,,,99,="",="2/4/2026 4:57:01.114239175 PM",
="",61557,,,,,113,="",="2/4/2026 4:57:01.118610835 PM",
="",61558,,,,,105,="",="2/4/2026 4:57:01.120450285 PM",
="",61559,,,,,99,="",="2/4/2026 4:57:01.120489700 PM",
="",61560,,,,,103,="",="2/4/2026 4:57:01.120722480 PM",
="",61561,,,,,117,="",="2/4/2026 4:57:01.120814570 PM",
="",61579,,,,,117,="",="2/4/2026 4:57:01.140122650 PM",
="",61587,,,,,121,="",="2/4/2026 4:57:01.142893805 PM",
="",61593,,,,,105,="",="2/4/2026 4:57:01.143918665 PM",
="",61597,,,,,117,="",="2/4/2026 4:57:01.144822205 PM",
="",61622,,,,,397,="",="2/4/2026 4:57:01.158725475 PM",
="",61638,,,,,105,="",="2/4/2026 4:57:01.171309480 PM",
="",61643,,,,,121,="",="2/4/2026 4:57:01.172472440 PM",
="",61651,,,,,109,="",="2/4/2026 4:57:01.174416620 PM",
="",61653,,,,,105,="",="2/4/2026 4:57:01.175008345 PM",
="",61689,,,,,105,="",="2/4/2026 4:57:01.195528840 PM",
="",61703,,,,,117,="",="2/4/2026 4:57:01.197333370 PM",
="",61705,,,,,105,="",="2/4/2026 4:57:01.197597710 PM",
="",61715,,,,,109,="",="2/4/2026 4:57:01.199623920 PM",
="",61719,,,,,109,="",="2/4/2026 4:57:01.207693520 PM",
="",61736,,,,,117,="",="2/4/2026 4:57:01.219059810 PM",
="",61737,,,,,105,="",="2/4/2026 4:57:01.226787035 PM",
="",61743,,,,,109,="",="2/4/2026 4:57:01.230896835 PM",
="",61756,,,,,117,="",="2/4/2026 4:57:01.241297360 PM",
="",61774,,,,,105,="",="2/4/2026 4:57:01.250813920 PM",
="",61781,,,,,109,="",="2/4/2026 4:57:01.253931115 PM",
="",61783,,,,,117,="",="2/4/2026 4:57:01.254192570 PM",
="",61784,,,,,105,="",="2/4/2026 4:57:01.255584755 PM",
="",61788,,,,,117,="",="2/4/2026 4:57:01.259696065 PM",
="",61789,,,,,109,="",="2/4/2026 4:57:01.259830775 PM",
="",61793,,,,,99,="",="2/4/2026 4:57:01.261132225 PM",
="",61797,,,,,117,="",="2/4/2026 4:57:01.263475600 PM",
="",61811,,,,,105,="",="2/4/2026 4:57:01.272730375 PM",
="",61831,,,,,105,="",="2/4/2026 4:57:01.295988665 PM",
="",61833,,,,,103,="",="2/4/2026 4:57:01.296151040 PM",
="",61835,,,,,105,="",="2/4/2026 4:57:01.297314660 PM",
="",61837,,,,,105,="",="2/4/2026 4:57:01.297538550 PM",
="",61844,,,,,105,="",="2/4/2026 4:57:01.298807875 PM",
="",61848,,,,,105,="",="2/4/2026 4:57:01.300124470 PM",
="",61849,,,,,99,="",="2/4/2026 4:57:01.300164125 PM",
="",61854,,,,,117,="",="2/4/2026 4:57:01.301218840 PM",
="",61859,,,,,105,="",="2/4/2026 4:57:01.301976555 PM",
="",61860,,,,,117,="",="2/4/2026 4:57:01.302253515 PM",
="",61872,,,,,109,="",="2/4/2026 4:57:01.312901125 PM",
="",61888,,,,,105,="",="2/4/2026 4:57:01.319364600 PM",
="",61893,,,,,103,="",="2/4/2026 4:57:01.320110670 PM",
="",61910,,,,,109,="",="2/4/2026 4:57:01.326778740 PM",
="",61921,,,,,105,="",="2/4/2026 4:57:01.337614685 PM",
="",61923,,,,,117,="",="2/4/2026 4:57:01.338856615 PM",
="",61925,,,,,109,="",="2/4/2026 4:57:01.339312800 PM",
="",61928,,,,,105,="",="2/4/2026 4:57:01.339846495 PM",
="",61930,,,,,117,="",="2/4/2026 4:57:01.340667600 PM",
="",61932,,,,,117,="",="2/4/2026 4:57:01.341723715 PM",
="",61944,,,,,117,="",="2/4/2026 4:57:01.349601200 PM",
="",61946,,,,,109,="",="2/4/2026 4:57:01.350340085 PM",
="",61951,,,,,105,="",="2/4/2026 4:57:01.351276210 PM",
="",61958,,,,,105,="",="2/4/2026 4:57:01.353852290 PM",
="",61966,,,,,105,="",="2/4/2026 4:57:01.355417510 PM",
="",61969,,,,,109,="",="2/4/2026 4:57:01.356224090 PM",
="",61976,,,,,109,="",="2/4/2026 4:57:01.358513890 PM",
="",61978,,,,,109,="",="2/4/2026 4:57:01.359261910 PM",
="",61979,,,,,117,="",="2/4/2026 4:57:01.359764150 PM",
="",61980,,,,,117,="",="2/4/2026 4:57:01.360917430 PM",
="",61985,,,,,117,="",="2/4/2026 4:57:01.363861260 PM",
="",61990,,,,,117,="",="2/4/2026 4:57:01.367948530 PM",
="",61997,,,,,117,="",="2/4/2026 4:57:01.369391930 PM",
="",62002,,,,,105,="",="2/4/2026 4:57:01.370764940 PM",
="",62011,,,,,109,="",="2/4/2026 4:57:01.373333575 PM",
="",62019,,,,,117,="",="2/4/2026 4:57:01.375605630 PM",
="",62022,,,,,109,="",="2/4/2026 4:57:01.377110630 PM",
="",62028,,,,,109,="",="2/4/2026 4:57:01.386534120 PM",
="",62031,,,,,105,="",="2/4/2026 4:57:01.387297065 PM",
="",62036,,,,,105,="",="2/4/2026 4:57:01.390364820 PM",
="",62040,,,,,117,="",="2/4/2026 4:57:01.393267160 PM",
="",62049,,,,,109,="",="2/4/2026 4:57:01.395400530 PM",
="",62063,,,,,105,="",="2/4/2026 4:57:01.400176740 PM",
="",62073,,,,,105,="",="2/4/2026 4:57:01.402937215 PM",
="",62080,,,,,105,="",="2/4/2026 4:57:01.404258730 PM",
="",62089,,,,,117,="",="2/4/2026 4:57:01.407189065 PM",
="",62092,,,,,105,="",="2/4/2026 4:57:01.408051345 PM",
="",62097,,,,,105,="",="2/4/2026 4:57:01.409798600 PM",
="",62100,,,,,109,="",="2/4/2026 4:57:01.410180640 PM",
="",62129,,,,,117,="",="2/4/2026 4:57:01.418894500 PM",
="",62136,,,,,109,="",="2/4/2026 4:57:01.420693220 PM",
="",62138,,,,,105,="",="2/4/2026 4:57:01.420881605 PM",
="",62149,,,,,117,="",="2/4/2026 4:57:01.425188045 PM",
="",62151,,,,,117,="",="2/4/2026 4:57:01.425589730 PM",
="",62156,,,,,105,="",="2/4/2026 4:57:01.426829015 PM",
="",62159,,,,,105,="",="2/4/2026 4:57:01.427682640 PM",
="",62160,,,,,99,="",="2/4/2026 4:57:01.427942225 PM",
="",62180,,,,,109,="",="2/4/2026 4:57:01.433903565 PM",
="",62182,,,,,103,="",="2/4/2026 4:57:01.434529325 PM",
="",62187,,,,,99,="",="2/4/2026 4:57:01.435154470 PM",
="",62191,,,,,105,="",="2/4/2026 4:57:01.436936095 PM",
="",62200,,,,,109,="",="2/4/2026 4:57:01.439665885 PM",
="",62201,,,,,117,="",="2/4/2026 4:57:01.439715905 PM",
="",62202,,,,,105,="",="2/4/2026 4:57:01.439857070 PM",
="",62207,,,,,121,="",="2/4/2026 4:57:01.441129370 PM",
="",62233,,,,,117,="",="2/4/2026 4:57:01.460972755 PM",
="",62234,,,,,117,="",="2/4/2026 4:57:01.462171490 PM",
="",62235,,,,,117,="",="2/4/2026 4:57:01.463992095 PM",
="",62255,,,,,105,="",="2/4/2026 4:57:01.471810950 PM",
="",62263,,,,,117,="",="2/4/2026 4:57:01.475596005 PM",
="",62266,,,,,117,="",="2/4/2026 4:57:01.478656400 PM",
="",62268,,,,,99,="",="2/4/2026 4:57:01.478845665 PM",
="",62270,,,,,117,="",="2/4/2026 4:57:01.479421275 PM",
="",62289,,,,,109,="",="2/4/2026 4:57:01.482863405 PM",
="",62294,,,,,109,="",="2/4/2026 4:57:01.485395215 PM",
="",62307,,,,,117,="",="2/4/2026 4:57:01.490984890 PM",
="",62314,,,,,117,="",="2/4/2026 4:57:01.499724420 PM",
="",62321,,,,,105,="",="2/4/2026 4:57:01.502786290 PM",
="",62326,,,,,109,="",="2/4/2026 4:57:01.503966235 PM",
="",62342,,,,,109,="",="2/4/2026 4:57:01.506501285 PM",
="",62366,,,,,117,="",="2/4/2026 4:57:01.529539235 PM",
="",62368,,,,,117,="",="2/4/2026 4:57:01.530421795 PM",
="",62371,,,,,105,="",="2/4/2026 4:57:01.531040425 PM",
="",62375,,,,,105,="",="2/4/2026 4:57:01.531655960 PM",
="",62380,,,,,121,="",="2/4/2026 4:57:01.533026210 PM",
="",62391,,,,,105,="",="2/4/2026 4:57:01.538610975 PM",
="",62395,,,,,117,="",="2/4/2026 4:57:01.545763200 PM",
="",62404,,,,,117,="",="2/4/2026 4:57:01.551386380 PM",
="",62414,,,,,105,="",="2/4/2026 4:57:01.555927350 PM",
="",62417,,,,,103,="",="2/4/2026 4:57:01.556351610 PM",
="",62429,,,,,117,="",="2/4/2026 4:57:01.561295550 PM",
="",62432,,,,,105,="",="2/4/2026 4:57:01.561633200 PM",
="",62437,,,,,121,="",="2/4/2026 4:57:01.563150990 PM",
="",62441,,,,,117,="",="2/4/2026 4:57:01.567021130 PM",
="",62442,,,,,404,="",="2/4/2026 4:57:01.567936140 PM",
="",62449,,,,,105,="",="2/4/2026 4:57:01.574252385 PM",
="",62452,,,,,105,="",="2/4/2026 4:57:01.574573200 PM",
="",62462,,,,,117,="",="2/4/2026 4:57:01.579328180 PM",
="",62466,,,,,105,="",="2/4/2026 4:57:01.583268255 PM",
="",62479,,,,,117,="",="2/4/2026 4:57:01.592661135 PM",
="",62490,,,,,105,="",="2/4/2026 4:57:01.595639680 PM",
="",62495,,,,,103,="",="2/4/2026 4:57:01.596724420 PM",
="",62498,,,,,117,="",="2/4/2026 4:57:01.598774920 PM",
="",62511,,,,,105,="",="2/4/2026 4:57:01.604760330 PM",
="",62519,,,,,229,="",="2/4/2026 4:57:01.606246200 PM",
="",62520,,,,,117,="",="2/4/2026 4:57:01.606827865 PM",
="",62536,,,,,117,="",="2/4/2026 4:57:01.620937905 PM",
="",62539,,,,,121,="",="2/4/2026 4:57:01.621331430 PM",
="",62540,,,,,117,="",="2/4/2026 4:57:01.621383165 PM",
="",62551,,,,,105,="",="2/4/2026 4:57:01.632277070 PM",
="",62558,,,,,117,="",="2/4/2026 4:57:01.636409780 PM",
="",62563,,,,,117,="",="2/4/2026 4:57:01.649194705 PM",
="",62564,,,,,117,="",="2/4/2026 4:57:01.649395155 PM",
="",62566,,,,,105,="",="2/4/2026 4:57:01.650114255 PM",
="",62570,,,,,117,="",="2/4/2026 4:57:01.650994735 PM",
="",62574,,,,,105,="",="2/4/2026 4:57:01.651639245 PM",
="",62579,,,,,109,="",="2/4/2026 4:57:01.653643615 PM",
="",62581,,,,,117,="",="2/4/2026 4:57:01.654145775 PM",
="",62582,,,,,117,="",="2/4/2026 4:57:01.654319210 PM",
="",62585,,,,,109,="",="2/4/2026 4:57:01.655821755 PM",
="",62600,,,,,117,="",="2/4/2026 4:57:01.669302770 PM",
="",62601,,,,,410,="",="2/4/2026 4:57:01.669521010 PM",
="",62604,,,,,117,="",="2/4/2026 4:57:01.672351950 PM",
="",62605,,,,,397,="",="2/4/2026 4:57:01.672582525 PM",
="",62618,,,,,103,="",="2/4/2026 4:57:01.680432600 PM",
="",62622,,,,,109,="",="2/4/2026 4:57:01.680728975 PM",
="",62624,,,,,105,="",="2/4/2026 4:57:01.680916840 PM",
="",62626,,,,,117,="",="2/4/2026 4:57:01.681114130 PM",
="",62628,,,,,117,="",="2/4/2026 4:57:01.682327665 PM",
="",62629,,,,,105,="",="2/4/2026 4:57:01.683206600 PM",
="",62630,,,,,117,="",="2/4/2026 4:57:01.683543575 PM",
="",62639,,,,,109,="",="2/4/2026 4:57:01.692297310 PM",
="",62648,,,,,117,="",="2/4/2026 4:57:01.695094990 PM",
="",62651,,,,,109,="",="2/4/2026 4:57:01.696069525 PM",
="",62660,,,,,109,="",="2/4/2026 4:57:01.701089250 PM",
="",62662,,,,,117,="",="2/4/2026 4:57:01.701345585 PM",
="",62665,,,,,117,="",="2/4/2026 4:57:01.702775705 PM",
="",62666,,,,,105,="",="2/4/2026 4:57:01.703447750 PM",
="",62667,,,,,117,="",="2/4/2026 4:57:01.704285895 PM",
="",62674,,,,,105,="",="2/4/2026 4:57:01.707530525 PM",
="",62676,,,,,105,="",="2/4/2026 4:57:01.708009000 PM",
="",62680,,,,,105,="",="2/4/2026 4:57:01.708671645 PM",
="",62688,,,,,105,="",="2/4/2026 4:57:01.711944570 PM",
="",62689,,,,,99,="",="2/4/2026 4:57:01.711984385 PM",
="",62690,,,,,117,="",="2/4/2026 4:57:01.712238330 PM",
="",62696,,,,,105,="",="2/4/2026 4:57:01.714898360 PM",
="",62698,,,,,117,="",="2/4/2026 4:57:01.716024305 PM",
="",62720,,,,,117,="",="2/4/2026 4:57:01.723449835 PM",
="",62725,,,,,117,="",="2/4/2026 4:57:01.725671165 PM",
="",62727,,,,,117,="",="2/4/2026 4:57:01.726586260 PM",
="",62728,,,,,117,="",="2/4/2026 4:57:01.727129645 PM",
="",62729,,,,,105,="",="2/4/2026 4:57:01.727287240 PM",
="",62730,,,,,117,="",="2/4/2026 4:57:01.727919815 PM",
="",62731,,,,,99,="",="2/4/2026 4:57:01.728361555 PM",
="",62732,,,,,117,="",="2/4/2026 4:57:01.728519510 PM",
="",62734,,,,,117,="",="2/4/2026 4:57:01.733143230 PM",
="",62738,,,,,105,="",="2/4/2026 4:57:01.736852695 PM",
="",62744,,,,,117,="",="2/4/2026 4:57:01.739536620 PM",
="",62747,,,,,109,="",="2/4/2026 4:57:01.740431125 PM",
="",62751,,,,,105,="",="2/4/2026 4:57:01.741065490 PM",
="",62757,,,,,109,="",="2/4/2026 4:57:01.743508080 PM",
="",62761,,,,,103,="",="2/4/2026 4:57:01.745757490 PM",
="",62766,,,,,103,="",="2/4/2026 4:57:01.746725520 PM",
="",62769,,,,,105,="",="2/4/2026 4:57:01.747267630 PM",
="",62773,,,,,117,="",="2/4/2026 4:57:01.748918560 PM",
="",62774,,,,,117,="",="2/4/2026 4:57:01.749200800 PM",
="",62776,,,,,117,="",="2/4/2026 4:57:01.749645795 PM",
="",62784,,,,,117,="",="2/4/2026 4:57:01.754175430 PM",
="",62787,,,,,105,="",="2/4/2026 4:57:01.755239400 PM",
="",62797,,,,,105,="",="2/4/2026 4:57:01.759784290 PM",
="",62798,,,,,105,="",="2/4/2026 4:57:01.760029515 PM",
="",62801,,,,,117,="",="2/4/2026 4:57:01.760760975 PM",
="",62805,,,,,117,="",="2/4/2026 4:57:01.762902115 PM",
="",62814,,,,,117,="",="2/4/2026 4:57:01.768207360 PM",
="",62815,,,,,117,="",="2/4/2026 4:57:01.769397815 PM",
="",62816,,,,,117,="",="2/4/2026 4:57:01.769852410 PM",
="",62820,,,,,117,="",="2/4/2026 4:57:01.772099060 PM",
="",62821,,,,,105,="",="2/4/2026 4:57:01.772237440 PM",
="",62824,,,,,420,="",="2/4/2026 4:57:01.772534115 PM",
="",62827,,,,,404,="",="2/4/2026 4:57:01.773338765 PM",
="",62828,,,,,397,="",="2/4/2026 4:57:01.774115665 PM",
="",62833,,,,,105,="",="2/4/2026 4:57:01.775766230 PM",
="",62843,,,,,105,="",="2/4/2026 4:57:01.781930715 PM",
="",62852,,,,,117,="",="2/4/2026 4:57:01.784788955 PM",
="",62859,,,,,103,="",="2/4/2026 4:57:01.787873905 PM",
="",62867,,,,,117,="",="2/4/2026 4:57:01.790270475 PM",
="",62873,,,,,105,="",="2/4/2026 4:57:01.792243645 PM",
="",62878,,,,,105,="",="2/4/2026 4:57:01.794948385 PM",
="",62900,,,,,105,="",="2/4/2026 4:57:01.806994835 PM",
="",62908,,,,,105,="",="2/4/2026 4:57:01.810204330 PM",
="",62909,,,,,105,="",="2/4/2026 4:57:01.810392860 PM",
="",62916,,,,,121,="",="2/4/2026 4:57:01.812520825 PM",
="",62918,,,,,121,="",="2/4/2026 4:57:01.813148920 PM",
="",62931,,,,,105,="",="2/4/2026 4:57:01.817191000 PM",
="",62958,,,,,117,="",="2/4/2026 4:57:01.839317225 PM",
="",62964,,,,,121,="",="2/4/2026 4:57:01.848453035 PM",
="",62967,,,,,117,="",="2/4/2026 4:57:01.849208270 PM",
="",62968,,,,,117,="",="2/4/2026 4:57:01.849411065 PM",
="",62979,,,,,105,="",="2/4/2026 4:57:01.861867975 PM",
="",63004,,,,,410,="",="2/4/2026 4:57:01.873921715 PM",
="",63012,,,,,117,="",="2/4/2026 4:57:01.880824640 PM",
="",63016,,,,,105,="",="2/4/2026 4:57:01.882596335 PM",
="",63045,,,,,105,="",="2/4/2026 4:57:01.912026230 PM",
="",63048,,,,,105,="",="2/4/2026 4:57:01.912495905 PM",
="",63053,,,,,121,="",="2/4/2026 4:57:01.913258020 PM",
="",63058,,,,,105,="",="2/4/2026 4:57:01.914040660 PM",
="",63071,,,,,117,="",="2/4/2026 4:57:01.919065475 PM",
="",63082,,,,,117,="",="2/4/2026 4:57:01.921145065 PM",
="",63083,,,,,117,="",="2/4/2026 4:57:01.921496855 PM",
="",63086,,,,,117,="",="2/4/2026 4:57:01.922327800 PM",
="",63090,,,,,117,="",="2/4/2026 4:57:01.929209985 PM",
="",63092,,,,,105,="",="2/4/2026 4:57:01.930592435 PM",
="",63100,,,,,117,="",="2/4/2026 4:57:01.949255365 PM",
="",63103,,,,,105,="",="2/4/2026 4:57:01.954710845 PM",
="",63106,,,,,117,="",="2/4/2026 4:57:01.955833110 PM",
="",63107,,,,,105,="",="2/4/2026 4:57:01.956406550 PM",
="",63111,,,,,105,="",="2/4/2026 4:57:01.957103275 PM",
="",63121,,,,,117,="",="2/4/2026 4:57:01.959372260 PM",
="",63122,,,,,105,="",="2/4/2026 4:57:01.960420095 PM",
="",63124,,,,,117,="",="2/4/2026 4:57:01.960598535 PM",
="",63136,,,,,109,="",="2/4/2026 4:57:01.967298530 PM",
="",63143,,,,,117,="",="2/4/2026 4:57:01.969323640 PM",
="",63147,,,,,121,="",="2/4/2026 4:57:01.970373970 PM",
="",63160,,,,,105,="",="2/4/2026 4:57:01.976908405 PM",
="",63164,,,,,397,="",="2/4/2026 4:57:01.978658770 PM",
="",63175,,,,,109,="",="2/4/2026 4:57:01.994409185 PM",
="",63189,,,,,117,="",="2/4/2026 4:57:01.999225465 PM",
="",63206,,,,,105,="",="2/4/2026 4:57:02.012825600 PM",
="",63211,,,,,105,="",="2/4/2026 4:57:02.014541240 PM",
="",63217,,,,,105,="",="2/4/2026 4:57:02.015428295 PM",
="",63229,,,,,117,="",="2/4/2026 4:57:02.018106325 PM",
="",63248,,,,,109,="",="2/4/2026 4:57:02.036206720 PM",
="",63264,,,,,105,="",="2/4/2026 4:57:02.051191230 PM",
="",63271,,,,,117,="",="2/4/2026 4:57:02.053227035 PM",
="",63275,,,,,117,="",="2/4/2026 4:57:02.059065875 PM",
="",63294,,,,,404,="",="2/4/2026 4:57:02.079318140 PM",
="",63333,,,,,105,="",="2/4/2026 4:57:02.116658740 PM",
="",63335,,,,,229,="",="2/4/2026 4:57:02.117106315 PM",
="",63350,,,,,105,="",="2/4/2026 4:57:02.119269420 PM",
="",63358,,,,,121,="",="2/4/2026 4:57:02.121153720 PM",
="",63363,,,,,117,="",="2/4/2026 4:57:02.122291480 PM",
="",63364,,,,,117,="",="2/4/2026 4:57:02.122906535 PM",
="",63367,,,,,105,="",="2/4/2026 4:57:02.126096670 PM",
="",63379,,,,,109,="",="2/4/2026 4:57:02.133229290 PM",
="",63391,,,,,117,="",="2/4/2026 4:57:02.137122780 PM",
="",63394,,,,,109,="",="2/4/2026 4:57:02.138510840 PM",
="",63398,,,,,117,="",="2/4/2026 4:57:02.140592705 PM",
="",63404,,,,,103,="",="2/4/2026 4:57:02.149163025 PM",
="",63420,,,,,109,="",="2/4/2026 4:57:02.156036820 PM",
="",63429,,,,,117,="",="2/4/2026 4:57:02.160220075 PM",
="",63431,,,,,121,="",="2/4/2026 4:57:02.161353220 PM",
="",63453,,,,,117,="",="2/4/2026 4:57:02.175074380 PM",
="",63455,,,,,105,="",="2/4/2026 4:57:02.175497955 PM",
="",63471,,,,,109,="",="2/4/2026 4:57:02.185026860 PM",
="",63480,,,,,105,="",="2/4/2026 4:57:02.188143820 PM",
="",63497,,,,,117,="",="2/4/2026 4:57:02.191227070 PM",
="",63501,,,,,105,="",="2/4/2026 4:57:02.191984465 PM",
="",63503,,,,,109,="",="2/4/2026 4:57:02.193066685 PM",
="",63520,,,,,308,="",="2/4/2026 4:57:02.208618450 PM",
="",63525,,,,,109,="",="2/4/2026 4:57:02.210762530 PM",
="",63533,,,,,117,="",="2/4/2026 4:57:02.214665760 PM",
="",63543,,,,,105,="",="2/4/2026 4:57:02.219235645 PM",
="",63548,,,,,105,="",="2/4/2026 4:57:02.220489810 PM",
="",63550,,,,,109,="",="2/4/2026 4:57:02.220633640 PM",
="",63562,,,,,109,="",="2/4/2026 4:57:02.227425955 PM",
="",63564,,,,,103,="",="2/4/2026 4:57:02.229119765 PM",
="",63570,,,,,109,="",="2/4/2026 4:57:02.234624275 PM",
="",63584,,,,,117,="",="2/4/2026 4:57:02.255131400 PM",
="",63587,,,,,113,="",="2/4/2026 4:57:02.258623530 PM",
="",63588,,,,,117,="",="2/4/2026 4:57:02.259040030 PM",
="",63595,,,,,105,="",="2/4/2026 4:57:02.260890320 PM",
="",63617,,,,,117,="",="2/4/2026 4:57:02.270914090 PM",
="",63621,,,,,109,="",="2/4/2026 4:57:02.272275230 PM",
="",63623,,,,,105,="",="2/4/2026 4:57:02.272461255 PM",
="",63626,,,,,103,="",="2/4/2026 4:57:02.272930045 PM",
="",63648,,,,,105,="",="2/4/2026 4:57:02.283578450 PM",
="",63649,,,,,99,="",="2/4/2026 4:57:02.283617025 PM",
="",63651,,,,,397,="",="2/4/2026 4:57:02.285057790 PM",
="",63675,,,,,105,="",="2/4/2026 4:57:02.312128425 PM",
="",63676,,,,,105,="",="2/4/2026 4:57:02.312295885 PM",
="",63681,,,,,121,="",="2/4/2026 4:57:02.313387350 PM",
="",63683,,,,,105,="",="2/4/2026 4:57:02.313594825 PM",
="",63686,,,,,117,="",="2/4/2026 4:57:02.317163405 PM",
="",63687,,,,,105,="",="2/4/2026 4:57:02.317227340 PM",
="",63692,,,,,121,="",="2/4/2026 4:57:02.318930750 PM",
="",63699,,,,,105,="",="2/4/2026 4:57:02.321008595 PM",
="",63702,,,,,105,="",="2/4/2026 4:57:02.324436755 PM",
="",63712,,,,,117,="",="2/4/2026 4:57:02.326507095 PM",
="",63720,,,,,109,="",="2/4/2026 4:57:02.327669380 PM",
="",63722,,,,,117,="",="2/4/2026 4:57:02.327947010 PM",
="",63724,,,,,105,="",="2/4/2026 4:57:02.328198675 PM",
="",63727,,,,,105,="",="2/4/2026 4:57:02.331349875 PM",
="",63732,,,,,103,="",="2/4/2026 4:57:02.332358010 PM",
="",63736,,,,,109,="",="2/4/2026 4:57:02.333185450 PM",
="",63752,,,,,109,="",="2/4/2026 4:57:02.335968765 PM",
="",63758,,,,,119,="",="2/4/2026 4:57:02.336962520 PM",
="",63766,,,,,105,="",="2/4/2026 4:57:02.341538000 PM",
="",63771,,,,,109,="",="2/4/2026 4:57:02.344052240 PM",
="",63781,,,,,117,="",="2/4/2026 4:57:02.345735385 PM",
="",63784,,,,,105,="",="2/4/2026 4:57:02.346016820 PM",
="",63797,,,,,117,="",="2/4/2026 4:57:02.354047725 PM",
="",63807,,,,,121,="",="2/4/2026 4:57:02.357261340 PM",
="",63812,,,,,121,="",="2/4/2026 4:57:02.359106450 PM",
="",63830,,,,,117,="",="2/4/2026 4:57:02.366741220 PM",
="",63831,,,,,383,="",="2/4/2026 4:57:02.367408070 PM",
="",63833,,,,,121,="",="2/4/2026 4:57:02.369845390 PM",
="",63854,,,,,117,="",="2/4/2026 4:57:02.379068670 PM",
="",63861,,,,,109,="",="2/4/2026 4:57:02.381573035 PM",
="",63865,,,,,113,="",="2/4/2026 4:57:02.387024605 PM",
="",63866,,,,,117,="",="2/4/2026 4:57:02.387523515 PM",
="",63877,,,,,105,="",="2/4/2026 4:57:02.391239220 PM",
="",63880,,,,,105,="",="2/4/2026 4:57:02.391609810 PM",
="",63883,,,,,105,="",="2/4/2026 4:57:02.392469970 PM",
="",63891,,,,,103,="",="2/4/2026 4:57:02.394007650 PM",
="",63903,,,,,117,="",="2/4/2026 4:57:02.396578365 PM",
="",63916,,,,,109,="",="2/4/2026 4:57:02.408639195 PM",
="",63928,,,,,103,="",="2/4/2026 4:57:02.414441915 PM",
="",63932,,,,,109,="",="2/4/2026 4:57:02.414787225 PM",
="",63944,,,,,105,="",="2/4/2026 4:57:02.425509045 PM",
="",63945,,,,,105,="",="2/4/2026 4:57:02.425889970 PM",
="",63955,,,,,109,="",="2/4/2026 4:57:02.427760400 PM",
="",63966,,,,,121,="",="2/4/2026 4:57:02.439515000 PM",
="",63968,,,,,103,="",="2/4/2026 4:57:02.439757100 PM",
="",63976,,,,,121,="",="2/4/2026 4:57:02.449183420 PM",
="",63981,,,,,105,="",="2/4/2026 4:57:02.450393530 PM",
="",63986,,,,,105,="",="2/4/2026 4:57:02.454515560 PM",
="",63999,,,,,117,="",="2/4/2026 4:57:02.459334410 PM",
="",64003,,,,,117,="",="2/4/2026 4:57:02.460669085 PM",
="",64009,,,,,117,="",="2/4/2026 4:57:02.461824250 PM",
="",64012,,,,,105,="",="2/4/2026 4:57:02.462814305 PM",
="",64015,,,,,117,="",="2/4/2026 4:57:02.463283700 PM",
="",64019,,,,,117,="",="2/4/2026 4:57:02.466506240 PM",
="",64042,,,,,420,="",="2/4/2026 4:57:02.488594985 PM",
="",64044,,,,,117,="",="2/4/2026 4:57:02.489391760 PM",
="",64045,,,,,404,="",="2/4/2026 4:57:02.489384955 PM",
="",64048,,,,,121,="",="2/4/2026 4:57:02.490952780 PM",
="",64050,,,,,105,="",="2/4/2026 4:57:02.491142855 PM",
="",64058,,,,,109,="",="2/4/2026 4:57:02.501467995 PM",
="",64060,,,,,105,="",="2/4/2026 4:57:02.501654940 PM",
="",64066,,,,,121,="",="2/4/2026 4:57:02.504851515 PM",
="",64083,,,,,105,="",="2/4/2026 4:57:02.512991945 PM",
="",64112,,,,,105,="",="2/4/2026 4:57:02.522221225 PM",
="",64120,,,,,105,="",="2/4/2026 4:57:02.526229050 PM",
="",64122,,,,,117,="",="2/4/2026 4:57:02.526845525 PM",
="",64124,,,,,105,="",="2/4/2026 4:57:02.527034795 PM",
="",64126,,,,,117,="",="2/4/2026 4:57:02.527651535 PM",
="",64130,,,,,109,="",="2/4/2026 4:57:02.528053100 PM",
="",64135,,,,,121,="",="2/4/2026 4:57:02.529433625 PM",
="",64140,,,,,103,="",="2/4/2026 4:57:02.530103745 PM",
="",64147,,,,,105,="",="2/4/2026 4:57:02.539034870 PM",
="",64165,,,,,109,="",="2/4/2026 4:57:02.545286795 PM",
="",64178,,,,,109,="",="2/4/2026 4:57:02.549833660 PM",
="",64183,,,,,103,="",="2/4/2026 4:57:02.550409045 PM",
="",64185,,,,,105,="",="2/4/2026 4:57:02.550600645 PM",
="",64189,,,,,103,="",="2/4/2026 4:57:02.551861605 PM",
="",64194,,,,,105,="",="2/4/2026 4:57:02.553586930 PM",
="",64224,,,,,121,="",="2/4/2026 4:57:02.561915275 PM",
="",64236,,,,,103,="",="2/4/2026 4:57:02.566604660 PM",
="",64250,,,,,109,="",="2/4/2026 4:57:02.570258750 PM",
="",64256,,,,,109,="",="2/4/2026 4:57:02.572524575 PM",
="",64257,,,,,117,="",="2/4/2026 4:57:02.572574915 PM",
="",64267,,,,,117,="",="2/4/2026 4:57:02.575476535 PM",
="",64282,,,,,103,="",="2/4/2026 4:57:02.579593315 PM",
="",64297,,,,,109,="",="2/4/2026 4:57:02.584989685 PM",
="",64299,,,,,109,="",="2/4/2026 4:57:02.585444440 PM",
="",64301,,,,,105,="",="2/4/2026 4:57:02.585572355 PM",
="",64306,,,,,105,="",="2/4/2026 4:57:02.586546495 PM",
="",64313,,,,,474,="",="2/4/2026 4:57:02.587490145 PM",
="",64314,,,,,117,="",="2/4/2026 4:57:02.590907590 PM",
="",64320,,,,,397,="",="2/4/2026 4:57:02.592124410 PM",
="",64328,,,,,103,="",="2/4/2026 4:57:02.594946505 PM",
="",64331,,,,,109,="",="2/4/2026 4:57:02.596029770 PM",
="",64334,,,,,105,="",="2/4/2026 4:57:02.596845810 PM",
="",64341,,,,,121,="",="2/4/2026 4:57:02.597974770 PM",
="",64349,,,,,105,="",="2/4/2026 4:57:02.600267195 PM",
="",64355,,,,,117,="",="2/4/2026 4:57:02.602156955 PM",
="",64357,,,,,109,="",="2/4/2026 4:57:02.602437280 PM",
="",64360,,,,,105,="",="2/4/2026 4:57:02.604059025 PM",
="",64364,,,,,109,="",="2/4/2026 4:57:02.606428770 PM",
="",64366,,,,,109,="",="2/4/2026 4:57:02.606710490 PM",
="",64368,,,,,117,="",="2/4/2026 4:57:02.607337835 PM",
="",64370,,,,,103,="",="2/4/2026 4:57:02.607631185 PM",
="",64388,,,,,109,="",="2/4/2026 4:57:02.612039670 PM",
="",64394,,,,,103,="",="2/4/2026 4:57:02.614602360 PM",
="",64398,,,,,103,="",="2/4/2026 4:57:02.616334400 PM",
="",64400,,,,,109,="",="2/4/2026 4:57:02.617134800 PM",
="",64424,,,,,109,="",="2/4/2026 4:57:02.623699090 PM",
="",64438,,,,,109,="",="2/4/2026 4:57:02.627837815 PM",
="",64446,,,,,105,="",="2/4/2026 4:57:02.628792595 PM",
="",64453,,,,,229,="",="2/4/2026 4:57:02.631874215 PM",
="",64458,,,,,109,="",="2/4/2026 4:57:02.633486010 PM",
="",64486,,,,,109,="",="2/4/2026 4:57:02.642010030 PM",
="",64497,,,,,109,="",="2/4/2026 4:57:02.645998335 PM",
="",64502,,,,,121,="",="2/4/2026 4:57:02.648044740 PM",
="",64507,,,,,109,="",="2/4/2026 4:57:02.650802570 PM",
="",64514,,,,,109,="",="2/4/2026 4:57:02.659256975 PM",
="",64526,,,,,103,="",="2/4/2026 4:57:02.664061875 PM",
="",64528,,,,,105,="",="2/4/2026 4:57:02.664250290 PM",
="",64538,,,,,109,="",="2/4/2026 4:57:02.667458915 PM",
="",64540,,,,,103,="",="2/4/2026 4:57:02.668111370 PM",
="",64558,,,,,117,="",="2/4/2026 4:57:02.681903160 PM",
="",64561,,,,,109,="",="2/4/2026 4:57:02.682330710 PM",
="",64578,,,,,117,="",="2/4/2026 4:57:02.688722475 PM",
="",64581,,,,,121,="",="2/4/2026 4:57:02.689668545 PM",
="",64585,,,,,410,="",="2/4/2026 4:57:02.693266515 PM",
="",64586,,,,,121,="",="2/4/2026 4:57:02.693830605 PM",
="",64588,,,,,227,="",="2/4/2026 4:57:02.694025340 PM",
="",64592,,,,,121,="",="2/4/2026 4:57:02.695358635 PM",
="",64594,,,,,105,="",="2/4/2026 4:57:02.695548285 PM",
="",64599,,,,,105,="",="2/4/2026 4:57:02.698892625 PM",
="",64603,,,,,105,="",="2/4/2026 4:57:02.699888245 PM",
="",64638,,,,,109,="",="2/4/2026 4:57:02.721474720 PM",
="",64646,,,,,109,="",="2/4/2026 4:57:02.723985850 PM",
="",64653,,,,,109,="",="2/4/2026 4:57:02.725708290 PM",
="",64663,,,,,121,="",="2/4/2026 4:57:02.727588460 PM",
="",64671,,,,,105,="",="2/4/2026 4:57:02.729705785 PM",
="",64679,,,,,109,="",="2/4/2026 4:57:02.731048550 PM",
="",64681,,,,,105,="",="2/4/2026 4:57:02.731193600 PM",
="",64692,,,,,105,="",="2/4/2026 4:57:02.736094600 PM",
="",64693,,,,,109,="",="2/4/2026 4:57:02.736232830 PM",
="",64695,,,,,117,="",="2/4/2026 4:57:02.739108140 PM",
="",64699,,,,,109,="",="2/4/2026 4:57:02.745283915 PM",
="",64704,,,,,117,="",="2/4/2026 4:57:02.747308825 PM",
="",64707,,,,,229,="",="2/4/2026 4:57:02.749473180 PM",
="",64708,,,,,3229,="",="2/4/2026 4:57:02.749545365 PM",
="",64715,,,,,105,="",="2/4/2026 4:57:02.752280415 PM",
="",64725,,,,,105,="",="2/4/2026 4:57:02.756206610 PM",
="",64728,,,,,105,="",="2/4/2026 4:57:02.756721595 PM",
="",64731,,,,,105,="",="2/4/2026 4:57:02.757277460 PM",
="",64733,,,,,105,="",="2/4/2026 4:57:02.757927690 PM",
="",64736,,,,,105,="",="2/4/2026 4:57:02.760807930 PM",
="",64743,,,,,117,="",="2/4/2026 4:57:02.762503675 PM",
="",64744,,,,,117,="",="2/4/2026 4:57:02.762686070 PM",
="",64749,,,,,105,="",="2/4/2026 4:57:02.765932540 PM",
="",64759,,,,,109,="",="2/4/2026 4:57:02.770505375 PM",
="",64775,,,,,105,="",="2/4/2026 4:57:02.778007125 PM",
="",64778,,,,,109,="",="2/4/2026 4:57:02.778616830 PM",
="",64783,,,,,105,="",="2/4/2026 4:57:02.779657735 PM",
="",64791,,,,,117,="",="2/4/2026 4:57:02.781525835 PM",
="",64796,,,,,105,="",="2/4/2026 4:57:02.784591950 PM",
="",64819,,,,,109,="",="2/4/2026 4:57:02.790500940 PM",
="",64827,,,,,109,="",="2/4/2026 4:57:02.793398020 PM",
="",64828,,,,,117,="",="2/4/2026 4:57:02.794804715 PM",
="",64829,,,,,117,="",="2/4/2026 4:57:02.795605820 PM",
="",64831,,,,,109,="",="2/4/2026 4:57:02.797530065 PM",
="",64841,,,,,404,="",="2/4/2026 4:57:02.799502140 PM",
="",64851,,,,,109,="",="2/4/2026 4:57:02.803300065 PM",
="",64853,,,,,109,="",="2/4/2026 4:57:02.803576385 PM",
="",64861,,,,,109,="",="2/4/2026 4:57:02.807383800 PM",
="",64865,,,,,302,="",="2/4/2026 4:57:02.808375060 PM",
="",64877,,,,,117,="",="2/4/2026 4:57:02.818990720 PM",
="",64912,,,,,105,="",="2/4/2026 4:57:02.831001990 PM",
="",64924,,,,,105,="",="2/4/2026 4:57:02.834801885 PM",
="",64934,,,,,105,="",="2/4/2026 4:57:02.837940710 PM",
="",64938,,,,,105,="",="2/4/2026 4:57:02.838546085 PM",
="",64947,,,,,121,="",="2/4/2026 4:57:02.841792675 PM",
="",64963,,,,,105,="",="2/4/2026 4:57:02.845822315 PM",
="",64974,,,,,117,="",="2/4/2026 4:57:02.849331425 PM",
="",64975,,,,,105,="",="2/4/2026 4:57:02.850736050 PM",
="",64985,,,,,117,="",="2/4/2026 4:57:02.863392515 PM",
="",64990,,,,,414,="",="2/4/2026 4:57:02.877014425 PM",
="",64991,,,,,414,="",="2/4/2026 4:57:02.878949635 PM",
="",64995,,,,,105,="",="2/4/2026 4:57:02.880883630 PM",
="",64996,,,,,105,="",="2/4/2026 4:57:02.881022290 PM",
="",65006,,,,,105,="",="2/4/2026 4:57:02.883095920 PM",
="",65011,,,,,109,="",="2/4/2026 4:57:02.884509515 PM",
="",65013,,,,,414,="",="2/4/2026 4:57:02.886014375 PM",
="",65014,,,,,398,="",="2/4/2026 4:57:02.887745635 PM",
="",65018,,,,,105,="",="2/4/2026 4:57:02.889093330 PM",
="",65021,,,,,117,="",="2/4/2026 4:57:02.890386870 PM",
="",65022,,,,,121,="",="2/4/2026 4:57:02.890770195 PM",
="",65028,,,,,109,="",="2/4/2026 4:57:02.892045370 PM",
="",65043,,,,,398,="",="2/4/2026 4:57:02.901768285 PM",
="",65048,,,,,398,="",="2/4/2026 4:57:02.909130425 PM",
="",65064,,,,,121,="",="2/4/2026 4:57:02.921052715 PM",
="",65073,,,,,105,="",="2/4/2026 4:57:02.926559130 PM",
="",65097,,,,,105,="",="2/4/2026 4:57:02.937290560 PM",
="",65113,,,,,117,="",="2/4/2026 4:57:02.941360255 PM",
="",65139,,,,,105,="",="2/4/2026 4:57:02.955489135 PM",
="",65144,,,,,121,="",="2/4/2026 4:57:02.956559545 PM",
="",65169,,,,,121,="",="2/4/2026 4:57:02.980875350 PM",
="",65182,,,,,117,="",="2/4/2026 4:57:02.992353375 PM",
="",65190,,,,,105,="",="2/4/2026 4:57:02.995373340 PM",
="",65195,,,,,410,="",="2/4/2026 4:57:03.000328480 PM",
="",65196,,,,,229,="",="2/4/2026 4:57:03.000786835 PM",
="",65213,,,,,109,="",="2/4/2026 4:57:03.009881235 PM",
="",65225,,,,,117,="",="2/4/2026 4:57:03.014209465 PM",
="",65228,,,,,121,="",="2/4/2026 4:57:03.014690115 PM",
="",65248,,,,,105,="",="2/4/2026 4:57:03.038387065 PM",
="",65254,,,,,103,="",="2/4/2026 4:57:03.039076265 PM",
="",65269,,,,,109,="",="2/4/2026 4:57:03.045168015 PM",
="",65271,,,,,105,="",="2/4/2026 4:57:03.045650040 PM",
="",65291,,,,,109,="",="2/4/2026 4:57:03.064817270 PM",
="",65292,,,,,117,="",="2/4/2026 4:57:03.064868210 PM",
="",65293,,,,,117,="",="2/4/2026 4:57:03.068357745 PM",
="",65294,,,,,117,="",="2/4/2026 4:57:03.069250080 PM",
="",65296,,,,,99,="",="2/4/2026 4:57:03.070181805 PM",
="",65314,,,,,103,="",="2/4/2026 4:57:03.091377005 PM",
="",65325,,,,,105,="",="2/4/2026 4:57:03.093614340 PM",
="",65327,,,,,109,="",="2/4/2026 4:57:03.093983740 PM",
="",65329,,,,,105,="",="2/4/2026 4:57:03.094451405 PM",
="",65331,,,,,109,="",="2/4/2026 4:57:03.094896090 PM",
="",65333,,,,,117,="",="2/4/2026 4:57:03.095155505 PM",
="",65346,,,,,117,="",="2/4/2026 4:57:03.104125560 PM",
="",65347,,,,,117,="",="2/4/2026 4:57:03.104307635 PM",
="",65358,,,,,117,="",="2/4/2026 4:57:03.115138430 PM",
="",65361,,,,,117,="",="2/4/2026 4:57:03.116136115 PM",
="",65362,,,,,105,="",="2/4/2026 4:57:03.116536240 PM",
="",65376,,,,,105,="",="2/4/2026 4:57:03.120284760 PM",
="",65381,,,,,109,="",="2/4/2026 4:57:03.121916300 PM",
="",65390,,,,,103,="",="2/4/2026 4:57:03.126276540 PM",
="",65396,,,,,109,="",="2/4/2026 4:57:03.129978085 PM",
="",65413,,,,,109,="",="2/4/2026 4:57:03.136561710 PM",
="",65420,,,,,117,="",="2/4/2026 4:57:03.139806535 PM",
="",65434,,,,,105,="",="2/4/2026 4:57:03.142608860 PM",
="",65464,,,,,109,="",="2/4/2026 4:57:03.151455560 PM",
="",65478,,,,,117,="",="2/4/2026 4:57:03.174570690 PM",
="",65483,,,,,121,="",="2/4/2026 4:57:03.176943595 PM",
="",65487,,,,,117,="",="2/4/2026 4:57:03.177455445 PM",
="",65507,,,,,105,="",="2/4/2026 4:57:03.191164800 PM",
="",65525,,,,,121,="",="2/4/2026 4:57:03.197534935 PM",
="",65543,,,,,105,="",="2/4/2026 4:57:03.221378945 PM",
="",65552,,,,,229,="",="2/4/2026 4:57:03.224734075 PM",
="",65556,,,,,121,="",="2/4/2026 4:57:03.225232030 PM",
="",65588,,,,,121,="",="2/4/2026 4:57:03.237575600 PM",
="",65596,,,,,117,="",="2/4/2026 4:57:03.240410465 PM",
="",65599,,,,,105,="",="2/4/2026 4:57:03.241746020 PM",
="",65601,,,,,103,="",="2/4/2026 4:57:03.242050830 PM",
="",65611,,,,,105,="",="2/4/2026 4:57:03.243406110 PM",
="",65621,,,,,117,="",="2/4/2026 4:57:03.247271210 PM",
="",65637,,,,,117,="",="2/4/2026 4:57:03.270823365 PM",
="",65640,,,,,117,="",="2/4/2026 4:57:03.271294920 PM",
="",65642,,,,,105,="",="2/4/2026 4:57:03.274362315 PM",
="",65650,,,,,117,="",="2/4/2026 4:57:03.280691600 PM",
="",65651,,,,,117,="",="2/4/2026 4:57:03.280758785 PM",
="",65652,,,,,117,="",="2/4/2026 4:57:03.281614985 PM",
="",65653,,,,,105,="",="2/4/2026 4:57:03.281752565 PM",
="",65658,,,,,117,="",="2/4/2026 4:57:03.284362445 PM",
="",65659,,,,,117,="",="2/4/2026 4:57:03.284591255 PM",
="",65661,,,,,117,="",="2/4/2026 4:57:03.285425615 PM",
="",65665,,,,,109,="",="2/4/2026 4:57:03.287815895 PM",
="",65668,,,,,117,="",="2/4/2026 4:57:03.290131125 PM",
="",65670,,,,,99,="",="2/4/2026 4:57:03.290701355 PM",
="",65671,,,,,117,="",="2/4/2026 4:57:03.290829145 PM",
="",65682,,,,,109,="",="2/4/2026 4:57:03.301300385 PM",
="",65691,,,,,117,="",="2/4/2026 4:57:03.304628035 PM",
="",65692,,,,,117,="",="2/4/2026 4:57:03.305539865 PM",
="",65696,,,,,121,="",="2/4/2026 4:57:03.308117770 PM",
="",65697,,,,,117,="",="2/4/2026 4:57:03.308169000 PM",
="",65698,,,,,117,="",="2/4/2026 4:57:03.308451320 PM",
="",65709,,,,,103,="",="2/4/2026 4:57:03.314135830 PM",
="",65721,,,,,117,="",="2/4/2026 4:57:03.319387150 PM",
="",65724,,,,,117,="",="2/4/2026 4:57:03.321060050 PM",
="",65727,,,,,109,="",="2/4/2026 4:57:03.322913425 PM",
="",65734,,,,,515,="",="2/4/2026 4:57:03.327672730 PM",
="",65746,,,,,103,="",="2/4/2026 4:57:03.333307610 PM",
="",65780,,,,,105,="",="2/4/2026 4:57:03.344865070 PM",
="",65781,,,,,105,="",="2/4/2026 4:57:03.345050545 PM",
="",65784,,,,,105,="",="2/4/2026 4:57:03.347941960 PM",
="",65787,,,,,117,="",="2/4/2026 4:57:03.348302395 PM",
="",65808,,,,,109,="",="2/4/2026 4:57:03.354481725 PM",
="",65824,,,,,109,="",="2/4/2026 4:57:03.368495320 PM",
="",65828,,,,,121,="",="2/4/2026 4:57:03.369366510 PM",
="",65848,,,,,105,="",="2/4/2026 4:57:03.378041605 PM",
="",65851,,,,,103,="",="2/4/2026 4:57:03.379078515 PM",
="",65861,,,,,103,="",="2/4/2026 4:57:03.381621325 PM",
="",65868,,,,,117,="",="2/4/2026 4:57:03.384719585 PM",
="",65874,,,,,117,="",="2/4/2026 4:57:03.386240950 PM",
="",65884,,,,,109,="",="2/4/2026 4:57:03.388007195 PM",
="",65891,,,,,109,="",="2/4/2026 4:57:03.390683560 PM",
="",65897,,,,,117,="",="2/4/2026 4:57:03.392764340 PM",
="",65900,,,,,109,="",="2/4/2026 4:57:03.393777490 PM",
="",65920,,,,,105,="",="2/4/2026 4:57:03.399664965 PM",
="",65936,,,,,105,="",="2/4/2026 4:57:03.407734945 PM",
="",65937,,,,,117,="",="2/4/2026 4:57:03.410419670 PM",
="",65939,,,,,397,="",="2/4/2026 4:57:03.411435800 PM",
="",65943,,,,,109,="",="2/4/2026 4:57:03.415700830 PM",
="",65949,,,,,103,="",="2/4/2026 4:57:03.418849975 PM",
="",65951,,,,,117,="",="2/4/2026 4:57:03.419181195 PM",
="",65954,,,,,109,="",="2/4/2026 4:57:03.420668660 PM",
="",65967,,,,,109,="",="2/4/2026 4:57:03.425049490 PM",
="",65978,,,,,109,="",="2/4/2026 4:57:03.427470095 PM",
="",65985,,,,,117,="",="2/4/2026 4:57:03.431093600 PM",
="",65988,,,,,117,="",="2/4/2026 4:57:03.432313335 PM",
="",65990,,,,,105,="",="2/4/2026 4:57:03.433018795 PM",
="",66000,,,,,117,="",="2/4/2026 4:57:03.436077630 PM",
="",66005,,,,,105,="",="2/4/2026 4:57:03.438119605 PM",
="",66009,,,,,105,="",="2/4/2026 4:57:03.438691430 PM",
="",66017,,,,,105,="",="2/4/2026 4:57:03.440725445 PM",
="",66023,,,,,105,="",="2/4/2026 4:57:03.443234895 PM",
="",66025,,,,,117,="",="2/4/2026 4:57:03.443745625 PM",
="",66026,,,,,105,="",="2/4/2026 4:57:03.444515180 PM",
="",66031,,,,,105,="",="2/4/2026 4:57:03.446555835 PM",
="",66040,,,,,105,="",="2/4/2026 4:57:03.450726735 PM",
="",66052,,,,,99,="",="2/4/2026 4:57:03.453482515 PM",
="",66058,,,,,99,="",="2/4/2026 4:57:03.457059510 PM",
="",66062,,,,,117,="",="2/4/2026 4:57:03.457994550 PM",
="",66064,,,,,117,="",="2/4/2026 4:57:03.458369595 PM",
="",66065,,,,,117,="",="2/4/2026 4:57:03.459128550 PM",
="",66068,,,,,105,="",="2/4/2026 4:57:03.460539895 PM",
="",66075,,,,,117,="",="2/4/2026 4:57:03.463087720 PM",
="",66078,,,,,105,="",="2/4/2026 4:57:03.464680260 PM",
="",66094,,,,,117,="",="2/4/2026 4:57:03.471214555 PM",
="",66100,,,,,105,="",="2/4/2026 4:57:03.473668570 PM",
="",66103,,,,,349,="",="2/4/2026 4:57:03.473978625 PM",
="",66110,,,,,105,="",="2/4/2026 4:57:03.488026780 PM",
="",66111,,,,,99,="",="2/4/2026 4:57:03.488063945 PM",
="",66116,,,,,117,="",="2/4/2026 4:57:03.490217375 PM",
="",66120,,,,,117,="",="2/4/2026 4:57:03.491877425 PM",
="",66123,,,,,109,="",="2/4/2026 4:57:03.492121260 PM",
="",66125,,,,,117,="",="2/4/2026 4:57:03.493413350 PM",
="",66126,,,,,383,="",="2/4/2026 4:57:03.493809095 PM",
="",66133,,,,,117,="",="2/4/2026 4:57:03.501167415 PM",
="",66136,,,,,99,="",="2/4/2026 4:57:03.504366900 PM",
="",66137,,,,,117,="",="2/4/2026 4:57:03.504513130 PM",
="",66142,,,,,117,="",="2/4/2026 4:57:03.519109605 PM",
="",66143,,,,,105,="",="2/4/2026 4:57:03.519190075 PM",
="",66145,,,,,117,="",="2/4/2026 4:57:03.519487890 PM",
="",66147,,,,,105,="",="2/4/2026 4:57:03.520617875 PM",
="",66149,,,,,117,="",="2/4/2026 4:57:03.521263105 PM",
="",66152,,,,,117,="",="2/4/2026 4:57:03.522449560 PM",
="",66153,,,,,117,="",="2/4/2026 4:57:03.523077830 PM",
="",66156,,,,,117,="",="2/4/2026 4:57:03.529253955 PM",
="",66157,,,,,105,="",="2/4/2026 4:57:03.529725590 PM",
="",66159,,,,,117,="",="2/4/2026 4:57:03.530559055 PM",
="",66169,,,,,105,="",="2/4/2026 4:57:03.536359350 PM",
="",66179,,,,,105,="",="2/4/2026 4:57:03.540328800 PM",
="",66182,,,,,117,="",="2/4/2026 4:57:03.545029725 PM",
="",66186,,,,,99,="",="2/4/2026 4:57:03.546514530 PM",
="",66190,,,,,121,="",="2/4/2026 4:57:03.547804320 PM",
="",66194,,,,,99,="",="2/4/2026 4:57:03.548910000 PM",
="",66199,,,,,117,="",="2/4/2026 4:57:03.550107120 PM",
="",66200,,,,,105,="",="2/4/2026 4:57:03.550246460 PM",
="",66201,,,,,105,="",="2/4/2026 4:57:03.550400080 PM",
="",66205,,,,,99,="",="2/4/2026 4:57:03.550925290 PM",
="",66208,,,,,105,="",="2/4/2026 4:57:03.551527345 PM",
="",66212,,,,,117,="",="2/4/2026 4:57:03.552189910 PM",
="",66218,,,,,117,="",="2/4/2026 4:57:03.555224570 PM",
="",66222,,,,,99,="",="2/4/2026 4:57:03.556839915 PM",
="",66228,,,,,117,="",="2/4/2026 4:57:03.559476860 PM",
="",66231,,,,,117,="",="2/4/2026 4:57:03.560683515 PM",
="",66235,,,,,109,="",="2/4/2026 4:57:03.565101490 PM",
="",66239,,,,,117,="",="2/4/2026 4:57:03.569286100 PM",
="",66246,,,,,99,="",="2/4/2026 4:57:03.580953510 PM",
="",66248,,,,,117,="",="2/4/2026 4:57:03.583014095 PM",
="",66253,,,,,109,="",="2/4/2026 4:57:03.588272455 PM",
="",66268,,,,,117,="",="2/4/2026 4:57:03.599145255 PM",
="",66272,,,,,99,="",="2/4/2026 4:57:03.599708560 PM",
="",66283,,,,,109,="",="2/4/2026 4:57:03.607573495 PM",
="",66290,,,,,117,="",="2/4/2026 4:57:03.611098155 PM",
="",66292,,,,,229,="",="2/4/2026 4:57:03.614765795 PM",
="",66294,,,,,117,="",="2/4/2026 4:57:03.619448740 PM",
="",66298,,,,,105,="",="2/4/2026 4:57:03.620963970 PM",
="",66302,,,,,105,="",="2/4/2026 4:57:03.623613920 PM",
="",66316,,,,,105,="",="2/4/2026 4:57:03.630900150 PM",
="",66325,,,,,105,="",="2/4/2026 4:57:03.643686275 PM",
="",66328,,,,,105,="",="2/4/2026 4:57:03.647369285 PM",
="",66337,,,,,105,="",="2/4/2026 4:57:03.651161400 PM",
="",66346,,,,,105,="",="2/4/2026 4:57:03.652523170 PM",
="",66351,,,,,117,="",="2/4/2026 4:57:03.653368410 PM",
="",66353,,,,,105,="",="2/4/2026 4:57:03.653699425 PM",
="",66362,,,,,109,="",="2/4/2026 4:57:03.656744095 PM",
="",66378,,,,,109,="",="2/4/2026 4:57:03.662787215 PM",
="",66408,,,,,105,="",="2/4/2026 4:57:03.686579200 PM",
="",66412,,,,,117,="",="2/4/2026 4:57:03.688457260 PM",
="",66418,,,,,117,="",="2/4/2026 4:57:03.690501435 PM",
="",66419,,,,,117,="",="2/4/2026 4:57:03.690778420 PM",
="",66437,,,,,117,="",="2/4/2026 4:57:03.699066980 PM",
="",66443,,,,,105,="",="2/4/2026 4:57:03.700937650 PM",
="",66445,,,,,105,="",="2/4/2026 4:57:03.701445660 PM",
="",66449,,,,,117,="",="2/4/2026 4:57:03.702958815 PM",
="",66459,,,,,229,="",="2/4/2026 4:57:03.707249450 PM",
="",66479,,,,,109,="",="2/4/2026 4:57:03.713176920 PM",
="",66481,,,,,109,="",="2/4/2026 4:57:03.713632020 PM",
="",66483,,,,,117,="",="2/4/2026 4:57:03.714137515 PM",
="",66489,,,,,109,="",="2/4/2026 4:57:03.719328190 PM",
="",66492,,,,,105,="",="2/4/2026 4:57:03.720162140 PM",
="",66494,,,,,117,="",="2/4/2026 4:57:03.721043260 PM",
="",66500,,,,,109,="",="2/4/2026 4:57:03.722279900 PM",
="",66503,,,,,109,="",="2/4/2026 4:57:03.723882175 PM",
="",66519,,,,,103,="",="2/4/2026 4:57:03.727708590 PM",
="",66527,,,,,117,="",="2/4/2026 4:57:03.730447100 PM",
="",66535,,,,,109,="",="2/4/2026 4:57:03.733531315 PM",
="",66548,,,,,105,="",="2/4/2026 4:57:03.741912145 PM",
="",66553,,,,,117,="",="2/4/2026 4:57:03.743850160 PM",
="",66571,,,,,105,="",="2/4/2026 4:57:03.751224510 PM",
="",66572,,,,,105,="",="2/4/2026 4:57:03.751503175 PM",
="",66579,,,,,302,="",="2/4/2026 4:57:03.753340115 PM",
="",66582,,,,,105,="",="2/4/2026 4:57:03.757006550 PM",
="",66592,,,,,109,="",="2/4/2026 4:57:03.758683265 PM",
="",66612,,,,,109,="",="2/4/2026 4:57:03.763152965 PM",
="",66613,,,,,117,="",="2/4/2026 4:57:03.763200530 PM",
="",66622,,,,,109,="",="2/4/2026 4:57:03.766260175 PM",
="",66653,,,,,109,="",="2/4/2026 4:57:03.777785855 PM",
="",66660,,,,,117,="",="2/4/2026 4:57:03.781050000 PM",
="",66675,,,,,109,="",="2/4/2026 4:57:03.792705425 PM",
="",66709,,,,,109,="",="2/4/2026 4:57:03.804990580 PM",
="",66711,,,,,103,="",="2/4/2026 4:57:03.805276525 PM",
="",66724,,,,,109,="",="2/4/2026 4:57:03.811714210 PM",
="",66736,,,,,121,="",="2/4/2026 4:57:03.816002945 PM",
="",66739,,,,,117,="",="2/4/2026 4:57:03.819755425 PM",
="",66740,,,,,420,="",="2/4/2026 4:57:03.819969670 PM",
="",66741,,,,,105,="",="2/4/2026 4:57:03.821159170 PM",
="",66743,,,,,109,="",="2/4/2026 4:57:03.821775915 PM",
="",66744,,,,,117,="",="2/4/2026 4:57:03.821826255 PM",
="",66777,,,,,109,="",="2/4/2026 4:57:03.851100565 PM",
="",66790,,,,,105,="",="2/4/2026 4:57:03.857998915 PM",
="",66805,,,,,121,="",="2/4/2026 4:57:03.860977305 PM",
="",66808,,,,,117,="",="2/4/2026 4:57:03.861708260 PM",
