Bookmark,Frame#,SSI,Type,Subtype,Seq #,Addresses,Receive Addr,Transmit Addr,Address 3,ToDS,FromDS,Frag,Retry,More,Protected,FCS,Frame Size,Delta,Timestamp,
="",13,,,,,,,,,,,,,,,,427,="",="2/6/2026 4:56:58.219337770 PM",
="",14,,,,,,,,,,,,,,,,424,="",="2/6/2026 4:56:58.220177955 PM",
="",15,,,,,,,,,,,,,,,,397,="",="2/6/2026 4:56:58.221173570 PM",
="",16,,,,,,,,,,,,,,,,303,="",="2/6/2026 4:56:58.226388755 PM",
="",32,,,,,,,,,,,,,,,,388,="",="2/6/2026 4:56:58.269706415 PM",
="",38,,,,,,,,,,,,,,,,113,="",="2/6/2026 4:56:58.272322910 PM",
="",46,,,,,,,,,,,,,,,,424,="",="2/6/2026 4:56:58.323335685 PM",
="",47,,,,,,,,,,,,,,,,303,="",="2/6/2026 4:56:58.328914070 PM",
="",53,,,,,,,,,,,,,,,,435,="",="2/6/2026 4:56:58.370045015 PM",
="",54,,,,,,,,,,,,,,,,435,="",="2/6/2026 4:56:58.370492060 PM",
="",56,,,,,,,,,,,,,,,,434,="",="2/6/2026 4:56:58.370939105 PM",
="",57,,,,,,,,,,,,,,,,434,="",="2/6/2026 4:56:58.371385420 PM",
="",58,,,,,,,,,,,,,,,,397,="",="2/6/2026 4:56:58.371831740 PM",
="",65,,,,,,,,,,,,,,,,400,="",="2/6/2026 4:56:58.382617575 PM",
="",69,,,,,,,,,,,,,,,,464,="",="2/6/2026 4:56:58.391815795 PM",
="",71,,,,,,,,,,,,,,,,373,="",="2/6/2026 4:56:58.399744115 PM",
="",75,,,,,,,,,,,,,,,,427,="",="2/6/2026 4:56:58.424139640 PM",
="",76,,,,,,,,,,,,,,,,303,="",="2/6/2026 4:56:58.431083420 PM",
="",84,,,,,,,,,,,,,,,,435,="",="2/6/2026 4:56:58.474273715 PM",
="",85,,,,,,,,,,,,,,,,435,="",="2/6/2026 4:56:58.474720760 PM",
="",96,,,,,,,,,,,,,,,,427,="",="2/6/2026 4:56:58.528545170 PM",
="",97,,,,,,,,,,,,,,,,424,="",="2/6/2026 4:56:58.528986395 PM",
="",99,,,,,,,,,,,,,,,,303,="",="2/6/2026 4:56:58.535205220 PM",
="",100,,,,,,,,,,,,,,,,323,="",="2/6/2026 4:56:58.537582740 PM",
="",113,,,,,,,,,,,,,,,,421,="",="2/6/2026 4:56:58.579280790 PM",
="",119,,,,,,,,,,,,,,,,373,="",="2/6/2026 4:56:58.606863195 PM",
="",123,,,,,,,,,,,,,,,,465,="",="2/6/2026 4:56:58.633744565 PM",
="",134,,,,,,,,,,,,,,,,435,="",="2/6/2026 4:56:58.674429880 PM",
="",135,,,,,,,,,,,,,,,,435,="",="2/6/2026 4:56:58.675245745 PM",
="",136,,,,,,,,,,,,,,,,434,="",="2/6/2026 4:56:58.676082550 PM",
="",137,,,,,,,,,,,,,,,,397,="",="2/6/2026 4:56:58.677648945 PM",
="",142,,,,,,,,,,,,,,,,113,="",="2/6/2026 4:56:58.682202545 PM",
="",147,,,,,,,,,,,,,,,,229,="",="2/6/2026 4:56:58.692339405 PM",
="",153,,,,,,,,,,,,,,,,428,="",="2/6/2026 4:56:58.701373930 PM",
="",158,,,,,,,,,,,,,,,,427,="",="2/6/2026 4:56:58.731341810 PM",
="",173,,,,,,,,,,,,,,,,435,="",="2/6/2026 4:56:58.776826425 PM",
="",174,,,,,,,,,,,,,,,,434,="",="2/6/2026 4:56:58.779274225 PM",
="",175,,,,,,,,,,,,,,,,397,="",="2/6/2026 4:56:58.780044930 PM",
="",177,,,,,,,,,,,,,,,,388,="",="2/6/2026 4:56:58.781032275 PM",
="",197,,,,,,,,,,,,,,,,303,="",="2/6/2026 4:56:58.840689495 PM",
="",209,,,,,,,,,,,,,,,,229,="",="2/6/2026 4:56:58.879529065 PM",
="",223,,,,,,,,,,,,,,,,373,="",="2/6/2026 4:56:58.911422040 PM",
="",230,,,,,,,,,,,,,,,,427,="",="2/6/2026 4:56:58.936143580 PM",
="",243,,,,,,,,,,,,,,,,435,="",="2/6/2026 4:56:58.981631065 PM",
="",244,,,,,,,,,,,,,,,,435,="",="2/6/2026 4:56:58.982428995 PM",
="",246,,,,,,,,,,,,,,,,434,="",="2/6/2026 4:56:58.983203170 PM",
="",265,,,,,,,,,,,,,,,,340,="",="2/6/2026 4:56:59.005681745 PM",
="",269,,,,,,,,,,,,,,,,229,="",="2/6/2026 4:56:59.039380700 PM",
="",283,,,,,,,,,,,,,,,,297,="",="2/6/2026 4:56:59.057786565 PM",
="",327,,,,,,,,,,,,,,,,435,="",="2/6/2026 4:56:59.186357395 PM",
="",329,,,,,,,,,,,,,,,,435,="",="2/6/2026 4:56:59.187181940 PM",
="",333,,,,,,,,,,,,,,,,388,="",="2/6/2026 4:56:59.190953835 PM",
="",339,,,,,,,,,,,,,,,,413,="",="2/6/2026 4:56:59.194301595 PM",
="",345,,,,,,,,,,,,,,,,367,="",="2/6/2026 4:56:59.214159740 PM",
="",348,,,,,,,,,,,,,,,,424,="",="2/6/2026 4:56:59.244138750 PM",
="",362,,,,,,,,,,,,,,,,323,="",="2/6/2026 4:56:59.286712440 PM",
="",366,,,,,,,,,,,,,,,,434,="",="2/6/2026 4:56:59.291161230 PM",
="",387,,,,,,,,,,,,,,,,99,="",="2/6/2026 4:56:59.340357835 PM",
="",389,,,,,,,,,,,,,,,,427,="",="2/6/2026 4:56:59.345746845 PM",
="",390,,,,,,,,,,,,,,,,424,="",="2/6/2026 4:56:59.346605390 PM",
="",392,,,,,,,,,,,,,,,,303,="",="2/6/2026 4:56:59.352688665 PM",
="",404,,,,,,,,,,,,,,,,435,="",="2/6/2026 4:56:59.391861945 PM",
="",405,,,,,,,,,,,,,,,,435,="",="2/6/2026 4:56:59.392937395 PM",
="",406,,,,,,,,,,,,,,,,434,="",="2/6/2026 4:56:59.393728810 PM",
="",407,,,,,,,,,,,,,,,,434,="",="2/6/2026 4:56:59.394567610 PM",
="",408,,,,,,,,,,,,,,,,397,="",="2/6/2026 4:56:59.395379290 PM",
="",419,,,,,,,,,,,,,,,,464,="",="2/6/2026 4:56:59.413468745 PM",
="",427,,,,,,,,,,,,,,,,427,="",="2/6/2026 4:56:59.448150485 PM",
="",428,,,,,,,,,,,,,,,,424,="",="2/6/2026 4:56:59.448968935 PM",
="",445,,,,,,,,,,,,,,,,435,="",="2/6/2026 4:56:59.493631420 PM",
="",446,,,,,,,,,,,,,,,,435,="",="2/6/2026 4:56:59.494436965 PM",
="",447,,,,,,,,,,,,,,,,434,="",="2/6/2026 4:56:59.495230795 PM",
="",448,,,,,,,,,,,,,,,,397,="",="2/6/2026 4:56:59.496858500 PM",
="",463,,,,,,,,,,,,,,,,427,="",="2/6/2026 4:56:59.550548230 PM",
="",469,,,,,,,,,,,,,,,,421,="",="2/6/2026 4:56:59.567986455 PM",
="",470,,,,,,,,,,,,,,,,421,="",="2/6/2026 4:56:59.568796840 PM",
="",471,,,,,,,,,,,,,,,,421,="",="2/6/2026 4:56:59.569378680 PM",
="",472,,,,,,,,,,,,,,,,421,="",="2/6/2026 4:56:59.569951400 PM",
="",485,,,,,,,,,,,,,,,,435,="",="2/6/2026 4:56:59.596026580 PM",
="",486,,,,,,,,,,,,,,,,435,="",="2/6/2026 4:56:59.596842005 PM",
="",487,,,,,,,,,,,,,,,,434,="",="2/6/2026 4:56:59.597648660 PM",
="",488,,,,,,,,,,,,,,,,434,="",="2/6/2026 4:56:59.598443645 PM",
="",489,,,,,,,,,,,,,,,,397,="",="2/6/2026 4:56:59.599217950 PM",
="",502,,,,,,,,,,,,,,,,388,="",="2/6/2026 4:56:59.619725130 PM",
="",508,,,,,,,,,,,,,,,,424,="",="2/6/2026 4:56:59.653823455 PM",
="",510,,,,,,,,,,,,,,,,397,="",="2/6/2026 4:56:59.654828150 PM",
="",513,,,,,,,,,,,,,,,,558,="",="2/6/2026 4:56:59.663718845 PM",
="",524,,,,,,,,,,,,,,,,435,="",="2/6/2026 4:56:59.698428420 PM",
="",525,,,,,,,,,,,,,,,,435,="",="2/6/2026 4:56:59.699215630 PM",
="",526,,,,,,,,,,,,,,,,434,="",="2/6/2026 4:56:59.699975950 PM",
="",527,,,,,,,,,,,,,,,,229,="",="2/6/2026 4:56:59.700770735 PM",
="",532,,,,,,,,,,,,,,,,365,="",="2/6/2026 4:56:59.706047430 PM",
="",544,,,,,,,,,,,,,,,,99,="",="2/6/2026 4:56:59.747647100 PM",
="",546,,,,,,,,,,,,,,,,99,="",="2/6/2026 4:56:59.748447430 PM",
="",547,,,,,,,,,,,,,,,,428,="",="2/6/2026 4:56:59.748781610 PM",
="",549,,,,,,,,,,,,,,,,428,="",="2/6/2026 4:56:59.750379605 PM",
="",550,,,,,,,,,,,,,,,,428,="",="2/6/2026 4:56:59.750975740 PM",
="",551,,,,,,,,,,,,,,,,428,="",="2/6/2026 4:56:59.751768590 PM",
="",552,,,,,,,,,,,,,,,,428,="",="2/6/2026 4:56:59.752364645 PM",
="",553,,,,,,,,,,,,,,,,427,="",="2/6/2026 4:56:59.755349750 PM",
="",554,,,,,,,,,,,,,,,,424,="",="2/6/2026 4:56:59.756155040 PM",
="",567,,,,,,,,,,,,,,,,435,="",="2/6/2026 4:56:59.800839460 PM",
="",568,,,,,,,,,,,,,,,,435,="",="2/6/2026 4:56:59.801619150 PM",
="",569,,,,,,,,,,,,,,,,434,="",="2/6/2026 4:56:59.802433740 PM",
="",570,,,,,,,,,,,,,,,,434,="",="2/6/2026 4:56:59.803206310 PM",
="",582,,,,,,,,,,,,,,,,340,="",="2/6/2026 4:56:59.824878700 PM",
="",589,,,,,,,,,,,,,,,,427,="",="2/6/2026 4:56:59.857750950 PM",
="",590,,,,,,,,,,,,,,,,424,="",="2/6/2026 4:56:59.858561800 PM",
="",592,,,,,,,,,,,,,,,,471,="",="2/6/2026 4:56:59.862607895 PM",
="",606,,,,,,,,,,,,,,,,229,="",="2/6/2026 4:56:59.903242565 PM",
="",607,,,,,,,,,,,,,,,,435,="",="2/6/2026 4:56:59.904008950 PM",
="",608,,,,,,,,,,,,,,,,434,="",="2/6/2026 4:56:59.904799845 PM",
="",609,,,,,,,,,,,,,,,,434,="",="2/6/2026 4:56:59.905569215 PM",
="",621,,,,,,,,,,,,,,,,229,="",="2/6/2026 4:56:59.921577840 PM",
="",622,,,,,,,,,,,,,,,,229,="",="2/6/2026 4:56:59.926495150 PM",
="",623,,,,,,,,,,,,,,,,113,="",="2/6/2026 4:56:59.931095140 PM",
="",625,,,,,,,,,,,,,,,,398,="",="2/6/2026 4:56:59.942560840 PM",
="",626,,,,,,,,,,,,,,,,333,="",="2/6/2026 4:56:59.954007305 PM",
="",631,,,,,,,,,,,,,,,,229,="",="2/6/2026 4:56:59.988075585 PM",
="",637,,,,,,,,,,,,,,,,434,="",="2/6/2026 4:57:00.007888910 PM",
="",638,,,,,,,,,,,,,,,,113,="",="2/6/2026 4:57:00.010224220 PM",
="",646,,,,,,,,,,,,,,,,427,="",="2/6/2026 4:57:00.062569350 PM",
="",647,,,,,,,,,,,,,,,,424,="",="2/6/2026 4:57:00.063399775 PM",
="",652,,,,,,,,,,,,,,,,362,="",="2/6/2026 4:57:00.084398665 PM",
="",657,,,,,,,,,,,,,,,,435,="",="2/6/2026 4:57:00.108044990 PM",
="",658,,,,,,,,,,,,,,,,435,="",="2/6/2026 4:57:00.108850030 PM",
="",659,,,,,,,,,,,,,,,,434,="",="2/6/2026 4:57:00.109633925 PM",
="",660,,,,,,,,,,,,,,,,397,="",="2/6/2026 4:57:00.111208135 PM",
="",668,,,,,,,,,,,,,,,,360,="",="2/6/2026 4:57:00.114858465 PM",
="",687,,,,,,,,,,,,,,,,427,="",="2/6/2026 4:57:00.164952950 PM",
="",688,,,,,,,,,,,,,,,,424,="",="2/6/2026 4:57:00.165776400 PM",
="",690,,,,,,,,,,,,,,,,360,="",="2/6/2026 4:57:00.172943160 PM",
="",693,,,,,,,,,,,,,,,,229,="",="2/6/2026 4:57:00.185848855 PM",
="",694,,,,,,,,,,,,,,,,125,="",="2/6/2026 4:57:00.196355900 PM",
="",701,,,,,,,,,,,,,,,,435,="",="2/6/2026 4:57:00.211207350 PM",
="",702,,,,,,,,,,,,,,,,434,="",="2/6/2026 4:57:00.211954950 PM",
="",703,,,,,,,,,,,,,,,,434,="",="2/6/2026 4:57:00.212741200 PM",
="",704,,,,,,,,,,,,,,,,397,="",="2/6/2026 4:57:00.213544840 PM",
="",715,,,,,,,,,,,,,,,,303,="",="2/6/2026 4:57:00.218818830 PM",
="",718,,,,,,,,,,,,,,,,464,="",="2/6/2026 4:57:00.232642475 PM",
="",723,,,,,,,,,,,,,,,,427,="",="2/6/2026 4:57:00.267353405 PM",
="",724,,,,,,,,,,,,,,,,424,="",="2/6/2026 4:57:00.268172455 PM",
="",726,,,,,,,,,,,,,,,,303,="",="2/6/2026 4:57:00.274287505 PM",
="",728,,,,,,,,,,,,,,,,323,="",="2/6/2026 4:57:00.278406040 PM",
="",737,,,,,,,,,,,,,,,,435,="",="2/6/2026 4:57:00.312891080 PM",
="",738,,,,,,,,,,,,,,,,435,="",="2/6/2026 4:57:00.313691770 PM",
="",742,,,,,,,,,,,,,,,,434,="",="2/6/2026 4:57:00.315285970 PM",
="",743,,,,,,,,,,,,,,,,397,="",="2/6/2026 4:57:00.316074530 PM",
="",763,,,,,,,,,,,,,,,,427,="",="2/6/2026 4:57:00.369804585 PM",
="",764,,,,,,,,,,,,,,,,421,="",="2/6/2026 4:57:00.370525730 PM",
="",778,,,,,,,,,,,,,,,,397,="",="2/6/2026 4:57:00.418375795 PM",
="",779,,,,,,,,,,,,,,,,388,="",="2/6/2026 4:57:00.420332625 PM",
="",785,,,,,,,,,,,,,,,,315,="",="2/6/2026 4:57:00.422165905 PM",
="",805,,,,,,,,,,,,,,,,427,="",="2/6/2026 4:57:00.472154920 PM",
="",807,,,,,,,,,,,,,,,,397,="",="2/6/2026 4:57:00.475007340 PM",
="",809,,,,,,,,,,,,,,,,229,="",="2/6/2026 4:57:00.483055105 PM",
="",811,,,,,,,,,,,,,,,,229,="",="2/6/2026 4:57:00.490450905 PM",
="",820,,,,,,,,,,,,,,,,435,="",="2/6/2026 4:57:00.517642455 PM",
="",821,,,,,,,,,,,,,,,,435,="",="2/6/2026 4:57:00.518411880 PM",
="",822,,,,,,,,,,,,,,,,434,="",="2/6/2026 4:57:00.519182735 PM",
="",823,,,,,,,,,,,,,,,,434,="",="2/6/2026 4:57:00.519976145 PM",
="",839,,,,,,,,,,,,,,,,340,="",="2/6/2026 4:57:00.541695550 PM",
="",843,,,,,,,,,,,,,,,,324,="",="2/6/2026 4:57:00.545825565 PM",
="",846,,,,,,,,,,,,,,,,427,="",="2/6/2026 4:57:00.574573895 PM",
="",847,,,,,,,,,,,,,,,,424,="",="2/6/2026 4:57:00.575383185 PM",
="",860,,,,,,,,,,,,,,,,435,="",="2/6/2026 4:57:00.620043590 PM",
="",861,,,,,,,,,,,,,,,,435,="",="2/6/2026 4:57:00.620876205 PM",
="",862,,,,,,,,,,,,,,,,434,="",="2/6/2026 4:57:00.621689675 PM",
="",863,,,,,,,,,,,,,,,,434,="",="2/6/2026 4:57:00.622481445 PM",
="",864,,,,,,,,,,,,,,,,397,="",="2/6/2026 4:57:00.623259630 PM",
="",865,,,,,,,,,,,,,,,,388,="",="2/6/2026 4:57:00.625026490 PM",
="",870,,,,,,,,,,,,,,,,413,="",="2/6/2026 4:57:00.628041500 PM",
="",880,,,,,,,,,,,,,,,,117,="",="2/6/2026 4:57:00.663486585 PM",
="",882,,,,,,,,,,,,,,,,117,="",="2/6/2026 4:57:00.666889265 PM",
="",883,,,,,,,,,,,,,,,,117,="",="2/6/2026 4:57:00.667379620 PM",
="",884,,,,,,,,,,,,,,,,117,="",="2/6/2026 4:57:00.671818950 PM",
="",885,,,,,,,,,,,,,,,,117,="",="2/6/2026 4:57:00.671939515 PM",
="",886,,,,,,,,,,,,,,,,117,="",="2/6/2026 4:57:00.672085575 PM",
="",887,,,,,,,,,,,,,,,,117,="",="2/6/2026 4:57:00.672377615 PM",
="",892,,,,,,,,,,,,,,,,117,="",="2/6/2026 4:57:00.676903855 PM",
="",893,,,,,,,,,,,,,,,,427,="",="2/6/2026 4:57:00.676956550 PM",
="",895,,,,,,,,,,,,,,,,117,="",="2/6/2026 4:57:00.677696080 PM",
="",896,,,,,,,,,,,,,,,,424,="",="2/6/2026 4:57:00.677781760 PM",
="",902,,,,,,,,,,,,,,,,117,="",="2/6/2026 4:57:00.695077870 PM",
="",903,,,,,,,,,,,,,,,,117,="",="2/6/2026 4:57:00.695234785 PM",
="",904,,,,,,,,,,,,,,,,117,="",="2/6/2026 4:57:00.699390660 PM",
="",905,,,,,,,,,,,,,,,,117,="",="2/6/2026 4:57:00.699619990 PM",
="",908,,,,,,,,,,,,,,,,117,="",="2/6/2026 4:57:00.703867950 PM",
="",909,,,,,,,,,,,,,,,,117,="",="2/6/2026 4:57:00.704113375 PM",
="",910,,,,,,,,,,,,,,,,117,="",="2/6/2026 4:57:00.704383975 PM",
="",912,,,,,,,,,,,,,,,,117,="",="2/6/2026 4:57:00.705024845 PM",
="",913,,,,,,,,,,,,,,,,117,="",="2/6/2026 4:57:00.705270390 PM",
="",914,,,,,,,,,,,,,,,,117,="",="2/6/2026 4:57:00.705408010 PM",
="",916,,,,,,,,,,,,,,,,369,="",="2/6/2026 4:57:00.714170350 PM",
="",921,,,,,,,,,,,,,,,,428,="",="2/6/2026 4:57:00.719537775 PM",
="",922,,,,,,,,,,,,,,,,99,="",="2/6/2026 4:57:00.719997535 PM",
="",923,,,,,,,,,,,,,,,,435,="",="2/6/2026 4:57:00.722441435 PM",
="",924,,,,,,,,,,,,,,,,435,="",="2/6/2026 4:57:00.723232765 PM",
="",925,,,,,,,,,,,,,,,,434,="",="2/6/2026 4:57:00.724011300 PM",
="",926,,,,,,,,,,,,,,,,434,="",="2/6/2026 4:57:00.724826605 PM",
="",927,,,,,,,,,,,,,,,,397,="",="2/6/2026 4:57:00.725616285 PM",
="",935,,,,,,,,,,,,,,,,421,="",="2/6/2026 4:57:00.729718690 PM",
="",936,,,,,,,,,,,,,,,,413,="",="2/6/2026 4:57:00.730477705 PM",
="",940,,,,,,,,,,,,,,,,229,="",="2/6/2026 4:57:00.734974985 PM",
="",961,,,,,,,,,,,,,,,,435,="",="2/6/2026 4:57:00.824781380 PM",
="",962,,,,,,,,,,,,,,,,435,="",="2/6/2026 4:57:00.825626220 PM",
="",963,,,,,,,,,,,,,,,,434,="",="2/6/2026 4:57:00.826408115 PM",
="",964,,,,,,,,,,,,,,,,434,="",="2/6/2026 4:57:00.827186925 PM",
="",965,,,,,,,,,,,,,,,,397,="",="2/6/2026 4:57:00.827961990 PM",
="",973,,,,,,,,,,,,,,,,413,="",="2/6/2026 4:57:00.832945550 PM",
="",985,,,,,,,,,,,,,,,,427,="",="2/6/2026 4:57:00.881758660 PM",
="",986,,,,,,,,,,,,,,,,424,="",="2/6/2026 4:57:00.882652700 PM",
="",995,,,,,,,,,,,,,,,,435,="",="2/6/2026 4:57:00.927245395 PM",
="",996,,,,,,,,,,,,,,,,435,="",="2/6/2026 4:57:00.928059795 PM",
="",997,,,,,,,,,,,,,,,,434,="",="2/6/2026 4:57:00.928853465 PM",
="",1018,,,,,,,,,,,,,,,,424,="",="2/6/2026 4:57:00.984955710 PM",
="",1020,,,,,,,,,,,,,,,,229,="",="2/6/2026 4:57:00.994739420 PM",
="",1025,,,,,,,,,,,,,,,,323,="",="2/6/2026 4:57:01.014187975 PM",
="",1028,,,,,,,,,,,,,,,,434,="",="2/6/2026 4:57:01.031196130 PM",
="",1029,,,,,,,,,,,,,,,,434,="",="2/6/2026 4:57:01.032020875 PM",
="",1036,,,,,,,,,,,,,,,,113,="",="2/6/2026 4:57:01.037987335 PM",
="",1037,,,,,,,,,,,,,,,,229,="",="2/6/2026 4:57:01.039469590 PM",
="",1038,,,,,,,,,,,,,,,,229,="",="2/6/2026 4:57:01.040235440 PM",
="",1056,,,,,,,,,,,,,,,,113,="",="2/6/2026 4:57:01.108273840 PM",
="",1057,,,,,,,,,,,,,,,,322,="",="2/6/2026 4:57:01.109455160 PM",
="",1060,,,,,,,,,,,,,,,,113,="",="2/6/2026 4:57:01.120463720 PM",
="",1061,,,,,,,,,,,,,,,,413,="",="2/6/2026 4:57:01.121286640 PM",
="",1064,,,,,,,,,,,,,,,,435,="",="2/6/2026 4:57:01.131986145 PM",
="",1065,,,,,,,,,,,,,,,,435,="",="2/6/2026 4:57:01.132799730 PM",
="",1066,,,,,,,,,,,,,,,,434,="",="2/6/2026 4:57:01.134347020 PM",
="",1091,,,,,,,,,,,,,,,,427,="",="2/6/2026 4:57:01.188960585 PM",
="",1106,,,,,,,,,,,,,,,,229,="",="2/6/2026 4:57:01.235215825 PM",
="",1107,,,,,,,,,,,,,,,,434,="",="2/6/2026 4:57:01.235987360 PM",
="",1108,,,,,,,,,,,,,,,,434,="",="2/6/2026 4:57:01.236753890 PM",
="",1109,,,,,,,,,,,,,,,,397,="",="2/6/2026 4:57:01.237528595 PM",
="",1114,,,,,,,,,,,,,,,,421,="",="2/6/2026 4:57:01.241680295 PM",
="",1120,,,,,,,,,,,,,,,,342,="",="2/6/2026 4:57:01.254379210 PM",
="",1137,,,,,,,,,,,,,,,,435,="",="2/6/2026 4:57:01.336850695 PM",
="",1138,,,,,,,,,,,,,,,,435,="",="2/6/2026 4:57:01.337675390 PM",
="",1139,,,,,,,,,,,,,,,,434,="",="2/6/2026 4:57:01.338453245 PM",
="",1140,,,,,,,,,,,,,,,,397,="",="2/6/2026 4:57:01.340009040 PM",
="",1141,,,,,,,,,,,,,,,,474,="",="2/6/2026 4:57:01.341133980 PM",
="",1151,,,,,,,,,,,,,,,,464,="",="2/6/2026 4:57:01.359473150 PM",
="",1155,,,,,,,,,,,,,,,,427,="",="2/6/2026 4:57:01.393762655 PM",
="",1158,,,,,,,,,,,,,,,,323,="",="2/6/2026 4:57:01.404825170 PM",
="",1166,,,,,,,,,,,,,,,,435,="",="2/6/2026 4:57:01.440028030 PM",
="",1167,,,,,,,,,,,,,,,,434,="",="2/6/2026 4:57:01.440821885 PM",
="",1168,,,,,,,,,,,,,,,,434,="",="2/6/2026 4:57:01.441629590 PM",
="",1172,,,,,,,,,,,,,,,,458,="",="2/6/2026 4:57:01.444631940 PM",
="",1185,,,,,,,,,,,,,,,,467,="",="2/6/2026 4:57:01.490042925 PM",
="",1196,,,,,,,,,,,,,,,,303,="",="2/6/2026 4:57:01.503129545 PM",
="",1200,,,,,,,,,,,,,,,,350,="",="2/6/2026 4:57:01.518055225 PM",
="",1202,,,,,,,,,,,,,,,,229,="",="2/6/2026 4:57:01.531454955 PM",
="",1247,,,,,,,,,,,,,,,,397,="",="2/6/2026 4:57:01.647255105 PM",
="",1253,,,,,,,,,,,,,,,,400,="",="2/6/2026 4:57:01.652963455 PM",
="",1257,,,,,,,,,,,,,,,,342,="",="2/6/2026 4:57:01.663982860 PM",
="",1271,,,,,,,,,,,,,,,,435,="",="2/6/2026 4:57:01.746395935 PM",
="",1272,,,,,,,,,,,,,,,,434,="",="2/6/2026 4:57:01.748194850 PM",
="",1273,,,,,,,,,,,,,,,,434,="",="2/6/2026 4:57:01.748970460 PM",
="",1274,,,,,,,,,,,,,,,,397,="",="2/6/2026 4:57:01.749743765 PM",
="",1301,,,,,,,,,,,,,,,,113,="",="2/6/2026 4:57:01.775563285 PM",
="",1312,,,,,,,,,,,,,,,,113,="",="2/6/2026 4:57:01.811717785 PM",
="",1317,,,,,,,,,,,,,,,,413,="",="2/6/2026 4:57:01.838093355 PM",
="",1321,,,,,,,,,,,,,,,,397,="",="2/6/2026 4:57:01.852011870 PM",
="",1352,,,,,,,,,,,,,,,,369,="",="2/6/2026 4:57:01.942123770 PM",
="",1355,,,,,,,,,,,,,,,,397,="",="2/6/2026 4:57:01.954449250 PM",
="",1370,,,,,,,,,,,,,,,,427,="",="2/6/2026 4:57:02.008167345 PM",
="",1379,,,,,,,,,,,,,,,,434,="",="2/6/2026 4:57:02.055194015 PM",
="",1380,,,,,,,,,,,,,,,,434,="",="2/6/2026 4:57:02.055982545 PM",
="",1381,,,,,,,,,,,,,,,,397,="",="2/6/2026 4:57:02.056795425 PM",
="",1400,,,,,,,,,,,,,,,,397,="",="2/6/2026 4:57:02.116955430 PM",
="",1402,,,,,,,,,,,,,,,,220,="",="2/6/2026 4:57:02.120909785 PM",
="",1403,,,,,,,,,,,,,,,,229,="",="2/6/2026 4:57:02.122197235 PM",
="",1406,,,,,,,,,,,,,,,,421,="",="2/6/2026 4:57:02.144466070 PM",
="",1407,,,,,,,,,,,,,,,,413,="",="2/6/2026 4:57:02.145298355 PM",
="",1412,,,,,,,,,,,,,,,,435,="",="2/6/2026 4:57:02.156860740 PM",
="",1413,,,,,,,,,,,,,,,,434,="",="2/6/2026 4:57:02.157638755 PM",
="",1414,,,,,,,,,,,,,,,,397,="",="2/6/2026 4:57:02.159179495 PM",
="",1419,,,,,,,,,,,,,,,,315,="",="2/6/2026 4:57:02.162166675 PM",
="",1434,,,,,,,,,,,,,,,,427,="",="2/6/2026 4:57:02.212968780 PM",
="",1436,,,,,,,,,,,,,,,,362,="",="2/6/2026 4:57:02.234820310 PM",
="",1438,,,,,,,,,,,,,,,,413,="",="2/6/2026 4:57:02.247697650 PM",
="",1462,,,,,,,,,,,,,,,,471,="",="2/6/2026 4:57:02.311749650 PM",
="",1470,,,,,,,,,,,,,,,,229,="",="2/6/2026 4:57:02.350930435 PM",
="",1471,,,,,,,,,,,,,,,,323,="",="2/6/2026 4:57:02.359311575 PM",
="",1474,,,,,,,,,,,,,,,,434,="",="2/6/2026 4:57:02.363221315 PM",
="",1490,,,,,,,,,,,,,,,,323,="",="2/6/2026 4:57:02.399564950 PM",
="",1494,,,,,,,,,,,,,,,,229,="",="2/6/2026 4:57:02.417772865 PM",
="",1501,,,,,,,,,,,,,,,,309,="",="2/6/2026 4:57:02.450284450 PM",
="",1506,,,,,,,,,,,,,,,,435,="",="2/6/2026 4:57:02.463207095 PM",
="",1514,,,,,,,,,,,,,,,,303,="",="2/6/2026 4:57:02.471770365 PM",
="",1521,,,,,,,,,,,,,,,,427,="",="2/6/2026 4:57:02.520171455 PM",
="",1522,,,,,,,,,,,,,,,,424,="",="2/6/2026 4:57:02.521157100 PM",
="",1523,,,,,,,,,,,,,,,,397,="",="2/6/2026 4:57:02.522026695 PM",
="",1525,,,,,,,,,,,,,,,,323,="",="2/6/2026 4:57:02.534315195 PM",
="",1527,,,,,,,,,,,,,,,,472,="",="2/6/2026 4:57:02.542766195 PM",
="",1530,,,,,,,,,,,,,,,,323,="",="2/6/2026 4:57:02.560463345 PM",
="",1533,,,,,,,,,,,,,,,,435,="",="2/6/2026 4:57:02.566445870 PM",
="",1548,,,,,,,,,,,,,,,,342,="",="2/6/2026 4:57:02.597926380 PM",
="",1557,,,,,,,,,,,,,,,,427,="",="2/6/2026 4:57:02.622828910 PM",
="",1565,,,,,,,,,,,,,,,,472,="",="2/6/2026 4:57:02.644203965 PM",
="",1567,,,,,,,,,,,,,,,,309,="",="2/6/2026 4:57:02.655081630 PM",
="",1573,,,,,,,,,,,,,,,,435,="",="2/6/2026 4:57:02.668051700 PM",
="",1575,,,,,,,,,,,,,,,,434,="",="2/6/2026 4:57:02.670414605 PM",
="",1577,,,,,,,,,,,,,,,,388,="",="2/6/2026 4:57:02.673590480 PM",
="",1590,,,,,,,,,,,,,,,,429,="",="2/6/2026 4:57:02.718117910 PM",
="",1593,,,,,,,,,,,,,,,,429,="",="2/6/2026 4:57:02.719528990 PM",
="",1594,,,,,,,,,,,,,,,,428,="",="2/6/2026 4:57:02.720346905 PM",
="",1595,,,,,,,,,,,,,,,,428,="",="2/6/2026 4:57:02.721154395 PM",
="",1599,,,,,,,,,,,,,,,,427,="",="2/6/2026 4:57:02.724973180 PM",
="",1601,,,,,,,,,,,,,,,,424,="",="2/6/2026 4:57:02.725790310 PM",
="",1618,,,,,,,,,,,,,,,,303,="",="2/6/2026 4:57:02.778802685 PM",
="",1619,,,,,,,,,,,,,,,,339,="",="2/6/2026 4:57:02.786781930 PM",
="",1629,,,,,,,,,,,,,,,,424,="",="2/6/2026 4:57:02.828200660 PM",
="",1643,,,,,,,,,,,,,,,,229,="",="2/6/2026 4:57:02.864935890 PM",
="",1645,,,,,,,,,,,,,,,,388,="",="2/6/2026 4:57:02.879295355 PM",
="",1667,,,,,,,,,,,,,,,,467,="",="2/6/2026 4:57:02.975696530 PM",
="",1671,,,,,,,,,,,,,,,,458,="",="2/6/2026 4:57:02.982123370 PM",
="",1703,,,,,,,,,,,,,,,,135,="",="2/6/2026 4:57:03.123358540 PM",
="",1708,,,,,,,,,,,,,,,,415,="",="2/6/2026 4:57:03.133019640 PM",
="",1722,,,,,,,,,,,,,,,,315,="",="2/6/2026 4:57:03.186163025 PM",
="",1727,,,,,,,,,,,,,,,,464,="",="2/6/2026 4:57:03.202280620 PM",
="",1733,,,,,,,,,,,,,,,,99,="",="2/6/2026 4:57:03.228761595 PM",
="",1771,,,,,,,,,,,,,,,,424,="",="2/6/2026 4:57:03.340317100 PM",
="",1778,,,,,,,,,,,,,,,,435,="",="2/6/2026 4:57:03.384822380 PM",
="",1780,,,,,,,,,,,,,,,,434,="",="2/6/2026 4:57:03.387180910 PM",
="",1792,,,,,,,,,,,,,,,,303,="",="2/6/2026 4:57:03.398033030 PM",
="",1806,,,,,,,,,,,,,,,,388,="",="2/6/2026 4:57:03.492857310 PM",
="",1809,,,,,,,,,,,,,,,,421,="",="2/6/2026 4:57:03.494367030 PM",
="",1818,,,,,,,,,,,,,,,,229,="",="2/6/2026 4:57:03.529446070 PM",
="",1851,,,,,,,,,,,,,,,,424,="",="2/6/2026 4:57:03.647409620 PM",
="",1853,,,,,,,,,,,,,,,,297,="",="2/6/2026 4:57:03.654888945 PM",
="",1856,,,,,,,,,,,,,,,,322,="",="2/6/2026 4:57:03.669528710 PM",
="",1864,,,,,,,,,,,,,,,,435,="",="2/6/2026 4:57:03.692832930 PM",
="",1865,,,,,,,,,,,,,,,,434,="",="2/6/2026 4:57:03.694376060 PM",
="",1866,,,,,,,,,,,,,,,,229,="",="2/6/2026 4:57:03.695160220 PM",
="",1867,,,,,,,,,,,,,,,,472,="",="2/6/2026 4:57:03.698009745 PM",
="",1878,,,,,,,,,,,,,,,,435,="",="2/6/2026 4:57:03.795284855 PM",
="",1879,,,,,,,,,,,,,,,,397,="",="2/6/2026 4:57:03.797699710 PM",
="",1919,,,,,,,,,,,,,,,,388,="",="2/6/2026 4:57:04.004983985 PM",
="",1920,,,,,,,,,,,,,,,,458,="",="2/6/2026 4:57:04.005455970 PM",
="",1921,,,,,,,,,,,,,,,,421,="",="2/6/2026 4:57:04.006493490 PM",
="",1930,,,,,,,,,,,,,,,,229,="",="2/6/2026 4:57:04.065115625 PM",
="",1950,,,,,,,,,,,,,,,,400,="",="2/6/2026 4:57:04.110400660 PM",
="",1989,,,,,,,,,,,,,,,,429,="",="2/6/2026 4:57:04.300350130 PM",
="",1992,,,,,,,,,,,,,,,,429,="",="2/6/2026 4:57:04.304221700 PM",
="",1993,,,,,,,,,,,,,,,,428,="",="2/6/2026 4:57:04.305127725 PM",
="",1994,,,,,,,,,,,,,,,,434,="",="2/6/2026 4:57:04.308735690 PM",
="",1995,,,,,,,,,,,,,,,,434,="",="2/6/2026 4:57:04.309997910 PM",
="",1998,,,,,,,,,,,,,,,,388,="",="2/6/2026 4:57:04.311983130 PM",
="",2000,,,,,,,,,,,,,,,,421,="",="2/6/2026 4:57:04.313691285 PM",
="",2021,,,,,,,,,,,,,,,,435,="",="2/6/2026 4:57:04.408875355 PM",
="",2026,,,,,,,,,,,,,,,,421,="",="2/6/2026 4:57:04.416155690 PM",
="",2039,,,,,,,,,,,,,,,,415,="",="2/6/2026 4:57:04.448178655 PM",
="",2044,,,,,,,,,,,,,,,,415,="",="2/6/2026 4:57:04.461261750 PM",
="",2045,,,,,,,,,,,,,,,,415,="",="2/6/2026 4:57:04.461874365 PM",
="",2060,,,,,,,,,,,,,,,,435,="",="2/6/2026 4:57:04.512129345 PM",
="",2061,,,,,,,,,,,,,,,,434,="",="2/6/2026 4:57:04.512898680 PM",
="",2076,,,,,,,,,,,,,,,,434,="",="2/6/2026 4:57:04.616063680 PM",
="",2105,,,,,,,,,,,,,,,,388,="",="2/6/2026 4:57:04.720844190 PM",
="",2210,,,,,,,,,,,,,,,,105,="",="2/6/2026 4:57:05.193369780 PM",
="",2211,,,,,,,,,,,,,,,,105,="",="2/6/2026 4:57:05.193707275 PM",
="",2214,,,,,,,,,,,,,,,,229,="",="2/6/2026 4:57:05.194876680 PM",
="",2217,,,,,,,,,,,,,,,,105,="",="2/6/2026 4:57:05.196407030 PM",
="",2218,,,,,,,,,,,,,,,,117,="",="2/6/2026 4:57:05.196524230 PM",
="",2227,,,,,,,,,,,,,,,,309,="",="2/6/2026 4:57:05.215080270 PM",
="",2305,,,,,,,,,,,,,,,,413,="",="2/6/2026 4:57:05.543286255 PM",
="",2351,,,,,,,,,,,,,,,,435,="",="2/6/2026 4:57:05.740924035 PM",
="",2353,,,,,,,,,,,,,,,,434,="",="2/6/2026 4:57:05.741703050 PM",
="",2363,,,,,,,,,,,,,,,,421,="",="2/6/2026 4:57:05.747144720 PM",
="",2376,,,,,,,,,,,,,,,,309,="",="2/6/2026 4:57:05.829483925 PM",
="",2399,,,,,,,,,,,,,,,,323,="",="2/6/2026 4:57:05.878416860 PM",
="",2414,,,,,,,,,,,,,,,,458,="",="2/6/2026 4:57:05.949862600 PM",
="",2435,,,,,,,,,,,,,,,,425,="",="2/6/2026 4:57:05.999328405 PM",
="",2448,,,,,,,,,,,,,,,,434,="",="2/6/2026 4:57:06.048881435 PM",
="",2470,,,,,,,,,,,,,,,,434,="",="2/6/2026 4:57:06.152100635 PM",
="",2472,,,,,,,,,,,,,,,,397,="",="2/6/2026 4:57:06.152880475 PM",
="",2475,,,,,,,,,,,,,,,,323,="",="2/6/2026 4:57:06.155780480 PM",
="",2476,,,,,,,,,,,,,,,,303,="",="2/6/2026 4:57:06.158054725 PM",
="",2505,,,,,,,,,,,,,,,,303,="",="2/6/2026 4:57:06.264380925 PM",
="",2555,,,,,,,,,,,,,,,,458,="",="2/6/2026 4:57:06.464469375 PM",
="",2566,,,,,,,,,,,,,,,,309,="",="2/6/2026 4:57:06.546294105 PM",
="",2577,,,,,,,,,,,,,,,,472,="",="2/6/2026 4:57:06.567246045 PM",
="",2644,,,,,,,,,,,,,,,,339,="",="2/6/2026 4:57:06.780396140 PM",
="",2665,,,,,,,,,,,,,,,,435,="",="2/6/2026 4:57:06.866480985 PM",
="",2668,,,,,,,,,,,,,,,,434,="",="2/6/2026 4:57:06.868889290 PM",
="",2673,,,,,,,,,,,,,,,,413,="",="2/6/2026 4:57:06.874625475 PM",
="",2680,,,,,,,,,,,,,,,,117,="",="2/6/2026 4:57:06.887990840 PM",
="",2712,,,,,,,,,,,,,,,,99,="",="2/6/2026 4:57:07.029103090 PM",
="",2718,,,,,,,,,,,,,,,,484,="",="2/6/2026 4:57:07.061823390 PM",
="",2721,,,,,,,,,,,,,,,,435,="",="2/6/2026 4:57:07.073345875 PM",
="",2723,,,,,,,,,,,,,,,,364,="",="2/6/2026 4:57:07.074707535 PM",
="",2726,,,,,,,,,,,,,,,,397,="",="2/6/2026 4:57:07.076289745 PM",
="",2744,,,,,,,,,,,,,,,,413,="",="2/6/2026 4:57:07.163003745 PM",
="",2749,,,,,,,,,,,,,,,,397,="",="2/6/2026 4:57:07.176935275 PM",
="",2754,,,,,,,,,,,,,,,,421,="",="2/6/2026 4:57:07.180807335 PM",
="",2779,,,,,,,,,,,,,,,,397,="",="2/6/2026 4:57:07.279273170 PM",
="",2805,,,,,,,,,,,,,,,,397,="",="2/6/2026 4:57:07.381672765 PM",
="",2811,,,,,,,,,,,,,,,,400,="",="2/6/2026 4:57:07.388779340 PM",
="",2822,,,,,,,,,,,,,,,,333,="",="2/6/2026 4:57:07.415665295 PM",
="",2831,,,,,,,,,,,,,,,,415,="",="2/6/2026 4:57:07.465451775 PM",
="",2835,,,,,,,,,,,,,,,,435,="",="2/6/2026 4:57:07.482275320 PM",
="",2836,,,,,,,,,,,,,,,,434,="",="2/6/2026 4:57:07.483117245 PM",
="",2843,,,,,,,,,,,,,,,,413,="",="2/6/2026 4:57:07.488809200 PM",
="",2844,,,,,,,,,,,,,,,,400,="",="2/6/2026 4:57:07.490760275 PM",
="",2864,,,,,,,,,,,,,,,,297,="",="2/6/2026 4:57:07.557530660 PM",
="",2871,,,,,,,,,,,,,,,,435,="",="2/6/2026 4:57:07.583289165 PM",
="",2873,,,,,,,,,,,,,,,,397,="",="2/6/2026 4:57:07.586442640 PM",
="",2878,,,,,,,,,,,,,,,,413,="",="2/6/2026 4:57:07.592020695 PM",
="",2880,,,,,,,,,,,,,,,,579,="",="2/6/2026 4:57:07.598370440 PM",
="",2886,,,,,,,,,,,,,,,,229,="",="2/6/2026 4:57:07.605341805 PM",
="",2911,,,,,,,,,,,,,,,,435,="",="2/6/2026 4:57:07.686555395 PM",
="",2914,,,,,,,,,,,,,,,,397,="",="2/6/2026 4:57:07.688876245 PM",
="",2918,,,,,,,,,,,,,,,,413,="",="2/6/2026 4:57:07.693583365 PM",
="",2932,,,,,,,,,,,,,,,,435,="",="2/6/2026 4:57:07.788092465 PM",
="",2956,,,,,,,,,,,,,,,,397,="",="2/6/2026 4:57:07.893824660 PM",
="",2994,,,,,,,,,,,,,,,,388,="",="2/6/2026 4:57:08.030680410 PM",
="",3005,,,,,,,,,,,,,,,,434,="",="2/6/2026 4:57:08.097812095 PM",
="",3007,,,,,,,,,,,,,,,,397,="",="2/6/2026 4:57:08.098599600 PM",
="",3011,,,,,,,,,,,,,,,,421,="",="2/6/2026 4:57:08.102532705 PM",
="",3017,,,,,,,,,,,,,,,,367,="",="2/6/2026 4:57:08.124261600 PM",
="",3067,,,,,,,,,,,,,,,,388,="",="2/6/2026 4:57:08.407793365 PM",
="",3068,,,,,,,,,,,,,,,,421,="",="2/6/2026 4:57:08.409581485 PM",
="",3094,,,,,,,,,,,,,,,,413,="",="2/6/2026 4:57:08.512922365 PM",
="",3095,,,,,,,,,,,,,,,,400,="",="2/6/2026 4:57:08.513680385 PM",
="",3111,,,,,,,,,,,,,,,,435,="",="2/6/2026 4:57:08.609083890 PM",
="",3190,,,,,,,,,,,,,,,,400,="",="2/6/2026 4:57:08.924796605 PM",
="",3199,,,,,,,,,,,,,,,,435,="",="2/6/2026 4:57:09.017776090 PM",
="",3210,,,,,,,,,,,,,,,,415,="",="2/6/2026 4:57:09.023213610 PM",
="",3212,,,,,,,,,,,,,,,,421,="",="2/6/2026 4:57:09.024020390 PM",
="",3213,,,,,,,,,,,,,,,,413,="",="2/6/2026 4:57:09.024957295 PM",
="",3224,,,,,,,,,,,,,,,,435,="",="2/6/2026 4:57:09.119314615 PM",
="",3225,,,,,,,,,,,,,,,,435,="",="2/6/2026 4:57:09.120209630 PM",
="",3261,,,,,,,,,,,,,,,,323,="",="2/6/2026 4:57:09.257331585 PM",
="",3299,,,,,,,,,,,,,,,,435,="",="2/6/2026 4:57:09.428170295 PM",
="",3399,,,,,,,,,,,,,,,,400,="",="2/6/2026 4:57:09.845992560 PM",
="",3421,,,,,,,,,,,,,,,,413,="",="2/6/2026 4:57:09.948455985 PM",
="",3448,,,,,,,,,,,,,,,,323,="",="2/6/2026 4:57:10.076522885 PM",
="",3474,,,,,,,,,,,,,,,,443,="",="2/6/2026 4:57:10.181806000 PM",
="",3476,,,,,,,,,,,,,,,,425,="",="2/6/2026 4:57:10.197871635 PM",
="",3493,,,,,,,,,,,,,,,,388,="",="2/6/2026 4:57:10.250294700 PM",
="",3542,,,,,,,,,,,,,,,,434,="",="2/6/2026 4:57:10.452980920 PM",
="",3548,,,,,,,,,,,,,,,,99,="",="2/6/2026 4:57:10.457315495 PM",
="",3581,,,,,,,,,,,,,,,,388,="",="2/6/2026 4:57:10.591505900 PM",
="",3610,,,,,,,,,,,,,,,,398,="",="2/6/2026 4:57:10.682167485 PM",
="",3655,,,,,,,,,,,,,,,,434,="",="2/6/2026 4:57:10.865736875 PM",
="",3674,,,,,,,,,,,,,,,,435,="",="2/6/2026 4:57:10.962544240 PM",
="",3675,,,,,,,,,,,,,,,,434,="",="2/6/2026 4:57:10.964174055 PM",
="",3753,,,,,,,,,,,,,,,,117,="",="2/6/2026 4:57:11.247892050 PM",
="",3757,,,,,,,,,,,,,,,,229,="",="2/6/2026 4:57:11.270624600 PM",
="",3822,,,,,,,,,,,,,,,,474,="",="2/6/2026 4:57:11.454871375 PM",
="",3946,,,,,,,,,,,,,,,,551,="",="2/6/2026 4:57:11.845354620 PM",
="",3983,,,,,,,,,,,,,,,,99,="",="2/6/2026 4:57:11.966037775 PM",
="",4055,,,,,,,,,,,,,,,,397,="",="2/6/2026 4:57:12.195146030 PM",
="",4144,,,,,,,,,,,,,,,,443,="",="2/6/2026 4:57:12.534934490 PM",
="",4183,,,,,,,,,,,,,,,,428,="",="2/6/2026 4:57:12.651422745 PM",
="",4212,,,,,,,,,,,,,,,,82,="",="2/6/2026 4:57:12.738092040 PM",
="",4232,,,,,,,,,,,,,,,,339,="",="2/6/2026 4:57:12.824201340 PM",
="",4256,,,,,,,,,,,,,,,,323,="",="2/6/2026 4:57:12.905994220 PM",
="",4278,,,,,,,,,,,,,,,,471,="",="2/6/2026 4:57:12.963616710 PM",
="",4304,,,,,,,,,,,,,,,,448,="",="2/6/2026 4:57:13.044567530 PM",
="",4326,,,,,,,,,,,,,,,,367,="",="2/6/2026 4:57:13.142368800 PM",
="",4339,,,,,,,,,,,,,,,,435,="",="2/6/2026 4:57:13.216245050 PM",
="",4340,,,,,,,,,,,,,,,,434,="",="2/6/2026 4:57:13.217015610 PM",
="",4350,,,,,,,,,,,,,,,,398,="",="2/6/2026 4:57:13.242042340 PM",
="",4381,,,,,,,,,,,,,,,,388,="",="2/6/2026 4:57:13.355983860 PM",
="",4390,,,,,,,,,,,,,,,,579,="",="2/6/2026 4:57:13.395432445 PM",
="",4395,,,,,,,,,,,,,,,,435,="",="2/6/2026 4:57:13.421452275 PM",
="",4398,,,,,,,,,,,,,,,,397,="",="2/6/2026 4:57:13.424840575 PM",
="",4409,,,,,,,,,,,,,,,,579,="",="2/6/2026 4:57:13.447275710 PM",
="",4415,,,,,,,,,,,,,,,,471,="",="2/6/2026 4:57:13.473083505 PM",
="",4474,,,,,,,,,,,,,,,,229,="",="2/6/2026 4:57:13.748650595 PM",
="",4486,,,,,,,,,,,,,,,,425,="",="2/6/2026 4:57:13.771154770 PM",
="",4490,,,,,,,,,,,,,,,,458,="",="2/6/2026 4:57:13.779893090 PM",
="",4507,,,,,,,,,,,,,,,,448,="",="2/6/2026 4:57:13.862776260 PM",
="",4509,,,,,,,,,,,,,,,,411,="",="2/6/2026 4:57:13.863353775 PM",
="",4511,,,,,,,,,,,,,,,,171,="",="2/6/2026 4:57:13.863913420 PM",
="",4524,,,,,,,,,,,,,,,,425,="",="2/6/2026 4:57:13.890951975 PM",
="",4534,,,,,,,,,,,,,,,,397,="",="2/6/2026 4:57:13.939059240 PM",
="",4541,,,,,,,,,,,,,,,,448,="",="2/6/2026 4:57:13.965176065 PM",
="",4542,,,,,,,,,,,,,,,,411,="",="2/6/2026 4:57:13.965730955 PM",
="",4544,,,,,,,,,,,,,,,,171,="",="2/6/2026 4:57:13.966382175 PM",
="",4551,,,,,,,,,,,,,,,,117,="",="2/6/2026 4:57:13.977490915 PM",
="",4557,,,,,,,,,,,,,,,,458,="",="2/6/2026 4:57:14.039617660 PM",
="",4564,,,,,,,,,,,,,,,,229,="",="2/6/2026 4:57:14.061063165 PM",
="",4569,,,,,,,,,,,,,,,,436,="",="2/6/2026 4:57:14.067904560 PM",
="",4570,,,,,,,,,,,,,,,,411,="",="2/6/2026 4:57:14.068169060 PM",
="",4582,,,,,,,,,,,,,,,,229,="",="2/6/2026 4:57:14.100709640 PM",
="",4638,,,,,,,,,,,,,,,,367,="",="2/6/2026 4:57:14.268776640 PM",
="",4645,,,,,,,,,,,,,,,,440,="",="2/6/2026 4:57:14.273187515 PM",
="",4674,,,,,,,,,,,,,,,,454,="",="2/6/2026 4:57:14.368262420 PM",
="",4685,,,,,,,,,,,,,,,,117,="",="2/6/2026 4:57:14.383638480 PM",
="",4713,,,,,,,,,,,,,,,,443,="",="2/6/2026 4:57:14.482314010 PM",
="",4728,,,,,,,,,,,,,,,,388,="",="2/6/2026 4:57:14.551169475 PM",
="",4735,,,,,,,,,,,,,,,,440,="",="2/6/2026 4:57:14.580386705 PM",
="",4736,,,,,,,,,,,,,,,,323,="",="2/6/2026 4:57:14.582746105 PM",
="",4752,,,,,,,,,,,,,,,,551,="",="2/6/2026 4:57:14.645657090 PM",
="",4766,,,,,,,,,,,,,,,,105,="",="2/6/2026 4:57:14.682108735 PM",
="",4767,,,,,,,,,,,,,,,,117,="",="2/6/2026 4:57:14.682345205 PM",
="",4768,,,,,,,,,,,,,,,,105,="",="2/6/2026 4:57:14.682582450 PM",
="",4803,,,,,,,,,,,,,,,,425,="",="2/6/2026 4:57:14.795880580 PM",
="",4804,,,,,,,,,,,,,,,,411,="",="2/6/2026 4:57:14.796137745 PM",
="",4824,,,,,,,,,,,,,,,,437,="",="2/6/2026 4:57:14.883170250 PM",
="",4833,,,,,,,,,,,,,,,,443,="",="2/6/2026 4:57:14.892319200 PM",
="",4834,,,,,,,,,,,,,,,,117,="",="2/6/2026 4:57:14.893180515 PM",
="",4847,,,,,,,,,,,,,,,,448,="",="2/6/2026 4:57:14.942357585 PM",
="",4857,,,,,,,,,,,,,,,,171,="",="2/6/2026 4:57:14.990507225 PM",
="",4880,,,,,,,,,,,,,,,,448,="",="2/6/2026 4:57:15.044773085 PM",
="",4881,,,,,,,,,,,,,,,,411,="",="2/6/2026 4:57:15.045327255 PM",
="",4913,,,,,,,,,,,,,,,,436,="",="2/6/2026 4:57:15.147456725 PM",
="",4914,,,,,,,,,,,,,,,,411,="",="2/6/2026 4:57:15.147721225 PM",
="",4915,,,,,,,,,,,,,,,,440,="",="2/6/2026 4:57:15.147962990 PM",
="",4921,,,,,,,,,,,,,,,,437,="",="2/6/2026 4:57:15.180733065 PM",
="",4943,,,,,,,,,,,,,,,,411,="",="2/6/2026 4:57:15.250165890 PM",
="",4951,,,,,,,,,,,,,,,,171,="",="2/6/2026 4:57:15.279495995 PM",
="",4988,,,,,,,,,,,,,,,,411,="",="2/6/2026 4:57:15.352536785 PM",
="",4989,,,,,,,,,,,,,,,,440,="",="2/6/2026 4:57:15.352769825 PM",
="",4996,,,,,,,,,,,,,,,,440,="",="2/6/2026 4:57:15.386338910 PM",
="",4997,,,,,,,,,,,,,,,,437,="",="2/6/2026 4:57:15.395182620 PM",
="",5019,,,,,,,,,,,,,,,,448,="",="2/6/2026 4:57:15.454393370 PM",
="",5020,,,,,,,,,,,,,,,,436,="",="2/6/2026 4:57:15.454671835 PM",
="",5021,,,,,,,,,,,,,,,,411,="",="2/6/2026 4:57:15.454952580 PM",
="",5022,,,,,,,,,,,,,,,,440,="",="2/6/2026 4:57:15.455201045 PM",
="",5029,,,,,,,,,,,,,,,,117,="",="2/6/2026 4:57:15.476853545 PM",
="",5030,,,,,,,,,,,,,,,,119,="",="2/6/2026 4:57:15.479409425 PM",
="",5032,,,,,,,,,,,,,,,,437,="",="2/6/2026 4:57:15.487934065 PM",
="",5033,,,,,,,,,,,,,,,,436,="",="2/6/2026 4:57:15.488210200 PM",
="",5037,,,,,,,,,,,,,,,,437,="",="2/6/2026 4:57:15.497595680 PM",
="",5051,,,,,,,,,,,,,,,,109,="",="2/6/2026 4:57:15.527568570 PM",
="",5052,,,,,,,,,,,,,,,,117,="",="2/6/2026 4:57:15.527618615 PM",
="",5065,,,,,,,,,,,,,,,,551,="",="2/6/2026 4:57:15.561001630 PM",
="",5067,,,,,,,,,,,,,,,,551,="",="2/6/2026 4:57:15.561834630 PM",
="",5089,,,,,,,,,,,,,,,,411,="",="2/6/2026 4:57:15.614622460 PM",
="",5104,,,,,,,,,,,,,,,,436,="",="2/6/2026 4:57:15.659479670 PM",
="",5105,,,,,,,,,,,,,,,,411,="",="2/6/2026 4:57:15.659744170 PM",
="",5106,,,,,,,,,,,,,,,,440,="",="2/6/2026 4:57:15.659983510 PM",
="",5117,,,,,,,,,,,,,,,,437,="",="2/6/2026 4:57:15.702391490 PM",
="",5127,,,,,,,,,,,,,,,,443,="",="2/6/2026 4:57:15.710714950 PM",
="",5129,,,,,,,,,,,,,,,,425,="",="2/6/2026 4:57:15.716757885 PM",
="",5135,,,,,,,,,,,,,,,,425,="",="2/6/2026 4:57:15.727494625 PM",
="",5145,,,,,,,,,,,,,,,,436,="",="2/6/2026 4:57:15.761885410 PM",
="",5146,,,,,,,,,,,,,,,,115,="",="2/6/2026 4:57:15.762149910 PM",
="",5154,,,,,,,,,,,,,,,,437,="",="2/6/2026 4:57:15.795137950 PM",
="",5155,,,,,,,,,,,,,,,,436,="",="2/6/2026 4:57:15.795411700 PM",
="",5156,,,,,,,,,,,,,,,,411,="",="2/6/2026 4:57:15.795685430 PM",
="",5200,,,,,,,,,,,,,,,,437,="",="2/6/2026 4:57:15.907177955 PM",
="",5232,,,,,,,,,,,,,,,,437,="",="2/6/2026 4:57:15.999936815 PM",
="",5244,,,,,,,,,,,,,,,,171,="",="2/6/2026 4:57:16.016056110 PM",
="",5247,,,,,,,,,,,,,,,,443,="",="2/6/2026 4:57:16.019040060 PM",
="",5266,,,,,,,,,,,,,,,,229,="",="2/6/2026 4:57:16.075760610 PM",
="",5276,,,,,,,,,,,,,,,,117,="",="2/6/2026 4:57:16.098586740 PM",
="",5279,,,,,,,,,,,,,,,,436,="",="2/6/2026 4:57:16.102633320 PM",
="",5295,,,,,,,,,,,,,,,,99,="",="2/6/2026 4:57:16.131441620 PM",
="",5305,,,,,,,,,,,,,,,,117,="",="2/6/2026 4:57:16.144787515 PM",
="",5307,,,,,,,,,,,,,,,,437,="",="2/6/2026 4:57:16.157678360 PM",
="",5311,,,,,,,,,,,,,,,,436,="",="2/6/2026 4:57:16.171465585 PM",
="",5318,,,,,,,,,,,,,,,,454,="",="2/6/2026 4:57:16.211471015 PM",
="",5341,,,,,,,,,,,,,,,,436,="",="2/6/2026 4:57:16.260355250 PM",
="",5342,,,,,,,,,,,,,,,,411,="",="2/6/2026 4:57:16.260653675 PM",
="",5354,,,,,,,,,,,,,,,,117,="",="2/6/2026 4:57:16.294895315 PM",
="",5355,,,,,,,,,,,,,,,,442,="",="2/6/2026 4:57:16.298702255 PM",
="",5356,,,,,,,,,,,,,,,,422,="",="2/6/2026 4:57:16.298976170 PM",
="",5357,,,,,,,,,,,,,,,,440,="",="2/6/2026 4:57:16.299241530 PM",
="",5360,,,,,,,,,,,,,,,,117,="",="2/6/2026 4:57:16.303980775 PM",
="",5362,,,,,,,,,,,,,,,,437,="",="2/6/2026 4:57:16.307137475 PM",
="",5364,,,,,,,,,,,,,,,,454,="",="2/6/2026 4:57:16.313871810 PM",
="",5390,,,,,,,,,,,,,,,,437,="",="2/6/2026 4:57:16.362479415 PM",
="",5391,,,,,,,,,,,,,,,,436,="",="2/6/2026 4:57:16.362755590 PM",
="",5392,,,,,,,,,,,,,,,,411,="",="2/6/2026 4:57:16.363029255 PM",
="",5397,,,,,,,,,,,,,,,,448,="",="2/6/2026 4:57:16.376010915 PM",
="",5399,,,,,,,,,,,,,,,,411,="",="2/6/2026 4:57:16.376587450 PM",
="",5416,,,,,,,,,,,,,,,,436,="",="2/6/2026 4:57:16.423104255 PM",
="",5417,,,,,,,,,,,,,,,,411,="",="2/6/2026 4:57:16.423375510 PM",
="",5420,,,,,,,,,,,,,,,,443,="",="2/6/2026 4:57:16.427834065 PM",
="",5421,,,,,,,,,,,,,,,,117,="",="2/6/2026 4:57:16.428767690 PM",
="",5422,,,,,,,,,,,,,,,,171,="",="2/6/2026 4:57:16.429494040 PM",
="",5431,,,,,,,,,,,,,,,,425,="",="2/6/2026 4:57:16.444218995 PM",
="",5445,,,,,,,,,,,,,,,,117,="",="2/6/2026 4:57:16.476719435 PM",
="",5452,,,,,,,,,,,,,,,,117,="",="2/6/2026 4:57:16.481217905 PM",
="",5455,,,,,,,,,,,,,,,,129,="",="2/6/2026 4:57:16.482356125 PM",
="",5459,,,,,,,,,,,,,,,,388,="",="2/6/2026 4:57:16.496796815 PM",
="",5486,,,,,,,,,,,,,,,,123,="",="2/6/2026 4:57:16.530126795 PM",
="",5502,,,,,,,,,,,,,,,,125,="",="2/6/2026 4:57:16.559191370 PM",
="",5503,,,,,,,,,,,,,,,,117,="",="2/6/2026 4:57:16.559243305 PM",
="",5514,,,,,,,,,,,,,,,,436,="",="2/6/2026 4:57:16.581093295 PM",
="",5526,,,,,,,,,,,,,,,,440,="",="2/6/2026 4:57:16.615145520 PM",
="",5527,,,,,,,,,,,,,,,,454,="",="2/6/2026 4:57:16.621073590 PM",
="",5553,,,,,,,,,,,,,,,,229,="",="2/6/2026 4:57:16.660565510 PM",
="",5554,,,,,,,,,,,,,,,,437,="",="2/6/2026 4:57:16.669682475 PM",
="",5563,,,,,,,,,,,,,,,,437,="",="2/6/2026 4:57:16.690459525 PM",
="",5564,,,,,,,,,,,,,,,,440,="",="2/6/2026 4:57:16.691253170 PM",
="",5574,,,,,,,,,,,,,,,,440,="",="2/6/2026 4:57:16.717546035 PM",
="",5575,,,,,,,,,,,,,,,,454,="",="2/6/2026 4:57:16.723474050 PM",
="",5590,,,,,,,,,,,,,,,,443,="",="2/6/2026 4:57:16.735094660 PM",
="",5613,,,,,,,,,,,,,,,,440,="",="2/6/2026 4:57:16.786423785 PM",
="",5618,,,,,,,,,,,,,,,,437,="",="2/6/2026 4:57:16.792859880 PM",
="",5619,,,,,,,,,,,,,,,,440,="",="2/6/2026 4:57:16.793677500 PM",
="",5622,,,,,,,,,,,,,,,,454,="",="2/6/2026 4:57:16.810416345 PM",
="",5623,,,,,,,,,,,,,,,,442,="",="2/6/2026 4:57:16.810701145 PM",
="",5624,,,,,,,,,,,,,,,,440,="",="2/6/2026 4:57:16.811243100 PM",
="",5630,,,,,,,,,,,,,,,,411,="",="2/6/2026 4:57:16.819713030 PM",
="",5631,,,,,,,,,,,,,,,,440,="",="2/6/2026 4:57:16.819945910 PM",
="",5636,,,,,,,,,,,,,,,,454,="",="2/6/2026 4:57:16.825874420 PM",
="",5637,,,,,,,,,,,,,,,,442,="",="2/6/2026 4:57:16.826159140 PM",
="",5640,,,,,,,,,,,,,,,,440,="",="2/6/2026 4:57:16.829737345 PM",
="",5656,,,,,,,,,,,,,,,,117,="",="2/6/2026 4:57:16.844723245 PM",
="",5658,,,,,,,,,,,,,,,,115,="",="2/6/2026 4:57:16.854007560 PM",
="",5670,,,,,,,,,,,,,,,,117,="",="2/6/2026 4:57:16.869805205 PM",
="",5673,,,,,,,,,,,,,,,,436,="",="2/6/2026 4:57:16.874776590 PM",
="",5675,,,,,,,,,,,,,,,,440,="",="2/6/2026 4:57:16.875286435 PM",
="",5676,,,,,,,,,,,,,,,,171,="",="2/6/2026 4:57:16.877827265 PM",
="",5683,,,,,,,,,,,,,,,,436,="",="2/6/2026 4:57:16.894456215 PM",
="",5684,,,,,,,,,,,,,,,,440,="",="2/6/2026 4:57:16.894961015 PM",
="",5691,,,,,,,,,,,,,,,,117,="",="2/6/2026 4:57:16.910081355 PM",
="",5693,,,,,,,,,,,,,,,,442,="",="2/6/2026 4:57:16.913124840 PM",
="",5695,,,,,,,,,,,,,,,,171,="",="2/6/2026 4:57:16.914042490 PM",
="",5703,,,,,,,,,,,,,,,,440,="",="2/6/2026 4:57:16.922377425 PM",
="",5705,,,,,,,,,,,,,,,,454,="",="2/6/2026 4:57:16.928274960 PM",
="",5722,,,,,,,,,,,,,,,,171,="",="2/6/2026 4:57:16.949102380 PM",
="",5732,,,,,,,,,,,,,,,,440,="",="2/6/2026 4:57:16.973046050 PM",
="",5737,,,,,,,,,,,,,,,,436,="",="2/6/2026 4:57:16.977689380 PM",
="",5738,,,,,,,,,,,,,,,,411,="",="2/6/2026 4:57:16.977953880 PM",
="",5739,,,,,,,,,,,,,,,,440,="",="2/6/2026 4:57:16.978199265 PM",
="",5747,,,,,,,,,,,,,,,,440,="",="2/6/2026 4:57:16.991211385 PM",
="",5751,,,,,,,,,,,,,,,,109,="",="2/6/2026 4:57:16.994985015 PM",
="",5754,,,,,,,,,,,,,,,,411,="",="2/6/2026 4:57:16.997131140 PM",
="",5756,,,,,,,,,,,,,,,,411,="",="2/6/2026 4:57:16.998198820 PM",
="",5763,,,,,,,,,,,,,,,,454,="",="2/6/2026 4:57:17.015216585 PM",
="",5773,,,,,,,,,,,,,,,,436,="",="2/6/2026 4:57:17.024217180 PM",
="",5776,,,,,,,,,,,,,,,,454,="",="2/6/2026 4:57:17.030675085 PM",
="",5793,,,,,,,,,,,,,,,,340,="",="2/6/2026 4:57:17.049545950 PM",
="",5797,,,,,,,,,,,,,,,,117,="",="2/6/2026 4:57:17.051153115 PM",
="",5800,,,,,,,,,,,,,,,,117,="",="2/6/2026 4:57:17.051942680 PM",
="",5801,,,,,,,,,,,,,,,,117,="",="2/6/2026 4:57:17.051999035 PM",
="",5802,,,,,,,,,,,,,,,,425,="",="2/6/2026 4:57:17.060867620 PM",
="",5804,,,,,,,,,,,,,,,,436,="",="2/6/2026 4:57:17.063671200 PM",
="",5808,,,,,,,,,,,,,,,,436,="",="2/6/2026 4:57:17.074890965 PM",
="",5811,,,,,,,,,,,,,,,,117,="",="2/6/2026 4:57:17.076619060 PM",
="",5814,,,,,,,,,,,,,,,,411,="",="2/6/2026 4:57:17.079865290 PM",
="",5815,,,,,,,,,,,,,,,,440,="",="2/6/2026 4:57:17.080086780 PM",
="",5825,,,,,,,,,,,,,,,,435,="",="2/6/2026 4:57:17.106643510 PM",
="",5829,,,,,,,,,,,,,,,,422,="",="2/6/2026 4:57:17.118202505 PM",
="",5832,,,,,,,,,,,,,,,,411,="",="2/6/2026 4:57:17.126890970 PM",
="",5854,,,,,,,,,,,,,,,,99,="",="2/6/2026 4:57:17.155317110 PM",
="",5877,,,,,,,,,,,,,,,,436,="",="2/6/2026 4:57:17.202726115 PM",
="",5878,,,,,,,,,,,,,,,,411,="",="2/6/2026 4:57:17.203003325 PM",
="",5879,,,,,,,,,,,,,,,,440,="",="2/6/2026 4:57:17.203256270 PM",
="",5882,,,,,,,,,,,,,,,,187,="",="2/6/2026 4:57:17.211642035 PM",
="",5885,,,,,,,,,,,,,,,,430,="",="2/6/2026 4:57:17.214773415 PM",
="",5894,,,,,,,,,,,,,,,,411,="",="2/6/2026 4:57:17.229314720 PM",
="",5895,,,,,,,,,,,,,,,,440,="",="2/6/2026 4:57:17.229549800 PM",
="",5896,,,,,,,,,,,,,,,,454,="",="2/6/2026 4:57:17.235479390 PM",
="",5904,,,,,,,,,,,,,,,,430,="",="2/6/2026 4:57:17.240083380 PM",
="",5906,,,,,,,,,,,,,,,,430,="",="2/6/2026 4:57:17.241273275 PM",
="",5908,,,,,,,,,,,,,,,,430,="",="2/6/2026 4:57:17.241743790 PM",
="",5909,,,,,,,,,,,,,,,,430,="",="2/6/2026 4:57:17.242166410 PM",
="",5912,,,,,,,,,,,,,,,,171,="",="2/6/2026 4:57:17.243431830 PM",
="",5920,,,,,,,,,,,,,,,,440,="",="2/6/2026 4:57:17.253263250 PM",
="",5930,,,,,,,,,,,,,,,,448,="",="2/6/2026 4:57:17.279410525 PM",
="",5931,,,,,,,,,,,,,,,,436,="",="2/6/2026 4:57:17.279694125 PM",
="",5933,,,,,,,,,,,,,,,,440,="",="2/6/2026 4:57:17.280221360 PM",
="",5934,,,,,,,,,,,,,,,,436,="",="2/6/2026 4:57:17.284369265 PM",
="",5935,,,,,,,,,,,,,,,,440,="",="2/6/2026 4:57:17.284899300 PM",
="",5961,,,,,,,,,,,,,,,,437,="",="2/6/2026 4:57:17.331142330 PM",
="",5962,,,,,,,,,,,,,,,,436,="",="2/6/2026 4:57:17.331418360 PM",
="",5963,,,,,,,,,,,,,,,,411,="",="2/6/2026 4:57:17.331692530 PM",
="",5964,,,,,,,,,,,,,,,,440,="",="2/6/2026 4:57:17.331951555 PM",
="",5965,,,,,,,,,,,,,,,,454,="",="2/6/2026 4:57:17.337876665 PM",
="",5968,,,,,,,,,,,,,,,,436,="",="2/6/2026 4:57:17.341086285 PM",
="",5982,,,,,,,,,,,,,,,,171,="",="2/6/2026 4:57:17.367554210 PM",
="",5984,,,,,,,,,,,,,,,,177,="",="2/6/2026 4:57:17.369647875 PM",
="",5991,,,,,,,,,,,,,,,,448,="",="2/6/2026 4:57:17.381811640 PM",
="",5992,,,,,,,,,,,,,,,,436,="",="2/6/2026 4:57:17.382092040 PM",
="",5996,,,,,,,,,,,,,,,,440,="",="2/6/2026 4:57:17.387287775 PM",
="",6003,,,,,,,,,,,,,,,,99,="",="2/6/2026 4:57:17.403352590 PM",
="",6004,,,,,,,,,,,,,,,,117,="",="2/6/2026 4:57:17.403462405 PM",
="",6007,,,,,,,,,,,,,,,,411,="",="2/6/2026 4:57:17.406730020 PM",
="",6008,,,,,,,,,,,,,,,,440,="",="2/6/2026 4:57:17.406963755 PM",
="",6009,,,,,,,,,,,,,,,,437,="",="2/6/2026 4:57:17.407250355 PM",
="",6010,,,,,,,,,,,,,,,,436,="",="2/6/2026 4:57:17.407526290 PM",
="",6012,,,,,,,,,,,,,,,,440,="",="2/6/2026 4:57:17.408056620 PM",
="",6013,,,,,,,,,,,,,,,,435,="",="2/6/2026 4:57:17.415163420 PM",
="",6015,,,,,,,,,,,,,,,,434,="",="2/6/2026 4:57:17.416792195 PM",
="",6017,,,,,,,,,,,,,,,,171,="",="2/6/2026 4:57:17.429740430 PM",
="",6018,,,,,,,,,,,,,,,,440,="",="2/6/2026 4:57:17.434348590 PM",
="",6021,,,,,,,,,,,,,,,,454,="",="2/6/2026 4:57:17.440280100 PM",
="",6033,,,,,,,,,,,,,,,,171,="",="2/6/2026 4:57:17.447913125 PM",
="",6034,,,,,,,,,,,,,,,,171,="",="2/6/2026 4:57:17.447982715 PM",
="",6046,,,,,,,,,,,,,,,,117,="",="2/6/2026 4:57:17.468743745 PM",
="",6048,,,,,,,,,,,,,,,,117,="",="2/6/2026 4:57:17.469491540 PM",
="",6051,,,,,,,,,,,,,,,,117,="",="2/6/2026 4:57:17.470483640 PM",
="",6066,,,,,,,,,,,,,,,,436,="",="2/6/2026 4:57:17.489200375 PM",
="",6079,,,,,,,,,,,,,,,,436,="",="2/6/2026 4:57:17.509947995 PM",
="",6092,,,,,,,,,,,,,,,,484,="",="2/6/2026 4:57:17.526739170 PM",
="",6098,,,,,,,,,,,,,,,,117,="",="2/6/2026 4:57:17.530027565 PM",
="",6101,,,,,,,,,,,,,,,,117,="",="2/6/2026 4:57:17.533702270 PM",
="",6108,,,,,,,,,,,,,,,,454,="",="2/6/2026 4:57:17.542677655 PM",
="",6148,,,,,,,,,,,,,,,,448,="",="2/6/2026 4:57:17.604807305 PM",
="",6150,,,,,,,,,,,,,,,,117,="",="2/6/2026 4:57:17.606115520 PM",
="",6168,,,,,,,,,,,,,,,,117,="",="2/6/2026 4:57:17.623191190 PM",
="",6170,,,,,,,,,,,,,,,,442,="",="2/6/2026 4:57:17.629904400 PM",
="",6174,,,,,,,,,,,,,,,,440,="",="2/6/2026 4:57:17.639149725 PM",
="",6175,,,,,,,,,,,,,,,,454,="",="2/6/2026 4:57:17.645078235 PM",
="",6182,,,,,,,,,,,,,,,,440,="",="2/6/2026 4:57:17.652386855 PM",
="",6198,,,,,,,,,,,,,,,,117,="",="2/6/2026 4:57:17.701098270 PM",
="",6209,,,,,,,,,,,,,,,,437,="",="2/6/2026 4:57:17.714452390 PM",
="",6212,,,,,,,,,,,,,,,,484,="",="2/6/2026 4:57:17.716720475 PM",
="",6216,,,,,,,,,,,,,,,,117,="",="2/6/2026 4:57:17.721982965 PM",
="",6217,,,,,,,,,,,,,,,,117,="",="2/6/2026 4:57:17.722033550 PM",
="",6219,,,,,,,,,,,,,,,,117,="",="2/6/2026 4:57:17.722772865 PM",
="",6222,,,,,,,,,,,,,,,,117,="",="2/6/2026 4:57:17.723608725 PM",
="",6236,,,,,,,,,,,,,,,,437,="",="2/6/2026 4:57:17.750483710 PM",
="",6261,,,,,,,,,,,,,,,,177,="",="2/6/2026 4:57:17.795627610 PM",
="",6264,,,,,,,,,,,,,,,,177,="",="2/6/2026 4:57:17.798639765 PM",
="",6266,,,,,,,,,,,,,,,,177,="",="2/6/2026 4:57:17.800038725 PM",
="",6272,,,,,,,,,,,,,,,,177,="",="2/6/2026 4:57:17.802819655 PM",
="",6275,,,,,,,,,,,,,,,,177,="",="2/6/2026 4:57:17.804243895 PM",
="",6300,,,,,,,,,,,,,,,,440,="",="2/6/2026 4:57:17.843951220 PM",
="",6301,,,,,,,,,,,,,,,,454,="",="2/6/2026 4:57:17.849879010 PM",
="",6307,,,,,,,,,,,,,,,,117,="",="2/6/2026 4:57:17.856290715 PM",
="",6308,,,,,,,,,,,,,,,,117,="",="2/6/2026 4:57:17.856342220 PM",
="",6322,,,,,,,,,,,,,,,,471,="",="2/6/2026 4:57:17.876304475 PM",
="",6356,,,,,,,,,,,,,,,,388,="",="2/6/2026 4:57:17.929965280 PM",
="",6362,,,,,,,,,,,,,,,,440,="",="2/6/2026 4:57:17.946350960 PM",
="",6380,,,,,,,,,,,,,,,,117,="",="2/6/2026 4:57:17.964278770 PM",
="",6390,,,,,,,,,,,,,,,,471,="",="2/6/2026 4:57:17.979279175 PM",
="",6399,,,,,,,,,,,,,,,,448,="",="2/6/2026 4:57:17.996213470 PM",
="",6400,,,,,,,,,,,,,,,,436,="",="2/6/2026 4:57:17.996497175 PM",
="",6401,,,,,,,,,,,,,,,,411,="",="2/6/2026 4:57:17.996767920 PM",
="",6407,,,,,,,,,,,,,,,,117,="",="2/6/2026 4:57:18.008461005 PM",
="",6432,,,,,,,,,,,,,,,,442,="",="2/6/2026 4:57:18.036166650 PM",
="",6433,,,,,,,,,,,,,,,,422,="",="2/6/2026 4:57:18.036435150 PM",
="",6435,,,,,,,,,,,,,,,,442,="",="2/6/2026 4:57:18.039505960 PM",
="",6436,,,,,,,,,,,,,,,,422,="",="2/6/2026 4:57:18.039782675 PM",
="",6437,,,,,,,,,,,,,,,,171,="",="2/6/2026 4:57:18.040382815 PM",
="",6445,,,,,,,,,,,,,,,,183,="",="2/6/2026 4:57:18.049690485 PM",
="",6449,,,,,,,,,,,,,,,,119,="",="2/6/2026 4:57:18.052139065 PM",
="",6450,,,,,,,,,,,,,,,,117,="",="2/6/2026 4:57:18.052193090 PM",
="",6451,,,,,,,,,,,,,,,,171,="",="2/6/2026 4:57:18.053267355 PM",
="",6466,,,,,,,,,,,,,,,,340,="",="2/6/2026 4:57:18.073551420 PM",
="",6474,,,,,,,,,,,,,,,,436,="",="2/6/2026 4:57:18.098918750 PM",
="",6476,,,,,,,,,,,,,,,,171,="",="2/6/2026 4:57:18.099751250 PM",
="",6493,,,,,,,,,,,,,,,,171,="",="2/6/2026 4:57:18.142894040 PM",
="",6496,,,,,,,,,,,,,,,,177,="",="2/6/2026 4:57:18.144706920 PM",
="",6512,,,,,,,,,,,,,,,,117,="",="2/6/2026 4:57:18.156600725 PM",
="",6513,,,,,,,,,,,,,,,,454,="",="2/6/2026 4:57:18.157080855 PM",
="",6515,,,,,,,,,,,,,,,,437,="",="2/6/2026 4:57:18.160053855 PM",
="",6517,,,,,,,,,,,,,,,,440,="",="2/6/2026 4:57:18.160825495 PM",
="",6542,,,,,,,,,,,,,,,,411,="",="2/6/2026 4:57:18.201591130 PM",
="",6544,,,,,,,,,,,,,,,,436,="",="2/6/2026 4:57:18.205980505 PM",
="",6545,,,,,,,,,,,,,,,,411,="",="2/6/2026 4:57:18.206260980 PM",
="",6546,,,,,,,,,,,,,,,,440,="",="2/6/2026 4:57:18.206489910 PM",
="",6552,,,,,,,,,,,,,,,,440,="",="2/6/2026 4:57:18.220051015 PM",
="",6563,,,,,,,,,,,,,,,,422,="",="2/6/2026 4:57:18.241217425 PM",
="",6568,,,,,,,,,,,,,,,,422,="",="2/6/2026 4:57:18.244993720 PM",
="",6570,,,,,,,,,,,,,,,,117,="",="2/6/2026 4:57:18.245753095 PM",
="",6575,,,,,,,,,,,,,,,,117,="",="2/6/2026 4:57:18.251661120 PM",
="",6580,,,,,,,,,,,,,,,,454,="",="2/6/2026 4:57:18.259481195 PM",
="",6604,,,,,,,,,,,,,,,,425,="",="2/6/2026 4:57:18.286583520 PM",
="",6612,,,,,,,,,,,,,,,,436,="",="2/6/2026 4:57:18.303719525 PM",
="",6613,,,,,,,,,,,,,,,,411,="",="2/6/2026 4:57:18.303984025 PM",
="",6614,,,,,,,,,,,,,,,,440,="",="2/6/2026 4:57:18.304225965 PM",
="",6620,,,,,,,,,,,,,,,,440,="",="2/6/2026 4:57:18.322449810 PM",
="",6641,,,,,,,,,,,,,,,,454,="",="2/6/2026 4:57:18.361881590 PM",
="",6668,,,,,,,,,,,,,,,,436,="",="2/6/2026 4:57:18.406120000 PM",
="",6669,,,,,,,,,,,,,,,,411,="",="2/6/2026 4:57:18.406384500 PM",
="",6680,,,,,,,,,,,,,,,,171,="",="2/6/2026 4:57:18.429481520 PM",
="",6691,,,,,,,,,,,,,,,,454,="",="2/6/2026 4:57:18.448822270 PM",
="",6692,,,,,,,,,,,,,,,,442,="",="2/6/2026 4:57:18.449107350 PM",
="",6693,,,,,,,,,,,,,,,,440,="",="2/6/2026 4:57:18.449649120 PM",
="",6694,,,,,,,,,,,,,,,,115,="",="2/6/2026 4:57:18.450123855 PM",
="",6705,,,,,,,,,,,,,,,,454,="",="2/6/2026 4:57:18.464282265 PM",
="",6718,,,,,,,,,,,,,,,,177,="",="2/6/2026 4:57:18.476671990 PM",
="",6728,,,,,,,,,,,,,,,,471,="",="2/6/2026 4:57:18.490686945 PM",
="",6748,,,,,,,,,,,,,,,,171,="",="2/6/2026 4:57:18.527563910 PM",
="",6751,,,,,,,,,,,,,,,,117,="",="2/6/2026 4:57:18.531192520 PM",
="",6757,,,,,,,,,,,,,,,,436,="",="2/6/2026 4:57:18.533966140 PM",
="",6760,,,,,,,,,,,,,,,,117,="",="2/6/2026 4:57:18.535960985 PM",
="",6767,,,,,,,,,,,,,,,,440,="",="2/6/2026 4:57:18.552076595 PM",
="",6768,,,,,,,,,,,,,,,,117,="",="2/6/2026 4:57:18.552693480 PM",
="",6772,,,,,,,,,,,,,,,,117,="",="2/6/2026 4:57:18.554647425 PM",
="",6782,,,,,,,,,,,,,,,,454,="",="2/6/2026 4:57:18.566682965 PM",
="",6785,,,,,,,,,,,,,,,,436,="",="2/6/2026 4:57:18.569921130 PM",
="",6787,,,,,,,,,,,,,,,,440,="",="2/6/2026 4:57:18.570418685 PM",
="",6817,,,,,,,,,,,,,,,,117,="",="2/6/2026 4:57:18.604809320 PM",
="",6831,,,,,,,,,,,,,,,,105,="",="2/6/2026 4:57:18.626611295 PM",
="",6832,,,,,,,,,,,,,,,,117,="",="2/6/2026 4:57:18.626779515 PM",
="",6844,,,,,,,,,,,,,,,,440,="",="2/6/2026 4:57:18.636863400 PM",
="",6859,,,,,,,,,,,,,,,,437,="",="2/6/2026 4:57:18.657241400 PM",
="",6888,,,,,,,,,,,,,,,,117,="",="2/6/2026 4:57:18.700762485 PM",
="",6890,,,,,,,,,,,,,,,,437,="",="2/6/2026 4:57:18.701774325 PM",
="",6892,,,,,,,,,,,,,,,,411,="",="2/6/2026 4:57:18.702324645 PM",
="",6899,,,,,,,,,,,,,,,,436,="",="2/6/2026 4:57:18.717960650 PM",
="",6902,,,,,,,,,,,,,,,,117,="",="2/6/2026 4:57:18.721734815 PM",
="",6906,,,,,,,,,,,,,,,,105,="",="2/6/2026 4:57:18.722827200 PM",
="",6908,,,,,,,,,,,,,,,,117,="",="2/6/2026 4:57:18.722947965 PM",
="",6926,,,,,,,,,,,,,,,,437,="",="2/6/2026 4:57:18.738469605 PM",
="",6928,,,,,,,,,,,,,,,,411,="",="2/6/2026 4:57:18.739037290 PM",
="",6930,,,,,,,,,,,,,,,,437,="",="2/6/2026 4:57:18.740655130 PM",
="",6932,,,,,,,,,,,,,,,,440,="",="2/6/2026 4:57:18.741461315 PM",
="",6939,,,,,,,,,,,,,,,,442,="",="2/6/2026 4:57:18.754609185 PM",
="",6940,,,,,,,,,,,,,,,,422,="",="2/6/2026 4:57:18.754877685 PM",
="",6941,,,,,,,,,,,,,,,,440,="",="2/6/2026 4:57:18.755125025 PM",
="",6952,,,,,,,,,,,,,,,,454,="",="2/6/2026 4:57:18.771483985 PM",
="",6959,,,,,,,,,,,,,,,,442,="",="2/6/2026 4:57:18.776074835 PM",
="",6988,,,,,,,,,,,,,,,,440,="",="2/6/2026 4:57:18.820890990 PM",
="",6992,,,,,,,,,,,,,,,,177,="",="2/6/2026 4:57:18.822425380 PM",
="",6996,,,,,,,,,,,,,,,,177,="",="2/6/2026 4:57:18.823895475 PM",
="",6999,,,,,,,,,,,,,,,,177,="",="2/6/2026 4:57:18.825330370 PM",
="",7002,,,,,,,,,,,,,,,,177,="",="2/6/2026 4:57:18.826743410 PM",
="",7006,,,,,,,,,,,,,,,,177,="",="2/6/2026 4:57:18.828166650 PM",
="",7011,,,,,,,,,,,,,,,,177,="",="2/6/2026 4:57:18.829565490 PM",
="",7015,,,,,,,,,,,,,,,,177,="",="2/6/2026 4:57:18.831014450 PM",
="",7024,,,,,,,,,,,,,,,,177,="",="2/6/2026 4:57:18.835596480 PM",
="",7045,,,,,,,,,,,,,,,,436,="",="2/6/2026 4:57:18.862336735 PM",
="",7051,,,,,,,,,,,,,,,,454,="",="2/6/2026 4:57:18.873883970 PM",
="",7056,,,,,,,,,,,,,,,,440,="",="2/6/2026 4:57:18.878409445 PM",
="",7073,,,,,,,,,,,,,,,,440,="",="2/6/2026 4:57:18.907381650 PM",
="",7082,,,,,,,,,,,,,,,,115,="",="2/6/2026 4:57:18.927275060 PM",
="",7104,,,,,,,,,,,,,,,,171,="",="2/6/2026 4:57:18.961969425 PM",
="",7107,,,,,,,,,,,,,,,,436,="",="2/6/2026 4:57:18.964737145 PM",
="",7116,,,,,,,,,,,,,,,,454,="",="2/6/2026 4:57:18.976284660 PM",
="",7121,,,,,,,,,,,,,,,,440,="",="2/6/2026 4:57:18.980028820 PM",
="",7122,,,,,,,,,,,,,,,,171,="",="2/6/2026 4:57:18.980545540 PM",
="",7133,,,,,,,,,,,,,,,,117,="",="2/6/2026 4:57:18.987607370 PM",
="",7177,,,,,,,,,,,,,,,,442,="",="2/6/2026 4:57:19.060142035 PM",
="",7178,,,,,,,,,,,,,,,,422,="",="2/6/2026 4:57:19.060426670 PM",
="",7184,,,,,,,,,,,,,,,,171,="",="2/6/2026 4:57:19.064377700 PM",
="",7185,,,,,,,,,,,,,,,,105,="",="2/6/2026 4:57:19.064469600 PM",
="",7187,,,,,,,,,,,,,,,,117,="",="2/6/2026 4:57:19.064652740 PM",
="",7191,,,,,,,,,,,,,,,,436,="",="2/6/2026 4:57:19.067138060 PM",
="",7193,,,,,,,,,,,,,,,,440,="",="2/6/2026 4:57:19.067677960 PM",
="",7196,,,,,,,,,,,,,,,,117,="",="2/6/2026 4:57:19.068108600 PM",
="",7197,,,,,,,,,,,,,,,,117,="",="2/6/2026 4:57:19.068153265 PM",
="",7204,,,,,,,,,,,,,,,,440,="",="2/6/2026 4:57:19.079512010 PM",
="",7205,,,,,,,,,,,,,,,,171,="",="2/6/2026 4:57:19.079838615 PM",
="",7206,,,,,,,,,,,,,,,,367,="",="2/6/2026 4:57:19.081616455 PM",
="",7233,,,,,,,,,,,,,,,,171,="",="2/6/2026 4:57:19.123755325 PM",
="",7253,,,,,,,,,,,,,,,,436,="",="2/6/2026 4:57:19.150460115 PM",
="",7254,,,,,,,,,,,,,,,,411,="",="2/6/2026 4:57:19.150733420 PM",
="",7255,,,,,,,,,,,,,,,,440,="",="2/6/2026 4:57:19.150989470 PM",
="",7262,,,,,,,,,,,,,,,,121,="",="2/6/2026 4:57:19.154795160 PM",
="",7264,,,,,,,,,,,,,,,,105,="",="2/6/2026 4:57:19.155098935 PM",
="",7266,,,,,,,,,,,,,,,,117,="",="2/6/2026 4:57:19.155267595 PM",
="",7274,,,,,,,,,,,,,,,,440,="",="2/6/2026 4:57:19.163083600 PM",
="",7280,,,,,,,,,,,,,,,,436,="",="2/6/2026 4:57:19.169538150 PM",
="",7282,,,,,,,,,,,,,,,,440,="",="2/6/2026 4:57:19.170047915 PM",
="",7292,,,,,,,,,,,,,,,,411,="",="2/6/2026 4:57:19.185337570 PM",
="",7293,,,,,,,,,,,,,,,,440,="",="2/6/2026 4:57:19.185594035 PM",
="",7294,,,,,,,,,,,,,,,,99,="",="2/6/2026 4:57:19.186147410 PM",
="",7327,,,,,,,,,,,,,,,,105,="",="2/6/2026 4:57:19.244521110 PM",
="",7331,,,,,,,,,,,,,,,,105,="",="2/6/2026 4:57:19.245633415 PM",
="",7332,,,,,,,,,,,,,,,,105,="",="2/6/2026 4:57:19.245682085 PM",
="",7334,,,,,,,,,,,,,,,,117,="",="2/6/2026 4:57:19.245848770 PM",
="",7349,,,,,,,,,,,,,,,,437,="",="2/6/2026 4:57:19.252603085 PM",
="",7358,,,,,,,,,,,,,,,,437,="",="2/6/2026 4:57:19.271642530 PM",
="",7359,,,,,,,,,,,,,,,,436,="",="2/6/2026 4:57:19.271920640 PM",
="",7365,,,,,,,,,,,,,,,,398,="",="2/6/2026 4:57:19.283731510 PM",
="",7367,,,,,,,,,,,,,,,,437,="",="2/6/2026 4:57:19.286431360 PM",
="",7368,,,,,,,,,,,,,,,,411,="",="2/6/2026 4:57:19.287746770 PM",
="",7400,,,,,,,,,,,,,,,,440,="",="2/6/2026 4:57:19.328230130 PM",
="",7404,,,,,,,,,,,,,,,,177,="",="2/6/2026 4:57:19.329908380 PM",
="",7405,,,,,,,,,,,,,,,,99,="",="2/6/2026 4:57:19.329956880 PM",
="",7411,,,,,,,,,,,,,,,,440,="",="2/6/2026 4:57:19.346476695 PM",
="",7422,,,,,,,,,,,,,,,,171,="",="2/6/2026 4:57:19.354179275 PM",
="",7424,,,,,,,,,,,,,,,,411,="",="2/6/2026 4:57:19.355534150 PM",
="",7425,,,,,,,,,,,,,,,,440,="",="2/6/2026 4:57:19.355811855 PM",
="",7432,,,,,,,,,,,,,,,,442,="",="2/6/2026 4:57:19.367341855 PM",
="",7452,,,,,,,,,,,,,,,,440,="",="2/6/2026 4:57:19.393186630 PM",
="",7458,,,,,,,,,,,,,,,,117,="",="2/6/2026 4:57:19.398443480 PM",
="",7486,,,,,,,,,,,,,,,,314,="",="2/6/2026 4:57:19.445995150 PM",
="",7492,,,,,,,,,,,,,,,,115,="",="2/6/2026 4:57:19.450537885 PM",
="",7505,,,,,,,,,,,,,,,,117,="",="2/6/2026 4:57:19.457136200 PM",
="",7507,,,,,,,,,,,,,,,,437,="",="2/6/2026 4:57:19.457384895 PM",
="",7508,,,,,,,,,,,,,,,,411,="",="2/6/2026 4:57:19.457935135 PM",
="",7510,,,,,,,,,,,,,,,,115,="",="2/6/2026 4:57:19.458685615 PM",
="",7513,,,,,,,,,,,,,,,,440,="",="2/6/2026 4:57:19.470285235 PM",
="",7514,,,,,,,,,,,,,,,,115,="",="2/6/2026 4:57:19.471524740 PM",
="",7515,,,,,,,,,,,,,,,,99,="",="2/6/2026 4:57:19.471568805 PM",
="",7529,,,,,,,,,,,,,,,,454,="",="2/6/2026 4:57:19.488286995 PM",
="",7608,,,,,,,,,,,,,,,,440,="",="2/6/2026 4:57:19.572684140 PM",
="",7613,,,,,,,,,,,,,,,,171,="",="2/6/2026 4:57:19.576371090 PM",
="",7622,,,,,,,,,,,,,,,,117,="",="2/6/2026 4:57:19.580145020 PM",
="",7629,,,,,,,,,,,,,,,,213,="",="2/6/2026 4:57:19.585821850 PM",
="",7631,,,,,,,,,,,,,,,,579,="",="2/6/2026 4:57:19.587000595 PM",
="",7636,,,,,,,,,,,,,,,,411,="",="2/6/2026 4:57:19.594368840 PM",
="",7637,,,,,,,,,,,,,,,,440,="",="2/6/2026 4:57:19.594602280 PM",
="",7638,,,,,,,,,,,,,,,,171,="",="2/6/2026 4:57:19.594928285 PM",
="",7639,,,,,,,,,,,,,,,,448,="",="2/6/2026 4:57:19.595413095 PM",
="",7655,,,,,,,,,,,,,,,,323,="",="2/6/2026 4:57:19.604200235 PM",
="",7663,,,,,,,,,,,,,,,,471,="",="2/6/2026 4:57:19.617184290 PM",
="",7669,,,,,,,,,,,,,,,,117,="",="2/6/2026 4:57:19.623097670 PM",
="",7681,,,,,,,,,,,,,,,,177,="",="2/6/2026 4:57:19.629831570 PM",
="",7721,,,,,,,,,,,,,,,,436,="",="2/6/2026 4:57:19.681541140 PM",
="",7733,,,,,,,,,,,,,,,,411,="",="2/6/2026 4:57:19.697341000 PM",
="",7734,,,,,,,,,,,,,,,,440,="",="2/6/2026 4:57:19.697597345 PM",
="",7747,,,,,,,,,,,,,,,,117,="",="2/6/2026 4:57:19.722093865 PM",
="",7751,,,,,,,,,,,,,,,,117,="",="2/6/2026 4:57:19.722465665 PM",
="",7757,,,,,,,,,,,,,,,,177,="",="2/6/2026 4:57:19.724236690 PM",
="",7770,,,,,,,,,,,,,,,,440,="",="2/6/2026 4:57:19.737834920 PM",
="",7777,,,,,,,,,,,,,,,,177,="",="2/6/2026 4:57:19.745521920 PM",
="",7778,,,,,,,,,,,,,,,,99,="",="2/6/2026 4:57:19.745567980 PM",
="",7782,,,,,,,,,,,,,,,,177,="",="2/6/2026 4:57:19.746955000 PM",
="",7786,,,,,,,,,,,,,,,,177,="",="2/6/2026 4:57:19.748364840 PM",
="",7787,,,,,,,,,,,,,,,,99,="",="2/6/2026 4:57:19.748410215 PM",
="",7791,,,,,,,,,,,,,,,,177,="",="2/6/2026 4:57:19.749785840 PM",
="",7799,,,,,,,,,,,,,,,,177,="",="2/6/2026 4:57:19.751349740 PM",
="",7804,,,,,,,,,,,,,,,,177,="",="2/6/2026 4:57:19.752765300 PM",
="",7812,,,,,,,,,,,,,,,,177,="",="2/6/2026 4:57:19.757093865 PM",
="",7813,,,,,,,,,,,,,,,,99,="",="2/6/2026 4:57:19.757139240 PM",
="",7843,,,,,,,,,,,,,,,,454,="",="2/6/2026 4:57:19.799186080 PM",
="",7844,,,,,,,,,,,,,,,,442,="",="2/6/2026 4:57:19.799470840 PM",
="",7849,,,,,,,,,,,,,,,,411,="",="2/6/2026 4:57:19.801457940 PM",
="",7850,,,,,,,,,,,,,,,,440,="",="2/6/2026 4:57:19.801691820 PM",
="",7877,,,,,,,,,,,,,,,,210,="",="2/6/2026 4:57:19.846068825 PM",
="",7922,,,,,,,,,,,,,,,,436,="",="2/6/2026 4:57:19.886342560 PM",
="",7924,,,,,,,,,,,,,,,,440,="",="2/6/2026 4:57:19.886854780 PM",
="",7938,,,,,,,,,,,,,,,,440,="",="2/6/2026 4:57:19.903375890 PM",
="",7944,,,,,,,,,,,,,,,,171,="",="2/6/2026 4:57:19.907326240 PM",
="",7945,,,,,,,,,,,,,,,,171,="",="2/6/2026 4:57:19.907391310 PM",
="",7956,,,,,,,,,,,,,,,,115,="",="2/6/2026 4:57:19.927779780 PM",
="",7957,,,,,,,,,,,,,,,,99,="",="2/6/2026 4:57:19.927823685 PM",
="",7993,,,,,,,,,,,,,,,,442,="",="2/6/2026 4:57:19.981769180 PM",
="",7995,,,,,,,,,,,,,,,,440,="",="2/6/2026 4:57:19.982284740 PM",
="",8000,,,,,,,,,,,,,,,,440,="",="2/6/2026 4:57:19.989255375 PM",
="",8011,,,,,,,,,,,,,,,,448,="",="2/6/2026 4:57:20.004967505 PM",
="",8016,,,,,,,,,,,,,,,,117,="",="2/6/2026 4:57:20.008466815 PM",
="",8066,,,,,,,,,,,,,,,,364,="",="2/6/2026 4:57:20.079623855 PM",
="",8069,,,,,,,,,,,,,,,,442,="",="2/6/2026 4:57:20.084179950 PM",
="",8072,,,,,,,,,,,,,,,,115,="",="2/6/2026 4:57:20.085213100 PM",
="",8073,,,,,,,,,,,,,,,,99,="",="2/6/2026 4:57:20.085257685 PM",
="",8075,,,,,,,,,,,,,,,,117,="",="2/6/2026 4:57:20.087136175 PM",
="",8086,,,,,,,,,,,,,,,,117,="",="2/6/2026 4:57:20.090684555 PM",
="",8087,,,,,,,,,,,,,,,,437,="",="2/6/2026 4:57:20.091076770 PM",
="",8088,,,,,,,,,,,,,,,,436,="",="2/6/2026 4:57:20.091354520 PM",
="",8098,,,,,,,,,,,,,,,,177,="",="2/6/2026 4:57:20.100316990 PM",
="",8102,,,,,,,,,,,,,,,,117,="",="2/6/2026 4:57:20.100947025 PM",
="",8104,,,,,,,,,,,,,,,,117,="",="2/6/2026 4:57:20.101214570 PM",
="",8109,,,,,,,,,,,,,,,,422,="",="2/6/2026 4:57:20.103254930 PM",
="",8110,,,,,,,,,,,,,,,,171,="",="2/6/2026 4:57:20.103826775 PM",
="",8123,,,,,,,,,,,,,,,,440,="",="2/6/2026 4:57:20.121027515 PM",
="",8177,,,,,,,,,,,,,,,,340,="",="2/6/2026 4:57:20.176946890 PM",
="",8210,,,,,,,,,,,,,,,,177,="",="2/6/2026 4:57:20.208426700 PM",
="",8211,,,,,,,,,,,,,,,,177,="",="2/6/2026 4:57:20.208473950 PM",
="",8212,,,,,,,,,,,,,,,,177,="",="2/6/2026 4:57:20.208485205 PM",
="",8224,,,,,,,,,,,,,,,,440,="",="2/6/2026 4:57:20.223426700 PM",
="",8234,,,,,,,,,,,,,,,,117,="",="2/6/2026 4:57:20.239835555 PM",
="",8243,,,,,,,,,,,,,,,,117,="",="2/6/2026 4:57:20.244309420 PM",
="",8246,,,,,,,,,,,,,,,,117,="",="2/6/2026 4:57:20.244507740 PM",
="",8250,,,,,,,,,,,,,,,,117,="",="2/6/2026 4:57:20.245330810 PM",
="",8261,,,,,,,,,,,,,,,,177,="",="2/6/2026 4:57:20.251620840 PM",
="",8262,,,,,,,,,,,,,,,,99,="",="2/6/2026 4:57:20.251666500 PM",
="",8311,,,,,,,,,,,,,,,,411,="",="2/6/2026 4:57:20.311170805 PM",
="",8312,,,,,,,,,,,,,,,,448,="",="2/6/2026 4:57:20.312167725 PM",
="",8313,,,,,,,,,,,,,,,,411,="",="2/6/2026 4:57:20.312722895 PM",
="",8326,,,,,,,,,,,,,,,,411,="",="2/6/2026 4:57:20.325570700 PM",
="",8327,,,,,,,,,,,,,,,,440,="",="2/6/2026 4:57:20.325827125 PM",
="",8339,,,,,,,,,,,,,,,,171,="",="2/6/2026 4:57:20.353982750 PM",
="",8340,,,,,,,,,,,,,,,,171,="",="2/6/2026 4:57:20.354379995 PM",
="",8348,,,,,,,,,,,,,,,,177,="",="2/6/2026 4:57:20.360399580 PM",
="",8353,,,,,,,,,,,,,,,,177,="",="2/6/2026 4:57:20.361821540 PM",
="",8375,,,,,,,,,,,,,,,,411,="",="2/6/2026 4:57:20.379892470 PM",
="",8376,,,,,,,,,,,,,,,,440,="",="2/6/2026 4:57:20.380123630 PM",
="",8404,,,,,,,,,,,,,,,,442,="",="2/6/2026 4:57:20.413644380 PM",
="",8405,,,,,,,,,,,,,,,,411,="",="2/6/2026 4:57:20.413912880 PM",
="",8406,,,,,,,,,,,,,,,,440,="",="2/6/2026 4:57:20.414154780 PM",
="",8411,,,,,,,,,,,,,,,,171,="",="2/6/2026 4:57:20.418605100 PM",
="",8415,,,,,,,,,,,,,,,,333,="",="2/6/2026 4:57:20.420580395 PM",
="",8431,,,,,,,,,,,,,,,,99,="",="2/6/2026 4:57:20.450004560 PM",
="",8442,,,,,,,,,,,,,,,,109,="",="2/6/2026 4:57:20.456352865 PM",
="",8465,,,,,,,,,,,,,,,,437,="",="2/6/2026 4:57:20.479277880 PM",
="",8467,,,,,,,,,,,,,,,,411,="",="2/6/2026 4:57:20.479815835 PM",
="",8485,,,,,,,,,,,,,,,,177,="",="2/6/2026 4:57:20.495693460 PM",
="",8488,,,,,,,,,,,,,,,,99,="",="2/6/2026 4:57:20.496170735 PM",
="",8493,,,,,,,,,,,,,,,,117,="",="2/6/2026 4:57:20.498199435 PM",
="",8500,,,,,,,,,,,,,,,,440,="",="2/6/2026 4:57:20.506365285 PM",
="",8509,,,,,,,,,,,,,,,,454,="",="2/6/2026 4:57:20.515988435 PM",
="",8511,,,,,,,,,,,,,,,,440,="",="2/6/2026 4:57:20.516805550 PM",
="",8539,,,,,,,,,,,,,,,,177,="",="2/6/2026 4:57:20.558788325 PM",
="",8548,,,,,,,,,,,,,,,,171,="",="2/6/2026 4:57:20.579161450 PM",
="",8579,,,,,,,,,,,,,,,,115,="",="2/6/2026 4:57:20.600565075 PM",
="",8600,,,,,,,,,,,,,,,,411,="",="2/6/2026 4:57:20.619153595 PM",
="",8604,,,,,,,,,,,,,,,,171,="",="2/6/2026 4:57:20.621089345 PM",
="",8625,,,,,,,,,,,,,,,,123,="",="2/6/2026 4:57:20.651905910 PM",
="",8637,,,,,,,,,,,,,,,,177,="",="2/6/2026 4:57:20.656185140 PM",
="",8658,,,,,,,,,,,,,,,,117,="",="2/6/2026 4:57:20.680299165 PM",
="",8672,,,,,,,,,,,,,,,,436,="",="2/6/2026 4:57:20.688119730 PM",
="",8673,,,,,,,,,,,,,,,,340,="",="2/6/2026 4:57:20.688961320 PM",
="",8702,,,,,,,,,,,,,,,,177,="",="2/6/2026 4:57:20.721934810 PM",
="",8706,,,,,,,,,,,,,,,,117,="",="2/6/2026 4:57:20.722633475 PM",
="",8734,,,,,,,,,,,,,,,,440,="",="2/6/2026 4:57:20.750589910 PM",
="",8783,,,,,,,,,,,,,,,,440,="",="2/6/2026 4:57:20.813564225 PM",
="",8788,,,,,,,,,,,,,,,,442,="",="2/6/2026 4:57:20.822979205 PM",
="",8816,,,,,,,,,,,,,,,,177,="",="2/6/2026 4:57:20.870488290 PM",
="",8822,,,,,,,,,,,,,,,,177,="",="2/6/2026 4:57:20.871943345 PM",
="",8827,,,,,,,,,,,,,,,,177,="",="2/6/2026 4:57:20.873385480 PM",
="",8832,,,,,,,,,,,,,,,,177,="",="2/6/2026 4:57:20.874804360 PM",
="",8910,,,,,,,,,,,,,,,,171,="",="2/6/2026 4:57:20.993275785 PM",
="",8918,,,,,,,,,,,,,,,,171,="",="2/6/2026 4:57:21.006612560 PM",
="",8935,,,,,,,,,,,,,,,,436,="",="2/6/2026 4:57:21.020416950 PM",
="",8937,,,,,,,,,,,,,,,,440,="",="2/6/2026 4:57:21.020898775 PM",
="",8948,,,,,,,,,,,,,,,,171,="",="2/6/2026 4:57:21.033003055 PM",
="",8950,,,,,,,,,,,,,,,,333,="",="2/6/2026 4:57:21.034985150 PM",
="",8971,,,,,,,,,,,,,,,,121,="",="2/6/2026 4:57:21.076516570 PM",
="",8991,,,,,,,,,,,,,,,,442,="",="2/6/2026 4:57:21.095814985 PM",
="",8992,,,,,,,,,,,,,,,,115,="",="2/6/2026 4:57:21.098353255 PM",
="",8993,,,,,,,,,,,,,,,,99,="",="2/6/2026 4:57:21.098397200 PM",
="",8996,,,,,,,,,,,,,,,,117,="",="2/6/2026 4:57:21.100197165 PM",
="",9007,,,,,,,,,,,,,,,,117,="",="2/6/2026 4:57:21.111084615 PM",
="",9008,,,,,,,,,,,,,,,,117,="",="2/6/2026 4:57:21.111131640 PM",
="",9028,,,,,,,,,,,,,,,,171,="",="2/6/2026 4:57:21.127848640 PM",
="",9029,,,,,,,,,,,,,,,,171,="",="2/6/2026 4:57:21.127917310 PM",
="",9032,,,,,,,,,,,,,,,,442,="",="2/6/2026 4:57:21.130096580 PM",
="",9035,,,,,,,,,,,,,,,,171,="",="2/6/2026 4:57:21.131001935 PM",
="",9044,,,,,,,,,,,,,,,,454,="",="2/6/2026 4:57:21.134356480 PM",
="",9066,,,,,,,,,,,,,,,,177,="",="2/6/2026 4:57:21.175317190 PM",
="",9070,,,,,,,,,,,,,,,,121,="",="2/6/2026 4:57:21.175929890 PM",
="",9073,,,,,,,,,,,,,,,,117,="",="2/6/2026 4:57:21.176560120 PM",
="",9075,,,,,,,,,,,,,,,,177,="",="2/6/2026 4:57:21.177359740 PM",
="",9106,,,,,,,,,,,,,,,,422,="",="2/6/2026 4:57:21.198079770 PM",
="",9128,,,,,,,,,,,,,,,,117,="",="2/6/2026 4:57:21.219502615 PM",
="",9133,,,,,,,,,,,,,,,,448,="",="2/6/2026 4:57:21.224888930 PM",
="",9134,,,,,,,,,,,,,,,,436,="",="2/6/2026 4:57:21.225170410 PM",
="",9135,,,,,,,,,,,,,,,,411,="",="2/6/2026 4:57:21.225444020 PM",
="",9136,,,,,,,,,,,,,,,,440,="",="2/6/2026 4:57:21.225700405 PM",
="",9144,,,,,,,,,,,,,,,,121,="",="2/6/2026 4:57:21.232431045 PM",
="",9147,,,,,,,,,,,,,,,,177,="",="2/6/2026 4:57:21.232992080 PM",
="",9174,,,,,,,,,,,,,,,,117,="",="2/6/2026 4:57:21.276519845 PM",
="",9208,,,,,,,,,,,,,,,,117,="",="2/6/2026 4:57:21.318723365 PM",
="",9213,,,,,,,,,,,,,,,,117,="",="2/6/2026 4:57:21.319298330 PM",
="",9228,,,,,,,,,,,,,,,,177,="",="2/6/2026 4:57:21.322446815 PM",
="",9232,,,,,,,,,,,,,,,,411,="",="2/6/2026 4:57:21.325333350 PM",
="",9233,,,,,,,,,,,,,,,,440,="",="2/6/2026 4:57:21.325566750 PM",
="",9247,,,,,,,,,,,,,,,,454,="",="2/6/2026 4:57:21.339157235 PM",
="",9248,,,,,,,,,,,,,,,,411,="",="2/6/2026 4:57:21.339955510 PM",
="",9267,,,,,,,,,,,,,,,,454,="",="2/6/2026 4:57:21.382839825 PM",
="",9268,,,,,,,,,,,,,,,,442,="",="2/6/2026 4:57:21.383125345 PM",
="",9269,,,,,,,,,,,,,,,,422,="",="2/6/2026 4:57:21.383404875 PM",
="",9284,,,,,,,,,,,,,,,,442,="",="2/6/2026 4:57:21.401975195 PM",
="",9285,,,,,,,,,,,,,,,,422,="",="2/6/2026 4:57:21.402243695 PM",
="",9286,,,,,,,,,,,,,,,,440,="",="2/6/2026 4:57:21.402537590 PM",
="",9311,,,,,,,,,,,,,,,,436,="",="2/6/2026 4:57:21.427461060 PM",
="",9312,,,,,,,,,,,,,,,,440,="",="2/6/2026 4:57:21.427967240 PM",
="",9313,,,,,,,,,,,,,,,,448,="",="2/6/2026 4:57:21.429690565 PM",
="",9314,,,,,,,,,,,,,,,,436,="",="2/6/2026 4:57:21.429972045 PM",
="",9315,,,,,,,,,,,,,,,,440,="",="2/6/2026 4:57:21.430501520 PM",
="",9332,,,,,,,,,,,,,,,,442,="",="2/6/2026 4:57:21.441844645 PM",
="",9383,,,,,,,,,,,,,,,,364,="",="2/6/2026 4:57:21.513231945 PM",
="",9403,,,,,,,,,,,,,,,,440,="",="2/6/2026 4:57:21.530367755 PM",
="",9407,,,,,,,,,,,,,,,,411,="",="2/6/2026 4:57:21.532672390 PM",
="",9416,,,,,,,,,,,,,,,,448,="",="2/6/2026 4:57:21.542775450 PM",
="",9417,,,,,,,,,,,,,,,,436,="",="2/6/2026 4:57:21.543056930 PM",
="",9426,,,,,,,,,,,,,,,,171,="",="2/6/2026 4:57:21.552888460 PM",
="",9438,,,,,,,,,,,,,,,,436,="",="2/6/2026 4:57:21.569284340 PM",
="",9440,,,,,,,,,,,,,,,,440,="",="2/6/2026 4:57:21.569793385 PM",
="",9467,,,,,,,,,,,,,,,,440,="",="2/6/2026 4:57:21.606477700 PM",
="",9468,,,,,,,,,,,,,,,,442,="",="2/6/2026 4:57:21.606764050 PM",
="",9477,,,,,,,,,,,,,,,,113,="",="2/6/2026 4:57:21.621021310 PM",
="",9488,,,,,,,,,,,,,,,,436,="",="2/6/2026 4:57:21.627152145 PM",
="",9491,,,,,,,,,,,,,,,,436,="",="2/6/2026 4:57:21.632254930 PM",
="",9492,,,,,,,,,,,,,,,,440,="",="2/6/2026 4:57:21.632768205 PM",
="",9513,,,,,,,,,,,,,,,,454,="",="2/6/2026 4:57:21.646357075 PM",
="",9515,,,,,,,,,,,,,,,,422,="",="2/6/2026 4:57:21.646942510 PM",
="",9516,,,,,,,,,,,,,,,,440,="",="2/6/2026 4:57:21.647184030 PM",
="",9520,,,,,,,,,,,,,,,,117,="",="2/6/2026 4:57:21.654105360 PM",
="",9521,,,,,,,,,,,,,,,,117,="",="2/6/2026 4:57:21.654219405 PM",
="",9576,,,,,,,,,,,,,,,,177,="",="2/6/2026 4:57:21.721974740 PM",
="",9578,,,,,,,,,,,,,,,,117,="",="2/6/2026 4:57:21.722147965 PM",
="",9588,,,,,,,,,,,,,,,,117,="",="2/6/2026 4:57:21.723966655 PM",
="",9589,,,,,,,,,,,,,,,,117,="",="2/6/2026 4:57:21.724011880 PM",
="",9621,,,,,,,,,,,,,,,,171,="",="2/6/2026 4:57:21.749766455 PM",
="",9634,,,,,,,,,,,,,,,,117,="",="2/6/2026 4:57:21.756493495 PM",
="",9659,,,,,,,,,,,,,,,,177,="",="2/6/2026 4:57:21.787579790 PM",
="",9660,,,,,,,,,,,,,,,,99,="",="2/6/2026 4:57:21.787625290 PM",
="",9665,,,,,,,,,,,,,,,,177,="",="2/6/2026 4:57:21.789028885 PM",
="",9671,,,,,,,,,,,,,,,,177,="",="2/6/2026 4:57:21.790486915 PM",
="",9677,,,,,,,,,,,,,,,,177,="",="2/6/2026 4:57:21.791932915 PM",
="",9683,,,,,,,,,,,,,,,,177,="",="2/6/2026 4:57:21.793355850 PM",
="",9689,,,,,,,,,,,,,,,,177,="",="2/6/2026 4:57:21.794820905 PM",
="",9695,,,,,,,,,,,,,,,,177,="",="2/6/2026 4:57:21.796288895 PM",
="",9700,,,,,,,,,,,,,,,,177,="",="2/6/2026 4:57:21.797728895 PM",
="",9705,,,,,,,,,,,,,,,,177,="",="2/6/2026 4:57:21.799145015 PM",
="",9706,,,,,,,,,,,,,,,,99,="",="2/6/2026 4:57:21.799190715 PM",
="",9733,,,,,,,,,,,,,,,,113,="",="2/6/2026 4:57:21.824752075 PM",
="",9755,,,,,,,,,,,,,,,,454,="",="2/6/2026 4:57:21.846590070 PM",
="",9758,,,,,,,,,,,,,,,,440,="",="2/6/2026 4:57:21.847409385 PM",
="",9780,,,,,,,,,,,,,,,,117,="",="2/6/2026 4:57:21.886983435 PM",
="",9812,,,,,,,,,,,,,,,,364,="",="2/6/2026 4:57:21.922837375 PM",
="",9832,,,,,,,,,,,,,,,,440,="",="2/6/2026 4:57:21.942508400 PM",
="",9856,,,,,,,,,,,,,,,,117,="",="2/6/2026 4:57:21.961699955 PM",
="",9863,,,,,,,,,,,,,,,,436,="",="2/6/2026 4:57:21.978886120 PM",
="",9865,,,,,,,,,,,,,,,,440,="",="2/6/2026 4:57:21.979395405 PM",
="",9869,,,,,,,,,,,,,,,,115,="",="2/6/2026 4:57:21.984389060 PM",
="",9915,,,,,,,,,,,,,,,,436,="",="2/6/2026 4:57:22.044400025 PM",
="",9918,,,,,,,,,,,,,,,,440,="",="2/6/2026 4:57:22.045669620 PM",
="",9921,,,,,,,,,,,,,,,,117,="",="2/6/2026 4:57:22.048197560 PM",
="",9931,,,,,,,,,,,,,,,,454,="",="2/6/2026 4:57:22.055957735 PM",
="",9932,,,,,,,,,,,,,,,,411,="",="2/6/2026 4:57:22.056874455 PM",
="",9934,,,,,,,,,,,,,,,,171,="",="2/6/2026 4:57:22.057456860 PM",
="",9944,,,,,,,,,,,,,,,,437,="",="2/6/2026 4:57:22.073065990 PM",
="",9949,,,,,,,,,,,,,,,,177,="",="2/6/2026 4:57:22.083303470 PM",
="",9963,,,,,,,,,,,,,,,,411,="",="2/6/2026 4:57:22.095516555 PM",
="",9964,,,,,,,,,,,,,,,,440,="",="2/6/2026 4:57:22.095773180 PM",
="",9978,,,,,,,,,,,,,,,,411,="",="2/6/2026 4:57:22.117153265 PM",
="",9985,,,,,,,,,,,,,,,,171,="",="2/6/2026 4:57:22.119634215 PM",
="",9986,,,,,,,,,,,,,,,,171,="",="2/6/2026 4:57:22.119703005 PM",
="",9998,,,,,,,,,,,,,,,,103,="",="2/6/2026 4:57:22.135114430 PM",
="",10016,,,,,,,,,,,,,,,,411,="",="2/6/2026 4:57:22.147793525 PM",
="",10025,,,,,,,,,,,,,,,,171,="",="2/6/2026 4:57:22.154936490 PM",
="",10037,,,,,,,,,,,,,,,,171,="",="2/6/2026 4:57:22.158295995 PM",
="",10038,,,,,,,,,,,,,,,,171,="",="2/6/2026 4:57:22.158364465 PM",
="",10048,,,,,,,,,,,,,,,,229,="",="2/6/2026 4:57:22.163639995 PM",
="",10063,,,,,,,,,,,,,,,,177,="",="2/6/2026 4:57:22.176612665 PM",
="",10067,,,,,,,,,,,,,,,,117,="",="2/6/2026 4:57:22.177311570 PM",
="",10074,,,,,,,,,,,,,,,,177,="",="2/6/2026 4:57:22.179761320 PM",
="",10081,,,,,,,,,,,,,,,,177,="",="2/6/2026 4:57:22.181597220 PM",
="",10084,,,,,,,,,,,,,,,,436,="",="2/6/2026 4:57:22.183686740 PM",
="",10086,,,,,,,,,,,,,,,,440,="",="2/6/2026 4:57:22.184196465 PM",
="",10100,,,,,,,,,,,,,,,,177,="",="2/6/2026 4:57:22.197100510 PM",
="",10101,,,,,,,,,,,,,,,,239,="",="2/6/2026 4:57:22.199893395 PM",
="",10109,,,,,,,,,,,,,,,,117,="",="2/6/2026 4:57:22.215875840 PM",
="",10110,,,,,,,,,,,,,,,,171,="",="2/6/2026 4:57:22.217268400 PM",
="",10112,,,,,,,,,,,,,,,,171,="",="2/6/2026 4:57:22.217557480 PM",
="",10123,,,,,,,,,,,,,,,,436,="",="2/6/2026 4:57:22.230630895 PM",
="",10141,,,,,,,,,,,,,,,,436,="",="2/6/2026 4:57:22.249177930 PM",
="",10151,,,,,,,,,,,,,,,,177,="",="2/6/2026 4:57:22.256741800 PM",
="",10152,,,,,,,,,,,,,,,,177,="",="2/6/2026 4:57:22.256788050 PM",
="",10155,,,,,,,,,,,,,,,,436,="",="2/6/2026 4:57:22.260979960 PM",
="",10176,,,,,,,,,,,,,,,,117,="",="2/6/2026 4:57:22.280027850 PM",
="",10195,,,,,,,,,,,,,,,,442,="",="2/6/2026 4:57:22.304752155 PM",
="",10219,,,,,,,,,,,,,,,,177,="",="2/6/2026 4:57:22.321770865 PM",
="",10221,,,,,,,,,,,,,,,,448,="",="2/6/2026 4:57:22.321889235 PM",
="",10222,,,,,,,,,,,,,,,,454,="",="2/6/2026 4:57:22.323281715 PM",
="",10223,,,,,,,,,,,,,,,,442,="",="2/6/2026 4:57:22.323570115 PM",
="",10224,,,,,,,,,,,,,,,,440,="",="2/6/2026 4:57:22.324109190 PM",
="",10226,,,,,,,,,,,,,,,,364,="",="2/6/2026 4:57:22.332447580 PM",
="",10227,,,,,,,,,,,,,,,,440,="",="2/6/2026 4:57:22.333558555 PM",
="",10233,,,,,,,,,,,,,,,,425,="",="2/6/2026 4:57:22.339473080 PM",
="",10234,,,,,,,,,,,,,,,,411,="",="2/6/2026 4:57:22.339730245 PM",
="",10246,,,,,,,,,,,,,,,,411,="",="2/6/2026 4:57:22.351874695 PM",
="",10248,,,,,,,,,,,,,,,,171,="",="2/6/2026 4:57:22.353809060 PM",
="",10262,,,,,,,,,,,,,,,,442,="",="2/6/2026 4:57:22.363443180 PM",
="",10263,,,,,,,,,,,,,,,,440,="",="2/6/2026 4:57:22.363984095 PM",
="",10279,,,,,,,,,,,,,,,,109,="",="2/6/2026 4:57:22.379874855 PM",
="",10280,,,,,,,,,,,,,,,,437,="",="2/6/2026 4:57:22.388193355 PM",
="",10281,,,,,,,,,,,,,,,,440,="",="2/6/2026 4:57:22.388997620 PM",
="",10295,,,,,,,,,,,,,,,,117,="",="2/6/2026 4:57:22.419906295 PM",
="",10300,,,,,,,,,,,,,,,,411,="",="2/6/2026 4:57:22.424354535 PM",
="",10301,,,,,,,,,,,,,,,,440,="",="2/6/2026 4:57:22.424590855 PM",
="",10302,,,,,,,,,,,,,,,,411,="",="2/6/2026 4:57:22.425425415 PM",
="",10318,,,,,,,,,,,,,,,,440,="",="2/6/2026 4:57:22.455252700 PM",
="",10324,,,,,,,,,,,,,,,,177,="",="2/6/2026 4:57:22.456953790 PM",
="",10340,,,,,,,,,,,,,,,,436,="",="2/6/2026 4:57:22.464820040 PM",
="",10341,,,,,,,,,,,,,,,,411,="",="2/6/2026 4:57:22.465084540 PM",
="",10342,,,,,,,,,,,,,,,,440,="",="2/6/2026 4:57:22.465326760 PM",
="",10347,,,,,,,,,,,,,,,,450,="",="2/6/2026 4:57:22.477118435 PM",
="",10350,,,,,,,,,,,,,,,,450,="",="2/6/2026 4:57:22.478377630 PM",
="",10351,,,,,,,,,,,,,,,,464,="",="2/6/2026 4:57:22.478819610 PM",
="",10356,,,,,,,,,,,,,,,,450,="",="2/6/2026 4:57:22.480589575 PM",
="",10360,,,,,,,,,,,,,,,,99,="",="2/6/2026 4:57:22.481274570 PM",
="",10362,,,,,,,,,,,,,,,,450,="",="2/6/2026 4:57:22.481820005 PM",
="",10394,,,,,,,,,,,,,,,,195,="",="2/6/2026 4:57:22.511749395 PM",
="",10410,,,,,,,,,,,,,,,,437,="",="2/6/2026 4:57:22.527317400 PM",
="",10411,,,,,,,,,,,,,,,,436,="",="2/6/2026 4:57:22.527582565 PM",
="",10420,,,,,,,,,,,,,,,,425,="",="2/6/2026 4:57:22.544253970 PM",
="",10439,,,,,,,,,,,,,,,,117,="",="2/6/2026 4:57:22.568703165 PM",
="",10453,,,,,,,,,,,,,,,,171,="",="2/6/2026 4:57:22.579032145 PM",
="",10477,,,,,,,,,,,,,,,,411,="",="2/6/2026 4:57:22.629155685 PM",
="",10478,,,,,,,,,,,,,,,,440,="",="2/6/2026 4:57:22.629392180 PM",
="",10479,,,,,,,,,,,,,,,,437,="",="2/6/2026 4:57:22.629676540 PM",
="",10488,,,,,,,,,,,,,,,,425,="",="2/6/2026 4:57:22.646654685 PM",
="",10502,,,,,,,,,,,,,,,,229,="",="2/6/2026 4:57:22.657678700 PM",
="",10503,,,,,,,,,,,,,,,,436,="",="2/6/2026 4:57:22.659524855 PM",
="",10504,,,,,,,,,,,,,,,,411,="",="2/6/2026 4:57:22.659798625 PM",
="",10525,,,,,,,,,,,,,,,,448,="",="2/6/2026 4:57:22.670934580 PM",
="",10535,,,,,,,,,,,,,,,,425,="",="2/6/2026 4:57:22.680401645 PM",
="",10536,,,,,,,,,,,,,,,,117,="",="2/6/2026 4:57:22.680658810 PM",
="",10537,,,,,,,,,,,,,,,,440,="",="2/6/2026 4:57:22.680882245 PM",
="",10549,,,,,,,,,,,,,,,,117,="",="2/6/2026 4:57:22.697974745 PM",
="",10567,,,,,,,,,,,,,,,,422,="",="2/6/2026 4:57:22.714607605 PM",
="",10574,,,,,,,,,,,,,,,,117,="",="2/6/2026 4:57:22.727776095 PM",
="",10596,,,,,,,,,,,,,,,,436,="",="2/6/2026 4:57:22.761948580 PM",
="",10610,,,,,,,,,,,,,,,,448,="",="2/6/2026 4:57:22.771670830 PM",
="",10613,,,,,,,,,,,,,,,,411,="",="2/6/2026 4:57:22.772258945 PM",
="",10614,,,,,,,,,,,,,,,,440,="",="2/6/2026 4:57:22.772481905 PM",
="",10622,,,,,,,,,,,,,,,,117,="",="2/6/2026 4:57:22.780178350 PM",
="",10630,,,,,,,,,,,,,,,,411,="",="2/6/2026 4:57:22.782635040 PM",
="",10646,,,,,,,,,,,,,,,,440,="",="2/6/2026 4:57:22.798599375 PM",
="",10658,,,,,,,,,,,,,,,,177,="",="2/6/2026 4:57:22.803809045 PM",
="",10667,,,,,,,,,,,,,,,,117,="",="2/6/2026 4:57:22.806228910 PM",
="",10675,,,,,,,,,,,,,,,,177,="",="2/6/2026 4:57:22.816075875 PM",
="",10681,,,,,,,,,,,,,,,,177,="",="2/6/2026 4:57:22.817588720 PM",
="",10687,,,,,,,,,,,,,,,,177,="",="2/6/2026 4:57:22.819007680 PM",
="",10693,,,,,,,,,,,,,,,,177,="",="2/6/2026 4:57:22.820461815 PM",
="",10699,,,,,,,,,,,,,,,,177,="",="2/6/2026 4:57:22.821876855 PM",
="",10705,,,,,,,,,,,,,,,,177,="",="2/6/2026 4:57:22.823316750 PM",
="",10710,,,,,,,,,,,,,,,,177,="",="2/6/2026 4:57:22.824739830 PM",
="",10721,,,,,,,,,,,,,,,,177,="",="2/6/2026 4:57:22.829249830 PM",
="",10734,,,,,,,,,,,,,,,,411,="",="2/6/2026 4:57:22.845330720 PM",
="",10735,,,,,,,,,,,,,,,,440,="",="2/6/2026 4:57:22.845562120 PM",
="",10740,,,,,,,,,,,,,,,,437,="",="2/6/2026 4:57:22.851180945 PM",
="",10741,,,,,,,,,,,,,,,,425,="",="2/6/2026 4:57:22.851455730 PM",
="",10742,,,,,,,,,,,,,,,,411,="",="2/6/2026 4:57:22.851724745 PM",
="",10757,,,,,,,,,,,,,,,,117,="",="2/6/2026 4:57:22.858367335 PM",
="",10761,,,,,,,,,,,,,,,,440,="",="2/6/2026 4:57:22.864857310 PM",
="",10770,,,,,,,,,,,,,,,,448,="",="2/6/2026 4:57:22.875066460 PM",
="",10779,,,,,,,,,,,,,,,,109,="",="2/6/2026 4:57:22.899031865 PM",
="",10784,,,,,,,,,,,,,,,,117,="",="2/6/2026 4:57:22.900760550 PM",
="",10786,,,,,,,,,,,,,,,,117,="",="2/6/2026 4:57:22.902919385 PM",
="",10816,,,,,,,,,,,,,,,,440,="",="2/6/2026 4:57:22.936590835 PM",
="",10821,,,,,,,,,,,,,,,,436,="",="2/6/2026 4:57:22.947432655 PM",
="",10833,,,,,,,,,,,,,,,,411,="",="2/6/2026 4:57:22.958635750 PM",
="",10836,,,,,,,,,,,,,,,,411,="",="2/6/2026 4:57:22.967000575 PM",
="",10841,,,,,,,,,,,,,,,,103,="",="2/6/2026 4:57:22.972620890 PM",
="",10846,,,,,,,,,,,,,,,,99,="",="2/6/2026 4:57:22.974111195 PM",
="",10851,,,,,,,,,,,,,,,,117,="",="2/6/2026 4:57:22.979487165 PM",
="",10853,,,,,,,,,,,,,,,,171,="",="2/6/2026 4:57:22.981993350 PM",
="",10865,,,,,,,,,,,,,,,,117,="",="2/6/2026 4:57:23.005954790 PM",
="",10866,,,,,,,,,,,,,,,,117,="",="2/6/2026 4:57:23.006004535 PM",
="",10886,,,,,,,,,,,,,,,,229,="",="2/6/2026 4:57:23.038763780 PM",
="",10909,,,,,,,,,,,,,,,,436,="",="2/6/2026 4:57:23.060740180 PM",
="",10927,,,,,,,,,,,,,,,,117,="",="2/6/2026 4:57:23.075890845 PM",
="",10931,,,,,,,,,,,,,,,,448,="",="2/6/2026 4:57:23.078922450 PM",
="",10932,,,,,,,,,,,,,,,,436,="",="2/6/2026 4:57:23.079218945 PM",
="",10936,,,,,,,,,,,,,,,,117,="",="2/6/2026 4:57:23.084208760 PM",
="",10976,,,,,,,,,,,,,,,,117,="",="2/6/2026 4:57:23.139256625 PM",
="",10980,,,,,,,,,,,,,,,,440,="",="2/6/2026 4:57:23.142485455 PM",
="",10981,,,,,,,,,,,,,,,,436,="",="2/6/2026 4:57:23.152233970 PM",
="",10996,,,,,,,,,,,,,,,,440,="",="2/6/2026 4:57:23.160381695 PM",
="",11031,,,,,,,,,,,,,,,,117,="",="2/6/2026 4:57:23.184830630 PM",
="",11032,,,,,,,,,,,,,,,,333,="",="2/6/2026 4:57:23.186205745 PM",
="",11033,,,,,,,,,,,,,,,,121,="",="2/6/2026 4:57:23.187183830 PM",
="",11038,,,,,,,,,,,,,,,,117,="",="2/6/2026 4:57:23.189109840 PM",
="",11051,,,,,,,,,,,,,,,,171,="",="2/6/2026 4:57:23.217529180 PM",
="",11061,,,,,,,,,,,,,,,,177,="",="2/6/2026 4:57:23.221360395 PM",
="",11078,,,,,,,,,,,,,,,,171,="",="2/6/2026 4:57:23.252340155 PM",
="",11083,,,,,,,,,,,,,,,,448,="",="2/6/2026 4:57:23.255395360 PM",
="",11085,,,,,,,,,,,,,,,,411,="",="2/6/2026 4:57:23.255965800 PM",
="",11125,,,,,,,,,,,,,,,,454,="",="2/6/2026 4:57:23.284758670 PM",
="",11126,,,,,,,,,,,,,,,,442,="",="2/6/2026 4:57:23.285043375 PM",
="",11127,,,,,,,,,,,,,,,,229,="",="2/6/2026 4:57:23.285321145 PM",
="",11128,,,,,,,,,,,,,,,,440,="",="2/6/2026 4:57:23.285585745 PM",
="",11153,,,,,,,,,,,,,,,,436,="",="2/6/2026 4:57:23.321873985 PM",
="",11170,,,,,,,,,,,,,,,,333,="",="2/6/2026 4:57:23.343193115 PM",
="",11174,,,,,,,,,,,,,,,,411,="",="2/6/2026 4:57:23.345962160 PM",
="",11176,,,,,,,,,,,,,,,,340,="",="2/6/2026 4:57:23.351386785 PM",
="",11178,,,,,,,,,,,,,,,,117,="",="2/6/2026 4:57:23.352264155 PM",
="",11191,,,,,,,,,,,,,,,,177,="",="2/6/2026 4:57:23.358716000 PM",
="",11205,,,,,,,,,,,,,,,,436,="",="2/6/2026 4:57:23.367965670 PM",
="",11220,,,,,,,,,,,,,,,,448,="",="2/6/2026 4:57:23.385976930 PM",
="",11241,,,,,,,,,,,,,,,,117,="",="2/6/2026 4:57:23.424919595 PM",
="",11245,,,,,,,,,,,,,,,,177,="",="2/6/2026 4:57:23.430436885 PM",
="",11247,,,,,,,,,,,,,,,,177,="",="2/6/2026 4:57:23.431902835 PM",
="",11250,,,,,,,,,,,,,,,,177,="",="2/6/2026 4:57:23.433694865 PM",
="",11260,,,,,,,,,,,,,,,,436,="",="2/6/2026 4:57:23.448086650 PM",
="",11263,,,,,,,,,,,,,,,,440,="",="2/6/2026 4:57:23.449687220 PM",
="",11268,,,,,,,,,,,,,,,,340,="",="2/6/2026 4:57:23.453779635 PM",
="",11276,,,,,,,,,,,,,,,,411,="",="2/6/2026 4:57:23.459739745 PM",
="",11277,,,,,,,,,,,,,,,,440,="",="2/6/2026 4:57:23.459965825 PM",
="",11284,,,,,,,,,,,,,,,,425,="",="2/6/2026 4:57:23.465877495 PM",
="",11292,,,,,,,,,,,,,,,,440,="",="2/6/2026 4:57:23.470872845 PM",
="",11296,,,,,,,,,,,,,,,,117,="",="2/6/2026 4:57:23.472844995 PM",
="",11308,,,,,,,,,,,,,,,,448,="",="2/6/2026 4:57:23.488495825 PM",
="",11310,,,,,,,,,,,,,,,,442,="",="2/6/2026 4:57:23.489870245 PM",
="",11319,,,,,,,,,,,,,,,,171,="",="2/6/2026 4:57:23.504243260 PM",
="",11342,,,,,,,,,,,,,,,,448,="",="2/6/2026 4:57:23.550182690 PM",
="",11344,,,,,,,,,,,,,,,,440,="",="2/6/2026 4:57:23.552087870 PM",
="",11345,,,,,,,,,,,,,,,,121,="",="2/6/2026 4:57:23.552871110 PM",
="",11356,,,,,,,,,,,,,,,,448,="",="2/6/2026 4:57:23.562294955 PM",
="",11375,,,,,,,,,,,,,,,,437,="",="2/6/2026 4:57:23.572466750 PM",
="",11376,,,,,,,,,,,,,,,,436,="",="2/6/2026 4:57:23.572743700 PM",
="",11386,,,,,,,,,,,,,,,,448,="",="2/6/2026 4:57:23.586571885 PM",
="",11387,,,,,,,,,,,,,,,,436,="",="2/6/2026 4:57:23.586853925 PM",
="",11388,,,,,,,,,,,,,,,,99,="",="2/6/2026 4:57:23.588235695 PM",
="",11399,,,,,,,,,,,,,,,,425,="",="2/6/2026 4:57:23.601573585 PM",
="",11401,,,,,,,,,,,,,,,,440,="",="2/6/2026 4:57:23.602073785 PM",
="",11406,,,,,,,,,,,,,,,,103,="",="2/6/2026 4:57:23.606332985 PM",
="",11415,,,,,,,,,,,,,,,,411,="",="2/6/2026 4:57:23.628814255 PM",
="",11418,,,,,,,,,,,,,,,,177,="",="2/6/2026 4:57:23.630868540 PM",
="",11421,,,,,,,,,,,,,,,,442,="",="2/6/2026 4:57:23.635957965 PM",
="",11423,,,,,,,,,,,,,,,,440,="",="2/6/2026 4:57:23.636478380 PM",
="",11426,,,,,,,,,,,,,,,,448,="",="2/6/2026 4:57:23.646545785 PM",
="",11437,,,,,,,,,,,,,,,,440,="",="2/6/2026 4:57:23.654487015 PM",
="",11451,,,,,,,,,,,,,,,,117,="",="2/6/2026 4:57:23.670348165 PM",
="",11452,,,,,,,,,,,,,,,,437,="",="2/6/2026 4:57:23.670415125 PM",
="",11454,,,,,,,,,,,,,,,,411,="",="2/6/2026 4:57:23.670976505 PM",
="",11460,,,,,,,,,,,,,,,,177,="",="2/6/2026 4:57:23.672502955 PM",
="",11464,,,,,,,,,,,,,,,,117,="",="2/6/2026 4:57:23.674379120 PM",
="",11466,,,,,,,,,,,,,,,,411,="",="2/6/2026 4:57:23.675419975 PM",
="",11467,,,,,,,,,,,,,,,,117,="",="2/6/2026 4:57:23.676255190 PM",
="",11477,,,,,,,,,,,,,,,,440,="",="2/6/2026 4:57:23.689783185 PM",
="",11482,,,,,,,,,,,,,,,,177,="",="2/6/2026 4:57:23.691641550 PM",
="",11483,,,,,,,,,,,,,,,,448,="",="2/6/2026 4:57:23.693178295 PM",
="",11489,,,,,,,,,,,,,,,,448,="",="2/6/2026 4:57:23.697121695 PM",
="",11490,,,,,,,,,,,,,,,,171,="",="2/6/2026 4:57:23.702305365 PM",
="",11515,,,,,,,,,,,,,,,,440,="",="2/6/2026 4:57:23.731447935 PM",
="",11518,,,,,,,,,,,,,,,,442,="",="2/6/2026 4:57:23.738358605 PM",
="",11534,,,,,,,,,,,,,,,,448,="",="2/6/2026 4:57:23.754984035 PM",
="",11537,,,,,,,,,,,,,,,,411,="",="2/6/2026 4:57:23.756631230 PM",
="",11558,,,,,,,,,,,,,,,,411,="",="2/6/2026 4:57:23.777818055 PM",
="",11559,,,,,,,,,,,,,,,,440,="",="2/6/2026 4:57:23.778074465 PM",
="",11578,,,,,,,,,,,,,,,,121,="",="2/6/2026 4:57:23.796855780 PM",
="",11593,,,,,,,,,,,,,,,,440,="",="2/6/2026 4:57:23.800330235 PM",
="",11606,,,,,,,,,,,,,,,,440,="",="2/6/2026 4:57:23.806873515 PM",
="",11609,,,,,,,,,,,,,,,,117,="",="2/6/2026 4:57:23.807889220 PM",
="",11610,,,,,,,,,,,,,,,,340,="",="2/6/2026 4:57:23.808002350 PM",
="",11613,,,,,,,,,,,,,,,,117,="",="2/6/2026 4:57:23.808917095 PM",
="",11619,,,,,,,,,,,,,,,,195,="",="2/6/2026 4:57:23.818980120 PM",
="",11629,,,,,,,,,,,,,,,,171,="",="2/6/2026 4:57:23.834175965 PM",
="",11631,,,,,,,,,,,,,,,,454,="",="2/6/2026 4:57:23.840451035 PM",
="",11639,,,,,,,,,,,,,,,,117,="",="2/6/2026 4:57:23.852614610 PM",
="",11641,,,,,,,,,,,,,,,,229,="",="2/6/2026 4:57:23.852810320 PM",
="",11646,,,,,,,,,,,,,,,,117,="",="2/6/2026 4:57:23.855176860 PM",
="",11658,,,,,,,,,,,,,,,,437,="",="2/6/2026 4:57:23.875181360 PM",
="",11660,,,,,,,,,,,,,,,,425,="",="2/6/2026 4:57:23.875487135 PM",
="",11684,,,,,,,,,,,,,,,,117,="",="2/6/2026 4:57:23.897329460 PM",
="",11688,,,,,,,,,,,,,,,,442,="",="2/6/2026 4:57:23.899468635 PM",
="",11689,,,,,,,,,,,,,,,,422,="",="2/6/2026 4:57:23.899737135 PM",
="",11692,,,,,,,,,,,,,,,,117,="",="2/6/2026 4:57:23.900855265 PM",
="",11695,,,,,,,,,,,,,,,,117,="",="2/6/2026 4:57:23.902553505 PM",
="",11716,,,,,,,,,,,,,,,,177,="",="2/6/2026 4:57:23.942532970 PM",
="",11720,,,,,,,,,,,,,,,,177,="",="2/6/2026 4:57:23.945384945 PM",
="",11730,,,,,,,,,,,,,,,,440,="",="2/6/2026 4:57:23.954548565 PM",
="",11737,,,,,,,,,,,,,,,,121,="",="2/6/2026 4:57:23.957577430 PM",
="",11742,,,,,,,,,,,,,,,,436,="",="2/6/2026 4:57:23.960071855 PM",
="",11745,,,,,,,,,,,,,,,,411,="",="2/6/2026 4:57:23.961433410 PM",
="",11746,,,,,,,,,,,,,,,,440,="",="2/6/2026 4:57:23.962515340 PM",
="",11750,,,,,,,,,,,,,,,,364,="",="2/6/2026 4:57:23.970857810 PM",
="",11755,,,,,,,,,,,,,,,,117,="",="2/6/2026 4:57:23.973801115 PM",
="",11760,,,,,,,,,,,,,,,,437,="",="2/6/2026 4:57:23.977582290 PM",
="",11767,,,,,,,,,,,,,,,,171,="",="2/6/2026 4:57:23.982146775 PM",
="",11790,,,,,,,,,,,,,,,,454,="",="2/6/2026 4:57:24.001559370 PM",
="",11791,,,,,,,,,,,,,,,,440,="",="2/6/2026 4:57:24.002385685 PM",
="",11793,,,,,,,,,,,,,,,,117,="",="2/6/2026 4:57:24.003542675 PM",
="",11796,,,,,,,,,,,,,,,,121,="",="2/6/2026 4:57:24.004459145 PM",
="",11797,,,,,,,,,,,,,,,,117,="",="2/6/2026 4:57:24.004509175 PM",
="",11798,,,,,,,,,,,,,,,,333,="",="2/6/2026 4:57:24.004616275 PM",
="",11803,,,,,,,,,,,,,,,,448,="",="2/6/2026 4:57:24.010866675 PM",
="",11814,,,,,,,,,,,,,,,,440,="",="2/6/2026 4:57:24.038649565 PM",
="",11816,,,,,,,,,,,,,,,,364,="",="2/6/2026 4:57:24.051801275 PM",
="",11834,,,,,,,,,,,,,,,,411,="",="2/6/2026 4:57:24.063884275 PM",
="",11836,,,,,,,,,,,,,,,,177,="",="2/6/2026 4:57:24.065245325 PM",
="",11837,,,,,,,,,,,,,,,,177,="",="2/6/2026 4:57:24.065739585 PM",
="",11838,,,,,,,,,,,,,,,,177,="",="2/6/2026 4:57:24.066079855 PM",
="",11839,,,,,,,,,,,,,,,,177,="",="2/6/2026 4:57:24.067097385 PM",
="",11840,,,,,,,,,,,,,,,,177,="",="2/6/2026 4:57:24.067214390 PM",
="",11841,,,,,,,,,,,,,,,,177,="",="2/6/2026 4:57:24.067330995 PM",
="",11842,,,,,,,,,,,,,,,,177,="",="2/6/2026 4:57:24.067447775 PM",
="",11843,,,,,,,,,,,,,,,,177,="",="2/6/2026 4:57:24.067564700 PM",
="",11846,,,,,,,,,,,,,,,,177,="",="2/6/2026 4:57:24.069744230 PM",
="",11847,,,,,,,,,,,,,,,,177,="",="2/6/2026 4:57:24.069861035 PM",
="",11850,,,,,,,,,,,,,,,,103,="",="2/6/2026 4:57:24.070342215 PM",
="",11852,,,,,,,,,,,,,,,,177,="",="2/6/2026 4:57:24.070959380 PM",
="",11853,,,,,,,,,,,,,,,,177,="",="2/6/2026 4:57:24.071076625 PM",
="",11854,,,,,,,,,,,,,,,,177,="",="2/6/2026 4:57:24.071193325 PM",
="",11855,,,,,,,,,,,,,,,,177,="",="2/6/2026 4:57:24.072240800 PM",
="",11856,,,,,,,,,,,,,,,,177,="",="2/6/2026 4:57:24.072475145 PM",
="",11857,,,,,,,,,,,,,,,,411,="",="2/6/2026 4:57:24.074113370 PM",
="",11858,,,,,,,,,,,,,,,,171,="",="2/6/2026 4:57:24.074388305 PM",
="",11860,,,,,,,,,,,,,,,,171,="",="2/6/2026 4:57:24.074910410 PM",
="",11862,,,,,,,,,,,,,,,,229,="",="2/6/2026 4:57:24.075190510 PM",
="",11869,,,,,,,,,,,,,,,,440,="",="2/6/2026 4:57:24.080785030 PM",
="",11879,,,,,,,,,,,,,,,,436,="",="2/6/2026 4:57:24.085036180 PM",
="",11898,,,,,,,,,,,,,,,,115,="",="2/6/2026 4:57:24.097736420 PM",
="",11900,,,,,,,,,,,,,,,,448,="",="2/6/2026 4:57:24.098575270 PM",
="",11924,,,,,,,,,,,,,,,,171,="",="2/6/2026 4:57:24.141376020 PM",
="",11930,,,,,,,,,,,,,,,,484,="",="2/6/2026 4:57:24.151355450 PM",
="",11945,,,,,,,,,,,,,,,,117,="",="2/6/2026 4:57:24.163903965 PM",
="",11946,,,,,,,,,,,,,,,,117,="",="2/6/2026 4:57:24.163958550 PM",
="",11957,,,,,,,,,,,,,,,,117,="",="2/6/2026 4:57:24.175156650 PM",
="",11958,,,,,,,,,,,,,,,,364,="",="2/6/2026 4:57:24.175661375 PM",
="",11975,,,,,,,,,,,,,,,,425,="",="2/6/2026 4:57:24.182681995 PM",
="",11980,,,,,,,,,,,,,,,,117,="",="2/6/2026 4:57:24.184598455 PM",
="",11981,,,,,,,,,,,,,,,,117,="",="2/6/2026 4:57:24.184826185 PM",
="",11989,,,,,,,,,,,,,,,,117,="",="2/6/2026 4:57:24.188440495 PM",
="",11991,,,,,,,,,,,,,,,,117,="",="2/6/2026 4:57:24.189352630 PM",
="",11992,,,,,,,,,,,,,,,,117,="",="2/6/2026 4:57:24.189402935 PM",
="",11995,,,,,,,,,,,,,,,,411,="",="2/6/2026 4:57:24.195832845 PM",
="",12003,,,,,,,,,,,,,,,,448,="",="2/6/2026 4:57:24.200975720 PM",
="",12004,,,,,,,,,,,,,,,,436,="",="2/6/2026 4:57:24.201256760 PM",
="",12012,,,,,,,,,,,,,,,,177,="",="2/6/2026 4:57:24.203557890 PM",
="",12029,,,,,,,,,,,,,,,,436,="",="2/6/2026 4:57:24.242946910 PM",
="",12033,,,,,,,,,,,,,,,,177,="",="2/6/2026 4:57:24.245234920 PM",
="",12040,,,,,,,,,,,,,,,,171,="",="2/6/2026 4:57:24.252223110 PM",
="",12044,,,,,,,,,,,,,,,,440,="",="2/6/2026 4:57:24.260959260 PM",
="",12045,,,,,,,,,,,,,,,,436,="",="2/6/2026 4:57:24.261228745 PM",
="",12046,,,,,,,,,,,,,,,,115,="",="2/6/2026 4:57:24.261493245 PM",
="",12053,,,,,,,,,,,,,,,,454,="",="2/6/2026 4:57:24.268889160 PM",
="",12070,,,,,,,,,,,,,,,,364,="",="2/6/2026 4:57:24.278089545 PM",
="",12071,,,,,,,,,,,,,,,,109,="",="2/6/2026 4:57:24.278815730 PM",
="",12075,,,,,,,,,,,,,,,,117,="",="2/6/2026 4:57:24.280766705 PM",
="",12085,,,,,,,,,,,,,,,,425,="",="2/6/2026 4:57:24.285060890 PM",
="",12100,,,,,,,,,,,,,,,,448,="",="2/6/2026 4:57:24.303376370 PM",
="",12101,,,,,,,,,,,,,,,,436,="",="2/6/2026 4:57:24.303657250 PM",
="",12102,,,,,,,,,,,,,,,,411,="",="2/6/2026 4:57:24.303931300 PM",
="",12107,,,,,,,,,,,,,,,,177,="",="2/6/2026 4:57:24.306283475 PM",
="",12108,,,,,,,,,,,,,,,,99,="",="2/6/2026 4:57:24.306333975 PM",
="",12109,,,,,,,,,,,,,,,,442,="",="2/6/2026 4:57:24.309047050 PM",
="",12110,,,,,,,,,,,,,,,,440,="",="2/6/2026 4:57:24.309600580 PM",
="",12111,,,,,,,,,,,,,,,,436,="",="2/6/2026 4:57:24.311804580 PM",
="",12129,,,,,,,,,,,,,,,,117,="",="2/6/2026 4:57:24.345204175 PM",
="",12130,,,,,,,,,,,,,,,,117,="",="2/6/2026 4:57:24.345258355 PM",
="",12137,,,,,,,,,,,,,,,,440,="",="2/6/2026 4:57:24.346134675 PM",
="",12140,,,,,,,,,,,,,,,,425,="",="2/6/2026 4:57:24.349747470 PM",
="",12153,,,,,,,,,,,,,,,,117,="",="2/6/2026 4:57:24.356341425 PM",
="",12180,,,,,,,,,,,,,,,,411,="",="2/6/2026 4:57:24.387750080 PM",
="",12188,,,,,,,,,,,,,,,,440,="",="2/6/2026 4:57:24.391721195 PM",
="",12191,,,,,,,,,,,,,,,,375,="",="2/6/2026 4:57:24.397830290 PM",
="",12203,,,,,,,,,,,,,,,,411,="",="2/6/2026 4:57:24.406354175 PM",
="",12210,,,,,,,,,,,,,,,,177,="",="2/6/2026 4:57:24.408368150 PM",
="",12211,,,,,,,,,,,,,,,,448,="",="2/6/2026 4:57:24.413920390 PM",
="",12213,,,,,,,,,,,,,,,,440,="",="2/6/2026 4:57:24.414739405 PM",
="",12228,,,,,,,,,,,,,,,,109,="",="2/6/2026 4:57:24.443802260 PM",
="",12233,,,,,,,,,,,,,,,,448,="",="2/6/2026 4:57:24.447439650 PM",
="",12245,,,,,,,,,,,,,,,,117,="",="2/6/2026 4:57:24.455040580 PM",
="",12246,,,,,,,,,,,,,,,,442,="",="2/6/2026 4:57:24.455138985 PM",
="",12249,,,,,,,,,,,,,,,,177,="",="2/6/2026 4:57:24.457418715 PM",
="",12259,,,,,,,,,,,,,,,,171,="",="2/6/2026 4:57:24.467819530 PM",
="",12266,,,,,,,,,,,,,,,,411,="",="2/6/2026 4:57:24.472370805 PM",
="",12268,,,,,,,,,,,,,,,,442,="",="2/6/2026 4:57:24.473981140 PM",
="",12279,,,,,,,,,,,,,,,,425,="",="2/6/2026 4:57:24.489882425 PM",
="",12305,,,,,,,,,,,,,,,,411,="",="2/6/2026 4:57:24.508754920 PM",
="",12312,,,,,,,,,,,,,,,,177,="",="2/6/2026 4:57:24.510891900 PM",
="",12315,,,,,,,,,,,,,,,,448,="",="2/6/2026 4:57:24.516321055 PM",
="",12317,,,,,,,,,,,,,,,,436,="",="2/6/2026 4:57:24.516602335 PM",
="",12318,,,,,,,,,,,,,,,,411,="",="2/6/2026 4:57:24.516875545 PM",
="",12319,,,,,,,,,,,,,,,,440,="",="2/6/2026 4:57:24.517131970 PM",
="",12320,,,,,,,,,,,,,,,,448,="",="2/6/2026 4:57:24.522867630 PM",
="",12323,,,,,,,,,,,,,,,,440,="",="2/6/2026 4:57:24.523674625 PM",
="",12325,,,,,,,,,,,,,,,,340,="",="2/6/2026 4:57:24.524808660 PM",
="",12334,,,,,,,,,,,,,,,,171,="",="2/6/2026 4:57:24.550977835 PM",
="",12337,,,,,,,,,,,,,,,,117,="",="2/6/2026 4:57:24.552047805 PM",
="",12340,,,,,,,,,,,,,,,,109,="",="2/6/2026 4:57:24.554065735 PM",
="",12347,,,,,,,,,,,,,,,,422,="",="2/6/2026 4:57:24.557833940 PM",
="",12362,,,,,,,,,,,,,,,,117,="",="2/6/2026 4:57:24.570069355 PM",
="",12365,,,,,,,,,,,,,,,,117,="",="2/6/2026 4:57:24.570596630 PM",
="",12368,,,,,,,,,,,,,,,,333,="",="2/6/2026 4:57:24.571998280 PM",
="",12373,,,,,,,,,,,,,,,,436,="",="2/6/2026 4:57:24.574469515 PM",
="",12379,,,,,,,,,,,,,,,,99,="",="2/6/2026 4:57:24.578188755 PM",
="",12383,,,,,,,,,,,,,,,,364,="",="2/6/2026 4:57:24.585258495 PM",
="",12390,,,,,,,,,,,,,,,,115,="",="2/6/2026 4:57:24.591500160 PM",
="",12392,,,,,,,,,,,,,,,,437,="",="2/6/2026 4:57:24.591985150 PM",
="",12393,,,,,,,,,,,,,,,,425,="",="2/6/2026 4:57:24.592261975 PM",
="",12401,,,,,,,,,,,,,,,,117,="",="2/6/2026 4:57:24.594348090 PM",
="",12417,,,,,,,,,,,,,,,,448,="",="2/6/2026 4:57:24.610581655 PM",
="",12422,,,,,,,,,,,,,,,,177,="",="2/6/2026 4:57:24.614795475 PM",
="",12423,,,,,,,,,,,,,,,,436,="",="2/6/2026 4:57:24.619001945 PM",
="",12424,,,,,,,,,,,,,,,,440,="",="2/6/2026 4:57:24.619531740 PM",
="",12435,,,,,,,,,,,,,,,,171,="",="2/6/2026 4:57:24.653378485 PM",
="",12439,,,,,,,,,,,,,,,,171,="",="2/6/2026 4:57:24.654110145 PM",
="",12441,,,,,,,,,,,,,,,,442,="",="2/6/2026 4:57:24.659942100 PM",
="",12456,,,,,,,,,,,,,,,,171,="",="2/6/2026 4:57:24.671750190 PM",
="",12457,,,,,,,,,,,,,,,,115,="",="2/6/2026 4:57:24.672021860 PM",
="",12460,,,,,,,,,,,,,,,,117,="",="2/6/2026 4:57:24.673366430 PM",
="",12464,,,,,,,,,,,,,,,,117,="",="2/6/2026 4:57:24.676096905 PM",
="",12465,,,,,,,,,,,,,,,,117,="",="2/6/2026 4:57:24.676146530 PM",
="",12467,,,,,,,,,,,,,,,,436,="",="2/6/2026 4:57:24.676869510 PM",
="",12470,,,,,,,,,,,,,,,,454,="",="2/6/2026 4:57:24.678580285 PM",
="",12471,,,,,,,,,,,,,,,,442,="",="2/6/2026 4:57:24.678865525 PM",
="",12481,,,,,,,,,,,,,,,,117,="",="2/6/2026 4:57:24.692164435 PM",
="",12488,,,,,,,,,,,,,,,,117,="",="2/6/2026 4:57:24.694375615 PM",
="",12490,,,,,,,,,,,,,,,,117,="",="2/6/2026 4:57:24.694987790 PM",
="",12492,,,,,,,,,,,,,,,,442,="",="2/6/2026 4:57:24.695554145 PM",
="",12501,,,,,,,,,,,,,,,,411,="",="2/6/2026 4:57:24.699426210 PM",
="",12502,,,,,,,,,,,,,,,,440,="",="2/6/2026 4:57:24.699679915 PM",
="",12526,,,,,,,,,,,,,,,,177,="",="2/6/2026 4:57:24.715707160 PM",
="",12535,,,,,,,,,,,,,,,,117,="",="2/6/2026 4:57:24.754859695 PM",
="",12536,,,,,,,,,,,,,,,,117,="",="2/6/2026 4:57:24.754932400 PM",
="",12540,,,,,,,,,,,,,,,,171,="",="2/6/2026 4:57:24.756131470 PM",
="",12544,,,,,,,,,,,,,,,,117,="",="2/6/2026 4:57:24.757020450 PM",
="",12548,,,,,,,,,,,,,,,,117,="",="2/6/2026 4:57:24.758124190 PM",
="",12559,,,,,,,,,,,,,,,,448,="",="2/6/2026 4:57:24.772951150 PM",
="",12562,,,,,,,,,,,,,,,,436,="",="2/6/2026 4:57:24.774078075 PM",
="",12563,,,,,,,,,,,,,,,,411,="",="2/6/2026 4:57:24.774354340 PM",
="",12565,,,,,,,,,,,,,,,,440,="",="2/6/2026 4:57:24.774608030 PM",
="",12566,,,,,,,,,,,,,,,,171,="",="2/6/2026 4:57:24.775011800 PM",
="",12585,,,,,,,,,,,,,,,,437,="",="2/6/2026 4:57:24.796785595 PM",
="",12586,,,,,,,,,,,,,,,,425,="",="2/6/2026 4:57:24.797062075 PM",
="",12596,,,,,,,,,,,,,,,,411,="",="2/6/2026 4:57:24.801826860 PM",
="",12597,,,,,,,,,,,,,,,,440,="",="2/6/2026 4:57:24.802080565 PM",
="",12600,,,,,,,,,,,,,,,,177,="",="2/6/2026 4:57:24.802547025 PM",
="",12603,,,,,,,,,,,,,,,,117,="",="2/6/2026 4:57:24.803619200 PM",
="",12609,,,,,,,,,,,,,,,,117,="",="2/6/2026 4:57:24.805559385 PM",
="",12614,,,,,,,,,,,,,,,,440,="",="2/6/2026 4:57:24.810471080 PM",
="",12620,,,,,,,,,,,,,,,,448,="",="2/6/2026 4:57:24.815382235 PM",
="",12621,,,,,,,,,,,,,,,,436,="",="2/6/2026 4:57:24.815660795 PM",
="",12622,,,,,,,,,,,,,,,,411,="",="2/6/2026 4:57:24.815934485 PM",
="",12636,,,,,,,,,,,,,,,,448,="",="2/6/2026 4:57:24.823523765 PM",
="",12638,,,,,,,,,,,,,,,,411,="",="2/6/2026 4:57:24.824076575 PM",
="",12644,,,,,,,,,,,,,,,,425,="",="2/6/2026 4:57:24.832498570 PM",
="",12645,,,,,,,,,,,,,,,,411,="",="2/6/2026 4:57:24.832764170 PM",
="",12649,,,,,,,,,,,,,,,,117,="",="2/6/2026 4:57:24.851584145 PM",
="",12657,,,,,,,,,,,,,,,,117,="",="2/6/2026 4:57:24.855261965 PM",
="",12663,,,,,,,,,,,,,,,,171,="",="2/6/2026 4:57:24.858170810 PM",
="",12665,,,,,,,,,,,,,,,,454,="",="2/6/2026 4:57:24.864455560 PM",
="",12666,,,,,,,,,,,,,,,,440,="",="2/6/2026 4:57:24.865286235 PM",
="",12668,,,,,,,,,,,,,,,,99,="",="2/6/2026 4:57:24.866513135 PM",
="",12674,,,,,,,,,,,,,,,,440,="",="2/6/2026 4:57:24.875598975 PM",
="",12692,,,,,,,,,,,,,,,,422,="",="2/6/2026 4:57:24.897277825 PM",
="",12694,,,,,,,,,,,,,,,,123,="",="2/6/2026 4:57:24.898621655 PM",
="",12707,,,,,,,,,,,,,,,,117,="",="2/6/2026 4:57:24.903354450 PM",
="",12708,,,,,,,,,,,,,,,,117,="",="2/6/2026 4:57:24.903401380 PM",
="",12710,,,,,,,,,,,,,,,,117,="",="2/6/2026 4:57:24.904189795 PM",
="",12726,,,,,,,,,,,,,,,,411,="",="2/6/2026 4:57:24.918362080 PM",
="",12731,,,,,,,,,,,,,,,,177,="",="2/6/2026 4:57:24.920362415 PM",
="",12732,,,,,,,,,,,,,,,,99,="",="2/6/2026 4:57:24.920413115 PM",
="",12734,,,,,,,,,,,,,,,,436,="",="2/6/2026 4:57:24.926226690 PM",
="",12744,,,,,,,,,,,,,,,,448,="",="2/6/2026 4:57:24.932468710 PM",
="",12746,,,,,,,,,,,,,,,,109,="",="2/6/2026 4:57:24.933284625 PM",
="",12753,,,,,,,,,,,,,,,,117,="",="2/6/2026 4:57:24.956843875 PM",
="",12755,,,,,,,,,,,,,,,,117,="",="2/6/2026 4:57:24.957755105 PM",
="",12759,,,,,,,,,,,,,,,,117,="",="2/6/2026 4:57:24.959418805 PM",
="",12761,,,,,,,,,,,,,,,,117,="",="2/6/2026 4:57:24.960280985 PM",
="",12766,,,,,,,,,,,,,,,,177,="",="2/6/2026 4:57:24.962117555 PM",
="",12773,,,,,,,,,,,,,,,,203,="",="2/6/2026 4:57:24.972366430 PM",
="",12787,,,,,,,,,,,,,,,,411,="",="2/6/2026 4:57:24.984367975 PM",
="",12799,,,,,,,,,,,,,,,,425,="",="2/6/2026 4:57:25.001882675 PM",
="",12800,,,,,,,,,,,,,,,,411,="",="2/6/2026 4:57:25.002164710 PM",
="",12801,,,,,,,,,,,,,,,,454,="",="2/6/2026 4:57:25.002446380 PM",
="",12808,,,,,,,,,,,,,,,,117,="",="2/6/2026 4:57:25.005401905 PM",
="",12827,,,,,,,,,,,,,,,,458,="",="2/6/2026 4:57:25.022514655 PM",
="",12830,,,,,,,,,,,,,,,,177,="",="2/6/2026 4:57:25.023924145 PM",
="",12831,,,,,,,,,,,,,,,,446,="",="2/6/2026 4:57:25.023971310 PM",
="",12833,,,,,,,,,,,,,,,,458,="",="2/6/2026 4:57:25.024903515 PM",
="",12836,,,,,,,,,,,,,,,,450,="",="2/6/2026 4:57:25.025940645 PM",
="",12837,,,,,,,,,,,,,,,,450,="",="2/6/2026 4:57:25.026351970 PM",
="",12838,,,,,,,,,,,,,,,,450,="",="2/6/2026 4:57:25.026762950 PM",
="",12845,,,,,,,,,,,,,,,,450,="",="2/6/2026 4:57:25.032152470 PM",
="",12853,,,,,,,,,,,,,,,,411,="",="2/6/2026 4:57:25.037565565 PM",
="",12857,,,,,,,,,,,,,,,,448,="",="2/6/2026 4:57:25.061843925 PM",
="",12859,,,,,,,,,,,,,,,,171,="",="2/6/2026 4:57:25.062979925 PM",
="",12861,,,,,,,,,,,,,,,,454,="",="2/6/2026 4:57:25.069256740 PM",
="",12862,,,,,,,,,,,,,,,,442,="",="2/6/2026 4:57:25.069541500 PM",
="",12863,,,,,,,,,,,,,,,,440,="",="2/6/2026 4:57:25.070086575 PM",
="",12877,,,,,,,,,,,,,,,,171,="",="2/6/2026 4:57:25.081360990 PM",
="",12913,,,,,,,,,,,,,,,,117,="",="2/6/2026 4:57:25.114868075 PM",
="",12933,,,,,,,,,,,,,,,,177,="",="2/6/2026 4:57:25.126008715 PM",
="",12934,,,,,,,,,,,,,,,,99,="",="2/6/2026 4:57:25.128411700 PM",
="",12951,,,,,,,,,,,,,,,,411,="",="2/6/2026 4:57:25.164820145 PM",
="",12958,,,,,,,,,,,,,,,,117,="",="2/6/2026 4:57:25.174848440 PM",
="",12984,,,,,,,,,,,,,,,,99,="",="2/6/2026 4:57:25.205951175 PM",
="",12986,,,,,,,,,,,,,,,,425,="",="2/6/2026 4:57:25.206683845 PM",
="",12988,,,,,,,,,,,,,,,,442,="",="2/6/2026 4:57:25.207558865 PM",
="",13002,,,,,,,,,,,,,,,,448,="",="2/6/2026 4:57:25.218518920 PM",
="",13032,,,,,,,,,,,,,,,,411,="",="2/6/2026 4:57:25.240221780 PM",
="",13033,,,,,,,,,,,,,,,,440,="",="2/6/2026 4:57:25.240478565 PM",
="",13044,,,,,,,,,,,,,,,,171,="",="2/6/2026 4:57:25.267780655 PM",
="",13045,,,,,,,,,,,,,,,,171,="",="2/6/2026 4:57:25.267849445 PM",
="",13050,,,,,,,,,,,,,,,,117,="",="2/6/2026 4:57:25.275395085 PM",
="",13068,,,,,,,,,,,,,,,,171,="",="2/6/2026 4:57:25.285179955 PM",
="",13071,,,,,,,,,,,,,,,,171,="",="2/6/2026 4:57:25.286882895 PM",
="",13073,,,,,,,,,,,,,,,,117,="",="2/6/2026 4:57:25.287246560 PM",
="",13082,,,,,,,,,,,,,,,,448,="",="2/6/2026 4:57:25.290991615 PM",
="",13083,,,,,,,,,,,,,,,,436,="",="2/6/2026 4:57:25.291272935 PM",
="",13084,,,,,,,,,,,,,,,,411,="",="2/6/2026 4:57:25.291545985 PM",
="",13095,,,,,,,,,,,,,,,,425,="",="2/6/2026 4:57:25.309083630 PM",
="",13096,,,,,,,,,,,,,,,,436,="",="2/6/2026 4:57:25.309558570 PM",
="",13120,,,,,,,,,,,,,,,,177,="",="2/6/2026 4:57:25.330188990 PM",
="",13121,,,,,,,,,,,,,,,,99,="",="2/6/2026 4:57:25.330239690 PM",
="",13126,,,,,,,,,,,,,,,,425,="",="2/6/2026 4:57:25.342373310 PM",
="",13140,,,,,,,,,,,,,,,,117,="",="2/6/2026 4:57:25.346633250 PM",
="",13149,,,,,,,,,,,,,,,,117,="",="2/6/2026 4:57:25.355039610 PM",
="",13155,,,,,,,,,,,,,,,,117,="",="2/6/2026 4:57:25.357120245 PM",
="",13165,,,,,,,,,,,,,,,,177,="",="2/6/2026 4:57:25.381774300 PM",
="",13175,,,,,,,,,,,,,,,,411,="",="2/6/2026 4:57:25.393946690 PM",
="",13181,,,,,,,,,,,,,,,,422,="",="2/6/2026 4:57:25.409251755 PM",
="",13183,,,,,,,,,,,,,,,,425,="",="2/6/2026 4:57:25.411484415 PM",
="",13197,,,,,,,,,,,,,,,,448,="",="2/6/2026 4:57:25.429811970 PM",
="",13199,,,,,,,,,,,,,,,,411,="",="2/6/2026 4:57:25.430363790 PM",
="",13200,,,,,,,,,,,,,,,,440,="",="2/6/2026 4:57:25.430594510 PM",
="",13203,,,,,,,,,,,,,,,,177,="",="2/6/2026 4:57:25.432374725 PM",
="",13213,,,,,,,,,,,,,,,,340,="",="2/6/2026 4:57:25.446413890 PM",
="",13214,,,,,,,,,,,,,,,,440,="",="2/6/2026 4:57:25.447537735 PM",
="",13232,,,,,,,,,,,,,,,,117,="",="2/6/2026 4:57:25.454977990 PM",
="",13235,,,,,,,,,,,,,,,,117,="",="2/6/2026 4:57:25.456125570 PM",
="",13238,,,,,,,,,,,,,,,,171,="",="2/6/2026 4:57:25.467222640 PM",
="",13239,,,,,,,,,,,,,,,,171,="",="2/6/2026 4:57:25.467288470 PM",
="",13243,,,,,,,,,,,,,,,,436,="",="2/6/2026 4:57:25.471748580 PM",
="",13244,,,,,,,,,,,,,,,,411,="",="2/6/2026 4:57:25.472013080 PM",
="",13245,,,,,,,,,,,,,,,,440,="",="2/6/2026 4:57:25.472255420 PM",
="",13249,,,,,,,,,,,,,,,,314,="",="2/6/2026 4:57:25.487717355 PM",
="",13257,,,,,,,,,,,,,,,,171,="",="2/6/2026 4:57:25.491776530 PM",
="",13261,,,,,,,,,,,,,,,,411,="",="2/6/2026 4:57:25.496369700 PM",
="",13277,,,,,,,,,,,,,,,,440,="",="2/6/2026 4:57:25.514396085 PM",
="",13294,,,,,,,,,,,,,,,,99,="",="2/6/2026 4:57:25.533924270 PM",
="",13298,,,,,,,,,,,,,,,,177,="",="2/6/2026 4:57:25.535114690 PM",
="",13304,,,,,,,,,,,,,,,,425,="",="2/6/2026 4:57:25.547174080 PM",
="",13306,,,,,,,,,,,,,,,,440,="",="2/6/2026 4:57:25.547676480 PM",
="",13309,,,,,,,,,,,,,,,,411,="",="2/6/2026 4:57:25.549587535 PM",
="",13313,,,,,,,,,,,,,,,,117,="",="2/6/2026 4:57:25.551957715 PM",
="",13321,,,,,,,,,,,,,,,,117,="",="2/6/2026 4:57:25.556128440 PM",
="",13326,,,,,,,,,,,,,,,,109,="",="2/6/2026 4:57:25.568510690 PM",
="",13332,,,,,,,,,,,,,,,,117,="",="2/6/2026 4:57:25.571699775 PM",
="",13348,,,,,,,,,,,,,,,,115,="",="2/6/2026 4:57:25.593561395 PM",
="",13354,,,,,,,,,,,,,,,,411,="",="2/6/2026 4:57:25.598771085 PM",
="",13366,,,,,,,,,,,,,,,,440,="",="2/6/2026 4:57:25.617675525 PM",
="",13379,,,,,,,,,,,,,,,,171,="",="2/6/2026 4:57:25.633471085 PM",
="",13392,,,,,,,,,,,,,,,,177,="",="2/6/2026 4:57:25.640619150 PM",
="",13402,,,,,,,,,,,,,,,,425,="",="2/6/2026 4:57:25.649618040 PM",
="",13406,,,,,,,,,,,,,,,,411,="",="2/6/2026 4:57:25.651988520 PM",
="",13412,,,,,,,,,,,,,,,,117,="",="2/6/2026 4:57:25.669423805 PM",
="",13418,,,,,,,,,,,,,,,,103,="",="2/6/2026 4:57:25.671805205 PM",
="",13434,,,,,,,,,,,,,,,,117,="",="2/6/2026 4:57:25.686532685 PM",
="",13438,,,,,,,,,,,,,,,,436,="",="2/6/2026 4:57:25.694846150 PM",
="",13441,,,,,,,,,,,,,,,,171,="",="2/6/2026 4:57:25.695899560 PM",
="",13461,,,,,,,,,,,,,,,,411,="",="2/6/2026 4:57:25.718952715 PM",
="",13462,,,,,,,,,,,,,,,,440,="",="2/6/2026 4:57:25.719190600 PM",
="",13489,,,,,,,,,,,,,,,,177,="",="2/6/2026 4:57:25.740531870 PM",
="",13507,,,,,,,,,,,,,,,,117,="",="2/6/2026 4:57:25.781420965 PM",
="",13511,,,,,,,,,,,,,,,,117,="",="2/6/2026 4:57:25.782431795 PM",
="",13522,,,,,,,,,,,,,,,,440,="",="2/6/2026 4:57:25.797784075 PM",
="",13523,,,,,,,,,,,,,,,,99,="",="2/6/2026 4:57:25.798140910 PM",
="",13524,,,,,,,,,,,,,,,,117,="",="2/6/2026 4:57:25.798257740 PM",
="",13525,,,,,,,,,,,,,,,,411,="",="2/6/2026 4:57:25.798358730 PM",
="",13527,,,,,,,,,,,,,,,,99,="",="2/6/2026 4:57:25.799336285 PM",
="",13533,,,,,,,,,,,,,,,,117,="",="2/6/2026 4:57:25.803601180 PM",
="",13540,,,,,,,,,,,,,,,,117,="",="2/6/2026 4:57:25.807140480 PM",
="",13542,,,,,,,,,,,,,,,,171,="",="2/6/2026 4:57:25.808846960 PM",
="",13553,,,,,,,,,,,,,,,,440,="",="2/6/2026 4:57:25.819094040 PM",
="",13555,,,,,,,,,,,,,,,,425,="",="2/6/2026 4:57:25.821102020 PM",
="",13560,,,,,,,,,,,,,,,,117,="",="2/6/2026 4:57:25.826527505 PM",
="",13563,,,,,,,,,,,,,,,,411,="",="2/6/2026 4:57:25.834223380 PM",
="",13576,,,,,,,,,,,,,,,,115,="",="2/6/2026 4:57:25.842330060 PM",
="",13587,,,,,,,,,,,,,,,,436,="",="2/6/2026 4:57:25.851590400 PM",
="",13589,,,,,,,,,,,,,,,,448,="",="2/6/2026 4:57:25.854070225 PM",
="",13591,,,,,,,,,,,,,,,,117,="",="2/6/2026 4:57:25.856588355 PM",
="",13593,,,,,,,,,,,,,,,,425,="",="2/6/2026 4:57:25.856949575 PM",
="",13594,,,,,,,,,,,,,,,,411,="",="2/6/2026 4:57:25.857206740 PM",
="",13597,,,,,,,,,,,,,,,,117,="",="2/6/2026 4:57:25.858523025 PM",
="",13607,,,,,,,,,,,,,,,,117,="",="2/6/2026 4:57:25.879807655 PM",
="",13614,,,,,,,,,,,,,,,,117,="",="2/6/2026 4:57:25.882837210 PM",
="",13620,,,,,,,,,,,,,,,,117,="",="2/6/2026 4:57:25.897329195 PM",
="",13621,,,,,,,,,,,,,,,,314,="",="2/6/2026 4:57:25.897323665 PM",
="",13627,,,,,,,,,,,,,,,,440,="",="2/6/2026 4:57:25.900177980 PM",
="",13636,,,,,,,,,,,,,,,,117,="",="2/6/2026 4:57:25.902817640 PM",
="",13641,,,,,,,,,,,,,,,,103,="",="2/6/2026 4:57:25.906069015 PM",
="",13644,,,,,,,,,,,,,,,,117,="",="2/6/2026 4:57:25.907030425 PM",
="",13651,,,,,,,,,,,,,,,,123,="",="2/6/2026 4:57:25.909712625 PM",
="",13652,,,,,,,,,,,,,,,,117,="",="2/6/2026 4:57:25.909763100 PM",
="",13656,,,,,,,,,,,,,,,,117,="",="2/6/2026 4:57:25.913506690 PM",
="",13657,,,,,,,,,,,,,,,,229,="",="2/6/2026 4:57:25.914050100 PM",
="",13661,,,,,,,,,,,,,,,,454,="",="2/6/2026 4:57:25.920666975 PM",
="",13663,,,,,,,,,,,,,,,,425,="",="2/6/2026 4:57:25.923486150 PM",
="",13691,,,,,,,,,,,,,,,,177,="",="2/6/2026 4:57:25.945606545 PM",
="",13692,,,,,,,,,,,,,,,,99,="",="2/6/2026 4:57:25.945658125 PM",
="",13697,,,,,,,,,,,,,,,,448,="",="2/6/2026 4:57:25.956470675 PM",
="",13699,,,,,,,,,,,,,,,,411,="",="2/6/2026 4:57:25.957051305 PM",
="",13700,,,,,,,,,,,,,,,,440,="",="2/6/2026 4:57:25.957276750 PM",
="",13707,,,,,,,,,,,,,,,,117,="",="2/6/2026 4:57:25.963997135 PM",
="",13723,,,,,,,,,,,,,,,,440,="",="2/6/2026 4:57:26.002580630 PM",
="",13724,,,,,,,,,,,,,,,,436,="",="2/6/2026 4:57:26.002895035 PM",
="",13731,,,,,,,,,,,,,,,,117,="",="2/6/2026 4:57:26.005343595 PM",
="",13734,,,,,,,,,,,,,,,,117,="",="2/6/2026 4:57:26.006489110 PM",
="",13737,,,,,,,,,,,,,,,,117,="",="2/6/2026 4:57:26.007451170 PM",
="",13739,,,,,,,,,,,,,,,,411,="",="2/6/2026 4:57:26.008350090 PM",
="",13741,,,,,,,,,,,,,,,,229,="",="2/6/2026 4:57:26.009183515 PM",
="",13745,,,,,,,,,,,,,,,,117,="",="2/6/2026 4:57:26.010389380 PM",
="",13748,,,,,,,,,,,,,,,,177,="",="2/6/2026 4:57:26.011303800 PM",
="",13749,,,,,,,,,,,,,,,,117,="",="2/6/2026 4:57:26.011355380 PM",
="",13751,,,,,,,,,,,,,,,,103,="",="2/6/2026 4:57:26.012215535 PM",
="",13754,,,,,,,,,,,,,,,,117,="",="2/6/2026 4:57:26.013579210 PM",
="",13758,,,,,,,,,,,,,,,,486,="",="2/6/2026 4:57:26.014935555 PM",
="",13761,,,,,,,,,,,,,,,,454,="",="2/6/2026 4:57:26.023610225 PM",
="",13764,,,,,,,,,,,,,,,,440,="",="2/6/2026 4:57:26.026895390 PM",
="",13779,,,,,,,,,,,,,,,,440,="",="2/6/2026 4:57:26.042746710 PM",
="",13786,,,,,,,,,,,,,,,,177,="",="2/6/2026 4:57:26.047170730 PM",
="",13787,,,,,,,,,,,,,,,,99,="",="2/6/2026 4:57:26.047221070 PM",
="",13792,,,,,,,,,,,,,,,,425,="",="2/6/2026 4:57:26.059152695 PM",
="",13793,,,,,,,,,,,,,,,,411,="",="2/6/2026 4:57:26.059421230 PM",
="",13794,,,,,,,,,,,,,,,,440,="",="2/6/2026 4:57:26.059677200 PM",
="",13804,,,,,,,,,,,,,,,,171,="",="2/6/2026 4:57:26.081908785 PM",
="",13805,,,,,,,,,,,,,,,,171,="",="2/6/2026 4:57:26.082174265 PM",
="",13813,,,,,,,,,,,,,,,,117,="",="2/6/2026 4:57:26.102133845 PM",
="",13819,,,,,,,,,,,,,,,,440,="",="2/6/2026 4:57:26.104977030 PM",
="",13824,,,,,,,,,,,,,,,,117,="",="2/6/2026 4:57:26.107996325 PM",
="",13828,,,,,,,,,,,,,,,,486,="",="2/6/2026 4:57:26.108998410 PM",
="",13831,,,,,,,,,,,,,,,,117,="",="2/6/2026 4:57:26.110073770 PM",
="",13833,,,,,,,,,,,,,,,,477,="",="2/6/2026 4:57:26.111371300 PM",
="",13835,,,,,,,,,,,,,,,,177,="",="2/6/2026 4:57:26.112257505 PM",
="",13836,,,,,,,,,,,,,,,,177,="",="2/6/2026 4:57:26.112375045 PM",
="",13837,,,,,,,,,,,,,,,,229,="",="2/6/2026 4:57:26.113216535 PM",
="",13838,,,,,,,,,,,,,,,,477,="",="2/6/2026 4:57:26.113377115 PM",
="",13840,,,,,,,,,,,,,,,,177,="",="2/6/2026 4:57:26.114263360 PM",
="",13841,,,,,,,,,,,,,,,,177,="",="2/6/2026 4:57:26.114380925 PM",
="",13842,,,,,,,,,,,,,,,,177,="",="2/6/2026 4:57:26.114498065 PM",
="",13843,,,,,,,,,,,,,,,,177,="",="2/6/2026 4:57:26.114613990 PM",
="",13844,,,,,,,,,,,,,,,,177,="",="2/6/2026 4:57:26.114731315 PM",
="",13845,,,,,,,,,,,,,,,,229,="",="2/6/2026 4:57:26.114995515 PM",
="",13846,,,,,,,,,,,,,,,,177,="",="2/6/2026 4:57:26.115202215 PM",
="",13847,,,,,,,,,,,,,,,,177,="",="2/6/2026 4:57:26.115408185 PM",
="",13848,,,,,,,,,,,,,,,,486,="",="2/6/2026 4:57:26.115607700 PM",
="",13850,,,,,,,,,,,,,,,,486,="",="2/6/2026 4:57:26.116604275 PM",
="",13851,,,,,,,,,,,,,,,,480,="",="2/6/2026 4:57:26.116765300 PM",
="",13853,,,,,,,,,,,,,,,,177,="",="2/6/2026 4:57:26.117650920 PM",
="",13854,,,,,,,,,,,,,,,,177,="",="2/6/2026 4:57:26.117768165 PM",
="",13855,,,,,,,,,,,,,,,,177,="",="2/6/2026 4:57:26.117884970 PM",
="",13856,,,,,,,,,,,,,,,,177,="",="2/6/2026 4:57:26.118001230 PM",
="",13857,,,,,,,,,,,,,,,,177,="",="2/6/2026 4:57:26.118118435 PM",
="",13858,,,,,,,,,,,,,,,,177,="",="2/6/2026 4:57:26.118235440 PM",
="",13859,,,,,,,,,,,,,,,,177,="",="2/6/2026 4:57:26.118367300 PM",
="",13861,,,,,,,,,,,,,,,,480,="",="2/6/2026 4:57:26.119285240 PM",
="",13864,,,,,,,,,,,,,,,,177,="",="2/6/2026 4:57:26.122754185 PM",
="",13865,,,,,,,,,,,,,,,,177,="",="2/6/2026 4:57:26.122872630 PM",
="",13867,,,,,,,,,,,,,,,,177,="",="2/6/2026 4:57:26.123831075 PM",
="",13870,,,,,,,,,,,,,,,,440,="",="2/6/2026 4:57:26.129293615 PM",
="",13880,,,,,,,,,,,,,,,,99,="",="2/6/2026 4:57:26.145791075 PM",
="",13885,,,,,,,,,,,,,,,,171,="",="2/6/2026 4:57:26.147725580 PM",
="",13896,,,,,,,,,,,,,,,,440,="",="2/6/2026 4:57:26.162077800 PM",
="",13911,,,,,,,,,,,,,,,,117,="",="2/6/2026 4:57:26.183066365 PM",
="",13928,,,,,,,,,,,,,,,,314,="",="2/6/2026 4:57:26.204539860 PM",
="",13947,,,,,,,,,,,,,,,,171,="",="2/6/2026 4:57:26.229020450 PM",
="",13948,,,,,,,,,,,,,,,,115,="",="2/6/2026 4:57:26.230005525 PM",
="",13949,,,,,,,,,,,,,,,,99,="",="2/6/2026 4:57:26.230049565 PM",
="",13951,,,,,,,,,,,,,,,,425,="",="2/6/2026 4:57:26.230687345 PM",
="",13952,,,,,,,,,,,,,,,,436,="",="2/6/2026 4:57:26.231165645 PM",
="",13957,,,,,,,,,,,,,,,,117,="",="2/6/2026 4:57:26.232651140 PM",
="",13978,,,,,,,,,,,,,,,,113,="",="2/6/2026 4:57:26.251937790 PM",
="",13980,,,,,,,,,,,,,,,,177,="",="2/6/2026 4:57:26.252815325 PM",
="",13981,,,,,,,,,,,,,,,,99,="",="2/6/2026 4:57:26.252865545 PM",
="",13982,,,,,,,,,,,,,,,,171,="",="2/6/2026 4:57:26.253131760 PM",
="",13984,,,,,,,,,,,,,,,,117,="",="2/6/2026 4:57:26.254269865 PM",
="",13995,,,,,,,,,,,,,,,,411,="",="2/6/2026 4:57:26.266392800 PM",
="",14003,,,,,,,,,,,,,,,,177,="",="2/6/2026 4:57:26.287068365 PM",
="",14009,,,,,,,,,,,,,,,,177,="",="2/6/2026 4:57:26.288940680 PM",
="",14013,,,,,,,,,,,,,,,,454,="",="2/6/2026 4:57:26.298065370 PM",
="",14019,,,,,,,,,,,,,,,,440,="",="2/6/2026 4:57:26.309789505 PM",
="",14023,,,,,,,,,,,,,,,,177,="",="2/6/2026 4:57:26.312761895 PM",
="",14024,,,,,,,,,,,,,,,,117,="",="2/6/2026 4:57:26.312814250 PM",
="",14033,,,,,,,,,,,,,,,,454,="",="2/6/2026 4:57:26.330267565 PM",
="",14036,,,,,,,,,,,,,,,,411,="",="2/6/2026 4:57:26.333354740 PM",
="",14037,,,,,,,,,,,,,,,,440,="",="2/6/2026 4:57:26.333593385 PM",
="",14051,,,,,,,,,,,,,,,,440,="",="2/6/2026 4:57:26.349951315 PM",
="",14057,,,,,,,,,,,,,,,,117,="",="2/6/2026 4:57:26.351829820 PM",
="",14069,,,,,,,,,,,,,,,,177,="",="2/6/2026 4:57:26.355422865 PM",
="",14070,,,,,,,,,,,,,,,,117,="",="2/6/2026 4:57:26.355534755 PM",
="",14077,,,,,,,,,,,,,,,,117,="",="2/6/2026 4:57:26.359165885 PM",
="",14082,,,,,,,,,,,,,,,,440,="",="2/6/2026 4:57:26.366878220 PM",
="",14083,,,,,,,,,,,,,,,,340,="",="2/6/2026 4:57:26.368028935 PM",
="",14087,,,,,,,,,,,,,,,,436,="",="2/6/2026 4:57:26.393329335 PM",
="",14088,,,,,,,,,,,,,,,,440,="",="2/6/2026 4:57:26.393858890 PM",
="",14089,,,,,,,,,,,,,,,,171,="",="2/6/2026 4:57:26.394185295 PM",
="",14098,,,,,,,,,,,,,,,,440,="",="2/6/2026 4:57:26.412198420 PM",
="",14112,,,,,,,,,,,,,,,,442,="",="2/6/2026 4:57:26.432952415 PM",
="",14113,,,,,,,,,,,,,,,,422,="",="2/6/2026 4:57:26.433249265 PM",
="",14114,,,,,,,,,,,,,,,,440,="",="2/6/2026 4:57:26.433494890 PM",
="",14116,,,,,,,,,,,,,,,,425,="",="2/6/2026 4:57:26.435488190 PM",
="",14127,,,,,,,,,,,,,,,,422,="",="2/6/2026 4:57:26.452204275 PM",
="",14137,,,,,,,,,,,,,,,,442,="",="2/6/2026 4:57:26.456698280 PM",
="",14141,,,,,,,,,,,,,,,,177,="",="2/6/2026 4:57:26.458190495 PM",
="",14155,,,,,,,,,,,,,,,,340,="",="2/6/2026 4:57:26.470429945 PM",
="",14170,,,,,,,,,,,,,,,,448,="",="2/6/2026 4:57:26.513778030 PM",
="",14172,,,,,,,,,,,,,,,,440,="",="2/6/2026 4:57:26.514580710 PM",
="",14173,,,,,,,,,,,,,,,,436,="",="2/6/2026 4:57:26.515083750 PM",
="",14174,,,,,,,,,,,,,,,,411,="",="2/6/2026 4:57:26.515360080 PM",
="",14175,,,,,,,,,,,,,,,,440,="",="2/6/2026 4:57:26.515613865 PM",
="",14180,,,,,,,,,,,,,,,,177,="",="2/6/2026 4:57:26.518747010 PM",
="",14183,,,,,,,,,,,,,,,,117,="",="2/6/2026 4:57:26.519643085 PM",
="",14189,,,,,,,,,,,,,,,,177,="",="2/6/2026 4:57:26.521913200 PM",
="",14190,,,,,,,,,,,,,,,,117,="",="2/6/2026 4:57:26.521968660 PM",
="",14196,,,,,,,,,,,,,,,,177,="",="2/6/2026 4:57:26.523773540 PM",
="",14209,,,,,,,,,,,,,,,,425,="",="2/6/2026 4:57:26.537888640 PM",
="",14212,,,,,,,,,,,,,,,,440,="",="2/6/2026 4:57:26.539279300 PM",
="",14225,,,,,,,,,,,,,,,,177,="",="2/6/2026 4:57:26.556142825 PM",
="",14235,,,,,,,,,,,,,,,,177,="",="2/6/2026 4:57:26.559055830 PM",
="",14239,,,,,,,,,,,,,,,,177,="",="2/6/2026 4:57:26.559891055 PM",
="",14240,,,,,,,,,,,,,,,,99,="",="2/6/2026 4:57:26.559941315 PM",
="",14251,,,,,,,,,,,,,,,,121,="",="2/6/2026 4:57:26.569986965 PM",
="",14256,,,,,,,,,,,,,,,,340,="",="2/6/2026 4:57:26.572829155 PM",
="",14262,,,,,,,,,,,,,,,,430,="",="2/6/2026 4:57:26.576762095 PM",
="",14264,,,,,,,,,,,,,,,,434,="",="2/6/2026 4:57:26.577151030 PM",
="",14267,,,,,,,,,,,,,,,,434,="",="2/6/2026 4:57:26.578203400 PM",
="",14269,,,,,,,,,,,,,,,,434,="",="2/6/2026 4:57:26.578569350 PM",
="",14271,,,,,,,,,,,,,,,,171,="",="2/6/2026 4:57:26.578954600 PM",
="",14285,,,,,,,,,,,,,,,,430,="",="2/6/2026 4:57:26.600397475 PM",
="",14287,,,,,,,,,,,,,,,,434,="",="2/6/2026 4:57:26.600833400 PM",
="",14302,,,,,,,,,,,,,,,,440,="",="2/6/2026 4:57:26.617954700 PM",
="",14303,,,,,,,,,,,,,,,,171,="",="2/6/2026 4:57:26.618314440 PM",
="",14327,,,,,,,,,,,,,,,,430,="",="2/6/2026 4:57:26.639587135 PM",
="",14337,,,,,,,,,,,,,,,,431,="",="2/6/2026 4:57:26.648169990 PM",
="",14339,,,,,,,,,,,,,,,,431,="",="2/6/2026 4:57:26.648845235 PM",
="",14345,,,,,,,,,,,,,,,,442,="",="2/6/2026 4:57:26.656631200 PM",
="",14346,,,,,,,,,,,,,,,,171,="",="2/6/2026 4:57:26.657459205 PM",
="",14351,,,,,,,,,,,,,,,,99,="",="2/6/2026 4:57:26.659991225 PM",
="",14356,,,,,,,,,,,,,,,,177,="",="2/6/2026 4:57:26.662656925 PM",
="",14373,,,,,,,,,,,,,,,,117,="",="2/6/2026 4:57:26.670757230 PM",
="",14380,,,,,,,,,,,,,,,,177,="",="2/6/2026 4:57:26.673034800 PM",
="",14386,,,,,,,,,,,,,,,,177,="",="2/6/2026 4:57:26.674879740 PM",
="",14394,,,,,,,,,,,,,,,,117,="",="2/6/2026 4:57:26.684119425 PM",
="",14395,,,,,,,,,,,,,,,,117,="",="2/6/2026 4:57:26.684169810 PM",
="",14398,,,,,,,,,,,,,,,,171,="",="2/6/2026 4:57:26.695640670 PM",
="",14400,,,,,,,,,,,,,,,,171,="",="2/6/2026 4:57:26.696218485 PM",
="",14401,,,,,,,,,,,,,,,,171,="",="2/6/2026 4:57:26.702297545 PM",
="",14407,,,,,,,,,,,,,,,,411,="",="2/6/2026 4:57:26.711249310 PM",
="",14416,,,,,,,,,,,,,,,,440,="",="2/6/2026 4:57:26.719396080 PM",
="",14417,,,,,,,,,,,,,,,,171,="",="2/6/2026 4:57:26.720751680 PM",
="",14426,,,,,,,,,,,,,,,,411,="",="2/6/2026 4:57:26.742956715 PM",
="",14427,,,,,,,,,,,,,,,,440,="",="2/6/2026 4:57:26.743197935 PM",
="",14434,,,,,,,,,,,,,,,,454,="",="2/6/2026 4:57:26.758723790 PM",
="",14435,,,,,,,,,,,,,,,,442,="",="2/6/2026 4:57:26.759008870 PM",
="",14436,,,,,,,,,,,,,,,,171,="",="2/6/2026 4:57:26.759881125 PM",
="",14437,,,,,,,,,,,,,,,,171,="",="2/6/2026 4:57:26.759945740 PM",
="",14448,,,,,,,,,,,,,,,,99,="",="2/6/2026 4:57:26.765094235 PM",
="",14449,,,,,,,,,,,,,,,,117,="",="2/6/2026 4:57:26.768791450 PM",
="",14454,,,,,,,,,,,,,,,,436,="",="2/6/2026 4:57:26.773194885 PM",
="",14464,,,,,,,,,,,,,,,,103,="",="2/6/2026 4:57:26.781546165 PM",
="",14474,,,,,,,,,,,,,,,,117,="",="2/6/2026 4:57:26.796418210 PM",
="",14479,,,,,,,,,,,,,,,,117,="",="2/6/2026 4:57:26.798334615 PM",
="",14480,,,,,,,,,,,,,,,,437,="",="2/6/2026 4:57:26.802503795 PM",
="",14486,,,,,,,,,,,,,,,,171,="",="2/6/2026 4:57:26.804139170 PM",
="",14489,,,,,,,,,,,,,,,,99,="",="2/6/2026 4:57:26.805340280 PM",
="",14490,,,,,,,,,,,,,,,,117,="",="2/6/2026 4:57:26.805457150 PM",
="",14491,,,,,,,,,,,,,,,,171,="",="2/6/2026 4:57:26.805578130 PM",
="",14494,,,,,,,,,,,,,,,,117,="",="2/6/2026 4:57:26.806486380 PM",
="",14503,,,,,,,,,,,,,,,,440,="",="2/6/2026 4:57:26.822585195 PM",
="",14512,,,,,,,,,,,,,,,,425,="",="2/6/2026 4:57:26.845089940 PM",
="",14513,,,,,,,,,,,,,,,,436,="",="2/6/2026 4:57:26.845568120 PM",
="",14520,,,,,,,,,,,,,,,,117,="",="2/6/2026 4:57:26.857652530 PM",
="",14525,,,,,,,,,,,,,,,,105,="",="2/6/2026 4:57:26.858909295 PM",
="",14526,,,,,,,,,,,,,,,,99,="",="2/6/2026 4:57:26.859116340 PM",
="",14527,,,,,,,,,,,,,,,,117,="",="2/6/2026 4:57:26.859319020 PM",
="",14532,,,,,,,,,,,,,,,,171,="",="2/6/2026 4:57:26.862278615 PM",
="",14536,,,,,,,,,,,,,,,,442,="",="2/6/2026 4:57:26.864491320 PM",
="",14556,,,,,,,,,,,,,,,,177,="",="2/6/2026 4:57:26.878692570 PM",
="",14557,,,,,,,,,,,,,,,,117,="",="2/6/2026 4:57:26.878772645 PM",
="",14560,,,,,,,,,,,,,,,,177,="",="2/6/2026 4:57:26.880569285 PM",
="",14561,,,,,,,,,,,,,,,,117,="",="2/6/2026 4:57:26.880620865 PM",
="",14587,,,,,,,,,,,,,,,,117,="",="2/6/2026 4:57:26.904965185 PM",
="",14590,,,,,,,,,,,,,,,,117,="",="2/6/2026 4:57:26.905826720 PM",
="",14600,,,,,,,,,,,,,,,,411,="",="2/6/2026 4:57:26.923590315 PM",
="",14601,,,,,,,,,,,,,,,,440,="",="2/6/2026 4:57:26.923843245 PM",
="",14614,,,,,,,,,,,,,,,,117,="",="2/6/2026 4:57:26.948029095 PM",
="",14615,,,,,,,,,,,,,,,,448,="",="2/6/2026 4:57:26.948091565 PM",
="",14616,,,,,,,,,,,,,,,,436,="",="2/6/2026 4:57:26.948372685 PM",
="",14633,,,,,,,,,,,,,,,,229,="",="2/6/2026 4:57:26.957945820 PM",
="",14658,,,,,,,,,,,,,,,,177,="",="2/6/2026 4:57:26.969461660 PM",
="",14678,,,,,,,,,,,,,,,,117,="",="2/6/2026 4:57:27.003674690 PM",
="",14688,,,,,,,,,,,,,,,,117,="",="2/6/2026 4:57:27.006010875 PM",
="",14696,,,,,,,,,,,,,,,,177,="",="2/6/2026 4:57:27.007830400 PM",
="",14705,,,,,,,,,,,,,,,,314,="",="2/6/2026 4:57:27.023757240 PM",
="",14706,,,,,,,,,,,,,,,,411,="",="2/6/2026 4:57:27.025891855 PM",
="",14708,,,,,,,,,,,,,,,,229,="",="2/6/2026 4:57:27.027254905 PM",
="",14732,,,,,,,,,,,,,,,,411,="",="2/6/2026 4:57:27.069595325 PM",
="",14736,,,,,,,,,,,,,,,,177,="",="2/6/2026 4:57:27.070797075 PM",
="",14750,,,,,,,,,,,,,,,,103,="",="2/6/2026 4:57:27.099678235 PM",
="",14759,,,,,,,,,,,,,,,,117,="",="2/6/2026 4:57:27.103570305 PM",
="",14762,,,,,,,,,,,,,,,,117,="",="2/6/2026 4:57:27.104489335 PM",
="",14776,,,,,,,,,,,,,,,,117,="",="2/6/2026 4:57:27.119915600 PM",
="",14778,,,,,,,,,,,,,,,,448,="",="2/6/2026 4:57:27.120296960 PM",
="",14779,,,,,,,,,,,,,,,,436,="",="2/6/2026 4:57:27.120577560 PM",
="",14780,,,,,,,,,,,,,,,,411,="",="2/6/2026 4:57:27.120851210 PM",
="",14783,,,,,,,,,,,,,,,,314,="",="2/6/2026 4:57:27.126133065 PM",
="",14799,,,,,,,,,,,,,,,,425,="",="2/6/2026 4:57:27.152290845 PM",
="",14807,,,,,,,,,,,,,,,,171,="",="2/6/2026 4:57:27.171732385 PM",
="",14808,,,,,,,,,,,,,,,,171,="",="2/6/2026 4:57:27.171801055 PM",
="",14809,,,,,,,,,,,,,,,,105,="",="2/6/2026 4:57:27.172065360 PM",
="",14810,,,,,,,,,,,,,,,,99,="",="2/6/2026 4:57:27.172286770 PM",
="",14814,,,,,,,,,,,,,,,,177,="",="2/6/2026 4:57:27.173505650 PM",
="",14842,,,,,,,,,,,,,,,,425,="",="2/6/2026 4:57:27.216973100 PM",
="",14845,,,,,,,,,,,,,,,,436,="",="2/6/2026 4:57:27.223001330 PM",
="",14847,,,,,,,,,,,,,,,,440,="",="2/6/2026 4:57:27.223508290 PM",
="",14854,,,,,,,,,,,,,,,,437,="",="2/6/2026 4:57:27.231398555 PM",
="",14856,,,,,,,,,,,,,,,,440,="",="2/6/2026 4:57:27.232205060 PM",
="",14880,,,,,,,,,,,,,,,,177,="",="2/6/2026 4:57:27.250153370 PM",
="",14882,,,,,,,,,,,,,,,,117,="",="2/6/2026 4:57:27.250443020 PM",
="",14883,,,,,,,,,,,,,,,,117,="",="2/6/2026 4:57:27.250493310 PM",
="",14896,,,,,,,,,,,,,,,,425,="",="2/6/2026 4:57:27.254691285 PM",
="",14903,,,,,,,,,,,,,,,,448,="",="2/6/2026 4:57:27.266536015 PM",
="",14911,,,,,,,,,,,,,,,,442,="",="2/6/2026 4:57:27.274092610 PM",
="",14912,,,,,,,,,,,,,,,,411,="",="2/6/2026 4:57:27.274370195 PM",
="",14915,,,,,,,,,,,,,,,,177,="",="2/6/2026 4:57:27.275724775 PM",
="",14923,,,,,,,,,,,,,,,,117,="",="2/6/2026 4:57:27.283772675 PM",
="",14935,,,,,,,,,,,,,,,,177,="",="2/6/2026 4:57:27.286941390 PM",
="",14939,,,,,,,,,,,,,,,,177,="",="2/6/2026 4:57:27.287843440 PM",
="",14983,,,,,,,,,,,,,,,,430,="",="2/6/2026 4:57:27.328495815 PM",
="",15014,,,,,,,,,,,,,,,,121,="",="2/6/2026 4:57:27.350856850 PM",
="",15015,,,,,,,,,,,,,,,,117,="",="2/6/2026 4:57:27.350908070 PM",
="",15027,,,,,,,,,,,,,,,,117,="",="2/6/2026 4:57:27.354360580 PM",
="",15043,,,,,,,,,,,,,,,,425,="",="2/6/2026 4:57:27.357450355 PM",
="",15045,,,,,,,,,,,,,,,,440,="",="2/6/2026 4:57:27.357956440 PM",
="",15051,,,,,,,,,,,,,,,,448,="",="2/6/2026 4:57:27.368934520 PM",
="",15052,,,,,,,,,,,,,,,,436,="",="2/6/2026 4:57:27.369215560 PM",
="",15057,,,,,,,,,,,,,,,,454,="",="2/6/2026 4:57:27.373130065 PM",
="",15058,,,,,,,,,,,,,,,,442,="",="2/6/2026 4:57:27.373411940 PM",
="",15059,,,,,,,,,,,,,,,,422,="",="2/6/2026 4:57:27.373688740 PM",
="",15060,,,,,,,,,,,,,,,,440,="",="2/6/2026 4:57:27.373953980 PM",
="",15065,,,,,,,,,,,,,,,,171,="",="2/6/2026 4:57:27.376516410 PM",
="",15070,,,,,,,,,,,,,,,,177,="",="2/6/2026 4:57:27.378483405 PM",
="",15077,,,,,,,,,,,,,,,,448,="",="2/6/2026 4:57:27.387319560 PM",
="",15086,,,,,,,,,,,,,,,,177,="",="2/6/2026 4:57:27.417981745 PM",
="",15096,,,,,,,,,,,,,,,,411,="",="2/6/2026 4:57:27.428052835 PM",
="",15103,,,,,,,,,,,,,,,,440,="",="2/6/2026 4:57:27.435751145 PM",
="",15104,,,,,,,,,,,,,,,,115,="",="2/6/2026 4:57:27.437237595 PM",
="",15108,,,,,,,,,,,,,,,,117,="",="2/6/2026 4:57:27.439815685 PM",
="",15112,,,,,,,,,,,,,,,,117,="",="2/6/2026 4:57:27.450345915 PM",
="",15130,,,,,,,,,,,,,,,,411,="",="2/6/2026 4:57:27.459758975 PM",
="",15131,,,,,,,,,,,,,,,,440,="",="2/6/2026 4:57:27.459997660 PM",
="",15133,,,,,,,,,,,,,,,,440,="",="2/6/2026 4:57:27.460501350 PM",
="",15135,,,,,,,,,,,,,,,,448,="",="2/6/2026 4:57:27.471335505 PM",
="",15147,,,,,,,,,,,,,,,,177,="",="2/6/2026 4:57:27.480381125 PM",
="",15154,,,,,,,,,,,,,,,,436,="",="2/6/2026 4:57:27.490023660 PM",
="",15187,,,,,,,,,,,,,,,,177,="",="2/6/2026 4:57:27.525576895 PM",
="",15194,,,,,,,,,,,,,,,,448,="",="2/6/2026 4:57:27.529898585 PM",
="",15195,,,,,,,,,,,,,,,,436,="",="2/6/2026 4:57:27.530181530 PM",
="",15233,,,,,,,,,,,,,,,,425,="",="2/6/2026 4:57:27.561895280 PM",
="",15241,,,,,,,,,,,,,,,,436,="",="2/6/2026 4:57:27.574040685 PM",
="",15253,,,,,,,,,,,,,,,,171,="",="2/6/2026 4:57:27.581403825 PM",
="",15254,,,,,,,,,,,,,,,,454,="",="2/6/2026 4:57:27.581621315 PM",
="",15256,,,,,,,,,,,,,,,,411,="",="2/6/2026 4:57:27.582184365 PM",
="",15258,,,,,,,,,,,,,,,,177,="",="2/6/2026 4:57:27.583077685 PM",
="",15308,,,,,,,,,,,,,,,,425,="",="2/6/2026 4:57:27.664294160 PM",
="",15327,,,,,,,,,,,,,,,,177,="",="2/6/2026 4:57:27.685697855 PM",
="",15371,,,,,,,,,,,,,,,,177,="",="2/6/2026 4:57:27.747884160 PM",
="",15384,,,,,,,,,,,,,,,,425,="",="2/6/2026 4:57:27.766721055 PM",
="",15398,,,,,,,,,,,,,,,,442,="",="2/6/2026 4:57:27.783034375 PM",
="",15399,,,,,,,,,,,,,,,,422,="",="2/6/2026 4:57:27.783302875 PM",
="",15404,,,,,,,,,,,,,,,,113,="",="2/6/2026 4:57:27.786110875 PM",
="",15409,,,,,,,,,,,,,,,,177,="",="2/6/2026 4:57:27.787892125 PM",
="",15418,,,,,,,,,,,,,,,,440,="",="2/6/2026 4:57:27.797730350 PM",
="",15423,,,,,,,,,,,,,,,,171,="",="2/6/2026 4:57:27.803509480 PM",
="",15424,,,,,,,,,,,,,,,,171,="",="2/6/2026 4:57:27.803828535 PM",
="",15427,,,,,,,,,,,,,,,,448,="",="2/6/2026 4:57:27.810774515 PM",
="",15428,,,,,,,,,,,,,,,,436,="",="2/6/2026 4:57:27.811055355 PM",
="",15429,,,,,,,,,,,,,,,,411,="",="2/6/2026 4:57:27.811328485 PM",
="",15439,,,,,,,,,,,,,,,,448,="",="2/6/2026 4:57:27.837111690 PM",
="",15444,,,,,,,,,,,,,,,,99,="",="2/6/2026 4:57:27.844827735 PM",
="",15448,,,,,,,,,,,,,,,,436,="",="2/6/2026 4:57:27.846583485 PM",
="",15449,,,,,,,,,,,,,,,,411,="",="2/6/2026 4:57:27.846847985 PM",
="",15456,,,,,,,,,,,,,,,,115,="",="2/6/2026 4:57:27.850913635 PM",
="",15457,,,,,,,,,,,,,,,,99,="",="2/6/2026 4:57:27.850957900 PM",
="",15466,,,,,,,,,,,,,,,,171,="",="2/6/2026 4:57:27.855795290 PM",
="",15469,,,,,,,,,,,,,,,,425,="",="2/6/2026 4:57:27.869093225 PM",
="",15501,,,,,,,,,,,,,,,,448,="",="2/6/2026 4:57:27.899330860 PM",
="",15502,,,,,,,,,,,,,,,,436,="",="2/6/2026 4:57:27.899614820 PM",
="",15503,,,,,,,,,,,,,,,,411,="",="2/6/2026 4:57:27.899884870 PM",
="",15504,,,,,,,,,,,,,,,,440,="",="2/6/2026 4:57:27.900142175 PM",
="",15512,,,,,,,,,,,,,,,,103,="",="2/6/2026 4:57:27.906724725 PM",
="",15514,,,,,,,,,,,,,,,,437,="",="2/6/2026 4:57:27.928907530 PM",
="",15516,,,,,,,,,,,,,,,,411,="",="2/6/2026 4:57:27.929457530 PM",
="",15531,,,,,,,,,,,,,,,,440,="",="2/6/2026 4:57:27.940312040 PM",
="",15555,,,,,,,,,,,,,,,,117,="",="2/6/2026 4:57:27.952885080 PM",
="",15556,,,,,,,,,,,,,,,,117,="",="2/6/2026 4:57:27.952935825 PM",
="",15559,,,,,,,,,,,,,,,,177,="",="2/6/2026 4:57:27.953841690 PM",
="",15600,,,,,,,,,,,,,,,,177,="",="2/6/2026 4:57:27.992391280 PM",
="",15607,,,,,,,,,,,,,,,,436,="",="2/6/2026 4:57:28.002026560 PM",
="",15609,,,,,,,,,,,,,,,,440,="",="2/6/2026 4:57:28.002531320 PM",
="",15612,,,,,,,,,,,,,,,,103,="",="2/6/2026 4:57:28.004864440 PM",
="",15620,,,,,,,,,,,,,,,,448,="",="2/6/2026 4:57:28.015574990 PM",
="",15621,,,,,,,,,,,,,,,,436,="",="2/6/2026 4:57:28.015856150 PM",
="",15622,,,,,,,,,,,,,,,,440,="",="2/6/2026 4:57:28.016399560 PM",
="",15635,,,,,,,,,,,,,,,,117,="",="2/6/2026 4:57:28.031924880 PM",
="",15657,,,,,,,,,,,,,,,,437,="",="2/6/2026 4:57:28.051150090 PM",
="",15658,,,,,,,,,,,,,,,,411,="",="2/6/2026 4:57:28.051723010 PM",
="",15666,,,,,,,,,,,,,,,,177,="",="2/6/2026 4:57:28.054037090 PM",
="",15679,,,,,,,,,,,,,,,,440,="",="2/6/2026 4:57:28.074399745 PM",
="",15692,,,,,,,,,,,,,,,,454,="",="2/6/2026 4:57:28.089930480 PM",
="",15693,,,,,,,,,,,,,,,,442,="",="2/6/2026 4:57:28.090215760 PM",
="",15698,,,,,,,,,,,,,,,,442,="",="2/6/2026 4:57:28.093313415 PM",
="",15733,,,,,,,,,,,,,,,,448,="",="2/6/2026 4:57:28.117975655 PM",
="",15743,,,,,,,,,,,,,,,,442,="",="2/6/2026 4:57:28.142249360 PM",
="",15744,,,,,,,,,,,,,,,,440,="",="2/6/2026 4:57:28.142789515 PM",
="",15745,,,,,,,,,,,,,,,,448,="",="2/6/2026 4:57:28.144302350 PM",
="",15747,,,,,,,,,,,,,,,,411,="",="2/6/2026 4:57:28.144879410 PM",
="",15758,,,,,,,,,,,,,,,,437,="",="2/6/2026 4:57:28.153600930 PM",
="",15759,,,,,,,,,,,,,,,,436,="",="2/6/2026 4:57:28.153879840 PM",
="",15763,,,,,,,,,,,,,,,,117,="",="2/6/2026 4:57:28.155428625 PM",
="",15782,,,,,,,,,,,,,,,,425,="",="2/6/2026 4:57:28.176415465 PM",
="",15806,,,,,,,,,,,,,,,,442,="",="2/6/2026 4:57:28.193089355 PM",
="",15816,,,,,,,,,,,,,,,,177,="",="2/6/2026 4:57:28.197252760 PM",
="",15827,,,,,,,,,,,,,,,,436,="",="2/6/2026 4:57:28.206825730 PM",
="",15829,,,,,,,,,,,,,,,,440,="",="2/6/2026 4:57:28.207332610 PM",
="",15835,,,,,,,,,,,,,,,,436,="",="2/6/2026 4:57:28.220682930 PM",
="",15848,,,,,,,,,,,,,,,,454,="",="2/6/2026 4:57:28.243672100 PM",
="",15849,,,,,,,,,,,,,,,,442,="",="2/6/2026 4:57:28.243959340 PM",
="",15850,,,,,,,,,,,,,,,,422,="",="2/6/2026 4:57:28.244233415 PM",
="",15851,,,,,,,,,,,,,,,,440,="",="2/6/2026 4:57:28.244498215 PM",
="",15867,,,,,,,,,,,,,,,,115,="",="2/6/2026 4:57:28.260047155 PM",
="",15891,,,,,,,,,,,,,,,,177,="",="2/6/2026 4:57:28.288847555 PM",
="",15896,,,,,,,,,,,,,,,,117,="",="2/6/2026 4:57:28.289810820 PM",
="",15899,,,,,,,,,,,,,,,,117,="",="2/6/2026 4:57:28.290676505 PM",
="",15915,,,,,,,,,,,,,,,,442,="",="2/6/2026 4:57:28.298716120 PM",
="",15922,,,,,,,,,,,,,,,,436,="",="2/6/2026 4:57:28.305434910 PM",
="",15924,,,,,,,,,,,,,,,,448,="",="2/6/2026 4:57:28.308921680 PM",
="",15925,,,,,,,,,,,,,,,,436,="",="2/6/2026 4:57:28.309203040 PM",
="",15942,,,,,,,,,,,,,,,,436,="",="2/6/2026 4:57:28.343227685 PM",
="",15954,,,,,,,,,,,,,,,,117,="",="2/6/2026 4:57:28.352233480 PM",
="",15966,,,,,,,,,,,,,,,,177,="",="2/6/2026 4:57:28.355860060 PM",
="",15974,,,,,,,,,,,,,,,,437,="",="2/6/2026 4:57:28.358457570 PM",
="",15985,,,,,,,,,,,,,,,,436,="",="2/6/2026 4:57:28.362529475 PM",
="",15988,,,,,,,,,,,,,,,,425,="",="2/6/2026 4:57:28.381095510 PM",
="",16040,,,,,,,,,,,,,,,,436,="",="2/6/2026 4:57:28.445628750 PM",
="",16042,,,,,,,,,,,,,,,,448,="",="2/6/2026 4:57:28.451503985 PM",
="",16055,,,,,,,,,,,,,,,,117,="",="2/6/2026 4:57:28.463766855 PM",
="",16059,,,,,,,,,,,,,,,,425,="",="2/6/2026 4:57:28.483495855 PM",
="",16071,,,,,,,,,,,,,,,,105,="",="2/6/2026 4:57:28.503240435 PM",
="",16079,,,,,,,,,,,,,,,,177,="",="2/6/2026 4:57:28.505446760 PM",
="",16083,,,,,,,,,,,,,,,,117,="",="2/6/2026 4:57:28.506420265 PM",
="",16088,,,,,,,,,,,,,,,,411,="",="2/6/2026 4:57:28.514277540 PM",
="",16093,,,,,,,,,,,,,,,,437,="",="2/6/2026 4:57:28.518674425 PM",
="",16099,,,,,,,,,,,,,,,,117,="",="2/6/2026 4:57:28.520529885 PM",
="",16103,,,,,,,,,,,,,,,,177,="",="2/6/2026 4:57:28.521403925 PM",
="",16104,,,,,,,,,,,,,,,,117,="",="2/6/2026 4:57:28.521455040 PM",
="",16107,,,,,,,,,,,,,,,,177,="",="2/6/2026 4:57:28.522905450 PM",
="",16111,,,,,,,,,,,,,,,,177,="",="2/6/2026 4:57:28.523812360 PM",
="",16119,,,,,,,,,,,,,,,,177,="",="2/6/2026 4:57:28.525641365 PM",
="",16133,,,,,,,,,,,,,,,,436,="",="2/6/2026 4:57:28.548028855 PM",
="",16140,,,,,,,,,,,,,,,,440,="",="2/6/2026 4:57:28.554727325 PM",
="",16150,,,,,,,,,,,,,,,,411,="",="2/6/2026 4:57:28.563864970 PM",
="",16153,,,,,,,,,,,,,,,,437,="",="2/6/2026 4:57:28.567034185 PM",
="",16177,,,,,,,,,,,,,,,,119,="",="2/6/2026 4:57:28.607737220 PM",
="",16185,,,,,,,,,,,,,,,,177,="",="2/6/2026 4:57:28.610205590 PM",
="",16191,,,,,,,,,,,,,,,,448,="",="2/6/2026 4:57:28.616123500 PM",
="",16192,,,,,,,,,,,,,,,,440,="",="2/6/2026 4:57:28.616934255 PM",
="",16195,,,,,,,,,,,,,,,,117,="",="2/6/2026 4:57:28.618636245 PM",
="",16212,,,,,,,,,,,,,,,,436,="",="2/6/2026 4:57:28.650426865 PM",
="",16229,,,,,,,,,,,,,,,,177,="",="2/6/2026 4:57:28.668231495 PM",
="",16231,,,,,,,,,,,,,,,,436,="",="2/6/2026 4:57:28.669710970 PM",
="",16253,,,,,,,,,,,,,,,,177,="",="2/6/2026 4:57:28.702730335 PM",
="",16265,,,,,,,,,,,,,,,,117,="",="2/6/2026 4:57:28.707119345 PM",
="",16274,,,,,,,,,,,,,,,,177,="",="2/6/2026 4:57:28.709791600 PM",
="",16290,,,,,,,,,,,,,,,,440,="",="2/6/2026 4:57:28.724248510 PM",
="",16293,,,,,,,,,,,,,,,,171,="",="2/6/2026 4:57:28.728774380 PM",
="",16299,,,,,,,,,,,,,,,,546,="",="2/6/2026 4:57:28.738407910 PM",
="",16306,,,,,,,,,,,,,,,,436,="",="2/6/2026 4:57:28.752827555 PM",
="",16328,,,,,,,,,,,,,,,,117,="",="2/6/2026 4:57:28.771045030 PM",
="",16330,,,,,,,,,,,,,,,,411,="",="2/6/2026 4:57:28.772407430 PM",
="",16331,,,,,,,,,,,,,,,,440,="",="2/6/2026 4:57:28.772641430 PM",
="",16332,,,,,,,,,,,,,,,,117,="",="2/6/2026 4:57:28.773311910 PM",
="",16342,,,,,,,,,,,,,,,,177,="",="2/6/2026 4:57:28.776979285 PM",
="",16346,,,,,,,,,,,,,,,,177,="",="2/6/2026 4:57:28.777891315 PM",
="",16375,,,,,,,,,,,,,,,,177,="",="2/6/2026 4:57:28.811893850 PM",
="",16383,,,,,,,,,,,,,,,,436,="",="2/6/2026 4:57:28.821229090 PM",
="",16384,,,,,,,,,,,,,,,,411,="",="2/6/2026 4:57:28.821493590 PM",
="",16391,,,,,,,,,,,,,,,,440,="",="2/6/2026 4:57:28.826648735 PM",
="",16395,,,,,,,,,,,,,,,,117,="",="2/6/2026 4:57:28.831685140 PM",
="",16396,,,,,,,,,,,,,,,,117,="",="2/6/2026 4:57:28.831735350 PM",
="",16400,,,,,,,,,,,,,,,,117,="",="2/6/2026 4:57:28.833499420 PM",
="",16407,,,,,,,,,,,,,,,,117,="",="2/6/2026 4:57:28.846558315 PM",
="",16418,,,,,,,,,,,,,,,,436,="",="2/6/2026 4:57:28.855210150 PM",
="",16421,,,,,,,,,,,,,,,,436,="",="2/6/2026 4:57:28.861410010 PM",
="",16424,,,,,,,,,,,,,,,,113,="",="2/6/2026 4:57:28.866858480 PM",
="",16436,,,,,,,,,,,,,,,,117,="",="2/6/2026 4:57:28.872452935 PM",
="",16438,,,,,,,,,,,,,,,,437,="",="2/6/2026 4:57:28.874428280 PM",
="",16481,,,,,,,,,,,,,,,,105,="",="2/6/2026 4:57:28.931592230 PM",
="",16503,,,,,,,,,,,,,,,,117,="",="2/6/2026 4:57:28.948877100 PM",
="",16507,,,,,,,,,,,,,,,,117,="",="2/6/2026 4:57:28.950425635 PM",
="",16517,,,,,,,,,,,,,,,,437,="",="2/6/2026 4:57:28.952910870 PM",
="",16521,,,,,,,,,,,,,,,,117,="",="2/6/2026 4:57:28.955418150 PM",
="",16532,,,,,,,,,,,,,,,,437,="",="2/6/2026 4:57:28.970954505 PM",
="",16570,,,,,,,,,,,,,,,,177,="",="2/6/2026 4:57:29.017250110 PM",
="",16592,,,,,,,,,,,,,,,,117,="",="2/6/2026 4:57:29.033256875 PM",
="",16610,,,,,,,,,,,,,,,,177,="",="2/6/2026 4:57:29.047008180 PM",
="",16611,,,,,,,,,,,,,,,,117,="",="2/6/2026 4:57:29.047060640 PM",
="",16632,,,,,,,,,,,,,,,,411,="",="2/6/2026 4:57:29.072655910 PM",
="",16633,,,,,,,,,,,,,,,,440,="",="2/6/2026 4:57:29.072896615 PM",
="",16678,,,,,,,,,,,,,,,,448,="",="2/6/2026 4:57:29.124333255 PM",
="",16701,,,,,,,,,,,,,,,,177,="",="2/6/2026 4:57:29.151454435 PM",
="",16705,,,,,,,,,,,,,,,,117,="",="2/6/2026 4:57:29.152804810 PM",
="",16711,,,,,,,,,,,,,,,,177,="",="2/6/2026 4:57:29.154585330 PM",
="",16720,,,,,,,,,,,,,,,,115,="",="2/6/2026 4:57:29.160413920 PM",
="",16730,,,,,,,,,,,,,,,,113,="",="2/6/2026 4:57:29.174051300 PM",
="",16740,,,,,,,,,,,,,,,,411,="",="2/6/2026 4:57:29.178681145 PM",
="",16749,,,,,,,,,,,,,,,,117,="",="2/6/2026 4:57:29.185655865 PM",
